participant_id,estimated_discernment,estimated_response_bias,estimated_verification,estimated_updating,estimated_evidence_evaluation
P0001,1.369518846134142,2.0153680864360535,0.763610406325414,0.1310411012046522,1.340351438559738
P0002,-0.9049497226514214,1.3267151854941117,1.7567993731878497,0.05021638379245464,0.9202968579501416
P0003,2.7961549567218005,-2.165742380651664,0.34052014040265877,0.057913630464597306,0.9202968634197082
P0004,-0.9458709974948061,1.0824006672562982,0.7636104167769072,0.12466421164309384,-0.28789202749164305
P0005,0.4928430425760868,-0.11396663410523397,0.34052007485334984,0.09133607666493787,0.9202968579501416
P0006,-3.621717975784807,0.5969250832187547,-1.7605334198364742,0.13717133064665088,-0.28789200335518217
P0007,-1.634723870799965,1.3080329885954258,1.756799372571208,0.0846617440180281,-1.4956003771534394
P0008,0.18651536165612503,-0.3273208380325623,-3.1640171966373956,0.038101019096433604,-0.7930750693539191
P0009,0.3787143453311277,-1.3655829664801284,-0.07917236082086174,0.0726479452535905,0.9202968495382242
P0010,3.928076597546457,-1.2464694160429515,-0.5263995826319602,0.06981135387865385,1.8351320797143302
P0011,-5.643955105946247,2.1353661570098796,-3.1640171966373956,0.10635332512048486,0.13668091566518348
P0012,1.3287339728001153,-1.720122945017967,1.2204957417004259,0.03936333853182738,0.13668091304686047
P0013,-3.5193359206878054,1.5263356649681632,-0.5263995714281596,0.056905225858162004,-0.7930750766266914
P0014,1.174182337487046,-1.3380985813162996,-1.0491094226890565,0.0626074274456306,-0.28789197108050735
P0015,0.11569608297786194,0.2746458502216777,1.7567993299527964,0.08392176365934897,-0.28789200216243616
P0016,1.261405491615922,0.49439114288993413,-0.5263996109974193,0.08519859251354041,-0.2878920202897928
P0017,0.46301239829778584,-1.0473700430102035,1.2204956868315915,0.07402634003936534,1.3403514343957519
P0018,-1.200159467035245,0.4455419798278769,0.763610428864807,0.10289282873725011,1.3403513838373773
P0019,1.2137587299993533,-0.09938813076227329,-0.07917239201233725,0.08778852376891735,0.5291414576038931
P0020,0.8441426873468076,0.28893295512769074,-3.1640171966373956,0.06747533745223544,-1.495600345942798
P0021,-2.9766433729731547,1.856512797153537,0.3405201141512983,0.15775294121108893,-0.7930750794114371
P0022,0.46301240458428206,-1.0473700813876359,-3.1640171966373956,0.08627228950456502,-0.2878919698986242
P0023,3.293804594545812,-0.47702785847725804,0.7636104393044166,0.011686622175348299,-0.7930749995925576
P0024,-2.4420620945600153,0.4209869720712823,1.75679940627229,0.16135853178229997,0.9202968105604749
P0025,1.6829680952307027,-1.0125821599969111,-0.07917227372885324,0.042025816881192495,0.13668091304686047
P0026,2.3563271019971688,-1.2981196477424484,0.3405201155006288,0.05461273768813649,-0.7930750629720092
P0027,0.8584426487517867,-0.7693065885954855,-0.07917231824847284,0.12002119762785227,0.5291414860348399
P0028,1.2614058452358652,0.4943912285738895,0.7636104313405759,0.0788507217895773,0.529141467752037
P0029,-0.45832732668229237,2.3717150596519416,-1.0491093797315942,0.13191166633250997,-0.2878919970974967
P0030,-0.16059970825002057,1.34594652199466,1.2204957386339605,0.07641313943157549,-0.28789203216472314
P0031,-2.4013483918860077,1.8766114705080066,-1.0491093922061077,0.07160326710016114,0.13668086363565776
P0032,-1.5687362993066067,-1.1068430727639553,0.7636103722229451,0.0794746267978754,-0.7930750433414527
P0033,4.363205462433335,-2.8462970616279217,1.2204957111992556,0.0846182157616352,0.5291414604155305
P0034,1.0788295449188778,0.6926955799703443,1.22049571426572,0.06767846931540225,0.5291414839388591
P0035,-0.34994045600570045,1.0962227475648243,-1.0491093778577165,0.06945587311811191,-2.931345441592355
P0036,4.221592070051594,-1.5971119231170712,3.820647269815712,0.045921595828356164,1.835132064480937
P0037,2.903232991722358,-1.2799592293610225,0.7636104728821269,0.0458055204779751,0.13668088773792625
P0038,-2.594474666932429,0.824857918485551,1.220495683882797,0.10443082712979888,0.13668086363565776
P0039,1.2113761930425793,-0.523730223757336,0.7636104173327029,0.049425620467983794,0.5291414576038931
P0040,-1.1960387152881415,0.6461272999813797,0.7636104728821269,0.04733626416112505,-0.7930750392597239
P0041,1.439997960037728,0.3006227920380159,1.2204957173321846,0.11674932368898672,0.9202968216340945
P0042,-5.230440115035146,3.522063854384101,-0.5263996022176832,0.06776552582818803,-1.495600345942798
P0043,-0.5805283888730978,0.45781525226113473,-0.07917231824847284,0.08385647127475965,-0.7930750433414527
P0044,0.30278765111508,0.08185609469987806,1.756799372559087,0.09766943797010333,1.3403513570244465
P0045,-0.9709187010611259,-1.089131882374943,-3.1640171966373956,0.060401995788390825,-0.2878920897987349
P0046,3.9280768519370945,-1.2464694187645646,1.2204956868315915,0.041097214078144206,2.51059448749924
P0047,2.903233131489437,-1.279959163371739,-1.760533401645384,0.07652196007255768,-1.4956002832686137
P0048,-1.827994236326119,-0.837553350064794,-0.07917240186124924,0.07544826308153307,-0.7930750693539191
P0049,-1.8525752894544052,2.304053220628092,-0.07917234348550004,0.09486186543276194,-0.7930750256050236
P0050,4.221591906443553,-1.5971119934777176,1.7567994108466811,0.09423070571506505,1.8351320966341835
P0051,-0.8218877963490718,0.05963132930293033,0.34052011415129924,0.16275869069627125,-0.2878920609792403
P0052,-0.15377245415818286,0.2693611487618522,-1.0491093629096133,0.14680558472827715,0.9202968512484203
P0053,1.798350625910671,-0.08759331687858038,0.7636103978056986,0.06978958975045742,-0.2878919756457768
P0054,2.253210181994072,-2.1999852056018687,1.756799325136578,0.06889000578500436,0.5291414831292333
P0055,-4.731788183701182,2.174123322224065,-0.5263996136874438,0.1934170926156633,-0.2878919782928953
P0056,1.1307876529149916,-1.7289486387709692,-0.5263996022176832,0.055367227465613233,-0.7930750260897238
P0057,-2.336129185763327,0.029635438768274458,-1.760533393244453,0.06443561421413195,-0.7930750433414527
P0058,1.6179049966230599,0.10779294390229752,1.2204957639561071,0.02231477144461222,0.5291414422280447
P0059,-3.413181958396017,0.8075056233148404,-1.049109443631472,0.05942986472894962,-0.793075010056111
P0060,-1.4168092827060883,-0.15276666899166544,-1.760533393244453,0.1158279755953372,0.9202968824328301
P0061,3.293804753722919,-0.4770278473529922,1.220495686766303,0.07828485445646975,-1.4956003355790157
P0062,3.235996051622378,-1.6378290821537964,1.2204956786499057,0.059720053104902214,0.529141518408526
P0063,-0.7337101851584653,0.8646100833064841,-0.5263996279947807,0.05632484910625682,-0.2878920609792403
P0064,-1.7826528407907691,0.4340180413523722,-3.1640171966373956,0.13168677034114673,0.1366809168718034
P0065,-3.4355606233150073,0.4013811444800756,-0.5263995907485404,0.03958097981379185,-2.931345441592355
P0066,1.2614057790308775,0.4943912079517594,0.340520079962103,0.06857079857145648,0.136680870078974
P0067,5.2102981306713545,-2.7583150264902625,1.7567994108466811,0.04592885053775498,1.8351320659930594
P0068,3.479970878124407,-0.7047032981877351,-0.5263996486109018,0.047343518870523876,0.5291414766023523
P0069,1.6318515865056038,-2.2403472172598384,2.476988208257067,0.0788144482425832,1.3403514117661277
P0070,2.503117479266169,-2.1841075222887767,1.2204957355022235,0.08921044681108509,0.13668090801529095
P0071,-2.9708981479811682,2.2521205798914536,1.75679940627229,0.12171879962717497,0.5291415022216811
P0072,-2.6329988064757774,0.616927651195063,1.2204956785846297,0.1046919966681562,0.9202968461173076
P0073,1.9848306246409253,-0.2893110346452107,3.820647269815712,0.09111843538297343,0.9202968105604749
P0074,-1.9808186329833624,1.8914707405257,1.7567993269824609,0.11698872909914762,0.5291414430396643
P0075,-1.2001593871805216,0.44554187994697836,-0.0791723766242072,0.07459946208187172,-0.7930750461263687
P0076,1.4051930914739548,-1.3302067151573937,-1.0491094191555501,0.048504272374334266,1.3403514064670152
P0077,2.7020606175995763,-1.6603847981884972,2.4769881826911737,0.06277428576180333,0.5291414340805785
P0078,4.221591554839463,-1.5971119581208897,0.7636104423478589,0.07134935227120262,0.5291414430396643
P0079,-2.870971484445815,1.5449071285846043,-0.07917237066978233,0.10699899425697938,-0.2878920801958895
P0080,2.179381946211611,0.9277960723440978,-0.5263996469507619,0.10451788364258466,0.5291414612258241
P0081,-4.678642493144733,3.592739661443045,-3.1640171966373956,0.08931201274266848,-0.7930750693539191
P0082,-0.07182999014388058,0.467901599666856,-1.0491093807914664,0.028648132749777698,-0.7930750328778124
P0083,4.363205449434773,-2.8462972429877764,2.4769881826911737,0.04960698820295417,1.8351320570943592
P0084,2.356327048433369,-1.298119603816717,0.7636104008371772,0.02891655699753387,0.9202968562397704
P0085,0.2132072154531195,1.6359992673166306,0.34052011415129924,0.06870863805003398,1.3403514110287993
P0086,-4.073051121421048,1.8189108110026577,-3.1640171966373956,0.048228593417179284,-0.28789197336313993
P0087,-0.534019553393472,0.6596343315655215,-1.760533401645384,0.015313976874755802,0.5291414904657397
P0088,0.8885108382269826,0.8996459522945346,1.2204956858659737,0.12072490443953732,1.8351320625321583
P0089,-1.8525754274318997,2.3040534143895757,0.7636104393044166,0.07700077089287949,-1.4956002832686137
P0090,-0.022528073249050262,-0.5517716939446075,0.34052004214390974,0.09281603738229613,1.3403514661101528
P0091,-2.817088738315506,1.278107651280092,-0.07917229896587,0.10126777383191556,0.1366808889445279
P0092,-1.1852292232983803,1.0768696531269615,0.34052009840603176,0.09375189489474325,1.340351438559738
P0093,2.340970197438551,0.7187306354914332,2.476988208257067,0.08242003881379427,1.8351320625321583
P0094,-0.16060030175235673,1.3459466756983247,-1.0491093509082607,0.11658972008221277,-0.2878919698986242
P0095,0.8784333832091646,-1.035449955284277,1.7567993818164773,0.1315706949907657,0.5291415030306404
P0096,-0.0718297637790426,0.46790152886301306,-1.0491094023336607,0.09098059590439592,-0.7930750256050236
P0097,-2.38543087418007,1.049308639222955,-0.0791723766242072,0.05023814792065103,-0.7930750693539191
P0098,0.11569628833035495,0.27464574338962605,-0.5263996176021178,0.012462876081021423,0.1366808674605954
P0099,0.46393100268557275,1.3622222708146663,-0.5263995907485404,0.06503775509423361,1.3403514064670152
P0100,4.6107131708848375,-2.057500197934337,2.4769881826911737,0.02301122354689849,-1.4956003761495658
P0101,-4.378940210319195,1.8085788560285756,-0.5263995907485404,0.05602015131150659,-2.931345441592355
P0102,0.688126255558545,-2.3042290105839855,-0.5263995851755751,0.05808774349016886,0.5291414860348399
P0103,-0.153772448729123,0.2693612078678818,-0.5263996407589908,0.06981135387865385,0.9202968495382242
P0104,-3.51933612474273,1.526335797334826,0.340520079962103,0.14518778453234144,0.1366808839129848
P0105,3.9280764397075827,-1.2464694839599202,-1.04910945504611,0.04102466698415605,0.13668089538780623
P0106,4.363205518958525,-2.8462971614097463,1.7567993421685582,0.03593911569558676,1.340351411387711
P0107,1.0755634002110517,-2.277611282096747,-0.07917237066978233,0.09581223236400672,0.5291415066525745
P0108,-1.8049945338418578,1.0626021047817333,0.3405201390533307,0.13703349116807334,0.5291414559839649
P0109,2.503117509836808,-2.1841074858795473,0.7636104203332877,-0.013538002404331353,0.5291414766023523
P0110,-3.7816885165160237,1.5188753139851139,-1.7605333944735952,0.12240074231066361,-1.4956002832686137
P0111,0.7617524386213121,-1.3522895807931359,0.3405201090425358,0.03802847200244549,-0.28789199987980024
P0112,-2.8170890033383005,1.2781077445331717,1.756799325136578,0.20400171362853436,-0.7930750433414527
P0113,1.7664898983696817,-1.7008020688490957,0.7636104307846999,0.07335165206527555,1.8351320981463088
P0114,-3.0936798209903733,-0.6228875601269374,-0.5263996055373025,0.04981012006612096,-1.4956002832686137
P0115,-2.0355668016834714,1.2978408322370358,-3.1640171966373956,0.08712834521362518,0.1366808889445279
P0116,-2.2541866362997727,0.22817581916119825,1.7567993731878497,0.15212328671760852,0.5291414495645507
P0117,3.2938045697739207,-0.4770278308688335,0.7636104142893403,0.04805448039160774,-0.28789194950384067
P0118,3.6876261329060482,-0.956801112679307,-1.7605333927796207,0.06471854788068573,0.9202968356583565
P0119,0.24922896887973978,0.47427283595161324,1.7567993299527964,0.07839367509745196,-1.4956003938480469
P0120,-1.733869462577874,-0.5911583011610324,0.34052010769320046,0.22023049855368343,1.3403514340369254
P0121,-3.5821414751243683,1.8356356503488587,-0.0791723766242072,0.07518709354317575,-1.4956002832686137
P0122,2.6302923846090716,-0.9860148544504246,0.7636104393044166,0.039704309873571715,0.9202968111746036
P0123,1.8255095599249,-2.2276295140316917,-0.5263996188493413,0.06965900498127875,0.5291414559839644
P0124,-2.8170888272305774,1.2781076469667927,-0.526399623462803,0.028677151587372975,-0.28789200335518217
P0125,2.8035545094016467,0.13113629550875922,1.756799372571208,0.07985187168661377,1.3403513943967655
P0126,0.05893378082435752,0.6717642764012178,0.34052007080534397,0.06907862822937356,0.5291414377025073
P0127,-2.336129191187345,0.029635491585795454,-3.1640171966373956,0.13592352063005467,-0.7930750461263687
P0128,-4.236955727309665,1.2427082948534838,-3.1640171966373956,0.0940711021082911,-0.7930750256050236
P0129,-0.34200186323709325,0.4625459599397919,-3.1640171966373956,0.07626804524359916,0.1366808674605954
P0130,-3.5387468794351276,2.2264857791129793,-1.7605335703343854,0.03646870948170027,-1.495600345942798
P0131,-1.2077995775951207,0.051995080475393585,-0.5263996600819202,0.08706305282903586,-1.4956003761495658
P0132,0.06735154026988432,1.1059463253002109,-0.5263996188493413,0.1435844937552033,-1.4956003771534394
P0133,-0.462377216598745,0.8704445400363651,-1.7605333927796207,0.09877940850812203,0.5291414860348399
P0134,3.2671606263232342,-2.970380374798722,1.7567993683371532,0.014356355234112175,-0.7930749995925576
P0135,-1.7338694716620324,-0.5911583374399144,-1.7605333945737238,0.07878542940498798,-0.7930750766266914
P0136,-2.777795778738732,2.2609486044273317,0.7636104393044166,0.13130952545240837,0.1366808915628717
P0137,0.9397581229483971,-1.737519470307106,-1.760533393244453,0.03744084054114145,-0.7930749995925576
P0138,-3.0398488501144456,1.034399700968932,0.3405200472526585,0.15460439733200326,0.13668086363565776
P0139,3.235995977766738,-1.6378291306161021,1.220495683882797,0.06099688195909365,-0.28789203216472314
P0140,0.2687221478218742,-1.052972100066312,0.3405201155006288,0.10297988525003592,-0.28789198175741243
P0141,0.8974935001807056,-0.5308358061771772,1.756799366630422,0.10151443395147527,-0.2878920309667042
P0142,2.394013629233429,-0.7312401013508572,-1.0491093922061077,0.04387576777789032,-0.7930750260897238
P0143,-0.945870845527125,1.0824006165652391,-0.5263996486109018,0.04001626237772078,-1.4956003355790157
P0144,1.4062362459103013,-0.3014986382243886,0.3405201155006288,0.038180820899820576,-0.2878920309667042
P0145,3.4799715689513744,-0.7047033466229592,2.47698816453185,0.054119417449017077,1.8351321212877538
P0146,-3.0320633202529077,1.2727112425464213,-1.7605333944735952,0.05750011202886485,-0.793075010056111
P0147,2.5031175644911334,-2.184107567471545,3.820647269815712,0.03937059324122622,0.9202968461173076
P0148,-0.1391800558132199,0.8774083629819004,-0.5263996055024289,0.06963724085308229,-2.931345441592355
P0149,-3.5387464977534435,2.226485437977553,-0.07917240186125205,0.16597978166934507,0.5291414567935995
P0150,-0.6222995636438501,-0.3445451684756441,-0.5263996407589908,0.07161052180955997,-0.2878920309667042
P0151,-2.123234948245391,2.291302278808622,-0.5263996055024289,0.14872082800956427,0.9202968328522667
P0152,0.06735154026988432,1.1059463253002109,-0.07917239590682112,0.04864211185291176,-0.7930750757357007
P0153,-0.3918678708183623,0.2646926246558967,2.4769881826911737,0.08321805684766392,-1.4956003938480469
P0154,2.073469930572069,-1.0015842731640563,1.7567993731878497,0.05771775331082928,-0.7930750360687683
P0155,-4.236955930897338,1.2427083317694103,-0.0791723321045654,0.14563757651506792,-1.4956002832686137
P0156,-1.5860712601026705,0.4379056967417746,-1.0491094226890565,0.05051382687780605,-0.28789202257243013
P0157,2.446918840363671,-3.0721868386372697,-1.7605334208357444,0.08619974241057687,-1.4956003771534394
P0158,-5.701763694123743,0.9745648403910733,-0.07917232615014436,0.10488787382192424,-1.4956003355790157
P0159,0.36983683489559516,-1.7634116921803173,-1.7605333945737238,0.0881512592388581,0.920296834562463
P0160,-2.098362146469146,1.5672859410955633,-0.07917234943992471,0.09069040752844335,-0.2878919698986242
P0161,1.9709809139348202,-1.3110417156482903,1.2204956501196234,0.0663000745296274,0.920296857334964
P0162,2.8035548258793868,0.13113627195426908,1.2204956786499057,0.02970732032200467,0.13668091184023023
P0163,-0.2847239169552622,-1.7937653808069827,1.7567994108466811,0.07067466429711282,0.1366809168718034
P0164,-0.349940250645696,1.0962226732339382,1.2204957122172544,0.056368377362649706,-0.7930750433414527
P0165,3.1220645501470465,-0.2654684713013672,-0.5263995855511546,0.044521436914384885,-0.7930750420444262
P0166,1.1741823179053297,-1.3380985601983395,-1.7605334208357444,0.1233873827889024,0.5291414377025079
P0167,-1.9782254390770275,0.8379733503240747,-1.0491094023336607,0.1002158409690874,-0.2878919782928953
P0168,0.3027877262374037,0.08185610759335651,-0.5263996136525793,0.0692019582891534,-0.28789200216243616
P0169,0.6213863425940023,0.08814323370998686,1.7567994108466811,0.08720089230761334,0.1366808674605954
P0170,0.40912971784246044,-0.7805706333438278,0.7636104332604584,0.12308268499415218,0.1366808839129848
P0171,2.073469485917965,-1.0015841558604128,3.820647269815712,0.12840038698348355,1.3403514061080166
P0172,-0.13917987866163561,0.8774083232358195,-1.7605333927796207,0.04590708640955851,-0.2878920609792403
P0173,1.0052229847621157,-0.3099686680823369,3.820647269815712,0.03694752030202203,-1.4956002832686137
P0174,2.0734697631785792,-1.0015841624089676,1.7567993299527964,0.04698803810998196,0.9202968416008478
P0175,-0.15377244980386373,0.2693611453846654,-3.1640171966373956,0.03882649003631511,-1.495600345942798
P0176,-0.2632297233949218,0.6651695545185736,1.7567993731878497,0.12828431163310253,-0.2878920309667042
P0177,1.0276014424972333,0.09615590114815273,-0.079172357341597,0.11185964955418545,0.13668084335834968
P0178,-5.03734216597514,3.5463389372257987,-0.5263996492760824,0.09455716763801172,-0.7930750794114371
P0179,-3.0398490587061016,1.03439978178583,2.476988208257067,0.07470102801345514,-0.7930750693539191
P0180,-1.733869480219075,-0.5911583561741726,0.34052009840603176,0.03686771849863508,-0.7930750392597239
P0181,4.221591820958958,-1.5971119714703994,-0.5263996090739319,0.04292540084664556,0.9202968579501416
P0182,-1.6093945323261551,0.0440427485783097,-0.5263995826319602,0.15707099852760034,0.13668086363565776
P0183,-1.6084290876991016,1.0671181504053442,-1.0491093629096133,0.09916390810625922,-0.28789204775524885
P0184,0.20661755652054703,-0.7856667276436275,-1.0491094023336607,0.07763193061057638,-0.7930750794114371
P0185,-0.721368753348359,1.9368552172989124,-0.07917237467696689,0.09753885320092467,0.5291414729804199
P0186,-1.608429146861314,1.0671182009680489,1.2204957448321836,0.0759343286112537,0.1366809168718034
P0187,-1.4370468501330704,1.5866729735396308,1.2204957101161176,0.05541075572200613,0.13668086363565277
P0188,2.496862857501388,0.5190115023180051,-0.07917234348550004,0.041757392633436335,0.920296834562463
P0189,-0.07182987267134355,0.467901543562391,-3.1640171966373956,0.08749108068356594,0.13668090922191167
P0190,-4.025863802381923,0.3897440687053086,1.2204957417004259,0.18069233233014192,0.1366809168718034
P0191,-1.674248799676386,-0.36707308674014727,-0.5263996336399983,0.15161545705969146,0.5291414831292338
P0192,-0.006610504210961432,-1.379074546530778,-1.760533401645384,0.09845294658517537,0.5291414649403987
P0193,-0.37239238735687963,-0.8003037388688257,-0.07917234348550142,0.07126955046781566,-0.28789205282087205
P0194,3.687625614482355,-0.9568011938468788,0.7636104393044166,0.0990188139182829,0.5291414839388591
P0195,-0.20347951014131183,0.07185690432040123,2.476988208257067,0.0666845741277646,-1.4956002832686137
P0196,0.206617503061036,-0.7856667664593073,-1.04910945504611,0.09145940672471772,-0.2878920897987349
P0197,-3.286392434842653,1.5329869125546214,-1.0491094137482682,0.122894062549783,-1.495600373803495
P0198,-0.07182990690088786,0.4679015247187384,0.3405200578891568,0.062121361915909966,0.529141475885369
P0199,2.1815374758651442,-0.5018753869941368,-1.0491094137482682,0.02272103517094585,0.13668093976753076
P0200,-0.42973360475397715,-0.34043634039582793,-0.07917234348550004,0.09430325280905319,0.5291414742680929
P0201,2.650132781353232,0.3243745857074726,0.34052011415129924,0.08000422058398889,-0.7930750794114371
P0202,1.9848308013222695,-0.2893110398986165,1.2204957448321836,0.06929626951133798,1.340351433658431
P0203,-2.8709715620536924,1.5449071213323422,0.7636104173327029,0.16753954419009032,-0.7930750766266914
P0204,-0.2632296482756161,0.6651695304982782,-3.1640171966373956,0.07741428932861194,-0.2878919782928953
P0205,3.479970860942276,-0.7047032788979155,-0.07917240186124924,0.07490415987662195,-0.28789198175741243
P0206,-3.781688978700056,1.5188755650333436,-1.7605334204713166,0.15654865945088567,-2.931345441592355
P0207,-5.675119658065908,3.4679173313564187,-1.760533393244453,0.10049877463564118,-2.931345441592355
P0208,0.47195962408094205,0.6802291122561973,1.220495704989068,0.10960343493115396,-0.7930750433414527
P0209,-0.7985646876663439,0.4534943500689548,-0.07917231824847146,0.03813729264342768,-0.28789202868406627
P0210,-2.0160913287889706,0.23284443624967846,-0.5263996492760824,0.13546647393792932,0.1366808674605954
P0211,2.650133292855189,0.32437461761054487,2.476988208257067,0.11553778721938462,0.5291414430396643
P0212,5.2102981306713545,-2.7583150264902625,1.7567994076329354,0.04234502409474035,2.510594466211603
P0213,-3.2521018499411007,0.2086040687270852,-1.0491094137482682,0.08389274482175371,-0.2878919782928953
P0214,-1.3931501484811781,0.4417225520747492,-1.7605334208357444,0.10905933172624284,0.5291414576038931
P0215,2.181537603941391,-0.5018753535912369,-0.07917227372885324,0.031499233543511966,-0.7930750766266914
P0216,1.373729682142617,-1.0213385106198045,1.756799366630422,0.07450515085968713,-0.28789205282087205
P0217,-0.20347950973080753,0.07185685122821642,1.75679940627229,0.12460617396790334,-0.2878920309667042
P0218,1.7983508262569226,-0.0875933265481392,0.34052008924927185,0.04870014952810228,-0.793075010056111
P0219,-0.006610715202061357,-1.3790743790522495,1.7567993299527964,0.09445560170642832,-0.2878919970974967
P0220,3.6876259022085818,-0.9568011260391247,0.7636104332604584,0.05565016113216702,1.3403513842157135
P0221,-0.022528073249050262,-0.5517716939446075,-1.7605334208357444,0.05915418577179467,-0.2878920490990326
P0222,1.373729625498096,-1.021338389466271,1.2204957417657185,0.07303969956112652,-0.7930749995925576
P0223,-2.442062202069673,0.42098702890430423,-0.07917233405181251,0.1572306021343743,0.9202968345624637
P0224,-0.7729113953901748,0.6547558174922742,1.756799372571208,0.09927272874724144,-1.4956002832686137
P0225,2.496863576308355,0.5190115288114059,0.7636104393044166,0.08285532137772317,0.5291414742680929
P0226,2.022746939222873,-1.6896152987653696,-3.1640171966373956,0.06334015309491091,0.9202968356583565
P0227,2.1793812219737467,0.927796093225939,0.3405201219587273,0.03812278322463008,-1.4956003938480469
P0228,-1.0148089489340748,0.05581449256709159,0.34052010634387,0.08269571777094922,-0.7930750766266914
P0229,0.4928430469412668,-0.11396662135438099,0.34052011415129924,0.07888699533657138,-0.7930750757357007
P0230,-0.22893520243311705,-0.12859890183694347,3.820647269815712,0.02725522854520524,0.9202967611203471
P0231,0.3787139779477766,-1.3655827356772186,-0.07917237066978233,0.11497191988627706,0.1366808648422408
P0232,-1.6762790324260979,1.579636525161626,1.2204957173321846,0.060191609215825205,-0.7930750433414527
P0233,-0.62940684565437,-0.1367343585675185,-1.7605333944735952,0.03279782652589986,-0.28789203216472314
P0234,-1.0109908102213465,0.2525525683099925,0.7636104393044166,0.0998748696273431,-0.793075010056111
P0235,1.405193194259044,-1.3302068147499218,-0.07917237066978233,0.11222963973352498,0.5291414766023523
P0236,-0.16060002605607582,1.3459466536538678,2.476988209702138,0.1461526608823838,1.835132064480937
P0237,-2.7777961136240545,2.2609489013342374,-1.0491094191555501,0.08298590614690185,-1.4956003771534394
P0238,-1.5274031270005741,2.31953376621864,-1.7605333945737238,0.15832606325359527,1.340351438559738
P0239,2.959856462034853,-0.06422533302653002,1.75679940627229,0.06061238236095648,0.920296854529225
P0240,0.3787142436361519,-1.3655828887257198,-1.7605333944735952,0.07597785686764658,0.9202968634197082
P0241,-1.2001593399978794,0.44554189310733466,-1.7605334208357444,0.08424822558229564,-0.2878919733631406
P0242,-0.7732350464508949,-0.8104960084713149,1.220495795618132,0.1260135875912734,1.3403514011873214
P0243,0.6600605064417935,0.48243398205894866,0.3405201155006288,0.05004952547628187,1.8351320625321583
P0244,0.11569610226632565,0.27464582857202324,-0.07917227372885324,0.038144547352826505,0.13668091949012082
P0245,0.6213863286669523,0.08814319458095543,-0.5263996176021178,0.05493194490168434,0.13668086363565776
P0246,2.3238292863231527,-1.6765863429691639,-3.1640171966373956,0.08080949332725736,0.13668088511958687
P0247,3.122064013834079,-0.26546844863616736,-0.07917229896587,0.03843473572877908,0.13668088773792625
P0248,-3.032063166233597,1.2727111123341537,-1.760533393244453,0.08754186364935763,-0.7930750461263687
P0249,-2.683954530040879,-0.3888363118761746,-0.5263996109974193,0.08564838449626694,-1.4956003761495658
P0250,1.6650922212664696,-1.3213738771853245,-1.7605334198364742,0.06283957814639264,-0.7930749995925576
P0251,0.9619390890958099,-1.345384699942871,-0.5263996286595785,0.11157671588763164,0.5291414604155302
P0252,4.610713712481813,-2.0575002276648173,0.34052009059860455,0.026130748588388916,0.920296841743108
P0253,-1.1912443803216965,0.8547930736146692,-1.7605334208357444,0.08271022718974687,0.13668085839896138
P0254,0.8584426136123975,-0.769306657169258,0.7636104393044166,0.11354999684410935,1.835132022992475
P0255,-0.39186787668855483,0.26469257279840375,2.4769881826911737,0.05486665251709501,0.1366808839129848
P0256,-3.097533312932919,0.8141860822488305,-0.5263995714281596,0.19358395093183606,-0.7930749995925576
P0257,-0.6740894688133604,1.0886953096614644,-0.07917229896587,0.06149745690761189,-1.4956003771534394
P0258,-1.8942153347285846,1.5732491251879883,-1.0491094112744277,0.1751787531870425,0.9202968729257128
P0259,-2.8307437811184313,0.8198418658072864,-3.1640171966373956,0.11241100746849536,-0.7930750757357007
P0260,1.0788296529649877,0.6926956380558377,-1.0491094226890565,0.05229123068051568,-0.28789200335518217
P0261,4.363205423539691,-2.8462970591698875,1.7567993299527964,0.037723774207695224,0.920296843453479
P0262,-1.9455819183411078,-0.37290743194320974,-1.0491094286964184,0.07388850056078787,-0.2878920202897928
P0263,-2.9766432969165333,1.8565127421758096,0.3405201155006288,0.18044567221058216,-0.7930749964014123
P0264,4.6107128170531695,-2.0575002065932715,0.7636104393044166,0.03140492232132741,1.3403513838373773
P0265,-0.9458707560880404,1.0824006925397713,0.7636104423478589,0.07774075125155862,0.5291414860348399
P0266,-4.3306390550942355,3.639484315162012,-1.7605333945737238,0.09830785239719905,0.1366808889445279
P0267,4.221591143776447,-1.597111995384357,0.3405201219587273,0.06925999596434392,2.5105944479706674
P0268,-1.839316428694762,1.3028240054916467,-0.5263996303191029,0.06289761582158318,-0.7930750256050236
P0269,-2.78667339802341,1.8631200180957828,0.7636104393044166,0.22242142079212562,0.9202967854625873
P0270,3.1220644693868977,-0.2654684102061021,-0.5263995907485404,0.04999874251049016,-0.7930750766266914
P0271,0.6318898820009142,-0.5368627135193468,-0.5263995970209215,0.050434025074419096,-1.495600345942798
P0272,-1.3928425687170247,0.6421185076635479,-1.049109443631472,0.09106039770778292,-0.7930750433414527
P0273,-2.6145766828031607,1.2832038399548875,0.34052011415129924,0.10517080748847801,-0.7930750433414527
P0274,-2.227708258887695,1.2929725036737154,-3.1640171966373956,0.10581647662497257,-0.28789202868406627
P0275,1.6829684617043035,-1.0125823167546328,1.7567993299527964,0.0057522698871176475,0.5291414868438072
P0276,1.1741821550132512,-1.3380984666616336,-1.0491094286964184,0.05510605792725588,-0.7930750256050236
P0277,-1.1770474367454502,1.3197306432321727,-1.7605333945737238,0.11880240644885133,0.1366809168718034
P0278,-1.0151165368789896,-0.1445814356661839,0.3405201141512983,0.07217638914266752,0.13668088511958687
P0279,0.21321425052068022,1.635995240745784,-0.5263996176021178,0.13873109316739607,0.5291414340805775
P0280,-0.7673319715835508,-2.4096004776201134,1.220495702952593,0.12696395452251819,0.13668089538780623
P0281,-5.204114075811097,2.6632795244969243,-1.7605334204713166,0.09672632574825739,0.5291414641301054
P0282,-2.2541866196699853,0.22817583767429064,-3.1640171966373956,0.119208670175185,-0.793075010056111
P0283,-0.23366227354960845,-0.336258448708014,0.3405201390533307,0.12554928618974928,-0.28789198175741243
P0284,1.0052229794151915,-0.30996866924291755,2.4769881790621975,0.14333783363564356,1.8351321075663714
P0285,2.702060609169307,-1.6603847625853756,-0.0791723766242072,0.03968980045477408,0.9202968088499289
P0286,-1.8274305300944427,0.0397216667021659,-0.07917235928884347,0.10887070928187366,0.1366808839129848
P0287,3.4799720127279667,-0.704703328663582,-1.0491093922061077,0.04022664895028641,0.13668086363565277
P0288,1.0052229691487975,-0.3099686341032655,0.7636104197774175,0.09374464018534442,1.8351320570943592
P0289,-0.9458709283582676,1.0824007136300497,0.7636104228208592,0.12129077177264491,-0.28789200216243616
P0290,-1.4168091511564311,-0.15276681321684046,0.7636104142893403,0.052646711441057634,-2.931345441592355
P0291,3.235996288738487,-1.637829129691941,0.3405201206093992,0.04471005935875402,1.3403514661101528
P0292,-2.4013483445484907,1.8766114732967414,-0.5263995826319602,0.10668704175283035,-0.28789197108050735
P0293,2.70206052540716,-1.6603847621044034,-0.5263996303191029,0.06458070840210825,1.3403513951340882
P0294,-1.3928425905741086,0.6421185502636595,-3.1640171966373956,0.08190495444647843,-0.28789200216243555
P0295,0.46301253397524533,-1.0473701526235504,-1.7605334208357444,0.08134634182276965,-0.28789197719214915
P0296,0.46301247664042666,-1.0473700553890386,0.7636104332604584,0.19000012448882148,0.5291414831292333
P0297,1.4062361980932119,-0.30149844999564757,-0.5263996407589908,0.07594883803005131,0.1366808915628717
P0298,1.1226121716589148,-0.7627125944244857,-1.049109385139096,0.062397040873064955,-1.4956002832686137
P0299,1.21375879144854,-0.09938812516928605,-0.07917236082086174,0.07283656769795971,0.9202968373687261
P0300,0.688126338522667,-2.304229007870833,0.7636104173327022,0.08604739351320174,-0.7930750757357007
P0301,3.1220645501470465,-0.2654684713013672,1.7567993731878497,0.07951815505426829,1.8351321075663714
P0302,1.1741821670170158,-1.3380985103470389,0.3405201219587273,0.05226221184292043,1.340351438559738
P0303,-3.2940945694628265,2.7880902167040333,-1.0491093533818987,0.10390123334368538,0.1366808395334148
P0304,1.9848304892386919,-0.28931101441172224,1.7567994076329354,0.10667253233403273,0.13668091304686047
P0305,0.21320752804429266,1.6359992265582874,-3.1640171966373956,0.09605889248356642,-0.28789194950384067
P0306,1.2113765972035013,-0.5237302918609597,-0.07917233405181251,0.04539925675164148,0.9202968356583565
P0307,3.2359958086313907,-1.6378290717879258,0.3405200472526585,0.03921098963445231,0.1366808889445279
P0308,1.970981225565561,-1.311041876046181,-0.07917239201233864,0.10987911388830893,-0.2878919698986242
P0309,-1.9455817382789444,-0.37290749436247594,-1.7605334208357444,0.13905755509034273,0.13668086363565277
P0310,-0.9458709542372278,1.0824006816057625,0.34052009570736863,0.11346294033132355,0.1366809118402352
P0311,0.6881264263861682,-2.3042290674395045,-0.5263995970209215,0.10427122352302495,0.13668086746059044
P0312,-0.5340196391750107,0.6596343652368195,1.7567994076329354,0.030425536552487385,0.13668086746059044
P0313,-0.7213687848327802,1.9368551856980583,0.34052011415129924,0.0806063614640905,-0.28789202868406627
P0314,-0.39186790799771654,0.2646926453341746,1.756799366630422,0.059560449498128304,0.1366808674605954
P0315,3.9280772816073246,-1.2464694419130813,0.763610430772898,0.046494717870862554,-0.2878919806622578
P0316,1.76649001043049,-1.7008020828712247,2.4769881826911737,0.09564537404783396,1.8351320946571328
P0317,-1.9455817001601228,-0.3729075411976992,0.34052014040265877,0.1287195941970314,-0.7930750757357007
P0318,1.2614059432783042,0.4943911404650757,-0.07917237467696689,0.07790035485833255,-0.7930750433414527
P0319,-3.6685397061565985,2.7626302089428947,-0.0791723766242072,0.046117472982124146,-0.793075010056111
P0320,-3.7816885306609036,1.5188752379290333,-3.1640171966373956,0.13974675248323015,0.13668086746059044
P0321,-1.5936907389304216,0.24112709061037352,0.7636104228208586,0.05898007274622309,0.5291414839388591
P0322,-0.0832912724410595,1.9603814824830492,-1.760533393244453,0.08360981115519991,0.13668089538780623
P0323,1.1226121793249404,-0.7627126234763506,0.34052010634387,0.08281179312133027,0.5291414831292333
P0324,-0.4297336045053419,-0.3404363489506659,1.2204957417004259,0.09988212433674191,0.9202968356583565
P0325,-0.43303975317519283,-0.1327420468375031,1.2204957417004259,0.07978657930202443,0.5291414377025079
P0326,1.7983504535330743,-0.08759329904050692,0.7636104393044166,0.07604314925223592,0.529141464130106
P0327,-1.592876734637558,0.8461975462497089,0.7636103983732067,0.10626626860769908,-0.2878919914855274
P0328,-2.6839547954813887,-0.3888377225503028,-0.5263995995283091,0.1294450651369129,0.13668090922191167
P0329,-0.7995299161065378,-0.5695811852485875,-0.0791723766242072,0.06723593204207454,0.5291414348915392
P0330,-4.7317882198861625,2.1741233006457095,-3.1640171966373956,0.089370050417859,-1.495600373803495
P0331,4.2215921492446356,-1.597111939506953,0.7636104728821269,0.06563989597433526,0.5291414559839644
P0332,-0.7213690109215245,1.9368552522517426,0.34052007080534397,0.09388247966392192,-1.4956003355790157
P0333,0.8885104701121738,0.8996458352287687,0.3405201219587273,0.06118550440346285,-0.28789197108050735
P0334,-0.8218877877117565,0.05963133271986695,-0.5263996090739319,0.0811287005408052,0.13668086363565277
P0335,-1.894215523305319,1.5732492429541456,1.75679940627229,0.1353721627157447,-0.7930750693539191
P0336,1.6318514933044996,-2.240347149222466,0.7636103813101671,0.042540901248508366,0.5291414620367758
P0337,1.6179050301657463,0.1077929825085974,1.2204957375505383,0.08247807648898478,1.3403513838373773
P0338,-5.204113384969958,2.6632788992160115,-1.0491094137482682,0.0638262186246315,0.5291414567935995
P0339,2.8035541974159286,0.13113633296293328,1.2204957122172537,0.1221758463193003,0.13668086625403691
P0340,4.221591820958958,-1.5971119714703994,1.2204956868315908,0.05163830683462233,1.3403513789167636
P0341,-3.8479566461026735,0.19691426597353187,-1.7605334208357444,0.09742277785054362,-0.7930750826023917
P0342,-6.336036134754115,1.7440064317848845,-1.7605333944735952,0.11482682569830073,0.13668086363565277
P0343,-2.1447294086853557,-0.1676325340565666,1.7567993731878497,0.10746329565850356,0.13668089538780623
P0344,0.3964818146969342,-0.5422172977594465,-1.0491093797315942,0.09108216183597935,0.920296843453479
P0345,2.959857010754726,-0.06422531616092422,-1.049109443631472,0.0225541768547731,0.5291414860348399
P0346,2.803555200993428,0.13113629805653582,0.3405201390533316,0.06275977634300568,0.1366808889445329
P0347,0.6213861883450944,0.08814328720582842,0.7636103972381056,0.12316974150693798,0.9202968111746036
P0348,1.7983505572111804,-0.08759334515839881,-1.760533393244453,0.051841438697789156,-0.2878919914855274
P0349,-1.4036150628846709,1.0718336999217823,-1.0491093832650993,0.05908163867780651,0.13668090922191167
P0350,-3.3477170711540865,2.2350563806072454,-3.1640171966373956,0.050434025074419055,-2.931345441592355
P0351,-0.4271405061931719,-1.393933741487359,0.34052011415129924,0.12276347778060431,-0.28789200335518217
P0352,-2.588625405583781,1.0446708067538708,-1.760533393244453,0.08578622397484442,-1.4956003771534394
P0353,1.027601471656463,0.09615585445678673,-0.07917233599906681,0.07079799435689269,-0.7930750729508944
P0354,0.46393073649239414,1.3622222091512302,0.34052011415129924,0.10396652572827474,-0.7930750260897238
P0355,-0.8218877877117565,0.05963133271986695,-1.760533393244453,0.062904870530982,0.529141453079024
P0356,2.496863884238104,0.5190115840425884,1.2204956501196234,0.08162202077992463,0.5291414422280447
P0357,-2.3361291695365693,0.029635475180421006,-3.1640171966373956,0.10094131190896889,-1.4956003761495658
P0358,-0.9709185299170787,-1.0891320759458991,-1.0491094023336607,0.043520287017348384,-0.7930750420444262
P0359,-2.1980310569877597,1.8837790321478012,1.22049571426572,0.1039012333436854,-0.2878920309667042
P0360,-1.980818662547609,1.8914708266915554,-0.07917234348550004,0.0907702093318303,1.3403513951340882
P0361,4.610713768920235,-2.0575002260145316,1.2204957417004259,0.058276365934538055,1.8351320782872063
P0362,0.2759962089580503,0.8863746579166277,-0.5263995633110431,0.05525115211523221,0.9202968033798148
P0363,0.16814690064524718,-1.7726931656839,0.3405201155006288,0.057884611627002064,0.5291414377025079
P0364,-4.481428862745412,1.4991212529816054,1.220495702952593,0.100310152191272,-0.7930750757357007
P0365,-0.8150822272616582,-0.34866053892434823,-1.0491094226890565,0.07092857912607135,-0.7930750461263687
P0366,-0.9458708411495025,1.0824006730208997,-3.1640171966373956,0.09891724798669951,0.5291414641301054
P0367,0.6318900248651997,-0.5368628108889224,1.220495769070445,0.06949214666510599,0.13668091566518348
P0368,2.181537433819914,-0.5018754198721631,-1.760533393244453,0.04799644271641722,-2.931345441592355
P0369,0.4928430172181577,-0.11396666753410292,-0.5263996407589908,0.06571969777772221,0.5291414604155303
P0370,4.22159248798698,-1.597112006290069,-0.0791723766242072,0.031071205688981883,-0.7930749995925576
P0371,1.406236175956217,-0.30149855336339126,-0.5263996022176832,0.07218364385206635,-1.4956003761495658
P0372,-2.843527567322401,0.21661763405474163,-1.7605334208357444,0.12792157616316174,-1.4956003761495658
P0373,2.6501334788802473,0.3243745500511346,-0.07917237066978233,0.07047878714334482,0.13668091304686047
P0374,1.4344094480543483,-0.7549521491155335,2.4769881826911737,0.06216489017230287,-0.28789194950384067
P0375,-1.5928767946417242,0.8461975303935355,-1.0491094191555501,0.11529112709982489,0.5291414860348399
P0376,2.2706835953288755,-3.0952027901889467,-0.5263996109974193,0.07000723103242185,-0.2878919733631406
P0377,-2.144729356418819,-0.16763257411016488,1.756799372571208,0.08183240735249026,0.9202968345624637
P0378,-0.3420017213475227,0.46254590059895984,-0.07917231824847284,0.07602863983343827,-1.4956003938480469
P0379,-0.9728841632102896,0.8594749133686214,-3.1640171966373956,0.05640465090964378,-0.7930749964014123
P0380,0.24922894147977748,0.4742728755076028,0.340520079962103,0.05025265733944868,-0.28789202257243013
P0381,2.9032330257282726,-1.2799592154940849,-0.5263995584807694,0.04213463752217473,-0.7930750433414527
P0382,-2.254186710820403,0.22817588713350967,-1.0491093832650993,0.011860735200919889,-0.7930750433414527
P0383,-2.6571879883113967,0.023264221918723876,0.34052009570736863,0.06224469197568983,-1.4956003771534394
P0384,-0.7337102618327035,0.8646100991824315,0.7636104118135717,0.11119947099889325,0.13668086363565776
P0385,0.9619390171677318,-1.3453846799464768,-1.0491093629096133,0.06182391883055856,0.1366808395334198
P0386,2.903232779330821,-1.279959234808923,-1.7605334208357444,0.05932829879736621,-0.7930750433414527
P0387,-1.5936907123577468,0.24112706910137727,-0.5263996090739319,0.14288804165291705,-0.7930750766266914
P0388,-0.8142683007569056,0.2564099240151853,-0.07917234943992471,0.07997520174639362,0.13668088773793122
P0389,1.4344092823146188,-0.7549521315928618,0.34052009059860455,0.049287780989406296,0.9202968048062237
P0390,-1.8049945011018536,1.0626020599638653,-1.0491093807914664,0.03184020488525631,-0.7930750757357007
P0391,1.9709812256686847,-1.3110418667854462,1.22049571841547,0.029576735552826014,0.9202968033798148
P0392,-0.8142682469998006,0.2564098720879839,1.2204957417004259,0.16430394379821883,0.9202967845084021
P0393,-2.204479436221609,0.4256800904499086,-3.1640171966373956,0.09418717745867214,0.5291414559839649
P0394,0.4639304957343955,1.362222270614315,0.7636104332604584,0.11965846215791152,0.5291414860348399
P0395,3.6876261329060482,-0.956801112679307,0.3405201155006288,0.06714162081988993,-0.2878919782928953
P0396,-1.207799685925815,0.051995095920591095,1.2204957417004259,0.08485762117179607,1.3403514385792925
P0397,-3.305452443498689,1.0283727398296796,-1.0491093778577165,0.12747903888983406,-2.931345441592355
P0398,-1.592876645415917,0.8461974705524357,-1.0491094286964184,0.06754062983682475,-0.7930750433414527
P0399,1.6829683135956075,-1.012582135999805,-0.07917234348550004,0.07784231718314202,0.5291414714666115
P0400,1.4344092486102111,-0.7549521086737858,1.7567993269824609,0.024418637170268577,-0.28789203216472314
P0401,4.6107132502480415,-2.0575001716379244,2.4769881826911737,0.05683993347357269,0.5291414868438072
P0402,0.47195944392194544,0.6802291257269034,-0.526399657791456,0.12493989060024882,1.3403514117661277
P0403,2.1815377378704834,-0.5018754184358214,2.4769881826911737,0.031680601278482365,1.3403514385792925
P0404,1.406236537911541,-0.30149858409623964,0.34052011415129924,0.05486665251709501,-0.7930750729508944
P0405,-3.21799895010503,0.6050834182892139,-0.5263995970209215,0.07749409113199891,-0.28789194950384067
P0406,5.2102981306713545,-2.7583150264902625,3.820647269815712,0.04674137799042224,0.920296857334964
P0407,-0.5805283624577885,0.45781526334549816,-0.5263996055373025,0.06773650699059276,-0.793075010056111
P0408,-3.169711591488648,1.849826616992417,-1.0491094137482682,0.09312798988644516,0.13668086363565277
P0409,1.1226122641265128,-0.7627126133173026,0.3405201206093992,0.04811977277619704,1.3403514064670152
P0410,1.6093895582465674,-0.5147433707288996,-0.07917231824847284,0.041626807864257674,-0.28789202868406627
P0411,2.2706834379382395,-3.0952026477113717,-0.07917232420289427,0.09578321352641145,0.13668088511958687
P0412,-1.6350477089978743,-0.15721881924688644,-0.07917234348550004,0.10905207701684401,-0.7930750256050236
P0413,-0.34199759845736666,0.462543037188867,1.7567993731878497,0.07510003703038995,-0.7930750256050236
P0414,-0.5805284172028589,0.4578152825194044,0.340520079962103,0.04204758100938895,-0.7930749964014123
P0415,-1.839316542559968,1.3028240593075964,-0.07917235539435769,0.16397022716587337,0.13668087390391015
P0416,-1.9782254925675649,0.8379734014785168,-1.049109385139096,0.08976180472539501,-0.28789194110957017
P0417,-1.804994655064269,1.0626022030843223,-1.7605334208357444,0.05514233147424999,-1.4956003771534394
P0418,-1.5274034505520924,2.3195340022147644,0.3405201219587273,0.09563086462903632,-0.2878920309667042
P0419,-2.843527555291472,0.21661762849822122,-1.0491094226890565,0.12372835413064671,-0.2878920309667042
P0420,-2.7107469724404654,0.41568103149317226,-0.5263995826319602,0.04256992008610362,-2.931345441592355
P0421,4.610713899423692,-2.0575002002066594,1.2204956858659737,0.05200829701396191,-0.7930749995925576
P0422,0.18651550351968527,-0.32732086618897127,1.2204956785846297,0.12024609361921551,1.8351320625321583
P0423,-0.721368816846724,1.9368551462954608,0.3405200721546768,0.06136687213843324,-0.28789203216472314
P0424,0.06735154550739963,1.1059462150222374,2.4769881826911737,0.04415144673504527,-0.7930750766266914
P0425,0.9397581475339041,-1.7375194553377877,-0.07917229896586858,0.1054029581892401,1.340351339674514
P0426,2.7020607539055224,-1.6603848135679091,1.7567994306003696,0.034575230328609555,1.8351320249693832
P0427,-0.6740896753309309,1.088695374120907,-0.0791723321045654,0.0560781889866971,-1.4956003355790157
P0428,-1.8049946418371803,1.0626022047179233,-0.0791723321045654,0.21413654265867893,-0.2878920597759466
P0429,-0.7337102165319385,0.8646101148241068,-0.5263996109974193,0.10094131190896888,-0.7930750588900877
P0430,-4.661169882911693,2.6975227574644225,-1.760533393244453,0.12007198059364396,-0.7930750260897238
P0431,-4.801972824132292,1.2287771312835276,-1.0491094191555501,0.09640711853470953,0.1366808915628717
P0432,4.610713174348355,-2.057500261119636,-1.0491094137482682,0.05891478036163378,0.5291414430396643
P0433,-0.26322982411607054,0.6651696328479484,0.3405200957073695,0.11480506157010431,0.13668087128552714
P0434,-1.80499451042559,1.0626021165092219,-0.5263996336399983,0.09594281713318535,0.1366808648422408
P0435,2.3409716868625123,0.7187306831792867,-1.0491094191555501,0.08323982097586036,0.9202968105604749
P0436,-1.396968154312671,0.24498444768545186,-1.0491093807914664,0.05653523567882246,-0.28789200216243616
P0437,4.221591964833081,-1.5971119272665277,2.4769881691002364,0.028154812510658253,1.3403513947558447
P0438,-0.029954403733665202,-0.33192239607223795,-0.07917234943992471,0.10636783453928249,-0.2878920202897928
P0439,-1.7856594288459338,0.8420821808228843,-1.049109443631472,0.11596581507391468,0.529141464130106
P0440,4.610713780838729,-2.0575001551087873,1.7567993269824609,0.06317329477873815,0.5291414576038931
P0441,1.665092052320925,-1.321373793801798,-0.5263995970209215,0.036490473609896684,0.13668088511958687
P0442,0.8441424929837216,0.2889329443914952,-1.0491093807914664,0.05928477054097331,0.13668089276947296
P0443,-1.2431093154283597,-1.0971747500798859,-1.0491094286964184,0.07142189936519076,-0.7930749995925576
P0444,-0.13917993752972624,0.8774083849927264,-0.0791723766242072,0.05460548297873766,0.13668086363565776
P0445,0.810039963574511,-0.10754639935431873,-1.0491094191555501,0.06603165028187123,-0.7930750027835143
P0446,5.2102981306713545,-2.7583150264902625,1.7567993731878497,0.06019886392522403,3.8145101709393714
P0447,-0.5799648308983502,1.3350903669857768,0.7636104228208592,0.10949461429017175,0.9202968495382242
P0448,1.0788292369852543,0.6926957370104211,1.7567993731878497,0.09849647484156823,1.3403514117661277
P0449,-2.8307436145357325,0.8198417660927603,-0.079172357341597,0.1532840402214189,-0.2878920309667042
P0450,1.0788292500763461,0.6926956888570608,0.3405200578891568,0.06977508033165976,1.8351320797143302
P0451,3.2938057127670164,-0.4770278519736161,-3.1640171966373956,0.03906589544647601,0.5291414422280447
P0452,-1.8393165102472786,1.3028240951970609,-1.0491094496389286,0.12220486515689558,-1.4956003771534394
P0453,-0.20347938186690495,0.07185689545632823,1.2204957111992556,0.11570464553555736,1.3403513562871239
P0454,-1.7421620765402244,1.899967231477989,-0.5263996109974193,0.09489813897975602,-0.28789198175741243
P0455,-3.5821414859566927,1.8356356637778342,-0.526399623462803,0.12628926654842842,-0.2878920512359062
P0456,-2.1232348926891924,2.291302094055784,-0.07917233405181251,0.14335959776384005,1.340351410669972
P0457,-4.430705816319158,2.187152167101125,-0.5263996303191029,0.1103941982556248,-2.931345441592355
P0458,0.2492291111604703,0.4742727664998795,-0.5263995714281596,0.09136509550253313,-0.28789202257243013
P0459,5.2102981306713545,-2.7583150264902625,-0.07917238257863898,0.051043420663919516,1.3403513838373773
P0460,3.6776732042693836,-2.1120170386411017,-1.049109389272351,0.0668731965721338,-0.28789199869264825
P0461,-0.029954403733665202,-0.33192239607223795,0.7636104393044166,0.09613869428695339,-1.4956003825632525
P0462,-5.037341456745953,3.546338217902251,-1.0491093832650993,0.05062264751878824,-0.7930749995925576
P0463,-0.7985646593421543,0.4534943279886699,-1.7605334208357444,0.07280029415096564,-1.4956002832686137
P0464,3.235996112269913,-1.637829115454428,0.7636104728821269,0.07628255466239679,-0.2878920370783394
P0465,2.3238290583880645,-1.6765862437933392,0.7636104393044166,0.045471803845629634,0.13668090801529095
P0466,-1.6350475539580787,-0.15721884770160935,0.34052007080534397,0.21505789075232845,0.9202968461173076
P0467,-1.416809061202632,-0.15276680661861766,1.7567993299527964,0.2093556891648598,0.5291414430396643
P0468,0.961938987207128,-1.3453845653221737,0.7636104728821269,0.07006526870761239,0.13668088511958687
P0469,0.21320716374938153,1.6359992335648696,-0.07917229301145182,0.08925397506747797,-0.28789199869264825
P0470,1.4399976502868044,0.30062279076998977,-1.0491093832650993,0.04304147619702661,-1.4956003771534394
P0471,-1.9900736874582998,-1.1194334142489764,1.75679940627229,0.07256814345020354,-0.7930750027835143
P0472,0.067351278197888,1.1059463573769321,-0.5263995584807694,0.06373916211184572,-0.793075010056111
P0473,3.4799714185608868,-0.7047033418642029,0.3405201155006288,0.051913985791777306,0.920296834562463
P0474,-5.03825117584547,1.4835518426116043,-1.7605334208357444,0.05530193508102392,-0.793075010056111
P0475,2.803553364671337,0.13113628713033432,0.7636104008371772,0.07723292159364158,0.920296865130429
P0476,1.434409214230572,-0.7549520761267958,0.7636104173327029,0.05406137977382654,0.5291414860348399
P0477,4.221591335727693,-1.5971119669611156,-1.0491094137482682,0.03577225737941402,1.3403514494975162
P0478,3.4799706590371575,-0.7047033936355985,0.3405200957073695,0.07842994864444602,0.5291414604155309
P0479,-1.216714764067779,-0.3572559920494184,1.7567993068585,0.10041897283225422,0.529141518408526
P0480,2.702060719396641,-1.6603849336806542,0.3405201155006288,0.02903988705731371,0.9202968573349631
P0481,-2.9766431850703716,1.856512715618295,-1.7605333945737238,0.03371917461954941,-1.4956002832686137
P0482,-0.46237708130703903,0.8704445221232865,1.756799372559087,0.07912640074673227,0.5291414860348399
P0483,-0.22893516664060054,-0.12859894143133258,-0.07917227372885324,0.07582550797027146,0.13668089538780623
P0484,4.363205391668405,-2.8462971815315803,2.476988209702138,0.07258990757839998,2.510594559081347
P0485,-1.2635547929071742,-1.4239230659674824,1.7567993299527964,0.13673604808272197,0.5291414377025073
P0486,-4.911076884996165,2.681644818175708,1.2204957081327905,0.1507158730942384,-2.931345441592355
P0487,2.7961546664365646,-2.1657422384193694,0.3405200472526585,0.04392655074368203,0.13668084335834968
P0488,0.6645814537434422,-1.0415756024908533,-1.0491094191555501,0.07611569634622405,0.5291414831292338
P0489,0.9619390484275643,-1.345384638715182,-1.0491094191555501,0.09258388668153404,0.5291414494570922
P0490,-1.8942153424413717,1.5732491397262758,-1.049109385139096,0.1527399370165078,-0.28789202868406627
P0491,1.3287342648132578,-1.7201231354817974,1.2204956858659737,0.1027332251304762,-0.7930750433414527
P0492,1.5384421657742,-1.71083321729095,-3.1640171966373956,0.04941111104918615,-1.4956003355790157
P0493,2.803554023417116,0.13113634412727426,-0.07917229896586858,0.08035970134453081,0.13668091304686047
P0494,-0.7729114229129687,0.6547558518387618,-0.5263996109974193,0.03753515176332605,0.5291414786983336
P0495,2.3563270338783586,-1.298119676832613,2.476988208257067,0.06761317693081292,-0.28789203216472314
P0496,4.363205330055997,-2.846297112696905,1.7567993421685582,0.03458248503800836,1.8351320338680903
P0497,-2.6329987076049437,0.6169276019279083,-0.5263996319792427,0.0841394049413134,0.5291414803169272
P0498,-3.369897832190959,1.8429215379093913,-1.0491093509082607,0.059161440481193456,0.13668085981071415
P0499,0.939758325517638,-1.7375195616983274,-0.07917234348550004,0.08507526245376056,-0.2878920309667042
P0500,2.179381678436486,0.9277960684184768,-0.5263996109974193,0.11903455714961343,-0.28789200216243555
P0501,-3.294094153503386,2.788089779375499,-1.7605333927796207,0.07097936209186306,-0.28789205749330665
P0502,1.0634010100454496,2.449689057281547,0.3405201155006288,0.09593556242378656,0.5291414340805785
P0503,-2.8709714863899585,1.5449070736181156,-1.0491093797315942,0.12490361705325476,-1.495600345942798
P0504,0.46393083364572085,1.3622221832074717,-0.5263995714281596,0.11255610165647167,1.8351321293094516
P0505,-2.4013484958789526,1.8766115613218688,-1.0491093533818994,0.10210932012217809,-1.4956002832686137
P0506,3.885463603177364,-2.8988487934550395,-0.0791723766242072,0.043338919282378034,0.13668090922191167
P0507,3.687625549501685,-0.9568012027163173,-0.5263996109974193,0.06321682303513104,0.529141461225824
P0508,1.174182329936467,-1.3380985749132839,1.7567993299527964,0.04280207078686572,-1.4956003771534394
P0509,0.36983691126313967,-1.7634117191203058,0.7636103813219723,0.11715558741532037,-0.7930750256050236
P0510,4.363205423539691,-2.8462970591698875,1.2204957417657185,0.03136864877433334,-1.4956002832686137
P0511,-0.2289350977102509,-0.12859895332193136,1.2204956796024988,0.08550329030829062,1.3403513838373773
P0512,-0.5805284314866529,0.4578152664525907,0.7636104148569334,0.07983736226781614,1.3403514110287984
P0513,-1.3969681719801033,0.24498445436588115,-0.5263995907485404,0.05713737655892409,-0.7930750256050236
P0514,-0.5553835293660494,-1.8065164714858837,-0.5263996055024289,0.09382444198873141,0.5291414839388591
P0515,1.6093895482354235,-0.5147434122965608,0.7636103978056986,0.05770324389203167,0.9202968579501416
P0516,-3.2664015884315347,1.2668435049250364,-1.7605333944735952,0.11324529904935908,-0.7930749995925576
P0517,-0.4623772636985145,0.8704444976961678,1.220495683882797,0.05472155832911872,-0.7930750027835143
P0518,-1.164849995418593,1.5947119711686621,-3.1640171966373956,0.13136756312759887,-0.7930750766266914
P0519,-1.873939479301565,-0.1620972918090304,-0.5263995986810601,0.08187593560888316,-0.28789194950384067
P0520,-2.0160911172051694,0.23284435298622425,-3.1640171966373956,0.06291937994977964,-2.931345441592355
P0521,-2.7866733716605907,1.8631200288896317,-0.5263995826319602,0.03421974956806759,-0.2878920202897928
P0522,3.6776730832607174,-2.112017083093585,2.4769881790621975,0.054873907226493816,2.5105944806162825
P0523,0.6600604305634357,0.48243398688683237,1.2204957417004259,0.10580922191557374,-0.7930750260897238
P0524,1.0788296764734424,0.6926956451227462,-3.1640171966373956,0.10412612933504868,0.9202968394115507
P0525,-0.3095969815030626,-1.0697488929640078,1.2204956725169789,0.0587406673360622,0.5291414831292333
P0526,2.3940136926352644,-0.731240156276387,1.22049571426572,0.09211958528000991,0.9202968590456834
P0527,-0.02995460139972539,-0.3319223155700338,0.7636104393044166,0.15167349473488195,2.510594559081347
P0528,1.369518846134142,2.0153680864360535,1.756799372571208,0.17539639446900696,0.5291414839388591
P0529,4.6107132502480415,-2.0575001716379244,-0.07917235138717132,0.034495428525222575,0.5291414904657397
P0530,-0.602964425088502,-0.5650651588887183,-1.760533401645384,0.070551334237333,0.9202967921614814
P0531,5.2102981306713545,-2.7583150264902625,-0.07917229301145182,0.043280881607187495,1.3403513785576835
P0532,-0.13917983915129328,0.8774083544179819,-1.0491094226890565,0.07629706408119444,0.1366808915628717
P0533,-2.657188133056839,0.02326424736669727,0.34052011415129924,0.027197190870014702,0.1366809168718034
P0534,1.6318517150877212,-2.2403473445944124,-0.0791723454327497,0.10061484998602221,-1.495600345942798
P0535,-0.8392224966678397,1.6043799972808883,0.3405200970566991,0.07214737030507226,-0.7930750433414527
P0536,-3.347717035642431,2.235056310149738,0.7636104393044166,0.13987008254301003,0.13668086746059044
P0537,-1.1960385338614525,0.6461272719220191,1.2204957417004259,0.04501475715350426,-0.2878919806622578
P0538,0.1681468269670643,-1.7726930502955753,1.22049571426572,0.15245700334995402,0.13668081543121238
P0539,0.11569588606359416,0.27464591079750716,1.7567993731878497,0.08687443038466666,0.9202968590456848
P0540,2.7961549584158356,-2.1657423407073733,1.220495704989068,0.052109862945545336,0.5291414567935995
P0541,-3.2863923762631875,1.5329869976823673,-3.1640171966373956,0.06693848895672314,0.5291414340805775
P0542,0.6213862692738727,0.08814327786807694,0.3405201206093992,0.06175862644596923,0.13668088511958687
P0543,0.16814689060179533,-1.7726931256044345,-0.07917234348550004,0.07425123603072861,-1.4956003825632525
P0544,-4.8548769267341765,3.569722870746473,-1.7605334198364742,0.05660052806341179,-0.7930750433414527
P0545,-0.23366222972337503,-0.3362584623669729,-0.07917231824847284,0.15021529814572016,0.13668091304686047
P0546,-2.0983621309767693,1.5672859688064698,-0.07917233405181251,0.07771173241396337,-1.4956003771534394
P0547,0.6857203720352147,1.1204246009510515,1.7567993818164773,0.057674225054436416,0.1366809168718034
P0548,-2.6571881210926525,0.023264229269239572,-3.1640171966373956,0.06573420719651984,-1.495600373803495
P0549,-3.21799916321016,0.6050834700266005,0.3405201219587273,0.09758238145731754,0.5291414377025073
P0550,2.796154796514665,-2.1657423601145456,0.7636104228090569,0.05669483928559638,-0.7930750926597968
P0551,2.3563270290641922,-1.298119687476102,1.2204956796024988,0.05300944691099839,0.9202968562397704
P0552,-1.4350747721839507,-0.3619379094832872,-0.5263996388354844,0.07077623022869625,-1.495600345942798
P0553,4.610713712481813,-2.0575002276648173,3.820647269815712,0.04169935495824583,2.5105944094850616
P0554,-0.26322980044031985,0.665169589921254,-1.049109368316975,0.011403688508794516,0.5291414766023523
P0555,1.6093895390183408,-0.51474340871937,0.34052010904253494,0.05780480982361507,0.13668085981071415
P0556,-3.0320633435728235,1.2727112509489638,-1.0491093629096133,0.0817018225833116,0.9202968518653888
P0557,-0.9911499617522577,0.6503038235145027,-0.07917240186124924,0.07238677571523316,-0.793075010056111
P0558,1.1307876982534402,-1.7289486770573341,0.34052011415129924,0.0628105593087974,-0.2878919914855274
P0559,-4.7317882482781775,2.174123353357797,0.3405201155006288,0.09229369830558146,-1.4956003771534394
P0560,2.6302924722404155,-0.9860148468217536,-1.7605334208357444,0.05681091463597741,-0.2878920525849662
P0561,-2.523654938744127,0.22289112766190258,-1.0491094137482682,0.08746931655536949,-0.28789203216472314
P0562,0.11569606700893909,0.27464582344811467,0.7636104393044166,0.10859503032471868,0.5291414567935999
P0563,-1.435074924981321,-0.3619378190758482,-0.07917233405181251,0.1113155463492743,0.920296834562463
P0564,-3.6217178363050473,0.5969250981076433,-3.1640171966373956,0.06216489017230289,-2.931345441592355
P0565,-1.2309116425919264,-0.8221935998917895,0.3405201390533307,0.11125025396468496,0.5291414422280447
P0566,-1.2039795215072142,0.24876851562079885,0.7636104393044166,0.0686723645030399,-0.2878919698986242
P0567,-4.731788363686327,2.1741234360078807,-3.1640171966373956,0.07270598292878103,-2.931345441592355
P0568,-3.842368473259895,1.2524891499026558,-0.07917227372885324,0.12070314031134086,-0.2878919698986242
P0569,-1.0148089441894996,0.055814508926042145,-0.5263996407589908,0.11233846037450723,-2.931345441592355
P0570,0.6645813243120513,-1.041575516749476,0.3405201206093992,0.06459521782090588,0.5291414576038931
P0571,1.798350761371339,-0.08759334255215459,-1.0491094137482682,0.051449684390253145,-0.7930750693539191
P0572,2.3940135405520078,-0.7312401271526433,1.2204956786499057,0.051834183988390355,0.13668089538780623
P0573,-4.025864190342013,0.3897441122449841,-1.049109443631472,0.0942161962962674,-0.7930750926597968
P0574,-1.2077995775951207,0.051995080475393585,0.7636104393044166,0.09256212255333761,-0.7930750027835143
P0575,0.05893382730414154,0.6717641851391436,-1.760533393244453,0.09927998345664027,-0.28789202868406627
P0576,-3.286392431838244,1.532986978008012,-0.5263996022176832,0.023381213726238075,-0.7930750629720092
P0577,1.406236342419219,-0.3014986168801602,0.7636104393044166,0.08030891837873912,0.9202968227299873
P0578,1.4062363887898877,-0.30149861748117157,-0.5263996188493413,0.04135838361650153,-0.7930750260897238
P0579,-0.22893510884598156,-0.12859893197584074,1.2204957355022235,0.042286986419549845,0.1366809168718034
P0580,-2.594474387034947,0.8248578358488536,-0.5263996022176832,0.046893726887797325,-0.7930750588900877
P0581,-0.665796932440104,-1.4024303065107564,-1.0491093807914664,0.0779293736959278,-0.7930750433414527
P0582,-1.5030091725303627,-0.8291782476290812,-3.1640171966373956,0.09454991292861291,0.1366809168718034
P0583,3.163058101678129,-2.1431041890273907,0.3405200472526585,0.05033971385223447,0.9202968607562307
P0584,-0.029954548953586624,-0.3319223688499917,0.7636104313405766,0.08867359831557277,0.5291414868438072
P0585,-0.5805284180536151,0.4578153220277592,0.7636104393044166,0.0458417940249692,-2.931345441592355
P0586,-3.842368503905188,1.2524891441897548,-0.5263995907485404,0.1245481362927128,0.13668089538780623
P0587,0.115696140020499,0.27464585306249933,-0.07917230686753851,0.11660422950101043,0.9202968111746036
P0588,0.39648177982949684,-0.5422172686938408,-0.07917239201233864,0.09427423397145794,-0.28789203216472314
P0589,2.073469774106734,-1.0015840793153445,0.7636104173327029,0.0852493754793321,1.8351320715156978
P0590,2.6293824435018127,-3.048801284755944,-0.5263996022176832,0.05616524549948291,-0.7930749964014123
P0591,-0.029954433789844304,-0.33192237034991245,-0.07917229896587,0.08926122977687678,0.13668091304686047
P0592,1.9848303947215706,-0.28931106448096633,1.2204957081327905,0.05442411524376729,-0.7930750433414527
P0593,0.7516824293431392,-1.7460112214682841,3.820647269815712,0.1274064917958459,0.9202968590456848
P0594,-5.530023299399792,0.76300544812088,-1.7605334204713166,0.07071819255350573,-1.495600373803495
P0595,1.2605804218923389,-2.2650930130751274,2.4769881826911737,0.08231847288221082,0.13668093976753076
P0596,-5.887931182567261,1.2022403644936,-0.5263995897529584,0.11134456518686958,-1.4956003761495658
P0597,-1.0118125829558313,-0.35286896635487364,-1.0491094023336607,0.06830962903309913,0.529141467752037
P0598,1.8255096021877621,-2.2276294954054867,0.7636104393044166,0.056310339687459174,0.13668091566518348
P0599,3.479971749152265,-0.7047032978526897,0.7636104423478589,0.0323335251243757,-0.7930750926597968
P0600,-1.1770473769826109,1.3197305951433358,-1.0491094137482682,0.12112391345647215,-1.4956003355790157
P0601,1.4051931945160732,-1.3302067340158057,-1.7605334208357444,0.03908765957467245,-2.931345441592355
P0602,-1.5860713515133125,0.43790574615746614,-1.760533393244453,0.07784231718314202,1.340351411387711
P0603,-0.011941261876564191,-0.12419546014721614,-0.5263995897529584,0.05420647396180285,0.9202968461173076
P0604,-0.203479567205465,0.07185691004813347,2.476988208257067,0.1756648187167631,2.510594465393424
P0605,-0.16060009705892786,1.3459466552849932,0.763610428339986,0.09142313317772366,-0.2878920897987349
P0606,-4.236955752555517,1.2427082928112678,0.7636104393044166,0.2225084773049113,-0.793075010056111
P0607,1.0276013269488642,0.09615591892648839,2.476988208257067,0.061170994984665175,0.1366809168718034
P0608,0.07765412489055179,-1.0584988664728339,1.22049571426572,0.08316727388187221,-0.7930750392597239
P0609,5.2102981306713545,-2.7583150264902625,0.34052008642019715,0.05266847556925407,-0.2878919698986242
P0610,-3.4131820831195046,0.8075057734308454,2.476988209702138,0.18071409645833836,0.5291414430396643
P0611,0.24922903801331575,0.4742727759325813,-1.7605334198364742,0.012187197123866539,-0.7930750693539191
P0612,0.6241042113462214,-0.775174160132776,-0.0791723454327497,0.04462300284596829,-1.4956003761495658
P0613,2.5031175441337687,-2.1841075196897433,-0.5263996109974193,0.029692810903207092,-0.2878919698986242
P0614,2.0734698048351152,-1.0015842467104308,0.763610430772898,0.10075268946459971,0.5291414576038931
P0615,-2.2044794215326493,0.4256800920156424,-3.1640171966373956,0.11660422950101042,-0.2878920309667042
P0616,1.8224094111996956,1.3980816632013322,-0.5263996188493413,0.09565262875723278,-1.4956003761495658
P0617,-3.266401705925323,1.266843593362253,-0.079172357341597,0.20678752203767936,1.3403514385792925
P0618,0.2492290354182105,0.47427281509013847,-1.760533393244453,0.09283054680109375,-0.7930750757357007
P0619,-3.9464013980037866,2.208370336842962,-1.0491094137482682,0.07810348672149939,-1.495600373803495
P0620,-0.5799647823134232,1.3350903287689218,-3.1640171966373956,0.12132704531963895,-0.2878919782928953
P0621,1.6650920529926219,-1.3213737819608193,-0.0791723766242072,0.07641313943157547,-0.28789199724354486
P0622,1.4062363362553092,-0.30149864312617913,-3.1640171966373956,0.052015551723360726,0.5291414803169272
P0623,4.2215921492446356,-1.597111939506953,-1.0491093807914664,0.04099564814656078,-1.495600373803495
P0624,2.6501335388549725,0.3243745895516318,1.7567993817070762,0.09245330191235537,0.9202967843666933
P0625,3.6776732414492295,-2.1120170232761897,2.476988208257067,0.003953101956211541,0.9202968356583565
P0626,2.0734699810517574,-1.001584215851614,0.3405200721546768,0.07357654805663882,-0.2878919698986242
P0627,2.9598564584049716,-0.06422529603439811,1.7567993731878497,0.07364184044122815,-0.7930750433414527
P0628,1.828996778453265,-0.7451712861422738,0.7636104393044166,0.10034642573826605,0.1366808839129848
P0629,0.7617525816841779,-1.3522896149156707,0.7636104337851314,0.10530864696705551,0.9202968227299873
P0630,-0.42973366948309144,-0.34043636222841844,0.7636104393044166,0.13010524369220505,3.8145101709393714
P0631,-2.336129066429785,0.0296354035583479,-3.1640171966373956,0.06103315550608773,-2.931345441592355
P0632,-5.440091241243888,3.4962389296642784,-3.1640171966373956,0.061504711617010696,-0.7930750027835143
P0633,-2.9008019661924918,0.6115036083487919,0.3405201219587273,0.09874313496112795,0.1366809168718034
P0634,-2.4420621590061105,0.42098699173309073,1.220495795618132,0.19185007538551932,1.340351339674514
P0635,-2.1742967482978575,0.8337954178469472,-0.07917238257863898,0.08125203060058506,1.340351378916762
P0636,-0.7995298796949709,-0.5695812020731692,0.34052014040265877,0.13519804969017318,-0.2878920309667042
P0637,-1.3969680347990652,0.24498438063850522,1.7567994154206539,0.08955141815282937,0.13668089156286672
P0638,-0.8221909662047003,-0.14065639976917807,-1.049109385139096,0.06098237254029604,0.13668090801529095
P0639,2.6293825413808944,-3.0488013362176827,-0.07917231824847423,0.05105793008271715,0.5291414677520364
P0640,2.650133210117395,0.324374517892881,1.2204957355022235,0.10257362152370227,-0.793075010056111
P0641,0.03410307118570288,0.07654998212538028,0.7636104167769072,0.07121876750202395,-0.7930750256050236
P0642,0.05893392855555968,0.6717642223215327,-0.07917233405181251,0.08135359653216848,-0.28789200444507373
P0643,-2.710746607189173,0.4156808599286279,0.7636104393044166,0.06832413845189678,0.13668088511958687
P0644,-2.1790238443226007,0.626135897133483,-1.7605334198364742,0.13321025931489788,0.13668088250126648
P0645,-1.894215423480057,1.5732491905622736,-3.1640171966373956,0.1714498325560516,-0.2878920609792403
P0646,2.356327236159181,-1.2981196809797326,-3.1640171966373956,0.02430256181988752,-0.2878919698986242
P0647,-1.3969680638681334,0.2449844034609819,0.7636104063372178,0.11421743010880026,0.5291414612258245
P0648,3.6876261329060482,-0.956801112679307,1.2204957386339612,0.02568095660566236,0.13668090801529095
P0649,2.394013800661116,-0.7312401218356767,1.7567993085607603,0.10905933172624285,1.3403514064670152
P0650,5.2102981306713545,-2.7583150264902625,2.476988066756676,0.04005253592471485,3.8145101709393714
P0651,0.2250397273982967,-0.11939067671863987,-0.07917240186124924,0.0689625528789925,-0.2878919698986242
P0652,2.9598577511326423,-0.06422532831170272,1.2204957111992556,0.05345198418432609,0.5291414567935999
P0653,3.9280774579618254,-1.2464694460190988,1.2204957122172537,0.06966625969067755,1.835132022992475
P0654,0.11569597749384486,0.27464585450879625,-0.5263996286595785,0.11111241448610747,0.1366808889445329
P0655,-1.0043441150684072,-0.5742965600135056,-0.5263996136525793,0.0956671381760304,-0.2878920490990326
P0656,0.5629388107038813,-1.7545833975663923,1.22049571426572,0.10680311710321139,0.5291414567935995
P0657,2.3409710786020606,0.7187306101544287,0.3405200957073695,0.07482435807323498,2.510594465393424
P0658,2.022746808630936,-1.689615299584458,2.4769881826911737,0.08963847466561514,1.3403514385792925
P0659,3.8854633955240856,-2.898848715076473,0.763610430772898,0.04800369742581607,-0.2878920609792403
P0660,2.8035533615514736,0.13113632236320183,-0.07917227372885324,0.05729698016569803,1.8351321035558759
P0661,-3.736693135278342,2.217660067307392,0.7636104393044166,0.19149459462497734,0.5291414904657397
P0662,-3.8527886500286193,2.750289558865098,-1.7605335703343854,0.05187771224478323,-1.4956003761495658
P0663,3.235995961549825,-1.637829087141647,0.34052007080534397,0.07338067090287084,2.5105944479706674
P0664,-0.41043472617479215,-0.5606479903423166,-3.1640171966373956,0.07624628111540274,0.5291414860348399
P0665,0.8441425866341428,0.2889330206795598,-1.760533393244453,0.0482721216735722,-0.2878920597759466
P0666,3.163058163103998,-2.143104286042229,-1.0491094137482682,0.07718939333724868,-0.7930750757357007
P0667,4.363205518958525,-2.8462971614097463,1.2204957417004259,0.05794264930219255,2.5105944094850616
P0668,0.11569613244661214,0.2746458213817974,-1.0491093807914664,0.04172837379584112,0.9202968345624637
P0669,0.9397581282450425,-1.737519434585796,-1.04910945504611,0.04970129942513875,-0.7930750757357007
P0670,1.2614058069850485,0.4943912480359039,0.7636104063372178,0.13475551241684547,0.1366808395334148
P0671,2.9598564771507836,-0.06422534144409506,3.820647269815712,0.06332564367611328,1.835132064480937
P0672,0.6241044348466906,-0.7751743043811572,0.7636104393044166,0.030650432543850623,-0.2878920490990326
P0673,-1.396146369928167,0.8504059298062598,-1.0491093922061077,0.07055858894673181,0.13668084335834968
P0674,1.3287340272220143,-1.7201229469269987,0.7636104093686962,0.06914392061396288,1.34035140046941
P0675,-1.0148088977442973,0.05581442200976708,-1.7605334198364742,0.06331113425731562,-1.495600373803495
P0676,2.63029220819867,-0.9860148559174824,0.3405201155006288,0.06669908354656223,2.5105944806162825
P0677,1.1741821382548228,-1.3380984736204733,0.34052010769320046,0.0627525216336069,0.5291414705643324
P0678,2.8224811508824623,-3.0245269214388975,2.4769881691002364,0.05202280643275956,1.8351321212877538
P0679,2.8035545608624877,0.13113633230648802,0.3405201233080576,0.08246356707018715,-0.2878919782928953
P0680,1.5384421138140096,-1.710833109557702,1.2204957417004259,0.04055311087323308,1.8351321212877538
P0681,-0.22893510884598156,-0.12859893197584074,-1.0491094023336607,0.06260742744563058,0.9202968590456848
P0682,0.8784333679805796,-1.0354499709535223,-1.0491094226890565,0.10340791310456598,0.9202968139810429
P0683,-2.123235026613617,2.2913022777612158,-0.0791723321045654,0.14720459374521194,-0.793075010056111
P0684,-3.9464016045180763,2.208370547595267,-0.079172357341597,0.03723045396857583,-2.931345441592355
P0685,-4.378940310632996,1.8085788929724953,-3.1640171966373956,0.07084152261328558,-0.2878920259073415
P0686,4.363205518958525,-2.8462971614097463,0.3405201219587273,0.08581524281243967,0.13668089276947296
P0687,2.5031174847123863,-2.1841074792024076,1.22049574579723,0.11294785596400768,0.9202968579501416
P0688,-0.4330395893240301,-0.13274214892620953,1.756799366630422,0.06882471340041502,-0.2878919698986242
P0689,-0.9911497874546921,0.6503037417389429,0.7636104453912227,0.13527785149356014,0.1366809435924759
P0690,-3.072540338985692,1.5391125619701544,-1.7605334208357444,0.14328705066985187,-0.2878919782928953
P0691,3.267160744271227,-2.9703804076206475,2.476988208257067,0.06006827915604532,1.3403513831194784
P0692,1.0788291477836518,0.6926956789350713,-1.0491093807914664,0.10815249305139096,1.3403514110287993
P0693,-2.6571881893766855,0.02326430354101361,-3.1640171966373956,0.08600386525680886,-0.7930750588900877
P0694,4.22159248798698,-1.597112006290069,-0.5263996055024289,0.040509582616840165,0.13668091566518348
P0695,-1.1035355620191167,2.339981348109354,1.7567993068585,0.09802491873064527,-0.7930750328778124
P0696,-0.011941135283143112,-0.1241954493259518,-0.5263995714281596,0.024164722341310042,-0.7930750661629642
P0697,1.6179051191844485,0.10779291406686026,-0.5263995970209215,0.06283232343699385,-0.28789200335518217
P0698,-2.8044408041358766,1.0397542517758904,-0.5263996090739319,0.17137728546206343,-0.2878920260530873
P0699,-0.9458709550025706,1.082400683161401,-1.0491093832650993,0.08551054501768944,-0.2878919782928953
P0700,2.1815373816214314,-0.5018753028019152,1.7567993299527964,0.06932528834893326,-0.7930750826023917
P0701,-1.0148089522839914,0.05581451347466737,-1.049109385139096,0.10730369205172963,-1.4956002832686137
P0702,1.609389431063423,-0.5147433385944097,-0.5263996251229649,0.046821179793809224,0.5291414860348399
P0703,-0.6029645412566239,-0.5650650555444113,-0.5263996486109018,0.04577650164037985,-0.28789201174945483
P0704,1.766489887784207,-1.7008020422539627,1.220495686766303,0.07359831218483527,-0.2878920490990326
P0705,-4.764286328991669,1.7956567148165994,-0.526399612644446,0.08413940494131342,-1.4956002832686137
P0706,-0.5340195650434651,0.6596343117951886,-0.07917235138717271,0.08181789793369265,0.5291414487535893
P0707,2.803553595064201,0.1311363454564532,-0.5263996176021178,0.03888452771150564,-0.2878919698986242
P0708,-5.367815764540959,0.5617623590481627,-1.0491093533818994,0.0716685594847505,-1.4956003761495658
P0709,1.439997896654599,0.3006227996801627,3.820647269815712,0.04775703730625636,0.5291414576038931
P0710,2.7961548267143246,-2.165742388895299,-1.7605333927796207,0.04736528299872031,-0.2878919698986242
P0711,0.21321413731898908,1.6359952973861707,0.7636104393044166,0.08603288409440414,0.9202967854625873
P0712,-2.401348297310264,1.8766113544081524,-1.0491093778577165,0.1643039437982189,-0.287892010556708
P0713,2.6302922700093037,-0.9860148295259246,-1.7605334208357444,0.06016984508762875,-0.28789200216243616
P0714,1.7983507171166457,-0.08759332803830869,0.3405200721546768,0.04339695695756857,-0.2878920490990326
P0715,-0.5799645667987013,1.335090269373216,2.47698816453185,0.10235598024173781,0.9202968539125915
P0716,-5.643955162786414,2.1353662567360736,0.3405201168499641,0.1499613833167617,-1.4956003825632525
P0717,-4.8548775667121635,3.56972353784546,-3.1640171966373956,0.08279002899313384,0.5291414576038931
P0718,-1.3969681108142342,0.24498439780745562,0.7636104142893403,0.1767747892547818,-0.28789200444507373
P0719,-0.02252824907277451,-0.5517716512969476,-0.5263996109974193,0.06778728995638447,-1.4956003761495658
P0720,1.682968320556673,-1.0125822700395317,-0.07917233405181251,0.03997273412132788,1.340351378557683
P0721,-3.946401040065018,2.2083701476432283,-1.0491093797315942,0.10217461250676745,-0.2878919782928953
P0722,5.2102981306713545,-2.7583150264902625,1.22049571426572,0.03556912551624718,0.13668089156286672
P0723,-5.11001966823242,2.157921839064543,-1.7605334208357444,0.21087917813861096,0.13668093976753076
P0724,-1.1648497238217983,1.5947117933898916,-3.1640171966373956,0.06223018255689221,0.5291414576038931
P0725,3.6776733286722263,-2.1120170584360873,2.4769881826911737,0.05531644449982154,1.340351378916762
P0726,5.2102981306713545,-2.7583150264902625,0.3405200827911762,0.04447065394859316,2.510594466211603
P0727,-1.4036148862218767,1.0718335828637362,0.7636104393044166,0.10245754617332123,1.3403513796540774
P0728,2.8035550195381327,0.13113632793047436,1.2204957101161176,0.08958043699042463,0.13668086746059044
P0729,-0.20347952684735326,0.07185687380053005,0.34052011415129924,0.09140862375892603,-2.931345441592355
P0730,0.939758285450885,-1.7375195103514838,0.3405201233080576,0.06897706229779015,0.5291414567935995
P0731,-1.2119204568628166,-0.14859023018713288,0.3405201219587273,0.0722199173990604,-0.2878919914855274
P0732,2.0734698806289833,-1.0015841919944009,-0.5263996094868991,0.06959371259668941,0.5291414576038931
P0733,4.610713174348355,-2.057500261119636,2.4769881826911737,0.07655823361955177,0.13668091184023023
P0734,-5.230440115035146,3.522063854384101,-3.1640171966373956,0.08624327066696975,-0.7930750588900877
P0735,3.2359964283667915,-1.6378291076423397,-0.07917232420289427,0.06350701141108364,0.529141498507109
P0736,4.610713712481813,-2.0575002276648173,1.2204956501196234,0.041612298445460064,0.5291414576038931
P0737,3.1220650005291346,-0.265468442459173,1.7567993731878497,0.03417622131167471,-0.7930750693539191
P0738,2.3940133811217907,-0.7312400926911649,-1.760533393244453,0.0384492451475767,0.13668090801529095
P0739,-0.13917993481848123,0.8774084091259451,0.3405200827911762,0.10761564455587867,0.9202968579501416
P0740,2.503117561214864,-2.1841074868547206,1.2204957417657185,0.10404632753166168,1.3403513838373773
P0741,3.1220650005291346,-0.265468442459173,0.3405201219587273,0.06960822201548704,0.529141453079024
P0742,-6.336036219182294,1.7440064616975826,-3.1640171966373956,0.09047276624647889,-0.7930750766266914
P0743,-6.085632329137605,2.609554079694333,-1.0491093832650993,0.0909153035198066,-2.931345441592355
P0744,-1.211920467441255,-0.14859022381625372,-3.1640171966373956,0.09553655340685174,-0.7930750260897238
P0745,-2.035566643345291,1.2978407932206948,-1.7605334198364742,0.09288132976688546,-0.287892010556708
P0746,2.496862240617517,0.5190115317571472,-0.0791723766242072,0.09146666143411654,0.9202968461173076
P0747,1.075563106821567,-2.277610984140149,-0.5263996022176832,0.09330210291201674,0.9202968055691421
P0748,-0.4208984544955384,0.06756021892682379,0.3405201206093992,0.10971951028153504,0.9202968166452344
P0749,0.878433439181634,-1.035449943181428,1.2204956868315915,0.07232148333064382,1.3403514117661277
P0750,-1.2077997426102143,0.051995163024250474,-0.07917236082086174,0.13675781221091843,0.13668090922191167
P0751,2.3409716868625123,0.7187306831792867,-0.5263996166064685,0.08166554903631752,-1.4956002832686137
P0752,-2.0355668060153063,1.2978408164402075,-1.7605334204713166,0.14501367150676986,-0.28789200216243616
P0753,3.9280764409740017,-1.2464694755091579,2.4769881826911737,0.054547445303547146,0.5291414576038931
P0754,3.6776731690024778,-2.1120170915883296,0.7636104539109408,0.041547006060870736,1.835132022992475
P0755,-0.16060032995902818,1.3459467213445504,1.7567994154206539,0.19225633911185297,0.9202968416008478
P0756,1.82550957594156,-2.2276295008958065,-0.07917237662420579,0.07299617130473363,-0.28789200216243555
P0757,2.959856534580274,-0.0642253330608967,2.476988208257067,0.06575597132471628,-0.28789200216243555
P0758,-1.9870607437888244,0.4299768715970413,-1.04910945504611,0.13093953527306884,0.5291414612258245
P0759,-1.6742488454171798,-0.3670730786312607,0.7636104142893403,0.09984585078974782,0.1366808395334198
P0760,1.9709811776347173,-1.3110418940569197,1.2204957396522502,0.06431228415435211,-0.28789200216243555
P0761,-4.854876901416732,3.5697228408314063,-1.760533401645384,0.04590708640955851,-0.28789200842045903
P0762,1.9709812110336,-1.3110418292666426,1.22049571841547,0.0721618797238699,0.9202968105604749
P0763,-0.160599938841836,1.34594660148064,0.34052008279117707,0.0597127983955034,-0.7930750433414527
P0764,-3.0975333227140034,0.8141861274584427,-0.07917231824847284,0.15428519011845537,-0.7930750729508944
P0765,0.18651552745597577,-0.32732085119575116,-0.07917238257863898,0.05074597757856809,-0.7930750661629642
P0766,-4.017348628317995,1.0122803898575383,-0.07917240186125066,0.11450036377535408,-1.4956003771534394
P0767,-1.010990897926219,0.25255260609549984,1.7567993558845796,0.06136687213843322,0.5291414677520364
P0768,-1.1035354294747601,2.3399814292609817,-0.5263995970209215,0.1057439295309844,-1.4956002832686137
P0769,3.928077738666707,-1.246469481917956,0.7636104453912218,0.04453594633318247,1.8351320715156978
P0770,-5.204113870376796,2.6632793172187847,-3.1640171966373956,0.08708481695723229,-2.931345441592355
P0771,1.682968340716875,-1.0125821954398773,-1.0491094191555501,0.045312200238855696,-0.7930750629720092
P0772,-1.997524374168969,1.058185052925156,-1.049109359389154,0.01757744620718603,0.13668088511958687
P0773,1.4062362268923518,-0.30149858566322685,3.820647269815712,0.05934280821616385,0.9202968166452358
P0774,-0.13426005259766338,4.404608436840754,1.22049571426572,0.08677286445308326,0.5291414612258245
P0775,-0.07182991660270832,0.4679015324548871,-0.0791723454327497,0.09722690069677561,-0.2878919782928953
P0776,0.8974934647519062,-0.530835755760556,1.220495683882797,0.06429777473555447,1.340351378557683
P0777,0.26872223061856704,-1.0529722087069202,-0.0791723766242072,0.07771173241396336,0.13668090801529095
P0778,2.181537615449059,-0.501875350485508,-1.0491094023336607,0.03219568564579823,0.5291414860348399
P0779,-1.5860713978424423,0.43790575077022015,-1.0491094137482682,0.08190495444647841,-0.7930750826023917
P0780,2.3563273787607395,-1.2981197091577426,1.7567993731878497,0.05736952725968615,-0.2878920309667042
P0781,-1.404597190120942,0.04809887404176605,-0.07917234348550142,0.1359815583052452,0.13668091304686047
P0782,-4.731788341292154,2.1741234552019084,-0.5263996251229649,0.10519982632607328,-1.4956002832686137
P0783,-0.9911498748119144,0.650303791929359,-1.7605333944735952,0.12615868177924974,-0.28789200216243616
P0784,-4.039810733422682,2.7378843856215256,-1.0491094137482682,0.072981661885936,-0.2878920897987349
P0785,-0.3420018975977137,0.46254600788650496,1.7567993731878497,0.16099579631235922,2.510594466211603
P0786,-3.0725401962937813,1.5391124418443847,0.7636104313405759,0.1379620939711217,0.920296857334964
P0787,-1.8049945440119657,1.062602098237259,-3.1640171966373956,0.05871164849846696,0.5291414612258245
P0788,2.008270417440322,1.151676429474679,-1.0491093797315942,0.14743674444597402,-2.931345441592355
P0789,-0.006610631053839189,-1.3790744675477904,2.4769881826911737,0.1650656882850944,1.3403514110287984
P0790,1.0276015431003191,0.09615589255773721,1.7567993731878497,0.12018080123462618,2.51059448749924
P0791,-0.23366248469886186,-0.3362583023710425,-0.5263996022176832,0.1171773515435168,-0.793075010056111
P0792,1.6179047582608481,0.10779291339449112,1.756799372571208,0.07048604185274365,1.3403513796540774
P0793,-3.5387470865296837,2.2264859299251047,-0.07917229896587,0.144730737840216,0.5291414766023523
P0794,0.8441425340724615,0.2889330222745993,-1.7605333927796207,0.027806586459515156,0.13668090922191167
P0795,1.9848301210244719,-0.28931101657775626,0.7636104393044166,0.10889972811946892,2.51059448749924
P0796,3.677672947711946,-2.112017173482443,0.7636104173327029,0.034401117303037965,-0.2878919733631406
P0797,-3.305452574844058,1.0283728113801252,-3.1640171966373956,0.07539748011574138,0.5291414633204703
P0798,3.032131839461782,-2.9987016192136124,0.7636104423478589,0.08086027629304904,-0.7930750256050236
P0799,2.496862276441539,0.5190114971049603,0.34052009840603176,0.06574146190591865,1.3403513796540774
P0800,-1.8049945180065445,1.062602096955373,0.763610406325414,0.1297207440940679,-0.28789200335518217
P0801,-2.4856130991529413,1.556035856888994,-0.5263995584807694,0.04386851306849151,-0.7930750693539191
P0802,-5.701763617389036,0.9745647835301543,-0.0791723766242072,0.16561704619940432,-0.28789200216243616
P0803,-0.41788514480280636,1.616970433702768,-1.049109389272351,0.051057930082717154,-0.7930750794114371
P0804,-0.34994030376460183,1.0962227276455363,-0.07917231824847284,0.10083249126798667,-0.2878919698986242
P0805,-1.9749194235294096,0.630279186787728,0.34052011415129924,0.07820505265308278,0.9202968562397704
P0806,-1.6084291111437072,1.067118101250304,-0.07917236082086174,0.19372179041041354,-0.7930750392597239
P0807,0.18651537030564147,-0.32732082674559615,1.22049571426572,0.09358503657857052,0.9202968010526813
P0808,-0.7213689649670225,1.9368551684857422,-1.0491094137482682,0.05046304391201433,-0.7930750661629642
P0809,3.885463478842031,-2.8988486651198113,3.820647269815712,0.05897281803682428,0.1366808915628717
P0810,-0.8392228147106003,1.604380109151777,-1.760533393244453,0.07747232700380245,-1.495600373803495
P0811,-1.164849696561913,1.5947118079510425,-0.5263995584807694,0.10450337422378704,-0.28789200444507373
P0812,-3.6193352835588257,1.021267232448767,-1.760533393244453,0.048185065160786404,-2.931345441592355
P0813,-0.6740895086056685,1.0886953877602803,1.22049571426572,0.13910108334673565,-1.4956002832686137
P0814,3.2938050083341515,-0.4770278166503622,-0.0791723321045654,0.09609516603056048,0.5291414567935989
P0815,-4.911076888023563,2.681644826740644,-1.760533393244453,0.16156166364546679,0.9202968166452344
P0816,3.2359961360709897,-1.637829130986062,1.756799325136578,0.05194300462937256,0.13668091304686047
P0817,0.05893382730414154,0.6717641851391436,-0.07917240186124924,0.05415569099601114,0.1366809168718034
P0818,-0.1391796763906603,0.8774082738023793,-0.5263995995283091,0.09449187525342238,0.9202968356583565
P0819,3.0321317994623995,-2.998701541793733,1.7567993731878497,0.11598757920211117,0.9202968562397704
P0820,-3.6217177943888545,0.5969250818740839,0.3405200721546768,0.18060527581735614,0.9202968356583565
P0821,-5.038251345217088,1.4835518290074223,-1.7605333944735952,0.12766766133420326,0.5291414567935995
P0822,3.6776730996795357,-2.112017036126466,0.7636104453912227,0.037905141942665636,0.13668086363565277
P0823,0.6213863566924029,0.08814321685756468,0.7636104093686962,0.06153373045460597,-0.7930750256050236
P0824,-0.6096319863214796,0.2604225410867634,-1.0491093832650993,0.07687018612370079,0.9202968868066728
P0825,0.1806664923856438,-0.5471338326325101,2.4769881826911737,0.09941782293521774,1.3403514385792925
P0826,-4.481428640140068,1.4991211219104514,0.3405201233080576,0.1883678148740881,0.13668084335834968
P0827,-2.2473589734034305,-0.8484096150930966,-0.5263995584807694,0.1962899575375941,1.3403514110287984
P0828,0.5686841825092561,-1.3589756990734772,-0.07917234543275112,0.08105615344681706,0.9202968139810429
P0829,-0.5340196036044034,0.6596343458170221,-1.760533393244453,0.0989535215336936,-0.7930749995925576
P0830,-1.9782254804207384,0.8379733333499263,-1.0491094191555501,0.09801040931184765,-0.7930750826023917
P0831,2.9032330720958774,-1.2799592752943458,-0.5263995584807694,0.053089248714385355,-1.4956002832686137
P0832,0.16814701497594053,-1.772693179107734,1.2204956868315915,0.10363280909592926,0.9202967921614814
P0833,-2.614576420101753,1.2832036110964997,-3.1640171966373956,0.08567014862446339,-2.931345441592355
P0834,-3.0960851818412802,2.8017658496772957,-0.07917232420289427,0.14748752741176574,0.5291414576038931
P0835,4.221592501256753,-1.5971119315948747,1.2204957081327912,0.050245402630049875,1.8351320353524685
P0836,-0.22893528597827284,-0.12859888228556052,-1.0491094226890565,0.053140031680177016,0.5291414641301054
P0837,-0.2632296906404188,0.6651695674045599,0.3405200827911762,0.1262457382920355,0.13668086363565277
P0838,0.11569578420640436,0.2746458897404432,-1.0491094286964184,0.06452267072691774,0.13668088773792625
P0839,-1.8942152468771187,1.5732491064237113,0.7636104393044166,0.17818945758755067,1.3403513838373773
P0840,1.211376480313088,-0.5237302678349491,-3.1640171966373956,0.0628613422745891,-0.28789205282087205
P0841,0.6318900177055276,-0.5368628334248637,-1.0491094191555501,0.07100838092945834,-0.2878920490990326
P0842,-0.9458708113637639,1.0824006605273253,1.220495686766303,0.10855150206832577,-0.2878920260530873
P0843,0.660060108211056,0.48243398651009806,-1.0491093778577165,0.0658647919656985,-0.2878920609792403
P0844,1.5384421051584933,-1.7108331654310194,-0.5263996286595785,0.05612171724309,-2.931345441592355
P0845,3.163058280749365,-2.1431042315531426,1.2204957417004259,0.04113348762513827,0.13668088511958687
P0846,-2.4856130324225365,1.5560357882045288,-0.07917231824847284,0.12290857196858061,-0.2878920259073415
P0847,3.687625877091493,-0.9568011698474386,2.4769881826911737,0.07755938351658824,1.8351321075663714
P0848,2.0734696464097913,-1.0015841655740125,3.820647269815712,0.06098237254029602,1.3403514110287984
P0849,-4.731788324335529,2.1741234663063205,-1.760533393244453,0.0863013083421603,-1.4956003771534394
P0850,-1.9808185261685272,1.891470781396507,-0.5263996286595785,0.05358982366290356,0.1366809168718034
P0851,1.405192835723963,-1.330206596494195,0.763610406325414,0.046668830896434116,0.5291414422280447
P0852,-0.9911497871890748,0.6503037235980232,-1.0491093807914664,0.07907561778094056,2.5105944828333735
P0853,-0.0066105375861036375,-1.3790745446764154,-0.07917237066978233,0.11051752831540465,0.5291414502673865
P0854,2.446918637888222,-3.072186644655533,-0.07917234153825331,0.04775703730625635,-1.4956003761495658
P0855,-0.6294069597058604,-0.13673429090050662,0.3405201219587273,0.006071477100665537,0.13668088773792625
P0856,-2.396017786767552,0.6217324670991312,-1.0491093533818994,0.168141685070192,0.9202968562397704
P0857,-0.22893518131508894,-0.12859891441896795,1.75679940627229,0.05966201542971171,0.5291414868438072
P0858,-1.7983270235344535,0.23711450050027272,0.7636103972381056,0.15721609271557657,0.9202968579501416
P0859,2.3563271733876183,-1.298119679212557,-1.7605333945737238,0.07248108693741775,-0.7930750360687683
P0860,-3.413182099882725,0.8075057562711765,-1.7605333945737238,0.09137235021193195,0.1366808674605954
P0861,-1.4350748238938462,-0.36193792386254475,-0.0791723766242072,0.08118673821599573,-0.28789200216243616
P0862,-0.39186788997601163,0.2646926009035651,0.7636103782668852,0.10455415718957875,-1.4956002832686137
P0863,-2.1980309474399746,1.8837789724296206,-1.049109368316975,0.06199077714673132,-0.2878919698986242
P0864,3.687626029329032,-0.9568011654370856,0.3405200814418433,0.04989717657890677,1.8351320715156978
P0865,-0.42973353273592807,-0.34043635958202945,-1.7605333944735952,0.06053258055756951,0.13668081543121238
P0866,2.9598574745164288,-0.06422536876165844,1.2204957417004259,0.0708052490662915,0.5291414852265309
P0867,-2.254186630608266,0.22817583758519208,2.47698816453185,0.24639098064581033,-1.4956002832686137
P0868,-4.392789228124894,0.786847975422386,-3.1640171966373956,0.07617373402141459,-0.28789200216243616
P0869,-1.2039795215072142,0.24876851562079885,-0.5263995995283091,0.05934280821616386,0.5291414567935995
P0870,-1.196038427680269,0.6461271956002937,-3.1640171966373956,0.07213286088627464,-0.7930750588900877
P0871,4.610713768920235,-2.0575002260145316,1.2204957376158219,0.05269749440684932,2.51059448749924
P0872,-1.2001593399978794,0.44554189310733466,-3.1640171966373956,0.07900307068695242,0.9202968033798148
P0873,2.008269167465313,1.1516763187733077,-1.7605334198364742,0.07290186008254902,-1.4956003761495658
P0874,-4.43847036920444,2.7118412456012817,-0.0791723766242072,0.11426095836519318,-0.7930750826023917
P0875,-1.4370406245843927,1.5866690378204096,1.756799372559087,0.07108092802344647,0.529141464130106
P0876,-1.4168090561664604,-0.15276678550625813,-0.079172357341597,0.12607887997586276,0.5291414839388591
P0877,-1.8942152217370856,1.5732490338049325,-0.07917240186124924,0.1919951695734956,1.8351321293094516
P0878,-3.0725403188635196,1.5391124925843573,-0.5263995584807694,0.0725971622877988,-0.28789194950384067
P0879,-7.0186720884527425,2.555036997544374,-0.07917236082086174,0.2561775836248116,-1.4956003761495658
P0880,-0.13917981621730968,0.8774083854199106,-1.7605333945737238,0.11996315995266171,2.51059446735096
P0881,0.6645813637184226,-1.041575578201031,1.2204957122172544,0.08250709532658003,-0.7930750328778124
P0882,-1.1852290427445151,1.0768695818073204,0.34052011415129924,0.07964148511404814,0.5291414443213562
P0883,1.027601430880797,0.09615588856535207,0.3405201155006288,0.04166308141125178,-1.495600345942798
P0884,-3.3054526060025724,1.0283728251455366,-0.5263996022176832,0.08339216987323547,-0.7930750757357007
P0885,-4.85487714080775,3.569723099018181,0.3405200578891568,0.14568835948085965,-0.2878919698986242
P0886,0.8885106430943068,0.8996458692815459,-1.760533393244453,0.06072120300193869,-0.2878919970974967
P0887,-0.022528205693995718,-0.5517716503512096,1.7567994076329354,0.07359105747543644,0.13668084335834968
P0888,0.8861352746241904,-2.2905528794853476,-0.07917236082086035,0.07868386347340456,-2.931345441592355
P0889,-2.065957344147863,0.034991081019475595,1.7567993085607603,0.06608968795706177,0.5291414795073004
P0890,3.0321315844340675,-2.998701321653108,1.7567994076329354,0.12359776936146807,2.5105944828333735
P0891,4.610712987763474,-2.057500224802094,3.820647269815712,0.06133785330083796,1.3403514110287984
P0892,-1.0148088621218545,0.05581446278931304,-0.5263996486109018,0.07303244485172768,-0.7930750433414527
P0893,0.5686843045827332,-1.358975796265264,3.820647269815712,0.10702801309457464,1.835132022992475
P0894,-3.519335919859491,1.5263356669969075,-1.0491094137482682,0.1255710503179457,0.5291414844188815
P0895,-0.34572117043566375,-2.3781522434909483,1.2204957122172537,0.11558857018517632,0.9202968105604749
P0896,-1.230911621233745,-0.8221936498960032,0.7636104728821269,0.1098573497601125,0.13668093976753076
P0897,-2.8799184616929425,-0.1826921150081948,0.3405201141512983,0.1304534697433482,0.13668089276947296
P0898,-2.204479459753507,0.4256801191092979,-3.1640171966373956,0.0556283970039706,-0.2878919914855281
P0899,2.008268939463934,1.1516762971055248,0.7636104332604584,0.0646967837524893,-0.2878920490990326
P0900,-1.798327195473783,0.2371146308513242,0.7636104393044166,0.12099332868729346,-0.2878919782928953
P0901,2.073469830244262,-1.0015842556277557,0.7636104393044166,0.06839668554588493,0.9202968495382242
P0902,-1.2167147223766177,-0.3572559948473498,0.3405201219587273,0.09111118067357463,0.5291414860348399
P0903,0.4355685901640629,0.2809193807216241,0.7636104173327029,0.08973278588779976,0.1366809168718034
P0904,1.1741823034671999,-1.338098516723833,0.7636104228090569,0.12361953348966448,0.5291414604155309
P0905,1.078829504032981,0.6926956691007745,-0.5263996319792427,0.053263361739956896,0.13668086363565776
P0906,-1.6093945730932098,0.044042760564382555,-1.7605334204713166,0.11537818361261068,-1.4956003771534394
P0907,2.2532103887116763,-2.1999852889962934,1.22049571841547,0.1058890237189607,0.13668090801529095
P0908,0.49284291309398665,-0.11396653832400841,0.7636104423478589,0.13548098335672698,1.3403513838373773
P0909,-0.5340197540245777,0.6596343277549791,-1.0491094137482682,0.07628980937179564,-1.4956003771534394
P0910,0.6895744119128684,-0.31664915409581507,2.4769881826911737,0.0856919127526598,0.13668089156286672
P0911,-1.3931500991291101,0.44172251393051515,1.2204956796024988,0.07960521156705407,-0.2878920490990326
P0912,-0.16060015288075635,1.3459466247445244,1.7567994172244616,0.05484488838889856,1.3403513838373773
P0913,-1.5936907269255198,0.24112709911259222,0.7636104508793772,0.065531075333353,0.13668085839896138
P0914,-3.2863924412512016,1.5329870336808928,-1.0491093629096133,0.08280453841193146,-2.931345441592355
P0915,0.22503973308762637,-0.11939062343099585,-0.07917236082086174,0.08870261715316803,2.510594465393424
P0916,0.24922909778549251,0.4742728055215116,0.763610430772898,0.16170675783344307,-0.7930750420444262
P0917,1.9709811741214498,-1.3110418083225779,0.3405201339445619,0.059270261122175705,-0.2878919698986242
P0918,1.1307878502355604,-1.7289487429291612,-0.07917237066978372,0.06510304747882292,0.920296834562463
P0919,2.9032330662189296,-1.2799592232477508,0.34052009705670006,0.053372182380939125,0.13668088511958687
P0920,2.1793801426721373,0.9277960923893577,-0.5263996407589908,0.08249984061718123,-1.4956003771534394
P0921,-1.1960386534280116,0.6461272890644958,1.22049574579723,0.10504022271929934,-0.2878919698986242
P0922,1.369518846134142,2.0153680864360535,0.3405201390533307,0.11185964955418544,-0.28789194950384067
P0923,-3.305452750917372,1.0283728994143617,-1.04910945504611,0.0998748696273431,-0.7930750729508944
P0924,-1.6347238151227295,1.3080329316408463,-3.1640171966373956,0.08610543118839228,-0.2878919698986242
P0925,-3.486788398616236,-0.19515869463796573,-0.07917235138717132,0.05475783187611279,0.1366808674605954
P0926,-2.6145764274686054,1.2832036199945955,-3.1640171966373956,0.11806968079957103,-0.7930750757357007
P0927,-4.236955573180007,1.2427082367106561,0.34052014040265877,0.11517505174944385,-2.931345441592355
P0928,0.18651542932780552,-0.32732084197808764,-0.07917236082086174,0.03795592490845729,0.1366808369150438
P0929,3.1220645401479428,-0.2654684450305873,-0.5263996136525793,0.06752612041802714,0.5291414430396643
P0930,0.888510738119054,0.8996458559383703,-0.07917240186124924,0.08659149671811286,-0.7930750256050236
P0931,3.2938033882641222,-0.47702782848537084,0.3405201219587273,0.0533141447057486,-1.495600345942798
P0932,1.0755633714590815,-2.2776112050536272,0.7636104393044166,0.07240853984342961,-0.7930750826023917
P0933,3.03213178614704,-2.998701483164903,-0.07917229301145182,0.09134333137433669,0.1366808915628717
P0934,0.8441423638276335,0.2889330580068594,1.220495704989068,0.12280700603699723,1.8351320946571328
P0935,-0.6096319631068078,0.2604225064327762,3.820647269815712,0.09013179490473458,0.5291414567935995
P0936,0.03410313113350405,0.07655000739260603,-1.0491094322168717,0.04888877197247147,-0.7930750433414527
P0937,-1.4702799337412138,1.9097060580342247,0.763610447835935,0.0957106664324233,0.5291414795073004
P0938,-0.6294068945659124,-0.13673430314681015,-1.760533401645384,0.08163653019872226,-0.7930749995925576
P0939,-4.505007484836482,3.6158410272458235,-3.1640171966373956,0.051790655731997454,-1.4956003761495658
P0940,0.49284297635955077,-0.11396660007982021,-1.7605334204713166,0.03805749084004072,-2.931345441592355
P0941,-2.657188130301416,0.023264270178122687,-1.049109385139096,0.09258388668153406,0.5291414876534336
P0942,1.7441427663481073,-3.166637568806294,0.3405200957073695,0.07147268233098249,0.5291414612258245
P0943,-2.1447292020156103,-0.1676325983138873,-1.0491093797315942,0.044390852145206196,-1.4956003355790157
P0944,3.677673283205254,-2.112017142528269,0.7636104332604584,0.054619992397535296,1.8351320724456917
P0945,2.3238291790550485,-1.6765862837257564,0.7636104393044166,0.1002230956784862,0.529141518408526
P0946,0.4091297714846589,-0.7805706421077818,-0.5263995714281596,0.04077075215519751,-2.931345441592355
P0947,-0.9458709260880647,1.0824006808469553,-3.1640171966373956,0.14315646590067324,0.9202968461173076
P0948,-1.8942154788978056,1.5732492492559587,-1.0491094226890565,0.0756441402353011,-1.4956003355790157
P0949,-0.8392225792076438,1.6043800286217549,1.22049571426572,0.08255787829237175,-1.4956003771534394
P0950,1.2137588355079,-0.09938802755669743,-1.0491093832650993,0.04647295374266608,0.1366809168718034
P0951,0.939758209813788,-1.7375195102481735,1.7567994306003696,0.08014206006256637,0.13668088511958687
P0952,-0.6740895111730482,1.0886953165280582,-1.0491094382243118,0.07190796489491137,1.3403513838373773
P0953,2.503117568155284,-2.184107503485213,0.3405201219587273,0.07043525888695193,-1.4956003355790157
P0954,-0.4208982396580323,0.06756014223522663,1.2204957386339612,0.07232873804004264,0.5291414641301054
P0955,-0.28472415724497835,-1.7937652520815879,-1.7605333945737238,0.08191946386527604,0.13668090922191167
P0956,0.6213862308753175,0.08814330198170622,-0.5263996359288031,0.11502270285206875,-1.4956003771534394
P0957,2.9032330366803287,-1.2799591993917347,3.820647269815712,0.05880595972065154,1.3403513657501174
P0958,3.677672947711946,-2.112017173482443,0.7636104393044166,0.030592394868660097,0.5291414348915392
P0959,3.1630584219140148,-2.14310423651884,-1.04910945504611,0.05702855591794187,1.3403513517447525
P0960,2.5031175455296797,-2.1841074963432163,0.340520079962103,0.018049002318109006,0.9202968562397704
P0961,-1.4045972731991472,0.04809889394636768,0.3405200721546768,0.056629546901007036,-2.931345441592355
P0962,0.7617524383393,-1.3522895254325409,-0.07917231824847284,0.07373615166341276,0.5291414860348399
P0963,-0.39186794512370016,0.26469264342399307,2.476988209702138,0.18511770506341907,1.3403514117661277
P0964,1.6650922496100313,-1.3213738683174354,1.22049571426572,0.10226892372895202,-0.2878919806622578
P0965,-2.5944745238098226,0.8248579237372866,-0.07917232615014436,0.061657060514385825,-0.7930750588900877
P0966,4.610713712481813,-2.0575002276648173,0.7636104173327029,0.057623442088644714,1.3403514110287984
P0967,-2.0659570938153866,0.03499098811430926,-0.07917231824847146,0.08259415183936582,0.13668086363565277
P0968,0.3964818262149832,-0.5422172318546092,-1.04910945504611,0.08931201274266855,0.9202968416008478
P0969,1.1741823776501996,-1.338098612382199,2.476988208257067,0.0553527180468156,0.13668088773792625
P0970,0.26872207158106987,-1.0529720736962156,-0.07917234348550004,0.09037120031489547,-0.2878920309667042
P0971,0.46301251608886473,-1.047370145370101,2.476988208257067,0.07095759796366663,-0.2878919806622578
P0972,1.6139164394475376,1.6790073704272845,-0.5263995970209215,0.11733695515029074,0.9202968166452344
P0973,1.7664898610905468,-1.70080202497059,-0.07917234943992471,0.07306871839872177,0.9202968868066728
P0974,3.1220648887202667,-0.2654684418612523,3.820647269815712,0.09634908085951902,-0.2878920309667042
P0975,0.24922879464099257,0.4742728538591509,0.3405200814418433,0.08746206184597066,0.5291414860348399
P0976,1.1741821736462916,-1.338098493152233,0.340520079962103,0.0782630903282733,0.5291414860348399
P0977,2.2532102701295513,-2.1999852503366544,3.820647269815712,0.07992441878060193,-0.2878920313206451
P0978,-1.6762789810063048,1.579636488007251,0.7636104393044166,0.12038393309779301,0.5291414340805785
P0979,-1.1770474476086445,1.319730697442169,-1.7605333945737238,0.11685814432996894,0.9202968416008478
P0980,3.1220638540193772,-0.265468465410994,2.476988208257067,0.08268846306155041,0.1366808889445279
P0981,2.179381678436486,0.9277960684184768,1.2204957396522502,0.045341219076450945,-0.793075010056111
P0982,-3.3477170770596363,2.235056345486543,2.4769881691002364,0.06689496070033024,-0.28789202377044965
P0983,-2.254186635561024,0.2281758218240852,-1.7605334204713166,0.019993264436991454,0.13668088773792625
P0984,-3.9464011990578056,2.2083702461977426,-0.5263996600819202,0.07404084945816299,-1.4956003771534394
P0985,1.682968359911389,-1.0125822700497928,0.7636104313405759,0.041307600650709826,0.13668091304686047
P0986,-1.3928425524992303,0.6421185235162906,-0.07917231824847284,0.1298295647350501,-0.2878919782928953
P0987,1.0788296481216375,0.6926956470389941,1.7567993299527964,0.04230149583834747,1.3403514385792925
P0988,-3.621717804469357,0.5969251317231746,-0.5263996022176832,0.1305042527091399,-1.495600373803495
P0989,-2.098362289068999,1.5672860759980385,0.3405201219587273,0.06614772563225228,-1.4956003761495658
P0990,-0.22893515809577492,-0.12859891178150604,0.3405201219587273,0.1049168926595195,0.9202968562397704
P0991,1.7983502211631195,-0.08759331222617614,2.476988208257067,0.05406863448322537,0.5291414604155303
P0992,3.687625240163864,-0.9568011019637317,-0.07917229896587,0.08376216005257504,-0.2878920309667042
P0993,0.6857215982729914,1.1204245273079863,-1.0491094137482682,0.04747410363970255,-1.4956003761495658
P0994,2.3563272554757364,-1.2981196531894734,-1.7605334204713166,0.05311101284258179,0.9202968228720657
P0995,3.9280777923536685,-1.2464694419187567,1.7567993731878497,0.08002598471218533,2.5105944094850616
P0996,0.034103121397865976,0.07655005861941086,-3.1640171966373956,0.0444416351109979,-0.28789200216243616
P0997,-2.204479344667432,0.42568008526475876,-3.1640171966373956,0.06104041021548656,-1.4956003761495658
P0998,4.363205462433335,-2.8462970616279217,-0.5263996055024289,0.049440129886781405,0.9202967871729584
P0999,2.630292050989545,-0.9860148113522751,1.7567993299527964,0.07369262340701985,0.1366808889445279
P1000,2.8035537231666665,0.13113634667898919,0.3405201233080576,0.1932429795900918,0.9202968166452358
