participant_id,accuracy_total,true_item_accuracy,false_item_accuracy,dprime,criterion,mean_confidence,confidence_accuracy_gap,brier_score,share_rate,sharing_restraint_score,updating_success_rate,mean_appropriate_movement,verification_accuracy,careless_trial_rate,share_rate_obs,mean_confidence_obs,mean_response_time
P0001,0.575,1.0,0.15,1.013330830545578,-1.47408698137449,90.85375,0.3335374999999999,0.32094073425,0.1,0.9,0.7,0.1984599999999999,0.5,0.075,0.1,90.85375,7.2575
P0002,0.525,0.8,0.25,0.1541544467809974,-0.7145613843528759,81.86099999999999,0.2936099999999999,0.3251283455,0.3,0.7,0.6,0.10823,0.8,0.075,0.3,81.861,9.945
P0003,0.9,0.85,0.95,2.432655358787224,0.2489061132919109,84.092,-0.05908,0.087015605,0.3,0.7,1.0,0.09128,0.4,0.025,0.3,84.092,10.346250000000001
P0004,0.525,0.75,0.3,0.1402835902808231,-0.5673423658219656,83.5155,0.3101549999999999,0.3244313165,0.275,0.725,0.7,0.12003,0.7,0.0,0.275,83.5155,11.2235
P0005,0.7,0.8,0.6,1.0326790016294014,-0.2752991069286739,80.46925000000002,0.1046925,0.2057034032499999,0.25,0.75,0.9,0.0831,0.4,0.175,0.25,80.46925,9.522499999999999
P0006,0.25,0.1,0.4,-1.420801511497888,0.4693603618629172,81.6385,0.566385,0.520760216,0.425,0.575,0.6,0.14592,0.1,0.025,0.425,81.6385,11.379999999999999
P0007,0.45,0.65,0.25,-0.2713778041618073,-0.5017952588814735,84.16325,0.3916325,0.49098072075,0.6,0.4,0.4,0.08374,0.6,0.0,0.6,84.16325,10.9225
P0008,0.675,0.7,0.65,0.8633069274821237,-0.0655471069404922,79.96925,0.1246924999999999,0.23350612875,0.675,0.3249999999999999,0.8,0.03896,0.1,0.025,0.675,79.96925,10.761
P0009,0.675,0.5,0.85,0.967421566101701,0.4837107830508505,81.07575,0.1357574999999999,0.21962551875,0.2,0.8,0.9,0.06884,0.3,0.05,0.2,81.07575,10.67025
P0010,0.925,1.0,0.85,2.94817396274898,-0.506665415272789,89.28200000000001,-0.0321799999999999,0.0648014085,0.35,0.65,1.0,0.05289,0.8,0.0,0.35,89.28200000000001,9.779250000000001
P0011,0.075,0.05,0.1,-2.644994910297384,0.1427363375368309,86.7325,0.792325,0.7480154370000001,0.55,0.4499999999999999,0.1,0.1046899999999999,0.0,0.05,0.55,86.7325,8.238249999999999
P0012,0.775,0.65,0.9,1.545867474412431,0.4068273804056457,83.04275,0.0554275,0.16070099325,0.725,0.275,1.0,0.09534,0.6,0.05,0.725,83.04275,10.669
P0013,0.225,0.25,0.2,-1.4291227687057515,-0.0770772233904988,84.76050000000001,0.6226050000000001,0.6594612979999999,0.575,0.425,0.2,0.05651,0.2,0.075,0.575,84.76050000000001,9.3255
P0014,0.775,0.7,0.85,1.464622136783255,0.2351104977100735,81.23474999999999,0.0373474999999998,0.16707577875,0.675,0.3249999999999999,0.8,0.03332,0.2,0.05,0.675,81.23474999999999,11.530750000000001
P0015,0.65,0.8,0.5,0.7916386077433746,-0.3958193038716873,82.29275,0.1729275000000001,0.24877048825,0.55,0.4499999999999999,0.9,0.04005,0.6,0.075,0.55,82.29275,10.31225
P0016,0.7,0.95,0.45,1.3455856796456809,-0.7924409528626826,85.73675,0.1573675000000002,0.18744309525,0.35,0.65,1.0,0.1519499999999999,0.3,0.0,0.35,85.73675,11.217749999999999
P0017,0.7,0.6,0.8,1.0326790016294014,0.2752991069286739,80.24475,0.1024475000000001,0.18942711475,0.225,0.775,0.9,0.0716499999999999,0.6,0.225,0.225,80.24475,9.45175
P0018,0.5,0.55,0.45,0.0,-0.1196481130398421,81.66999999999999,0.3166999999999997,0.322049991,0.075,0.925,1.0,0.1092099999999999,0.8,0.0,0.075,81.67,11.0375
P0019,0.75,0.9,0.6,1.420801511497888,-0.4693603618629172,82.97475,0.0797474999999998,0.20292303425,0.65,0.35,0.9,0.17253,0.5,0.0,0.65,82.97475,10.52275
P0020,0.7,0.9,0.5,1.1797611176118612,-0.5898805588059306,81.98349999999999,0.119835,0.2433204235,0.35,0.65,0.8,0.0535599999999999,0.0,0.05,0.35,81.9835,11.25625
P0021,0.3,0.45,0.15,-1.087069679141543,-0.4238867265309295,86.04974999999999,0.5604974999999999,0.54415598375,0.3,0.7,0.4,0.18602,0.6,0.0,0.3,86.04974999999999,9.79225
P0022,0.7,0.6,0.8,1.0326790016294014,0.2752991069286739,79.78,0.0978,0.18645568,0.375,0.625,0.8,0.0781699999999999,0.3,0.15,0.375,79.78,10.26275
P0023,0.85,1.0,0.7,2.4779529673288327,-0.7417759129828624,86.31275000000001,0.0131275,0.11215273175,0.2,0.8,1.0,0.0088699999999999,0.4,0.075,0.2,86.31275000000001,8.44375
P0024,0.35,0.25,0.45,-0.757132274002219,0.2589180239612674,82.54925,0.4754925,0.4819246202499999,0.625,0.375,0.9,0.26853,0.5,0.025,0.625,82.54925,11.16475
P0025,0.825,0.85,0.8,1.7590601738450755,-0.0878914791791632,81.47,-0.0102999999999999,0.1135152654999999,0.15,0.85,0.9,-0.00444,0.2,0.075,0.15,81.47,10.9595
P0026,0.875,0.9,0.85,2.147182683713562,-0.10616977575508,84.671,-0.0282899999999998,0.082719593,0.2,0.8,1.0,0.09355,0.7,0.025,0.2,84.671,11.12725
P0027,0.75,0.75,0.75,1.274968321924754,-1.1102230246251563e-16,77.6855,0.0268549999999999,0.1850270045,0.775,0.2249999999999999,0.8,0.1113099999999999,0.4,0.05,0.775,77.6855,10.715250000000001
P0028,0.7,0.95,0.45,1.3455856796456809,-0.7924409528626826,85.93525,0.1593525,0.18095055975,0.125,0.875,0.9,0.06002,0.7,0.0,0.125,85.93525,10.96075
P0029,0.525,0.95,0.1,0.2854726750736618,-1.322497455148692,91.469,0.3896899999999998,0.367412495,0.375,0.625,0.6,0.09227,0.7,0.025,0.375,91.46900000000001,7.26075
P0030,0.575,0.9,0.25,0.542276956649484,-0.9086226392871192,83.46475000000001,0.2596475,0.29646280625,0.575,0.425,0.8,0.0622899999999999,0.5,0.025,0.575,83.46475000000001,11.247
P0031,0.375,0.6,0.15,-0.7263811722156742,-0.604230979993864,81.97549999999998,0.444755,0.4248411174999999,0.575,0.425,0.6,0.0983,0.6,0.0,0.575,81.9755,10.577250000000001
P0032,0.475,0.15,0.8,-0.1757829583583264,0.8795300869225378,87.29849999999999,0.3979849999999999,0.4396725665,0.275,0.725,0.6,0.12192,0.7,0.025,0.275,87.2985,9.88025
P0033,0.975,0.95,1.0,3.445986189332802,0.2577593019808779,88.66324999999999,-0.0883675,0.0242103712499999,0.2,0.8,1.0,0.0373099999999999,0.9,0.025,0.2,88.66325,9.60825
P0034,0.675,0.95,0.4,1.2241933987994962,-0.8531370932857749,86.16799999999999,0.18668,0.2229304624999999,0.55,0.4499999999999999,0.8,0.0721199999999999,0.7,0.05,0.55,86.16799999999999,9.51575
P0035,0.575,0.85,0.3,0.470220995420147,-0.7323110683916275,83.91600000000001,0.26416,0.2790456135,0.525,0.475,0.8,0.07157,0.0,0.0,0.525,83.916,10.5275
P0036,0.95,1.0,0.9,3.16051351425914,-0.4004956395177088,90.03999999999999,-0.0495999999999998,0.0345769004999999,0.2,0.8,1.0,0.04839,0.9,0.125,0.2,90.03999999999999,7.35275
P0037,0.9,0.95,0.85,2.432655358787224,-0.2489061132919109,87.95450000000001,-0.0204550000000001,0.071372731,0.6,0.4,1.0,0.07458,0.8,0.05,0.6,87.9545,8.787
P0038,0.325,0.3,0.35,-0.8633069274821239,0.0655471069404921,84.596,0.5209599999999999,0.532761309,0.475,0.525,0.4,0.15895,0.4,0.025,0.475,84.596,9.39225
P0039,0.775,0.85,0.7,1.464622136783255,-0.2351104977100735,85.98150000000001,0.0848149999999999,0.1365664655,0.3,0.7,1.0,0.03409,0.5,0.025,0.3,85.98150000000001,11.68925
P0040,0.5,0.6,0.4,0.0,-0.2410403938860268,78.95875,0.2895874999999999,0.42621889225,0.7,0.3,0.5,0.01014,0.5,0.125,0.7,78.95875,10.5725
P0041,0.725,0.95,0.5,1.465233792685523,-0.7326168963427615,82.63875,0.1013874999999998,0.21389129925,0.6,0.4,1.0,0.06254,0.8,0.05,0.6,82.63875,10.49625
P0042,0.15,0.3,0.0,-2.4779529673288327,-0.7417759129828624,87.0595,0.720595,0.70277193,0.725,0.275,0.0,0.08944,0.3,0.0,0.725,87.0595,9.8675
P0043,0.575,0.7,0.45,0.3775524576417118,-0.3084243418606981,82.39500000000001,0.24895,0.314127105,0.2,0.8,0.7,0.0749999999999999,0.7,0.0,0.2,82.39500000000001,12.2055
P0044,0.675,0.8,0.55,0.9112867207832166,-0.3359952473517663,81.9025,0.144025,0.2190764184999999,0.2,0.8,0.9,0.07155,0.7,0.0,0.2,81.9025,12.473749999999999
P0045,0.525,0.25,0.8,0.1541544467809976,0.7145613843528758,76.40350000000001,0.239035,0.355696073,0.65,0.35,0.6,-0.02328,0.0,0.325,0.65,76.4035,8.16475
P0046,0.925,1.0,0.85,2.94817396274898,-0.506665415272789,89.88000000000001,-0.0262000000000001,0.0589840564999999,0.275,0.725,1.0,0.0607,0.7,0.0,0.275,89.88000000000001,9.715250000000001
P0047,0.9,0.95,0.85,2.432655358787224,-0.2489061132919109,85.07974999999999,-0.0492025,0.08521013275,0.025,0.975,0.8,0.08843,0.1,0.0,0.025,85.07975,11.8085
P0048,0.45,0.15,0.75,-0.3299374051393241,0.8024528635320389,82.1455,0.3714549999999999,0.4062811075,0.375,0.625,0.4,0.09725,0.4,0.025,0.375,82.1455,11.0205
P0049,0.45,0.8,0.1,-0.3881225098684866,-0.985699862677618,82.05550000000001,0.3705549999999999,0.4015141385,0.65,0.35,0.4,0.1422,0.4,0.025,0.65,82.0555,10.724250000000001
P0050,0.95,1.0,0.9,3.16051351425914,-0.4004956395177088,91.4285,-0.0357149999999998,0.0359323905,0.25,0.75,1.0,0.0397799999999999,1.0,0.0,0.25,91.4285,9.086
P0051,0.55,0.55,0.55,0.2392962260796842,-6.938893903907227e-17,80.8915,0.258915,0.292974143,0.5,0.5,1.0,0.14074,0.4,0.075,0.5,80.8915,11.382000000000001
P0052,0.625,0.75,0.5,0.6374841609623771,-0.3187420804811885,80.3455,0.1784550000000001,0.2827492625,0.45,0.55,0.8,0.17861,0.5,0.125,0.45,80.3455,10.64
P0053,0.775,0.95,0.6,1.7062741865715498,-0.6120966993997481,84.6715,0.0717149999999999,0.1313275555,0.3,0.7,1.0,0.06988,0.6,0.1,0.3,84.67150000000001,10.498999999999999
P0054,0.85,0.75,0.95,2.1027179536479004,0.4138748158615729,79.52475000000001,-0.0547524999999999,0.13407650075,0.575,0.425,1.0,0.06532,0.7,0.1,0.575,79.52475,10.54375
P0055,0.125,0.15,0.1,-2.147182683713562,-0.10616977575508,88.9595,0.7645950000000001,0.7274361879999999,0.125,0.875,0.3,0.24705,0.3,0.0,0.125,88.9595,9.19175
P0056,0.75,0.6,0.9,1.420801511497888,0.4693603618629172,85.83174999999999,0.1083175,0.17826406575,0.575,0.425,0.8,0.03309,0.1,0.0,0.575,85.83175,10.57175
P0057,0.375,0.2,0.55,-0.6719904947035326,0.4556433603916083,78.55575,0.4105575,0.39688157075,0.125,0.875,0.7,0.0688199999999999,0.1,0.1,0.125,78.55575,11.109
P0058,0.75,0.95,0.55,1.5848819057253651,-0.6727928398228404,85.018,0.1001799999999999,0.1710685434999999,0.35,0.65,1.0,0.04811,0.5,0.15,0.35,85.018,7.7485
P0059,0.25,0.15,0.35,-1.3335279229022707,0.3006576046505656,83.381,0.5838099999999999,0.597931859,0.275,0.725,0.4,0.0676399999999999,0.3,0.025,0.275,83.381,10.35275
P0060,0.475,0.35,0.6,-0.1250659629145427,0.3035733753432982,83.8335,0.3633350000000001,0.4061009269999999,0.15,0.85,0.6,0.06792,0.2,0.025,0.15,83.8335,10.013250000000001
P0061,0.85,1.0,0.7,2.4779529673288327,-0.7417759129828624,86.1125,0.0111250000000001,0.09020636,0.15,0.85,1.0,0.0298899999999999,0.5,0.025,0.15,86.1125,11.21275
P0062,0.925,0.95,0.9,2.644994910297384,-0.1427363375368309,87.10475000000001,-0.0539524999999999,0.06561837175,0.225,0.775,1.0,0.06008,0.7,0.05,0.225,87.10475,9.95175
P0063,0.55,0.75,0.35,0.2713778041618073,-0.5017952588814735,83.40650000000001,0.284065,0.3279618925,0.675,0.3249999999999999,0.9,0.07076,0.5,0.05,0.675,83.40650000000001,10.68575
P0064,0.425,0.4,0.45,-0.360688506925869,0.0606961404230923,79.44149999999999,0.3694149999999999,0.3763666954999999,0.25,0.75,1.0,0.12003,0.2,0.05,0.25,79.44149999999999,12.00475
P0065,0.275,0.1,0.45,-1.299409230651703,0.5300565022860095,85.4875,0.5798750000000001,0.5775177805,0.5,0.5,0.3,0.0562899999999999,0.3,0.0,0.5,85.4875,10.7265
P0066,0.7,0.95,0.45,1.3455856796456809,-0.7924409528626826,83.77925,0.1377924999999999,0.17935375725,0.125,0.875,0.8,0.0524099999999999,0.7,0.025,0.125,83.77925,10.841
P0067,1.0,1.0,1.0,3.9615047932945577,-0.0,95.92925,-0.0407074999999999,0.00461447025,0.475,0.525,1.0,0.03344,0.5,0.0,0.475,95.92925,5.47275
P0068,0.875,1.0,0.75,2.618236557609656,-0.671634117842451,88.97049999999999,0.0147049999999999,0.0752302239999999,0.65,0.35,1.0,0.05726,0.3,0.125,0.65,88.9705,7.214
P0069,0.775,0.6,0.95,1.7062741865715498,0.6120966993997481,84.60974999999999,0.0710975000000001,0.18225652825,0.2,0.8,1.0,0.07324,0.8,0.0,0.2,84.60974999999999,10.66925
P0070,0.875,0.8,0.95,2.2568724004288976,0.3367975924710742,81.296,-0.0620399999999999,0.0776607474999999,0.175,0.825,1.0,0.03974,0.7,0.125,0.175,81.296,9.87275
P0071,0.325,0.55,0.1,-1.060113004572019,-0.6497046153258517,82.99024999999999,0.5049025,0.4774970107499999,0.075,0.925,0.9,0.22425,0.5,0.05,0.075,82.99025,11.00375
P0072,0.325,0.25,0.4,-0.8785245548484037,0.198221883538175,81.71725,0.4921725,0.4969476472499999,0.5,0.5,1.0,0.12177,0.5,0.05,0.5,81.71725,10.93575
P0073,0.8,0.95,0.65,1.8313401494860928,-0.5495637179424767,85.6815,0.0568149999999998,0.1147915105,0.125,0.875,1.0,0.08756,0.8,0.05,0.125,85.6815,9.48625
P0074,0.425,0.7,0.15,-0.470220995420147,-0.7323110683916275,83.8775,0.413775,0.4772246505,0.625,0.375,0.5,0.17585,0.8,0.05,0.625,83.8775,9.85825
P0075,0.5,0.55,0.45,0.0,-0.1196481130398421,80.475,0.3047499999999999,0.3535090375,0.525,0.475,0.9,0.0399799999999999,0.6,0.025,0.525,80.475,11.53275
P0076,0.8,0.75,0.85,1.6049057270640783,0.1649687025696619,82.05699999999999,0.0205699999999999,0.146662365,0.125,0.875,1.0,0.04923,0.3,0.05,0.125,82.05699999999999,9.8515
P0077,0.9,0.9,0.9,2.3595222352237224,-0.0,85.9315,-0.040685,0.0590160069999999,0.325,0.675,1.0,0.0566,0.8,0.05,0.325,85.9315,9.274750000000001
P0078,0.95,1.0,0.9,3.16051351425914,-0.4004956395177088,91.50575,-0.0349424999999999,0.02656806525,0.325,0.675,1.0,0.03214,1.0,0.05,0.325,91.50575,8.54625
P0079,0.3,0.4,0.2,-1.0326790016294014,-0.2752991069286739,80.66,0.5066000000000002,0.4342312715,0.45,0.55,0.6,0.07802,0.4,0.025,0.45,80.66,11.23375
P0080,0.675,1.0,0.35,1.614646039846709,-1.1734293767239243,85.225,0.17725,0.2451937915,0.225,0.775,0.7,0.13325,0.3,0.075,0.225,85.225,9.471
P0081,0.225,0.45,0.0,-2.100400509687121,-0.9305521418037184,84.54875,0.6204875,0.62719285875,0.275,0.725,0.4,0.06251,0.4,0.025,0.275,84.54875,9.652
P0082,0.625,0.8,0.45,0.6719904947035324,-0.4556433603916083,78.41275,0.1591274999999999,0.27237215225,0.825,0.175,0.5,0.05688,0.2,0.3,0.825,78.41275,10.5365
P0083,0.975,0.95,1.0,3.445986189332802,0.2577593019808779,95.404,-0.0209599999999997,0.011987416,0.05,0.95,1.0,0.03871,0.8,0.05,0.05,95.404,5.934749999999999
P0084,0.875,0.9,0.85,2.147182683713562,-0.10616977575508,86.75125,-0.0074875,0.08032938175,0.175,0.825,1.0,0.03619,0.5,0.125,0.175,86.75125,9.13775
P0085,0.575,0.95,0.2,0.6735951849421484,-1.1284362002144488,85.53725,0.2803725,0.31563373375,0.325,0.675,0.7,0.0988899999999999,0.8,0.025,0.325,85.53725,9.0255
P0086,0.175,0.2,0.15,-1.7590601738450755,-0.0878914791791632,82.46000000000001,0.6496,0.6042177155,0.325,0.675,0.4,0.1579999999999999,0.0,0.025,0.325,82.46000000000001,10.44975
P0087,0.575,0.75,0.4,0.3964437670763503,-0.439262277424202,75.65025,0.1815025000000001,0.2744605062499999,0.1,0.9,1.0,0.0704399999999999,0.4,0.425,0.1,75.65025,8.57225
P0088,0.65,0.95,0.35,1.0991274358849532,-0.9156700747430464,84.803,0.1980299999999999,0.259134378,0.975,0.025,0.9,0.12092,0.7,0.075,0.975,84.803,9.529250000000001
P0089,0.45,0.8,0.1,-0.3881225098684866,-0.985699862677618,83.538,0.38538,0.411789449,0.3,0.7,0.4,0.09736,0.5,0.05,0.3,83.538,10.2065
P0090,0.65,0.6,0.7,0.7382409645675809,0.1280800883977635,79.95599999999999,0.1495599999999999,0.18705684,0.15,0.85,0.9,0.05678,0.1,0.0,0.15,79.956,12.79825
P0091,0.3,0.35,0.25,-1.0035905177629467,-0.1356889020809037,83.77325,0.5377325,0.61661594175,0.55,0.4499999999999999,0.7,0.20385,0.2,0.0,0.55,83.77324999999999,9.7855
P0092,0.5,0.7,0.3,0.0,-0.497200570681554,81.93924999999999,0.3193924999999999,0.37745803625,0.375,0.625,0.7,0.1156099999999999,0.8,0.025,0.375,81.93925,10.19025
P0093,0.7,1.0,0.4,1.739712002761252,-1.1108963952666528,87.14025000000001,0.1714025,0.24908880425,0.575,0.425,1.0,0.0972799999999999,0.9,0.0,0.575,87.14025000000001,11.04425
P0094,0.575,0.9,0.25,0.542276956649484,-0.9086226392871192,80.85525,0.2335524999999999,0.3619223082499999,0.225,0.775,0.6,0.1087699999999999,0.1,0.025,0.225,80.85525,11.09075
P0095,0.75,0.7,0.8,1.288839178424929,0.1472190185309102,80.98125,0.0598124999999999,0.17311332325,0.9,0.0999999999999999,0.9,0.18353,0.8,0.075,0.9,80.98125,11.565999999999999
P0096,0.625,0.8,0.45,0.6719904947035324,-0.4556433603916083,81.31325,0.1881325,0.30826861725,0.3,0.7,0.9,0.0835399999999999,0.2,0.05,0.3,81.31325000000001,10.1745
P0097,0.35,0.4,0.3,-0.7382409645675809,-0.1280800883977635,78.99375,0.4399375,0.4286638422499999,0.1,0.9,0.4,0.0670999999999999,0.2,0.05,0.1,78.99375,11.1805
P0098,0.65,0.8,0.5,0.7916386077433746,-0.3958193038716873,80.2275,0.152275,0.274678728,0.7,0.3,0.9,0.07115,0.1,0.05,0.7,80.22749999999999,10.82525
P0099,0.6,0.95,0.25,0.8277496317231459,-1.0513589768239502,85.436,0.25436,0.2999121935,0.85,0.15,0.6,0.0843899999999999,0.2,0.0,0.85,85.436,10.783249999999999
P0100,0.975,1.0,0.95,3.445986189332802,-0.2577593019808779,92.44125,-0.0505874999999998,0.0284837317499999,0.475,0.525,1.0,0.0578199999999999,0.9,0.025,0.475,92.44125,8.16
P0101,0.15,0.15,0.15,-1.934843132203402,-0.0,88.463,0.7346299999999999,0.7060248145000001,0.15,0.85,0.0,0.01673,0.1,0.0,0.15,88.463,8.35675
P0102,0.65,0.35,0.95,1.0991274358849534,0.9156700747430464,85.11224999999999,0.2011224999999999,0.23831270775,0.5,0.5,0.7,0.0129899999999999,0.6,0.05,0.5,85.11224999999999,8.9525
P0103,0.625,0.75,0.5,0.6374841609623771,-0.3187420804811885,78.37974999999999,0.1587975,0.25192585975,0.525,0.475,0.8,0.06364,0.5,0.075,0.525,78.37975,11.027
P0104,0.225,0.25,0.2,-1.4291227687057515,-0.0770772233904988,82.28524999999999,0.5978525000000001,0.55793516325,0.125,0.875,0.7,0.18403,0.4,0.075,0.125,82.28524999999999,10.34375
P0105,0.925,1.0,0.85,2.94817396274898,-0.506665415272789,90.561,-0.01939,0.0753376095,0.25,0.75,1.0,0.01732,0.2,0.05,0.25,90.561,10.120000000000001
P0106,0.975,0.95,1.0,3.445986189332802,0.2577593019808779,92.963,-0.0453699999999999,0.0150138964999999,0.15,0.85,1.0,0.03301,0.8,0.025,0.15,92.963,6.574
P0107,0.7,0.45,0.95,1.3455856796456809,0.7924409528626826,83.31949999999999,0.1331949999999999,0.2179852319999999,0.55,0.4499999999999999,1.0,0.0912399999999999,0.9,0.0,0.55,83.31949999999999,11.95925
P0108,0.425,0.55,0.3,-0.3775524576417118,-0.3084243418606981,82.2135,0.397135,0.3634908799999999,0.55,0.4499999999999999,1.0,0.24111,0.4,0.05,0.55,82.2135,9.9145
P0109,0.875,0.8,0.95,2.2568724004288976,0.3367975924710742,84.2465,-0.0325349999999999,0.072472338,0.275,0.725,1.0,0.00904,0.7,0.175,0.275,84.2465,9.73025
P0110,0.2,0.2,0.2,-1.5832772154867492,-0.0,83.00550000000001,0.630055,0.5591214769999999,0.225,0.775,0.4,0.13569,0.6,0.025,0.225,83.0055,9.77375
P0111,0.725,0.6,0.85,1.208461959987728,0.3631905861078371,83.23975,0.1073975000000001,0.19409410425,0.375,0.625,0.8,0.05176,0.3,0.0,0.375,83.23975,11.49525
P0112,0.3,0.35,0.25,-1.0035905177629467,-0.1356889020809037,83.79599999999999,0.53796,0.5364973104999999,0.775,0.2249999999999999,0.9,0.28669,0.6,0.0,0.775,83.796,10.340250000000001
P0113,0.825,0.75,0.9,1.8172452785742383,0.271138478324742,84.3835,0.018835,0.1223117029999999,0.175,0.825,1.0,0.1633,0.5,0.025,0.175,84.3835,11.4625
P0114,0.375,0.05,0.7,-0.9680332220039688,0.9812171816835386,83.14525,0.4564524999999999,0.53843907925,0.325,0.675,0.5,0.05234,0.3,0.1,0.325,83.14525,9.902249999999999
P0115,0.4,0.55,0.25,-0.517836047922535,-0.3785661370011096,80.29525,0.4029524999999999,0.45707877225,0.675,0.3249999999999999,0.3,0.06038,0.2,0.05,0.675,80.29525,10.82475
P0116,0.375,0.25,0.5,-0.6374841609623769,0.3187420804811884,82.87749999999998,0.453775,0.444309707,0.1,0.9,0.9,0.20997,0.7,0.025,0.1,82.8775,11.3875
P0117,0.85,1.0,0.7,2.4779529673288327,-0.7417759129828624,86.51375,0.0151375000000001,0.12639798575,0.225,0.775,0.9,0.04085,0.7,0.05,0.225,86.51375,10.24425
P0118,0.9,1.0,0.8,2.772391004390653,-0.5945568944519521,89.76875,-0.0023124999999998,0.06224688075,0.7,0.3,1.0,0.0678399999999999,0.3,0.025,0.7,89.76875,8.4085
P0119,0.65,0.85,0.45,0.8477734530618589,-0.5435348395707716,83.35974999999999,0.1835975,0.29707452175,0.45,0.55,0.6,0.0746199999999999,0.7,0.0,0.45,83.35974999999999,12.197
P0120,0.45,0.2,0.7,-0.2944380370618205,0.6444195892124643,80.91775,0.3591775,0.3841396422499999,0.275,0.725,0.8,0.22666,0.2,0.025,0.275,80.91775,10.45725
P0121,0.225,0.3,0.15,-1.464622136783255,-0.2351104977100735,82.1655,0.596655,0.5268892825,0.4,0.6,0.4,0.11467,0.5,0.025,0.4,82.1655,10.5285
P0122,0.875,0.95,0.8,2.2568724004288976,-0.3367975924710742,84.389,-0.0311099999999999,0.101219521,0.275,0.725,1.0,0.0681399999999999,0.2,0.025,0.275,84.389,10.338
P0123,0.8,0.65,0.95,1.8313401494860928,0.5495637179424766,87.17675,0.0717674999999999,0.14841049125,0.55,0.4499999999999999,1.0,0.04844,0.3,0.025,0.55,87.17675,8.935500000000001
P0124,0.3,0.35,0.25,-1.0035905177629467,-0.1356889020809037,81.39750000000001,0.5139749999999998,0.4884102465,0.775,0.2249999999999999,0.4,0.10257,0.1,0.05,0.775,81.39750000000001,10.275749999999999
P0125,0.775,1.0,0.55,2.100400509687121,-0.9305521418037184,86.59375,0.0909375,0.15381808275,0.4,0.6,1.0,0.0788,0.8,0.025,0.4,86.59375,10.0315
P0126,0.625,0.85,0.4,0.7263811722156742,-0.604230979993864,80.54275,0.1804275,0.30011283525,0.275,0.725,1.0,0.10512,0.9,0.0,0.275,80.54275,12.1
P0127,0.375,0.2,0.55,-0.6719904947035326,0.4556433603916083,80.7895,0.4328949999999999,0.4508465755,0.125,0.875,0.8,0.13795,0.2,0.0,0.125,80.7895,10.5385
P0128,0.175,0.1,0.25,-1.8172452785742383,0.271138478324742,88.36600000000001,0.7086600000000001,0.6764347390000001,0.425,0.575,0.3,0.06591,0.0,0.0,0.425,88.366,8.66675
P0129,0.6,0.75,0.45,0.517836047922535,-0.3785661370011096,78.01425,0.1801424999999999,0.22333295975,0.225,0.775,0.5,0.03769,0.1,0.275,0.225,78.01425,8.8205
P0130,0.25,0.4,0.1,-1.420801511497888,-0.4693603618629172,82.71875,0.5771875,0.62919117875,0.625,0.375,0.3,0.00269,0.0,0.1,0.625,82.71875,10.024750000000001
P0131,0.5,0.45,0.55,0.0,0.119648113039842,77.34225,0.2734225,0.33533058675,0.325,0.675,0.7,0.05739,0.3,0.05,0.325,77.34225,12.4865
P0132,0.6,0.9,0.3,0.6825605469303071,-0.8384808441467076,81.30050000000001,0.2130050000000001,0.2988931059999999,0.725,0.275,1.0,0.15427,0.1,0.025,0.725,81.3005,10.7845
P0133,0.575,0.8,0.35,0.4255322509428048,-0.5788724822719722,84.3315,0.2683150000000002,0.2842535455,0.775,0.2249999999999999,0.9,0.1195,0.2,0.025,0.775,84.3315,10.93275
P0134,0.9,0.8,1.0,2.772391004390653,0.5945568944519521,84.15525,-0.0584475000000001,0.07549867925,0.125,0.875,1.0,0.0250799999999999,0.5,0.2,0.125,84.15525,7.9965
P0135,0.45,0.2,0.7,-0.2944380370618205,0.6444195892124643,81.482,0.3648199999999998,0.453002909,0.85,0.15,0.4,0.08721,0.1,0.0,0.85,81.482,10.65
P0136,0.35,0.6,0.1,-0.9387207237258344,-0.710400755748944,81.47825,0.4647825,0.4930308477499999,0.25,0.75,0.8,0.16515,0.7,0.025,0.25,81.47825,10.57
P0137,0.725,0.55,0.9,1.299409230651703,0.5300565022860095,81.38825,0.0888825,0.21161726375,0.6,0.4,0.6,0.0489899999999999,0.2,0.025,0.6,81.38825,11.403
P0138,0.275,0.25,0.3,-1.134684731643931,0.0701417951404114,82.99275,0.5549275000000001,0.5361339452499999,0.375,0.625,0.5,0.15774,0.3,0.0,0.375,82.99275,11.20675
P0139,0.925,0.95,0.9,2.644994910297384,-0.1427363375368309,83.03475,-0.0946525000000001,0.08453797175,0.275,0.725,1.0,0.0332,0.9,0.05,0.275,83.03475,11.040000000000001
P0140,0.675,0.55,0.8,0.9112867207832168,0.3359952473517662,81.98949999999999,0.144895,0.269545359,0.075,0.925,0.8,0.15828,0.4,0.025,0.075,81.98949999999999,10.9215
P0141,0.75,0.8,0.7,1.288839178424929,-0.1472190185309102,83.564,0.08564,0.1627389945,0.425,0.575,1.0,0.09351,0.9,0.0,0.425,83.564,11.61925
P0142,0.85,0.95,0.75,2.1027179536479,-0.413874815861573,81.5965,-0.034035,0.132902098,0.6,0.4,1.0,0.0794,0.3,0.1,0.6,81.5965,9.48475
P0143,0.525,0.75,0.3,0.1402835902808231,-0.5673423658219656,84.4565,0.319565,0.3140215185,0.7,0.3,0.5,0.0296999999999999,0.0,0.025,0.7,84.4565,11.0045
P0144,0.775,0.9,0.65,1.5458674744124308,-0.4068273804056458,82.15975,0.0465974999999999,0.16728799125,0.25,0.75,1.0,0.03372,0.7,0.05,0.25,82.15975,10.94775
P0145,0.875,1.0,0.75,2.618236557609656,-0.671634117842451,88.86425000000001,0.0136424999999998,0.08567678475,0.325,0.675,1.0,0.0653099999999999,0.9,0.05,0.325,88.86425,9.038250000000001
P0146,0.275,0.3,0.25,-1.1346847316439312,-0.0701417951404115,82.69775,0.5519774999999999,0.5686746677500001,0.475,0.525,0.2,0.0392,0.0,0.0,0.475,82.69775,10.65625
P0147,0.875,0.8,0.95,2.2568724004288976,0.3367975924710742,84.26575,-0.0323425,0.1090414992499999,0.275,0.725,1.0,0.0205,1.0,0.075,0.275,84.26575,8.8065
P0148,0.6,0.85,0.35,0.6013152093011312,-0.6667639614511354,84.67825,0.2467825,0.31334221475,0.65,0.35,0.7,0.06791,0.2,0.075,0.65,84.67825,10.340250000000001
P0149,0.25,0.4,0.1,-1.420801511497888,-0.4693603618629172,84.8315,0.598315,0.6047827205,0.65,0.35,0.3,0.2210099999999999,0.7,0.025,0.65,84.8315,10.8225
P0150,0.575,0.5,0.65,0.3661063568005696,0.1830531784002848,82.24600000000001,0.2474599999999999,0.286087373,0.425,0.575,0.7,0.05685,0.6,0.0,0.425,82.24600000000001,12.22175
P0151,0.425,0.75,0.1,-0.542276956649484,-0.9086226392871192,81.76675,0.3926675,0.46038434575,0.725,0.275,0.6,0.14323,0.3,0.025,0.725,81.76675,10.43025
P0152,0.6,0.9,0.3,0.6825605469303071,-0.8384808441467076,83.117,0.23117,0.300984484,0.525,0.475,0.7,0.03363,0.1,0.075,0.525,83.11699999999999,9.623999999999999
P0153,0.6,0.7,0.5,0.497200570681554,-0.248600285340777,76.47875,0.1647874999999999,0.26286911475,0.55,0.4499999999999999,0.7,0.08227,0.4,0.05,0.55,76.47875,12.3235
P0154,0.85,0.9,0.8,1.971399725355236,-0.1940612549342433,85.72075,0.0072075000000001,0.1035939617499999,0.025,0.975,1.0,0.03401,0.5,0.0,0.025,85.72075,10.283
P0155,0.175,0.1,0.25,-1.8172452785742383,0.271138478324742,85.49525,0.6799525,0.68449103925,0.225,0.775,0.3,0.12583,0.5,0.05,0.225,85.49525,8.9695
P0156,0.45,0.45,0.45,-0.2392962260796842,-6.938893903907227e-17,81.17150000000001,0.361715,0.3820673885,0.1,0.9,0.5,0.0421499999999999,0.0,0.025,0.1,81.17150000000001,11.13475
P0157,0.8,0.6,1.0,2.2217927905333057,0.869856001380626,81.172,0.0117199999999999,0.153396603,0.8,0.1999999999999999,0.9,0.05588,0.4,0.075,0.8,81.172,10.16975
P0158,0.15,0.0,0.3,-2.4779529673288327,0.7417759129828624,86.72475,0.7172474999999998,0.67144867325,0.075,0.925,0.3,0.081,0.4,0.0,0.075,86.72475,9.2705
P0159,0.65,0.4,0.9,0.9387207237258344,0.710400755748944,81.8765,0.1687650000000001,0.267468822,0.275,0.725,0.8,0.0920999999999999,0.2,0.0,0.275,81.8765,10.753499999999999
P0160,0.4,0.6,0.2,-0.5505982138573478,-0.5163395008147007,82.5115,0.425115,0.4362228075,0.375,0.625,0.7,0.09557,0.3,0.05,0.375,82.5115,10.95625
P0161,0.85,0.85,0.85,1.934843132203402,-0.0,86.17724999999999,0.0117725,0.0624599062499999,0.325,0.675,1.0,0.0806699999999999,0.7,0.15,0.325,86.17725,8.071250000000001
P0162,0.775,1.0,0.55,2.100400509687121,-0.9305521418037184,87.70925,0.1020925,0.17808037925,0.075,0.925,0.9,0.0369999999999999,0.6,0.0,0.075,87.70925,9.989749999999999
P0163,0.575,0.25,0.9,0.5422769566494843,0.9086226392871192,86.0995,0.285995,0.33415933,0.3,0.7,0.8,0.08634,0.7,0.0,0.3,86.0995,10.16475
P0164,0.575,0.85,0.3,0.470220995420147,-0.7323110683916275,84.13125,0.2663125000000002,0.25804201075,0.45,0.55,0.8,0.07491,0.9,0.05,0.45,84.13125,10.151250000000001
P0165,0.825,1.0,0.65,2.3468587534478487,-0.8073230199233546,88.20925,0.0570924999999999,0.1559259557499999,0.8,0.1999999999999999,0.8,0.02914,0.2,0.0,0.8,88.20925,9.20275
P0166,0.775,0.7,0.85,1.464622136783255,0.2351104977100735,81.93350000000001,0.044335,0.1369233004999999,0.475,0.525,1.0,0.12524,0.3,0.075,0.475,81.93350000000001,11.51325
P0167,0.4,0.45,0.35,-0.4857544698404118,-0.1232291218803638,81.29325,0.4129325000000001,0.4306231437499999,0.45,0.55,0.5,0.16049,0.4,0.0,0.45,81.29325,11.56575
P0168,0.675,0.8,0.55,0.9112867207832166,-0.3359952473517663,80.98025,0.1348024999999999,0.19980062075,0.125,0.875,0.8,0.07905,0.5,0.025,0.125,80.98025,12.404250000000001
P0169,0.7,0.85,0.55,1.087069679141543,-0.4238867265309295,85.6165,0.1561650000000001,0.2028233665,0.325,0.675,1.0,0.10489,0.7,0.0,0.325,85.6165,11.0215
P0170,0.7,0.65,0.75,1.0035905177629467,0.1356889020809035,81.3375,0.113375,0.1960370075,0.25,0.75,0.6,0.06365,0.9,0.075,0.25,81.3375,10.74375
P0171,0.85,0.9,0.8,1.971399725355236,-0.1940612549342433,81.13924999999999,-0.0386075,0.1210781302499999,0.4,0.6,1.0,0.1845,0.8,0.0,0.4,81.13925,11.22175
P0172,0.6,0.85,0.35,0.6013152093011312,-0.6667639614511354,78.92049999999999,0.189205,0.352576563,0.225,0.775,0.5,0.0645099999999999,0.2,0.15,0.225,78.9205,9.79625
P0173,0.75,0.85,0.65,1.3335279229022707,-0.3006576046505657,81.0235,0.0602350000000001,0.1864047505,0.45,0.55,1.0,0.0323,0.8,0.0,0.45,81.0235,11.72625
P0174,0.85,0.9,0.8,1.971399725355236,-0.1940612549342433,89.75775,0.0475774999999999,0.08710368625,0.475,0.525,1.0,0.06625,0.7,0.05,0.475,89.75775,7.8614999999999995
P0175,0.625,0.75,0.5,0.6374841609623771,-0.3187420804811885,82.04475,0.1954475,0.2249152742499999,0.25,0.75,0.7,0.02548,0.1,0.0,0.25,82.04475,12.43175
P0176,0.6,0.8,0.4,0.5505982138573478,-0.5163395008147007,83.23225,0.2323225000000001,0.3355179282499999,0.425,0.575,0.8,0.06382,0.7,0.025,0.425,83.23225,11.67225
P0177,0.725,0.9,0.55,1.299409230651703,-0.5300565022860095,81.26475,0.0876474999999999,0.17954603675,0.2,0.8,1.0,0.06575,0.3,0.075,0.2,81.26475,9.6115
P0178,0.175,0.35,0.0,-2.3468587534478487,-0.8073230199233546,89.881,0.7238099999999998,0.718253547,0.4,0.6,0.1,0.10902,0.2,0.0,0.4,89.881,8.3345
P0179,0.275,0.25,0.3,-1.134684731643931,0.0701417951404114,83.4225,0.559225,0.525581865,0.5,0.5,0.4,0.08126,0.7,0.025,0.5,83.4225,12.62725
P0180,0.45,0.2,0.7,-0.2944380370618205,0.6444195892124643,80.25500000000001,0.3525499999999998,0.363244436,0.4,0.6,0.6,0.06933,0.7,0.05,0.4,80.255,11.553749999999999
P0181,0.95,1.0,0.9,3.16051351425914,-0.4004956395177088,88.7355,-0.0626449999999998,0.0512290425,0.3,0.7,1.0,0.0237199999999999,0.8,0.0,0.3,88.7355,8.39125
P0182,0.45,0.35,0.55,-0.2464582437607276,0.2428772349202058,82.105,0.3710499999999999,0.420413393,0.175,0.825,1.0,0.14936,0.4,0.025,0.175,82.105,11.903
P0183,0.45,0.6,0.3,-0.2561601767955271,-0.3691204822837904,79.01124999999999,0.3401125,0.32394196975,0.25,0.75,0.8,0.0894299999999999,0.4,0.05,0.25,79.01125,12.442499999999999
P0184,0.675,0.6,0.75,0.8785245548484037,0.198221883538175,80.20525,0.1270524999999999,0.27456705325,0.95,0.05,0.8,0.0544,0.0,0.0,0.95,80.20525,11.19675
P0185,0.525,0.9,0.15,0.2123395515101601,-1.073591341856781,83.63250000000001,0.3113249999999998,0.313010094,0.5,0.5,0.6,0.0876299999999999,0.1,0.1,0.5,83.63250000000001,9.57325
P0186,0.45,0.6,0.3,-0.2561601767955271,-0.3691204822837904,80.51375,0.3551375,0.36447942725,0.45,0.55,0.7,0.13307,0.9,0.025,0.45,80.51375,12.014750000000001
P0187,0.475,0.75,0.2,-0.1541544467809974,-0.7145613843528759,84.321,0.3682099999999998,0.4034415325,0.15,0.85,0.6,0.03044,0.6,0.025,0.15,84.321,9.538
P0188,0.725,1.0,0.45,1.8611042836074367,-1.0502002548435605,85.90775,0.1340775,0.14986845825,0.05,0.95,1.0,0.05292,0.6,0.05,0.05,85.90775,10.636
P0189,0.625,0.8,0.45,0.6719904947035324,-0.4556433603916083,83.09575,0.2059574999999999,0.30388644275,0.725,0.275,0.6,0.06846,0.2,0.025,0.725,83.09575,10.32325
P0190,0.25,0.05,0.45,-1.5848819057253651,0.6727928398228404,82.49549999999999,0.5749549999999999,0.517248422,0.45,0.55,0.5,0.1781299999999999,0.7,0.0,0.45,82.4955,10.63075
P0191,0.45,0.25,0.65,-0.2713778041618073,0.5017952588814732,80.61025,0.3561025,0.3712189752499999,0.1,0.9,0.8,0.15777,0.2,0.0,0.1,80.61025,11.223
P0192,0.625,0.4,0.85,0.7263811722156742,0.604230979993864,84.328,0.21828,0.2490512974999999,0.375,0.625,0.7,0.11118,0.1,0.025,0.375,84.328,11.234
P0193,0.6,0.45,0.75,0.5178360479225349,0.3785661370011094,83.57149999999999,0.2357150000000001,0.2925496195,0.6,0.4,0.9,0.07631,0.3,0.0,0.6,83.5715,10.9635
P0194,0.9,1.0,0.8,2.772391004390653,-0.5945568944519521,83.9885,-0.060115,0.109405463,0.525,0.475,0.8,0.09091,0.2,0.0,0.525,83.9885,10.674
P0195,0.625,0.7,0.55,0.6168486837213961,-0.188776228820856,81.19800000000001,0.1869800000000001,0.22795018,0.325,0.675,0.9,0.04501,0.3,0.075,0.325,81.19800000000001,10.583
P0196,0.675,0.6,0.75,0.8785245548484037,0.198221883538175,78.89075,0.1139074999999999,0.17929641875,0.35,0.65,0.9,0.08528,0.1,0.025,0.35,78.89075,11.783
P0197,0.25,0.3,0.2,-1.288839178424929,-0.1472190185309102,82.72125,0.5772124999999999,0.5464466167500001,0.0,1.0,0.2,0.06722,0.1,0.1,0.0,82.72125,9.8305
P0198,0.625,0.8,0.45,0.6719904947035324,-0.4556433603916083,74.1255,0.116255,0.220498295,0.225,0.775,0.8,0.01472,0.7,0.45,0.225,74.1255,8.779
P0199,0.825,0.95,0.7,1.962434363367077,-0.4840166110019844,84.5445,0.0204450000000001,0.1451657915,0.825,0.175,0.7,0.0071899999999999,0.4,0.075,0.825,84.5445,10.683499999999999
P0200,0.6,0.55,0.65,0.4857544698404118,0.1232291218803637,79.801,0.19801,0.2768878315,0.275,0.725,0.8,0.10474,0.4,0.025,0.275,79.801,11.48925
P0201,0.75,1.0,0.5,1.9807523966472789,-0.9903761983236394,83.0475,0.080475,0.2163915715,0.1,0.9,0.8,0.11489,0.4,0.0,0.1,83.0475,10.849
P0202,0.8,0.95,0.65,1.8313401494860928,-0.5495637179424767,84.312,0.04312,0.1420142704999999,0.075,0.925,1.0,0.02317,0.5,0.0,0.075,84.312,10.834999999999999
P0203,0.3,0.4,0.2,-1.0326790016294014,-0.2752991069286739,85.20750000000001,0.5520749999999999,0.5588757194999999,0.45,0.55,0.4,0.20234,0.3,0.0,0.45,85.20750000000001,11.385250000000001
P0204,0.6,0.8,0.4,0.5505982138573478,-0.5163395008147007,80.691,0.2069099999999999,0.2337217225,0.55,0.4499999999999999,0.7,0.09353,0.1,0.125,0.55,80.691,10.65775
P0205,0.875,1.0,0.75,2.618236557609656,-0.671634117842451,86.52324999999999,-0.0097675,0.08545743075,0.3,0.7,1.0,0.04492,0.5,0.025,0.3,86.52324999999999,10.0535
P0206,0.2,0.2,0.2,-1.5832772154867492,-0.0,80.7005,0.607005,0.5876018789999999,0.45,0.55,0.4,0.13311,0.1,0.125,0.45,80.7005,10.0135
P0207,0.1,0.2,0.0,-2.772391004390653,-0.5945568944519521,86.774,0.7677400000000001,0.7169174700000001,0.375,0.625,0.3,0.08139,0.0,0.075,0.375,86.774,7.8795
P0208,0.65,0.9,0.4,0.9387207237258344,-0.710400755748944,80.074,0.1507399999999999,0.286533648,0.25,0.75,0.9,0.08155,0.7,0.075,0.25,80.074,9.6745
P0209,0.55,0.65,0.45,0.2464582437607276,-0.242877234920206,69.51425,0.1451424999999999,0.29122600125,0.375,0.625,0.4,0.00092,0.2,0.475,0.375,69.51425,9.115
P0210,0.4,0.3,0.5,-0.497200570681554,0.248600285340777,80.59925,0.4059925,0.41341169775,0.15,0.85,0.9,0.1480099999999999,0.1,0.025,0.15,80.59925,11.6235
P0211,0.75,1.0,0.5,1.9807523966472789,-0.9903761983236394,87.51875,0.1251874999999997,0.16325543825,0.4,0.6,1.0,0.1223099999999999,0.6,0.0,0.4,87.51875,9.760250000000001
P0212,1.0,1.0,1.0,3.9615047932945577,-0.0,97.6895,-0.0231049999999999,0.0011211175,0.25,0.75,1.0,0.02128,0.7,0.0,0.25,97.6895,5.8505
P0213,0.3,0.1,0.5,-1.1797611176118612,0.5898805588059306,81.529,0.51529,0.5068430465,0.675,0.3249999999999999,0.5,0.1121399999999999,0.5,0.025,0.675,81.529,10.83325
P0214,0.475,0.5,0.45,-0.1196481130398421,-0.059824056519921,80.79475,0.3329475,0.40139577825,0.325,0.675,1.0,0.13409,0.0,0.05,0.325,80.79475,11.70125
P0215,0.825,0.95,0.7,1.962434363367077,-0.4840166110019844,85.58875,0.0308875,0.10158616775,0.2,0.8,1.0,0.01376,0.8,0.0,0.2,85.58875,11.564499999999999
P0216,0.8,0.8,0.8,1.5832772154867492,-0.0,84.495,0.04495,0.133101007,0.175,0.825,1.0,0.10117,0.4,0.075,0.175,84.495,9.85975
P0217,0.625,0.7,0.55,0.6168486837213961,-0.188776228820856,83.49449999999999,0.209945,0.2780692225,0.275,0.725,0.9,0.1150599999999999,0.9,0.025,0.275,83.4945,11.1
P0218,0.775,0.95,0.6,1.7062741865715498,-0.6120966993997481,87.52324999999999,0.1002325,0.17268358075,0.725,0.275,0.7,0.04267,0.4,0.025,0.725,87.52324999999999,10.282250000000001
P0219,0.625,0.4,0.85,0.7263811722156742,0.604230979993864,84.23474999999999,0.2173475,0.24295729125,0.3,0.7,1.0,0.06627,0.8,0.025,0.3,84.23474999999999,10.5965
P0220,0.9,1.0,0.8,2.772391004390653,-0.5945568944519521,90.16325,0.0016325,0.08593834875,0.65,0.35,1.0,0.07812,0.6,0.0,0.65,90.16325,9.037
P0221,0.65,0.6,0.7,0.7382409645675809,0.1280800883977635,81.5275,0.1652749999999999,0.2465029799999999,0.275,0.725,1.0,0.03548,0.0,0.025,0.275,81.5275,12.62675
P0222,0.8,0.8,0.8,1.5832772154867492,-0.0,80.38399999999999,0.0038399999999998,0.165145494,0.4,0.6,1.0,0.07915,0.6,0.075,0.4,80.384,10.273
P0223,0.35,0.25,0.45,-0.757132274002219,0.2589180239612674,83.11175,0.4811175000000001,0.4877629812499999,0.475,0.525,0.6,0.10354,0.5,0.075,0.475,83.11175,11.70725
P0224,0.55,0.7,0.4,0.2561601767955271,-0.3691204822837904,80.49100000000001,0.2549099999999998,0.328495698,0.4,0.6,0.7,0.10868,0.8,0.05,0.4,80.491,10.586
P0225,0.725,1.0,0.45,1.8611042836074367,-1.0502002548435605,87.10249999999999,0.1460249999999998,0.1888704405,0.825,0.175,0.8,0.10289,0.7,0.0,0.825,87.10249999999999,10.38725
P0226,0.85,0.8,0.9,1.971399725355236,0.1940612549342433,82.31224999999999,-0.0268775000000001,0.0934498847499999,0.4,0.6,1.0,0.03182,0.1,0.1,0.4,82.31224999999999,10.53725
P0227,0.675,1.0,0.35,1.614646039846709,-1.1734293767239243,83.53425,0.1603424999999999,0.21187526525,0.15,0.85,1.0,0.0162299999999999,0.6,0.075,0.15,83.53425,10.5295
P0228,0.525,0.5,0.55,0.119648113039842,0.059824056519921,83.0365,0.3053649999999999,0.3286367174999999,0.7,0.3,0.8,0.11431,0.3,0.0,0.7,83.0365,10.67775
P0229,0.7,0.8,0.6,1.0326790016294014,-0.2752991069286739,79.2045,0.092045,0.188192597,0.45,0.55,1.0,0.03375,0.3,0.1,0.45,79.2045,10.83575
P0230,0.625,0.65,0.6,0.6071467506865966,-0.0625329814572714,73.16275,0.1066275000000001,0.19336458025,0.125,0.875,1.0,-0.00859,0.5,0.425,0.125,73.16274999999999,8.55875
P0231,0.675,0.5,0.85,0.967421566101701,0.4837107830508505,79.99249999999999,0.1249249999999999,0.2081129675,0.05,0.95,1.0,0.06938,0.1,0.025,0.05,79.99249999999999,12.056000000000001
P0232,0.45,0.7,0.2,-0.2944380370618205,-0.6444195892124643,80.44550000000001,0.3544550000000001,0.382713127,0.5,0.5,0.6,0.0212899999999999,0.5,0.0,0.5,80.44550000000001,10.67125
P0233,0.575,0.55,0.6,0.360688506925869,0.0606961404230923,80.96325,0.2346325,0.32031137275,0.5,0.5,0.7,0.0412499999999999,0.2,0.0,0.5,80.96325,10.901250000000001
P0234,0.525,0.55,0.5,0.1196481130398421,-0.059824056519921,81.2025,0.287025,0.284657349,0.675,0.3249999999999999,0.9,0.07611,0.2,0.05,0.675,81.2025,11.50625
P0235,0.8,0.75,0.85,1.6049057270640783,0.1649687025696619,82.03675,0.0203674999999998,0.16843974175,0.35,0.65,1.0,0.09367,0.5,0.075,0.35,82.03675,10.88075
P0236,0.575,0.9,0.25,0.542276956649484,-0.9086226392871192,86.12575,0.2862575,0.32939817925,0.275,0.725,0.9,0.18897,0.6,0.05,0.275,86.12575,9.508750000000001
P0237,0.35,0.6,0.1,-0.9387207237258344,-0.710400755748944,83.9075,0.489075,0.541584078,0.275,0.725,0.6,0.0673999999999999,0.3,0.025,0.275,83.9075,9.63925
P0238,0.475,0.85,0.1,-0.2123395515101601,-1.073591341856781,85.962,0.3846199999999999,0.4619551709999999,0.125,0.875,0.6,0.12354,0.3,0.0,0.125,85.962,10.6955
P0239,0.8,1.0,0.6,2.2217927905333057,-0.869856001380626,83.296,0.0329599999999998,0.1486433575,0.575,0.425,1.0,0.07996,1.0,0.025,0.575,83.296,10.05325
P0240,0.675,0.5,0.85,0.967421566101701,0.4837107830508505,84.09275,0.1659275,0.19957454725,0.375,0.625,0.9,0.07516,0.3,0.1,0.375,84.09275,9.7365
P0241,0.5,0.55,0.45,0.0,-0.1196481130398421,78.1825,0.281825,0.359047487,0.4,0.6,0.8,0.0949999999999999,0.3,0.225,0.4,78.1825,10.8415
P0242,0.55,0.35,0.75,0.2713778041618073,0.5017952588814732,82.425,0.2742499999999999,0.346973686,0.575,0.425,0.7,0.17819,0.5,0.025,0.575,82.425,9.7935
P0243,0.675,0.9,0.45,1.060113004572019,-0.6497046153258517,82.075,0.1457499999999999,0.209541123,0.3,0.7,0.7,0.07385,0.8,0.025,0.3,82.075,11.79625
P0244,0.65,0.8,0.5,0.7916386077433746,-0.3958193038716873,82.9815,0.1798149999999999,0.267306542,0.075,0.925,0.8,0.0588,0.3,0.1,0.075,82.98150000000001,10.7155
P0245,0.7,0.85,0.55,1.087069679141543,-0.4238867265309295,79.60425000000001,0.0960425000000001,0.23414776225,0.65,0.35,1.0,0.07083,0.4,0.0,0.65,79.60425000000001,11.638
P0246,0.875,0.85,0.9,2.147182683713562,0.10616977575508,84.09,-0.0341000000000001,0.106058337,0.25,0.75,1.0,0.05867,0.1,0.0,0.25,84.09,10.453
P0247,0.825,1.0,0.65,2.3468587534478487,-0.8073230199233546,86.10600000000001,0.0360599999999999,0.1065316835,0.55,0.4499999999999999,1.0,0.03441,0.7,0.0,0.55,86.106,10.41525
P0248,0.275,0.3,0.25,-1.1346847316439312,-0.0701417951404115,84.65125,0.5715125,0.63084438675,0.8,0.1999999999999999,0.2,0.07253,0.0,0.075,0.8,84.65124999999999,10.35175
P0249,0.375,0.1,0.65,-0.8136547608112916,0.7729337372062154,82.99600000000001,0.45496,0.4389770464999999,0.4,0.6,0.8,0.09649,0.0,0.0,0.4,82.99600000000001,11.531
P0250,0.825,0.8,0.85,1.7590601738450755,0.0878914791791632,80.31174999999999,-0.0218824999999998,0.16548450875,0.125,0.875,0.9,-0.0124,0.3,0.025,0.125,80.31174999999999,12.035
P0251,0.75,0.65,0.85,1.3335279229022707,0.3006576046505656,81.90350000000001,0.069035,0.190635427,0.4,0.6,0.9,0.06537,0.2,0.0,0.4,81.9035,11.8065
P0252,0.975,1.0,0.95,3.445986189332802,-0.2577593019808779,90.73625,-0.0676375,0.02537981975,0.2,0.8,1.0,0.0248799999999999,0.4,0.0,0.2,90.73625,7.883249999999999
P0253,0.5,0.65,0.35,0.0,-0.3661063568005698,75.74725000000001,0.2574725,0.28476161925,0.4,0.6,0.7,0.0468199999999999,0.3,0.2,0.4,75.74725,10.32175
P0254,0.75,0.75,0.75,1.274968321924754,-1.1102230246251563e-16,81.8025,0.0680250000000001,0.171649767,0.2,0.8,1.0,0.10283,0.8,0.0,0.2,81.8025,11.87175
P0255,0.6,0.7,0.5,0.497200570681554,-0.248600285340777,82.26249999999999,0.222625,0.3297306754999999,0.4,0.6,0.7,0.05292,0.3,0.025,0.4,82.2625,10.47325
P0256,0.275,0.2,0.35,-1.1577449645439444,0.2127661254714024,80.3625,0.5286249999999999,0.5943598865,0.55,0.4499999999999999,0.5,0.19316,0.3,0.15,0.55,80.3625,9.42
P0257,0.55,0.8,0.3,0.2944380370618205,-0.6444195892124643,80.93625,0.2593624999999999,0.37450709925,0.725,0.275,0.7,0.03679,0.7,0.0,0.725,80.93625,11.602250000000002
P0258,0.425,0.65,0.2,-0.4255322509428048,-0.5788724822719722,83.80775000000001,0.4130775,0.44496168625,0.2,0.8,0.9,0.1234499999999999,0.5,0.0,0.2,83.80775,11.5245
P0259,0.3,0.25,0.35,-1.0035905177629467,0.1356889020809035,78.94575,0.4894574999999999,0.5245213227500001,0.15,0.85,0.4,0.07758,0.3,0.15,0.15,78.94575,8.978
P0260,0.675,0.95,0.4,1.2241933987994962,-0.8531370932857749,82.9935,0.154935,0.2197242385,0.725,0.275,0.9,0.0548,0.1,0.125,0.725,82.9935,9.18825
P0261,0.975,0.95,1.0,3.445986189332802,0.2577593019808779,94.17725,-0.0332274999999998,0.02403005075,0.7,0.3,1.0,0.01727,0.8,0.075,0.7,94.17725,6.70125
P0262,0.425,0.2,0.65,-0.4255322509428049,0.5788724822719721,82.19025,0.3969025,0.40042758675,0.5,0.5,0.5,0.07964,0.1,0.075,0.5,82.19025,9.358500000000001
P0263,0.3,0.45,0.15,-1.087069679141543,-0.4238867265309295,84.63125,0.5463125,0.55506570525,0.625,0.375,0.7,0.10832,0.5,0.05,0.625,84.63125,10.454
P0264,0.975,1.0,0.95,3.445986189332802,-0.2577593019808779,92.98,-0.0451999999999997,0.021668014,0.35,0.65,1.0,0.02712,0.8,0.075,0.35,92.97999999999999,6.30475
P0265,0.525,0.75,0.3,0.1402835902808231,-0.5673423658219656,78.85125000000001,0.2635124999999999,0.31328752775,0.1,0.9,0.7,0.07292,0.6,0.275,0.1,78.85125000000001,8.72
P0266,0.275,0.55,0.0,-1.8611042836074367,-1.0502002548435605,87.00675000000001,0.5950675,0.57711285525,0.2,0.8,0.2,0.12602,0.3,0.075,0.2,87.00675,8.13425
P0267,0.95,1.0,0.9,3.16051351425914,-0.4004956395177088,91.966,-0.0303399999999999,0.0380308544999999,0.7,0.3,1.0,0.09257,0.5,0.025,0.7,91.966,8.0055
P0268,0.425,0.6,0.25,-0.3964437670763503,-0.439262277424202,78.17525,0.3567525,0.39670630025,0.45,0.55,0.3,0.02391,0.1,0.05,0.45,78.17525,10.66025
P0269,0.325,0.5,0.15,-0.967421566101701,-0.4837107830508505,83.046,0.50546,0.491486852,0.55,0.4499999999999999,1.0,0.26246,0.4,0.0,0.55,83.046,11.48325
P0270,0.825,1.0,0.65,2.3468587534478487,-0.8073230199233546,89.2655,0.0676550000000001,0.1117828969999999,0.55,0.4499999999999999,1.0,0.0420399999999999,0.3,0.0,0.55,89.2655,9.655249999999999
P0271,0.725,0.75,0.7,1.1346847316439312,-0.0701417951404115,78.77025,0.0627025,0.26265921075,0.4,0.6,0.7,0.12407,0.7,0.05,0.4,78.77025,10.67
P0272,0.475,0.55,0.4,-0.1213922808461846,-0.1803442534629345,79.81875,0.3231875,0.3436379967499999,0.275,0.725,0.7,0.0782699999999999,0.2,0.0,0.275,79.81875,12.0625
P0273,0.325,0.4,0.25,-0.878524554848404,-0.1982218835381751,80.38,0.4788,0.4658132475,0.475,0.525,0.3,0.1447099999999999,0.5,0.1,0.475,80.38,10.145
P0274,0.375,0.5,0.25,-0.6374841609623771,-0.3187420804811885,80.3255,0.4282549999999998,0.4776620579999999,0.625,0.375,0.7,0.09754,0.1,0.125,0.625,80.3255,10.05875
P0275,0.825,0.85,0.8,1.7590601738450755,-0.0878914791791632,81.86575,-0.0063424999999998,0.12657777975,0.025,0.975,1.0,0.03308,0.8,0.175,0.025,81.86575,9.45475
P0276,0.775,0.7,0.85,1.464622136783255,0.2351104977100735,82.05375,0.0455375,0.1587641807499999,0.625,0.375,0.9,0.0718399999999999,0.3,0.0,0.625,82.05375000000001,11.83475
P0277,0.5,0.75,0.25,0.0,-0.6374841609623771,82.45475000000002,0.3245474999999999,0.43467210675,0.125,0.875,0.6,0.10158,0.1,0.0,0.125,82.45475,10.45125
P0278,0.525,0.45,0.6,0.1213922808461848,0.1803442534629344,78.93325,0.2643324999999998,0.30694183775,0.3,0.7,0.6,0.08387,0.6,0.075,0.3,78.93325,10.70875
P0279,0.575,0.95,0.2,0.6735951849421484,-1.1284362002144488,84.78925,0.2728925000000001,0.35920978925,0.525,0.475,0.9,0.2045999999999999,0.5,0.025,0.525,84.78925000000001,10.158750000000001
P0280,0.525,0.1,0.95,0.2854726750736618,1.322497455148692,82.58075,0.3008075,0.3220154887499999,0.15,0.85,0.8,0.08635,0.5,0.125,0.15,82.58075,8.66875
P0281,0.1,0.15,0.05,-2.432655358787224,-0.2489061132919109,90.05350000000001,0.800535,0.7829043355000002,0.4,0.6,0.1,0.15349,0.2,0.0,0.4,90.0535,7.88425
P0282,0.375,0.25,0.5,-0.6374841609623769,0.3187420804811884,82.44375,0.4494374999999999,0.51789102875,0.25,0.75,0.4,0.11389,0.1,0.075,0.25,82.44375,11.023
P0283,0.625,0.6,0.65,0.6071467506865965,0.0625329814572713,81.19425,0.1869425000000001,0.26322755175,0.025,0.975,0.8,0.1548999999999999,0.6,0.025,0.025,81.19425,10.575
P0284,0.75,0.85,0.65,1.3335279229022707,-0.3006576046505657,81.94325,0.0694325000000001,0.16679571425,0.675,0.3249999999999999,1.0,0.07763,0.9,0.0,0.675,81.94325,12.099
P0285,0.9,0.9,0.9,2.3595222352237224,-0.0,84.78775,-0.0521225000000001,0.08964288475,0.475,0.525,1.0,0.06562,0.3,0.05,0.475,84.78775,8.868500000000001
P0286,0.425,0.3,0.55,-0.377552457641712,0.308424341860698,84.79425,0.4229424999999999,0.4754687492499999,0.175,0.825,0.8,0.12664,0.7,0.025,0.175,84.79425,10.25725
P0287,0.875,1.0,0.75,2.618236557609656,-0.671634117842451,84.66024999999999,-0.0283974999999999,0.09756517625,0.65,0.35,0.7,0.04163,0.1,0.0,0.65,84.66024999999999,11.045
P0288,0.75,0.85,0.65,1.3335279229022707,-0.3006576046505657,82.05175,0.0705175,0.16100162125,0.575,0.425,0.8,0.12406,0.7,0.025,0.575,82.05175,11.727
P0289,0.525,0.75,0.3,0.1402835902808231,-0.5673423658219656,81.42125000000001,0.2892125,0.35731608375,0.75,0.25,0.6,0.09115,0.5,0.0,0.75,81.42125,11.68625
P0290,0.475,0.35,0.6,-0.1250659629145427,0.3035733753432982,82.4885,0.3498849999999999,0.3893246045,0.35,0.65,0.9,0.02206,0.1,0.05,0.35,82.4885,11.269
P0291,0.925,0.95,0.9,2.644994910297384,-0.1427363375368309,83.19575,-0.0930425,0.0615157302499999,0.3,0.7,1.0,0.02301,0.5,0.075,0.3,83.19575,9.299
P0292,0.375,0.6,0.15,-0.7263811722156742,-0.604230979993864,83.3445,0.458445,0.503685801,0.7,0.3,0.6,0.11472,0.5,0.0,0.7,83.34450000000001,9.76125
P0293,0.9,0.9,0.9,2.3595222352237224,-0.0,85.06975,-0.0493024999999999,0.04602571125,0.775,0.2249999999999999,1.0,0.05599,0.6,0.125,0.775,85.06975,7.78775
P0294,0.475,0.55,0.4,-0.1213922808461846,-0.1803442534629345,82.11625,0.3461625000000001,0.39502125025,0.85,0.15,0.9,0.0374999999999999,0.0,0.0,0.85,82.11625000000001,11.64125
P0295,0.7,0.6,0.8,1.0326790016294014,0.2752991069286739,82.51050000000001,0.125105,0.2020298474999999,0.925,0.0749999999999999,0.7,0.07442,0.0,0.0,0.925,82.51050000000001,11.15325
P0296,0.7,0.6,0.8,1.0326790016294014,0.2752991069286739,80.46624999999999,0.1046625000000001,0.22836124325,0.2,0.8,1.0,0.2653899999999999,0.8,0.0,0.2,80.46625,12.38325
P0297,0.775,0.9,0.65,1.5458674744124308,-0.4068273804056458,84.1095,0.0660949999999999,0.1710219285,0.7,0.3,0.9,0.04342,0.4,0.0,0.7,84.1095,11.31325
P0298,0.775,0.8,0.75,1.4291227687057515,-0.0770772233904988,86.74749999999999,0.0924749999999999,0.1533180205,0.475,0.525,1.0,0.0209399999999999,0.3,0.0,0.475,86.7475,10.003
P0299,0.75,0.9,0.6,1.420801511497888,-0.4693603618629172,81.365,0.0636499999999999,0.2283375675,0.35,0.65,0.8,0.06475,0.5,0.0,0.35,81.365,10.7075
P0300,0.65,0.35,0.95,1.0991274358849534,0.9156700747430464,83.69975,0.1869975,0.2591420682499999,0.2,0.8,0.9,0.12111,0.7,0.0,0.2,83.69975,10.0975
P0301,0.825,1.0,0.65,2.3468587534478487,-0.8073230199233546,84.26325,0.0176324999999999,0.12364164625,0.55,0.4499999999999999,0.9,0.0200699999999999,0.3,0.15,0.55,84.26325,8.94825
P0302,0.775,0.7,0.85,1.464622136783255,0.2351104977100735,83.31775,0.0581774999999999,0.1457705397499999,0.225,0.775,1.0,0.0437899999999999,0.7,0.05,0.225,83.31775,9.87575
P0303,0.325,0.6,0.05,-1.2241933987994962,-0.8531370932857749,83.52775,0.5102775000000002,0.52494646225,0.975,0.025,0.4,0.12237,0.2,0.075,0.975,83.52775,9.0015
P0304,0.8,0.95,0.65,1.8313401494860928,-0.5495637179424767,86.523,0.06523,0.104747453,0.45,0.55,0.9,0.06912,0.7,0.025,0.45,86.523,10.436499999999999
P0305,0.575,0.95,0.2,0.6735951849421484,-1.1284362002144488,88.7115,0.312115,0.343966403,0.575,0.425,0.6,0.08269,0.3,0.0,0.575,88.7115,10.682500000000001
P0306,0.775,0.85,0.7,1.464622136783255,-0.2351104977100735,83.07249999999999,0.0557249999999999,0.1674935585,0.825,0.175,1.0,0.0332199999999999,0.3,0.025,0.825,83.0725,10.202250000000001
P0307,0.925,0.95,0.9,2.644994910297384,-0.1427363375368309,87.94125,-0.0455875000000001,0.05708414775,0.05,0.95,1.0,0.0014399999999999,0.3,0.05,0.05,87.94125,8.062999999999999
P0308,0.85,0.85,0.85,1.934843132203402,-0.0,85.96600000000001,0.0096600000000001,0.1233320914999999,0.25,0.75,1.0,0.10239,0.0,0.0,0.25,85.966,10.75675
P0309,0.425,0.2,0.65,-0.4255322509428049,0.5788724822719721,82.15775,0.3965775000000001,0.4179361552499999,0.65,0.35,0.8,0.0792499999999999,0.1,0.025,0.65,82.15775,11.292
P0310,0.525,0.75,0.3,0.1402835902808231,-0.5673423658219656,82.9395,0.3043949999999998,0.345774217,0.525,0.475,0.6,0.08803,0.7,0.05,0.525,82.9395,10.329
P0311,0.65,0.35,0.95,1.0991274358849534,0.9156700747430464,83.4835,0.1848349999999999,0.2811312015,0.15,0.85,1.0,0.07552,0.8,0.025,0.15,83.4835,10.00525
P0312,0.575,0.75,0.4,0.3964437670763503,-0.439262277424202,83.3,0.258,0.3122925835,0.4,0.6,0.7,0.08712,0.5,0.1,0.4,83.3,10.100249999999999
P0313,0.525,0.9,0.15,0.2123395515101601,-1.073591341856781,84.64025,0.3214024999999999,0.4250513942499999,0.125,0.875,0.7,0.15366,0.6,0.0,0.125,84.64025000000001,10.040000000000001
P0314,0.6,0.7,0.5,0.497200570681554,-0.248600285340777,81.499,0.2149899999999999,0.2909786715,0.775,0.2249999999999999,0.8,0.1113799999999999,0.7,0.025,0.775,81.499,11.147
P0315,0.925,1.0,0.85,2.94817396274898,-0.506665415272789,88.8555,-0.036445,0.0717863915,0.175,0.825,1.0,0.02847,0.8,0.025,0.175,88.85549999999999,9.8215
P0316,0.825,0.75,0.9,1.8172452785742383,0.271138478324742,82.243,-0.0025699999999998,0.1493267234999999,0.125,0.875,1.0,0.10977,0.8,0.0,0.125,82.243,12.052
P0317,0.425,0.2,0.65,-0.4255322509428049,0.5788724822719721,87.279,0.4477899999999999,0.4672644760000001,0.275,0.725,0.6,0.18466,0.1,0.0,0.275,87.279,9.531
P0318,0.7,0.95,0.45,1.3455856796456809,-0.7924409528626826,83.48675,0.1348675,0.21487269725,0.3,0.7,0.8,0.0778,0.3,0.0,0.3,83.48675,10.6905
P0319,0.275,0.5,0.05,-1.465233792685523,-0.7326168963427615,86.62825000000001,0.5912825000000002,0.63511760025,0.9,0.0999999999999999,0.4,0.05083,0.1,0.0,0.9,86.62825000000001,9.963249999999999
P0320,0.2,0.2,0.2,-1.5832772154867492,-0.0,83.04025,0.6304025,0.58881307875,0.225,0.775,0.2,0.132,0.1,0.05,0.225,83.04025,9.4545
P0321,0.45,0.4,0.5,-0.2410403938860268,0.1205201969430134,71.936,0.26936,0.403340511,0.1,0.9,0.3,0.01523,0.6,0.3,0.1,71.936,9.4295
P0322,0.55,0.95,0.15,0.4978122265838219,-1.216327679393612,87.59049999999999,0.3259049999999998,0.3366732769999999,0.85,0.15,0.5,0.1278699999999999,0.4,0.075,0.85,87.59049999999999,7.71025
P0323,0.775,0.8,0.75,1.4291227687057515,-0.0770772233904988,82.5395,0.0503949999999999,0.123817098,0.2,0.8,1.0,0.05094,0.6,0.025,0.2,82.5395,10.15625
P0324,0.6,0.55,0.65,0.4857544698404118,0.1232291218803637,81.1515,0.211515,0.2811108085,0.175,0.825,1.0,0.12448,0.6,0.075,0.175,81.1515,12.440000000000001
P0325,0.6,0.6,0.6,0.4820807877720537,-0.0,82.0675,0.2206749999999999,0.289474927,0.5,0.5,0.9,0.06163,0.8,0.025,0.5,82.0675,11.54075
P0326,0.775,0.95,0.6,1.7062741865715498,-0.6120966993997481,82.97675,0.0547674999999999,0.17730430475,0.575,0.425,0.9,0.07704,0.4,0.0,0.575,82.97675000000001,10.96725
P0327,0.45,0.55,0.35,-0.2464582437607276,-0.242877234920206,83.058,0.38058,0.3689152934999999,0.55,0.4499999999999999,0.8,0.10111,0.6,0.0,0.55,83.058,11.146
P0328,0.375,0.1,0.65,-0.8136547608112916,0.7729337372062154,78.96675,0.4146674999999999,0.4022666792499999,0.275,0.725,0.8,0.14614,0.6,0.05,0.275,78.96675,11.053
P0329,0.55,0.4,0.7,0.2561601767955271,0.3691204822837904,82.66400000000002,0.27664,0.292168594,0.575,0.425,0.7,0.06189,0.5,0.025,0.575,82.664,11.05875
P0330,0.125,0.15,0.1,-2.147182683713562,-0.10616977575508,86.441,0.7394100000000001,0.713199637,0.85,0.15,0.3,0.0963299999999999,0.1,0.075,0.85,86.441,8.59925
P0331,0.95,1.0,0.9,3.16051351425914,-0.4004956395177088,89.83250000000001,-0.0516749999999999,0.033605382,0.425,0.575,1.0,0.0647,0.5,0.025,0.425,89.83250000000001,8.99775
P0332,0.525,0.9,0.15,0.2123395515101601,-1.073591341856781,81.01075,0.2851075000000002,0.29475395025,0.3,0.7,0.9,0.08431,0.2,0.1,0.3,81.01075,9.35925
P0333,0.65,0.95,0.35,1.0991274358849532,-0.9156700747430464,81.1505,0.161505,0.3093749405,0.65,0.35,0.8,0.09259,0.3,0.025,0.65,81.1505,11.41675
P0334,0.55,0.55,0.55,0.2392962260796842,-6.938893903907227e-17,82.01275000000001,0.2701274999999998,0.28616026525,0.25,0.75,0.5,0.05923,0.2,0.0,0.25,82.01275,12.991999999999999
P0335,0.425,0.65,0.2,-0.4255322509428048,-0.5788724822719722,83.39025000000001,0.4089025,0.42641658025,0.325,0.675,0.8,0.11215,0.7,0.025,0.325,83.39025000000001,11.267999999999999
P0336,0.775,0.6,0.95,1.7062741865715498,0.6120966993997481,84.79724999999999,0.0729725,0.10814937725,0.35,0.65,1.0,0.05122,0.5,0.075,0.35,84.79724999999999,9.353
P0337,0.75,0.95,0.55,1.5848819057253651,-0.6727928398228404,88.95675,0.1395675,0.1888661322499999,0.3,0.7,1.0,0.04207,0.7,0.05,0.3,88.95675,8.392
P0338,0.1,0.15,0.05,-2.432655358787224,-0.2489061132919109,85.8915,0.758915,0.6962564,0.7,0.3,0.2,0.11131,0.3,0.025,0.7,85.8915,9.28425
P0339,0.775,1.0,0.55,2.100400509687121,-0.9305521418037184,85.7035,0.0820349999999999,0.1737631345,0.9,0.0999999999999999,0.9,0.10767,0.7,0.0,0.9,85.70349999999999,9.45875
P0340,0.95,1.0,0.9,3.16051351425914,-0.4004956395177088,87.11325000000001,-0.0788675,0.0470240442499999,0.25,0.75,1.0,0.0480299999999999,0.7,0.025,0.25,87.11325000000001,8.81975
P0341,0.275,0.05,0.5,-1.465233792685523,0.7326168963427615,86.0145,0.5851449999999999,0.5740514885,0.225,0.775,0.3,0.07557,0.1,0.0,0.225,86.0145,10.241
P0342,0.075,0.0,0.15,-2.94817396274898,0.506665415272789,85.95625,0.7845625,0.71100293325,0.35,0.65,0.2,0.149,0.2,0.0,0.35,85.95625,9.37675
P0343,0.4,0.2,0.6,-0.5505982138573478,0.5163395008147007,81.35799999999999,0.4135799999999999,0.4163219045,0.7,0.3,0.7,0.16155,0.5,0.025,0.7,81.358,12.343
P0344,0.7,0.7,0.7,0.994401141363108,-0.0,81.71925000000002,0.1171925,0.24740216525,0.675,0.3249999999999999,1.0,0.10788,0.3,0.05,0.675,81.71925,11.80775
P0345,0.8,1.0,0.6,2.2217927905333057,-0.869856001380626,79.6845,-0.0031550000000001,0.161565897,0.825,0.175,0.8,0.0198999999999999,0.2,0.1,0.825,79.6845,10.071
P0346,0.775,1.0,0.55,2.100400509687121,-0.9305521418037184,86.59375,0.0909374999999999,0.15341185225,0.25,0.75,0.9,0.06045,0.6,0.0,0.25,86.59375,10.35
P0347,0.7,0.85,0.55,1.087069679141543,-0.4238867265309295,77.857,0.07857,0.2262051035,0.275,0.725,0.9,0.15488,0.6,0.0,0.275,77.857,11.727
P0348,0.775,0.95,0.6,1.7062741865715498,-0.6120966993997481,83.1635,0.0566349999999999,0.1606010895,0.325,0.675,1.0,0.0285,0.1,0.1,0.325,83.1635,11.26975
P0349,0.475,0.65,0.3,-0.1310942138809842,-0.4316534637410619,82.45975,0.3495975,0.3766305682500001,0.5,0.5,0.7,0.0968599999999999,0.3,0.0,0.5,82.45975,11.382000000000001
P0350,0.275,0.45,0.1,-1.299409230651703,-0.5300565022860095,84.3135,0.5681349999999998,0.5995864495000001,0.475,0.525,0.3,0.04505,0.0,0.125,0.475,84.3135,9.751999999999999
P0351,0.575,0.3,0.85,0.470220995420147,0.7323110683916275,80.45075,0.2295075000000001,0.30789113475,0.775,0.2249999999999999,0.6,0.1472899999999999,0.5,0.1,0.775,80.45075,9.9435
P0352,0.325,0.35,0.3,-0.8633069274821237,-0.0655471069404922,82.26450000000001,0.4976449999999999,0.500167654,0.425,0.575,0.3,0.07315,0.2,0.05,0.425,82.2645,10.09375
P0353,0.725,0.9,0.55,1.299409230651703,-0.5300565022860095,82.79225,0.1029225,0.16160985825,0.65,0.35,1.0,0.08697,0.7,0.025,0.65,82.79225,11.0555
P0354,0.6,0.95,0.25,0.8277496317231459,-1.0513589768239502,87.52325,0.2752324999999999,0.32080417175,0.5,0.5,0.7,0.08645,0.6,0.05,0.5,87.52324999999999,9.27
P0355,0.55,0.55,0.55,0.2392962260796842,-6.938893903907227e-17,80.90525,0.2590524999999999,0.30406166175,0.475,0.525,0.8,0.0144,0.3,0.1,0.475,80.90525,10.94025
P0356,0.725,1.0,0.45,1.8611042836074367,-1.0502002548435605,85.1425,0.1264250000000001,0.2192206095,0.375,0.625,0.9,0.10123,0.8,0.0,0.375,85.1425,10.16675
P0357,0.375,0.2,0.55,-0.6719904947035326,0.4556433603916083,81.542,0.4404199999999999,0.4922299395,0.1,0.9,0.2,0.12943,0.1,0.075,0.1,81.542,10.927
P0358,0.525,0.25,0.8,0.1541544467809976,0.7145613843528758,81.54225,0.2904225,0.29538739875,0.275,0.725,0.7,0.03064,0.4,0.025,0.275,81.54225,11.931999999999999
P0359,0.4,0.65,0.15,-0.6013152093011312,-0.6667639614511354,82.78999999999999,0.4278999999999999,0.457000338,0.1,0.9,0.5,0.09695,0.7,0.075,0.1,82.78999999999999,9.7995
P0360,0.425,0.7,0.15,-0.470220995420147,-0.7323110683916275,80.61975,0.3811975,0.4301993087499999,0.1,0.9,0.9,0.09257,0.4,0.075,0.1,80.61975,10.587
P0361,0.975,1.0,0.95,3.445986189332802,-0.2577593019808779,89.9495,-0.075505,0.030444807,0.375,0.625,1.0,0.04484,0.5,0.025,0.375,89.9495,8.3935
P0362,0.625,0.9,0.35,0.8136547608112914,-0.7729337372062155,83.333,0.2083299999999999,0.2955735674999999,0.875,0.125,0.8,0.09017,0.8,0.025,0.875,83.333,10.818000000000001
P0363,0.625,0.35,0.9,0.8136547608112916,0.7729337372062154,83.574,0.21074,0.282716088,0.25,0.75,0.6,0.04815,0.6,0.025,0.25,83.574,9.52525
P0364,0.15,0.1,0.2,-1.971399725355236,0.1940612549342433,86.11425,0.7111425,0.6560518287500001,0.45,0.55,0.3,0.1657599999999999,0.7,0.0,0.45,86.11425,9.716750000000001
P0365,0.55,0.45,0.65,0.2464582437607276,0.2428772349202058,77.3365,0.2233649999999999,0.2921404485,0.0,1.0,0.8,0.08911,0.2,0.1,0.0,77.3365,12.62075
P0366,0.525,0.75,0.3,0.1402835902808231,-0.5673423658219656,84.081,0.3158099999999999,0.3278705035,0.675,0.3249999999999999,0.8,0.05704,0.3,0.0,0.675,84.08099999999999,12.0815
P0367,0.725,0.75,0.7,1.1346847316439312,-0.0701417951404115,80.7445,0.0824449999999998,0.144126345,0.1,0.9,0.9,0.07569,0.8,0.1,0.1,80.7445,9.9465
P0368,0.825,0.95,0.7,1.962434363367077,-0.4840166110019844,81.06625,-0.0143375,0.12137333825,0.7,0.3,0.9,-0.04368,0.1,0.175,0.7,81.06625,8.8355
P0369,0.7,0.8,0.6,1.0326790016294014,-0.2752991069286739,80.57625,0.1057625000000002,0.23383781975,0.2,0.8,0.6,0.09423,0.2,0.0,0.2,80.57625,11.65175
P0370,0.95,1.0,0.9,3.16051351425914,-0.4004956395177088,91.4235,-0.0357649999999999,0.041717156,0.3,0.7,0.9,0.02417,0.5,0.0,0.3,91.4235,8.89
P0371,0.775,0.9,0.65,1.5458674744124308,-0.4068273804056458,80.44625,0.0294624999999999,0.18802425975,0.225,0.775,0.9,0.07408,0.1,0.1,0.225,80.44624999999999,10.9955
P0372,0.325,0.15,0.5,-0.967421566101701,0.4837107830508505,77.61675,0.4511675,0.39151085825,0.475,0.525,0.7,0.17947,0.4,0.0,0.475,77.61675,12.1525
P0373,0.75,1.0,0.5,1.9807523966472789,-0.9903761983236394,81.52325,0.0652325000000001,0.1561499512499999,0.925,0.0749999999999999,0.6,0.04258,0.1,0.175,0.925,81.52324999999999,9.241
P0374,0.8,0.85,0.75,1.604905727064078,-0.164968702569662,80.41425000000001,0.0041424999999999,0.1492730032499999,0.3,0.7,1.0,0.0833899999999999,0.7,0.1,0.3,80.41425000000001,9.97325
P0375,0.45,0.55,0.35,-0.2464582437607276,-0.242877234920206,80.82775,0.3582774999999999,0.38672639075,0.225,0.775,0.8,0.07001,0.1,0.025,0.225,80.82775000000001,11.8735
P0376,0.775,0.55,1.0,2.100400509687121,0.9305521418037184,82.0525,0.0455249999999999,0.1927180089999999,0.35,0.65,0.7,0.01408,0.2,0.1,0.35,82.0525,10.58925
P0377,0.4,0.2,0.6,-0.5505982138573478,0.5163395008147007,77.83624999999999,0.3783624999999999,0.41638638675,0.075,0.925,0.8,0.10258,0.5,0.075,0.075,77.83624999999999,10.81825
P0378,0.6,0.75,0.45,0.517836047922535,-0.3785661370011096,80.46875,0.2046875,0.28670081225,0.175,0.825,0.8,0.12535,0.1,0.0,0.175,80.46875,12.067
P0379,0.525,0.7,0.35,0.1310942138809842,-0.4316534637410619,79.881,0.2738099999999999,0.3868994205,0.4,0.6,0.6,0.08885,0.1,0.05,0.4,79.881,12.102
P0380,0.65,0.85,0.45,0.8477734530618589,-0.5435348395707716,82.0645,0.170645,0.2659331049999999,0.125,0.875,0.7,0.05954,0.6,0.025,0.125,82.0645,11.387
P0381,0.9,0.95,0.85,2.432655358787224,-0.2489061132919109,86.94675,-0.0305324999999999,0.09468564925,0.175,0.825,0.9,0.0436,0.4,0.0,0.175,86.94675,9.983
P0382,0.375,0.25,0.5,-0.6374841609623769,0.3187420804811884,74.9405,0.374405,0.438655857,0.3,0.7,0.6,0.0717899999999999,0.2,0.475,0.3,74.9405,8.13075
P0383,0.35,0.15,0.55,-0.847773453061859,0.5435348395707715,80.60725,0.4560725,0.48372031275,0.375,0.625,0.5,0.03303,0.3,0.1,0.375,80.60725,10.031749999999999
P0384,0.55,0.75,0.35,0.2713778041618073,-0.5017952588814735,77.53150000000001,0.2253149999999999,0.3303348165,0.575,0.425,1.0,0.0935799999999999,0.3,0.125,0.575,77.53150000000001,11.24
P0385,0.75,0.65,0.85,1.3335279229022707,0.3006576046505656,79.82925,0.0482924999999999,0.18007503675,0.775,0.2249999999999999,0.7,0.05375,0.2,0.0,0.775,79.82925,11.6345
P0386,0.9,0.95,0.85,2.432655358787224,-0.2489061132919109,84.23875000000001,-0.0576124999999999,0.07309037425,0.675,0.3249999999999999,1.0,0.03479,0.5,0.075,0.675,84.23875000000001,10.083
P0387,0.45,0.4,0.5,-0.2410403938860268,0.1205201969430134,85.412,0.40412,0.4622760575,0.95,0.05,0.7,0.13393,0.6,0.0,0.95,85.412,10.6715
P0388,0.55,0.6,0.5,0.2410403938860268,-0.1205201969430134,76.7835,0.217835,0.2666653995,0.525,0.475,0.9,0.06615,0.4,0.125,0.525,76.7835,11.9345
P0389,0.8,0.85,0.75,1.604905727064078,-0.164968702569662,81.72925000000001,0.0172924999999999,0.12061794375,0.125,0.875,1.0,0.03578,0.5,0.025,0.125,81.72925000000001,11.8365
P0390,0.425,0.55,0.3,-0.3775524576417118,-0.3084243418606981,78.99300000000001,0.36493,0.4337987375,0.7,0.3,0.6,0.02781,0.0,0.025,0.7,78.993,11.38975
P0391,0.85,0.85,0.85,1.934843132203402,-0.0,84.5525,-0.004475,0.083601394,0.325,0.675,1.0,0.03759,0.8,0.15,0.325,84.5525,8.183
P0392,0.55,0.6,0.5,0.2410403938860268,-0.1205201969430134,80.52125,0.2552124999999999,0.29707837775,0.575,0.425,1.0,0.15807,0.7,0.025,0.575,80.52125,11.96575
P0393,0.375,0.3,0.45,-0.6168486837213962,0.1887762288208559,79.55799999999999,0.4205799999999999,0.4744167624999999,0.475,0.525,0.7,0.05151,0.1,0.05,0.475,79.558,10.19325
P0394,0.6,0.95,0.25,0.8277496317231459,-1.0513589768239502,86.63975,0.2663975,0.32308701925,0.325,0.675,0.7,0.11303,0.8,0.075,0.325,86.63975,9.7175
P0395,0.9,1.0,0.8,2.772391004390653,-0.5945568944519521,80.631,-0.0936899999999999,0.1353215305,0.825,0.175,1.0,0.07715,0.6,0.0,0.825,80.631,9.061499999999999
P0396,0.5,0.45,0.55,0.0,0.119648113039842,81.1425,0.311425,0.3775716249999999,0.725,0.275,0.9,0.13731,0.7,0.05,0.725,81.1425,11.7075
P0397,0.25,0.2,0.3,-1.288839178424929,0.1472190185309102,85.16075,0.6016075000000001,0.59398734775,0.35,0.65,0.3,0.22912,0.0,0.025,0.35,85.16075,10.388250000000001
P0398,0.45,0.55,0.35,-0.2464582437607276,-0.242877234920206,75.78075,0.3078074999999999,0.32121215625,0.125,0.875,0.5,0.08995,0.1,0.175,0.125,75.78075,9.74225
P0399,0.825,0.85,0.8,1.7590601738450755,-0.0878914791791632,82.76849999999999,0.002685,0.1430079034999999,0.325,0.675,0.9,0.10276,0.3,0.0,0.325,82.76849999999999,11.54925
P0400,0.8,0.85,0.75,1.604905727064078,-0.164968702569662,85.80574999999999,0.0580574999999998,0.15869060775,0.675,0.3249999999999999,1.0,0.03107,0.4,0.025,0.675,85.80575,10.49225
P0401,0.975,1.0,0.95,3.445986189332802,-0.2577593019808779,92.61875,-0.0488125,0.02133286325,0.4,0.6,1.0,0.02693,0.8,0.0,0.4,92.61875,7.88275
P0402,0.65,0.9,0.4,0.9387207237258344,-0.710400755748944,83.571,0.1857099999999999,0.2404913845,0.425,0.575,0.7,0.09789,0.4,0.05,0.425,83.571,11.17925
P0403,0.825,0.95,0.7,1.962434363367077,-0.4840166110019844,81.76175,-0.0073824999999998,0.0986447837499999,0.375,0.625,0.9,0.00147,0.9,0.275,0.375,81.76174999999999,7.051
P0404,0.775,0.9,0.65,1.5458674744124308,-0.4068273804056458,81.49249999999999,0.0399249999999998,0.1546892789999999,0.575,0.425,0.9,0.03652,0.5,0.025,0.575,81.49249999999999,12.01875
P0405,0.275,0.15,0.4,-1.208461959987728,0.3631905861078371,83.32875,0.5582874999999999,0.59347649425,0.675,0.3249999999999999,0.3,0.11004,0.7,0.0,0.675,83.32875,10.556000000000001
P0406,1.0,1.0,1.0,3.9615047932945577,-0.0,91.61075,-0.0838924999999999,0.01390478525,0.4,0.6,1.0,0.04972,1.0,0.025,0.4,91.61075,8.37175
P0407,0.575,0.7,0.45,0.3775524576417118,-0.3084243418606981,78.928,0.21428,0.292407848,0.625,0.375,0.7,0.03689,0.4,0.3,0.625,78.928,7.902500000000001
P0408,0.275,0.4,0.15,-1.208461959987728,-0.3631905861078371,81.85425000000001,0.5435425,0.52339185225,0.65,0.35,0.5,0.10002,0.5,0.025,0.65,81.85425000000001,10.795
P0409,0.775,0.8,0.75,1.4291227687057515,-0.0770772233904988,85.0125,0.0751249999999998,0.158137291,0.15,0.85,1.0,0.05631,0.9,0.0,0.15,85.0125,9.98925
P0410,0.8,0.9,0.7,1.6769616882934153,-0.3412802734651535,78.88225,-0.0111775,0.1907798047499999,0.325,0.675,0.9,0.04213,0.5,0.05,0.325,78.88225,12.084999999999999
P0411,0.775,0.55,1.0,2.100400509687121,0.9305521418037184,84.8595,0.0735949999999998,0.1759456785,0.3,0.7,1.0,0.06281,0.6,0.025,0.3,84.8595,10.01425
P0412,0.45,0.3,0.6,-0.2561601767955271,0.3691204822837904,83.027,0.3802700000000001,0.394002586,0.15,0.85,0.7,0.0897999999999999,0.2,0.025,0.15,83.027,10.52375
P0413,0.6,0.75,0.45,0.517836047922535,-0.3785661370011096,84.38025,0.2438025,0.37010969375,0.75,0.25,0.7,0.0420699999999999,0.8,0.0,0.75,84.38025,10.870999999999999
P0414,0.575,0.7,0.45,0.3775524576417118,-0.3084243418606981,79.82475,0.2232475000000001,0.27010743525,0.625,0.375,0.8,0.02832,0.4,0.075,0.625,79.82475000000001,10.56625
P0415,0.425,0.6,0.25,-0.3964437670763503,-0.439262277424202,79.33225,0.3683225,0.40931433075,0.575,0.425,0.9,0.15943,0.4,0.2,0.575,79.33225,9.49125
P0416,0.4,0.45,0.35,-0.4857544698404118,-0.1232291218803638,78.63425,0.3863425,0.42266965925,0.625,0.375,0.8,0.06705,0.0,0.15,0.625,78.63425,10.388
P0417,0.425,0.55,0.3,-0.3775524576417118,-0.3084243418606981,79.87275,0.3737275,0.42127005175,0.925,0.0749999999999999,0.6,0.0615299999999999,0.2,0.075,0.925,79.87275,11.394499999999999
P0418,0.475,0.85,0.1,-0.2123395515101601,-1.073591341856781,85.75275,0.3825275000000001,0.4150574597499999,0.25,0.75,0.5,0.11047,0.4,0.0,0.25,85.75275,10.30825
P0419,0.325,0.15,0.5,-0.967421566101701,0.4837107830508505,82.20725,0.4970725,0.45256219225,0.3,0.7,0.7,0.20861,0.0,0.0,0.3,82.20725,10.26925
P0420,0.325,0.2,0.45,-0.9112867207832168,0.3359952473517662,81.36325000000001,0.4886324999999999,0.48265812775,0.075,0.925,0.2,0.0300199999999999,0.2,0.05,0.075,81.36325000000001,10.60075
P0421,0.975,1.0,0.95,3.445986189332802,-0.2577593019808779,84.437,-0.13063,0.0506288294999999,0.325,0.675,1.0,0.05483,0.8,0.05,0.325,84.437,9.13225
P0422,0.675,0.7,0.65,0.8633069274821237,-0.0655471069404922,82.09675,0.1459675,0.22687161875,0.525,0.475,1.0,0.07281,0.8,0.0,0.525,82.09675,11.365
P0423,0.525,0.9,0.15,0.2123395515101601,-1.073591341856781,85.00125,0.3250125,0.4161601627499999,0.375,0.625,0.5,0.0938,0.3,0.0,0.375,85.00125,10.86125
P0424,0.6,0.9,0.3,0.6825605469303071,-0.8384808441467076,80.48375000000001,0.2048375,0.32305877875,0.45,0.55,0.6,0.08063,0.6,0.1,0.45,80.48375,10.09975
P0425,0.725,0.55,0.9,1.299409230651703,0.5300565022860095,82.40475,0.0990475,0.1673964997499999,0.6,0.4,1.0,0.09368,0.6,0.025,0.6,82.40475,11.3615
P0426,0.9,0.9,0.9,2.3595222352237224,-0.0,86.43275,-0.0356725000000001,0.04551620875,0.375,0.625,1.0,-0.01495,1.0,0.1,0.375,86.43275,7.672
P0427,0.55,0.8,0.3,0.2944380370618205,-0.6444195892124643,82.68775000000001,0.2768774999999999,0.32431454075,0.25,0.75,0.6,0.03627,0.3,0.075,0.25,82.68775000000001,10.866249999999999
P0428,0.425,0.55,0.3,-0.3775524576417118,-0.3084243418606981,82.013,0.39513,0.4274150855,0.25,0.75,0.9,0.15061,0.4,0.075,0.25,82.013,10.8865
P0429,0.55,0.75,0.35,0.2713778041618073,-0.5017952588814735,80.83425,0.2583424999999999,0.32668235475,0.1,0.9,0.8,0.10959,0.0,0.05,0.1,80.83425,10.5285
P0430,0.15,0.25,0.05,-2.1027179536479,-0.413874815861573,87.97025,0.7297025000000001,0.71757591925,1.0,0.0,0.1,0.11377,0.1,0.05,1.0,87.97025,7.52125
P0431,0.15,0.05,0.25,-2.1027179536479004,0.4138748158615729,84.97725,0.6997724999999999,0.68138329175,0.375,0.625,0.1,0.07791,0.2,0.15,0.375,84.97725,9.04075
P0432,0.975,1.0,0.95,3.445986189332802,-0.2577593019808779,89.881,-0.07619,0.0303336739999999,0.225,0.775,1.0,0.02206,0.7,0.0,0.225,89.881,8.86525
P0433,0.6,0.8,0.4,0.5505982138573478,-0.5163395008147007,83.22375,0.2322375000000001,0.29808454225,0.35,0.65,0.7,0.1314999999999999,0.7,0.0,0.35,83.22375,11.99675
P0434,0.425,0.55,0.3,-0.3775524576417118,-0.3084243418606981,82.13699999999999,0.3963699999999999,0.484614789,0.7,0.3,0.3,0.13278,0.3,0.1,0.7,82.137,9.8935
P0435,0.7,1.0,0.4,1.739712002761252,-1.1108963952666528,86.85225,0.1685224999999999,0.20122546775,0.3,0.7,0.8,0.08529,0.6,0.0,0.3,86.85225,10.3345
P0436,0.475,0.45,0.5,-0.119648113039842,0.059824056519921,77.186,0.2968599999999999,0.3890162794999999,0.225,0.775,0.6,0.053,0.3,0.15,0.225,77.186,11.254000000000001
P0437,0.95,1.0,0.9,3.16051351425914,-0.4004956395177088,94.437,-0.00563,0.0319063224999999,0.525,0.475,1.0,0.0350899999999999,1.0,0.0,0.525,94.437,7.711
P0438,0.65,0.65,0.65,0.7322127136011394,-8.326672684688674e-17,78.59675,0.1359675000000001,0.2402418897499999,0.175,0.825,0.9,0.15948,0.5,0.0,0.175,78.59675,12.34225
P0439,0.425,0.5,0.35,-0.3661063568005698,-0.1830531784002849,80.095,0.37595,0.40308093,0.4,0.6,0.8,0.13577,0.2,0.025,0.4,80.095,10.995000000000001
P0440,0.975,1.0,0.95,3.445986189332802,-0.2577593019808779,93.93475,-0.0356525,0.0157220427499999,0.35,0.65,1.0,0.01763,0.7,0.025,0.35,93.93475,5.908250000000001
P0441,0.825,0.8,0.85,1.7590601738450755,0.0878914791791632,84.10625,0.0160624999999999,0.12179163975,0.55,0.4499999999999999,1.0,0.04752,0.2,0.025,0.55,84.10625,11.2765
P0442,0.7,0.9,0.5,1.1797611176118612,-0.5898805588059306,82.82725,0.1282725,0.20136619525,0.3,0.7,0.9,0.06208,0.3,0.025,0.3,82.82725,11.463249999999999
P0443,0.5,0.2,0.8,0.0,0.7916386077433746,82.9015,0.329015,0.3665903769999999,0.35,0.65,0.6,0.09984,0.6,0.025,0.35,82.9015,10.40325
P0444,0.6,0.85,0.35,0.6013152093011312,-0.6667639614511354,85.2595,0.2525950000000002,0.3100477849999999,0.55,0.4499999999999999,0.6,0.0523099999999999,0.3,0.0,0.55,85.2595,10.852250000000002
P0445,0.725,0.85,0.6,1.208461959987728,-0.3631905861078371,82.7735,0.102735,0.1897107235,0.15,0.85,1.0,0.05459,0.1,0.025,0.15,82.7735,11.712250000000001
P0446,1.0,1.0,1.0,3.9615047932945577,-0.0,94.3845,-0.0561549999999998,0.0118211504999999,0.1,0.9,1.0,0.0261199999999999,0.9,0.05,0.1,94.3845,7.46075
P0447,0.55,0.85,0.25,0.3299374051393239,-0.8024528635320392,80.1975,0.2519749999999999,0.330993811,0.85,0.15,0.8,0.0733299999999999,0.7,0.025,0.85,80.1975,10.9505
P0448,0.675,0.95,0.4,1.2241933987994962,-0.8531370932857749,82.5135,0.1501349999999998,0.263801259,0.4,0.6,1.0,0.25477,0.9,0.1,0.4,82.5135,10.14875
P0449,0.3,0.25,0.35,-1.0035905177629467,0.1356889020809035,78.39925000000001,0.4839925000000001,0.51084315525,0.725,0.275,0.1,0.072,0.3,0.35,0.725,78.39925000000001,8.11975
P0450,0.675,0.95,0.4,1.2241933987994962,-0.8531370932857749,84.39025000000001,0.1689025,0.2457883972499999,0.525,0.475,0.8,0.07196,0.6,0.025,0.525,84.39025000000001,9.6005
P0451,0.85,1.0,0.7,2.4779529673288327,-0.7417759129828624,85.81125,0.0081125,0.1180975027499999,0.45,0.55,1.0,0.0657,0.1,0.05,0.45,85.81125,9.85625
P0452,0.425,0.6,0.25,-0.3964437670763503,-0.439262277424202,80.4265,0.379265,0.381847777,0.525,0.475,0.7,0.12906,0.1,0.0,0.525,80.4265,12.0325
P0453,0.625,0.7,0.55,0.6168486837213961,-0.188776228820856,83.18875,0.2068875,0.25934421575,0.1,0.9,1.0,0.11471,0.6,0.025,0.1,83.18875,12.27425
P0454,0.45,0.75,0.15,-0.3299374051393239,-0.8024528635320392,82.81625,0.3781624999999998,0.45446184375,0.85,0.15,0.4,0.0944499999999999,0.6,0.0,0.85,82.81625,11.465
P0455,0.225,0.3,0.15,-1.464622136783255,-0.2351104977100735,85.3295,0.6282949999999999,0.588423836,0.075,0.925,0.2,0.19907,0.3,0.05,0.075,85.3295,10.571250000000001
P0456,0.425,0.75,0.1,-0.542276956649484,-0.9086226392871192,84.44875,0.4194874999999999,0.4525539937499999,0.425,0.575,0.3,0.2220099999999999,0.2,0.0,0.425,84.44874999999999,10.95425
P0457,0.15,0.2,0.1,-1.971399725355236,-0.1940612549342433,85.50675,0.7050674999999998,0.67360033475,0.525,0.475,0.3,0.09051,0.3,0.025,0.525,85.50675,8.387
P0458,0.65,0.85,0.45,0.8477734530618589,-0.5435348395707716,81.988,0.16988,0.2774697064999999,0.5,0.5,0.9,0.1195799999999999,0.3,0.025,0.5,81.988,11.55575
P0459,1.0,1.0,1.0,3.9615047932945577,-0.0,93.16275,-0.0683725,0.01282492275,0.375,0.625,1.0,0.0663499999999999,0.8,0.025,0.375,93.16275,7.203
P0460,0.95,0.95,0.95,2.930467585371046,-0.0,85.061,-0.0993899999999999,0.0522281635,0.125,0.875,1.0,0.04337,0.3,0.025,0.125,85.061,10.9055
P0461,0.65,0.65,0.65,0.7322127136011394,-8.326672684688674e-17,80.32975000000002,0.1532974999999999,0.17656119475,0.425,0.575,0.6,0.05997,0.8,0.075,0.425,80.32975,11.25475
P0462,0.175,0.35,0.0,-2.3468587534478487,-0.8073230199233546,90.6955,0.7319549999999999,0.7530922889999999,0.7,0.3,0.4,0.05768,0.1,0.0,0.7,90.69550000000001,8.349
P0463,0.55,0.65,0.45,0.2464582437607276,-0.242877234920206,79.5235,0.2452349999999998,0.3333157765,0.175,0.825,0.8,0.1166099999999999,0.1,0.025,0.175,79.5235,12.3875
P0464,0.925,0.95,0.9,2.644994910297384,-0.1427363375368309,86.45275,-0.0604725,0.06420733225,0.05,0.95,1.0,0.08109,0.5,0.0,0.05,86.45275000000001,10.196250000000001
P0465,0.875,0.85,0.9,2.147182683713562,0.10616977575508,82.3625,-0.0513749999999999,0.0977927255,0.35,0.65,1.0,0.0224799999999999,0.3,0.1,0.35,82.3625,10.43975
P0466,0.45,0.3,0.6,-0.2561601767955271,0.3691204822837904,81.21700000000001,0.36217,0.3673533685,0.7,0.3,1.0,0.22557,0.3,0.0,0.7,81.217,12.05725
P0467,0.475,0.35,0.6,-0.1250659629145427,0.3035733753432982,81.68,0.3418000000000001,0.398749263,0.625,0.375,0.6,0.2329399999999999,1.0,0.1,0.625,81.67999999999999,10.43875
P0468,0.75,0.65,0.85,1.3335279229022707,0.3006576046505656,81.57775000000001,0.0657775,0.1570297152499999,0.225,0.775,1.0,0.0917699999999999,0.5,0.025,0.225,81.57775000000001,12.066500000000001
P0469,0.575,0.95,0.2,0.6735951849421484,-1.1284362002144488,85.1075,0.276075,0.3561301405,0.625,0.375,0.8,0.09701,0.2,0.0,0.625,85.1075,10.69875
P0470,0.725,0.95,0.5,1.465233792685523,-0.7326168963427615,82.68599999999999,0.1018599999999999,0.2259433449999999,0.075,0.925,0.9,0.02187,0.4,0.025,0.075,82.686,10.553749999999999
P0471,0.45,0.1,0.8,-0.3881225098684866,0.985699862677618,85.2645,0.4026450000000001,0.4477638065000001,0.35,0.65,0.3,0.07722,0.7,0.025,0.35,85.2645,10.2515
P0472,0.6,0.9,0.3,0.6825605469303071,-0.8384808441467076,84.18175,0.2418175,0.3394631437499999,0.95,0.05,0.7,0.05624,0.2,0.05,0.95,84.18175,10.7375
P0473,0.875,1.0,0.75,2.618236557609656,-0.671634117842451,90.397,0.0289699999999999,0.0846869135,0.175,0.825,1.0,0.03618,0.5,0.0,0.175,90.397,8.100249999999999
P0474,0.125,0.05,0.2,-2.2568724004288976,0.3367975924710742,86.56675,0.7406675,0.68269949525,0.575,0.425,0.3,0.0438799999999999,0.1,0.0,0.575,86.56675,9.5545
P0475,0.775,1.0,0.55,2.100400509687121,-0.9305521418037184,84.59175,0.0709174999999998,0.18212979325,0.525,0.475,0.9,0.0961499999999999,0.4,0.0,0.525,84.59175,11.291500000000001
P0476,0.8,0.85,0.75,1.604905727064078,-0.164968702569662,80.96399999999998,0.00964,0.157008163,0.425,0.575,0.9,0.06226,0.3,0.125,0.425,80.964,9.60675
P0477,0.95,1.0,0.9,3.16051351425914,-0.4004956395177088,87.452,-0.0754799999999998,0.0435064365,0.275,0.725,1.0,0.01749,0.7,0.025,0.275,87.452,10.26675
P0478,0.875,1.0,0.75,2.618236557609656,-0.671634117842451,86.6735,-0.0082649999999999,0.085225468,0.725,0.275,1.0,0.05803,0.4,0.025,0.725,86.6735,9.3465
P0479,0.5,0.35,0.65,0.0,0.3661063568005696,81.94725000000001,0.3194725,0.35987590725,0.4,0.6,0.6,0.14966,0.8,0.025,0.4,81.94725,12.25175
P0480,0.9,0.9,0.9,2.3595222352237224,-0.0,85.63225,-0.0436775000000001,0.0667375377499999,0.325,0.675,1.0,0.0501,0.7,0.1,0.325,85.63225,9.50175
P0481,0.3,0.45,0.15,-1.087069679141543,-0.4238867265309295,84.775,0.5477500000000002,0.577650471,0.35,0.65,0.2,0.0366999999999999,0.2,0.05,0.35,84.775,10.0845
P0482,0.575,0.8,0.35,0.4255322509428048,-0.5788724822719722,83.41375000000001,0.2591375,0.34357256725,0.55,0.4499999999999999,0.8,0.1216799999999999,0.6,0.075,0.55,83.41375000000001,10.315000000000001
P0483,0.625,0.65,0.6,0.6071467506865966,-0.0625329814572714,79.12525,0.1662524999999999,0.30183432475,0.525,0.475,1.0,0.04549,0.4,0.1,0.525,79.12525000000001,11.628499999999999
P0484,0.975,0.95,1.0,3.445986189332802,0.2577593019808779,88.23775,-0.0926225,0.03672599275,0.3,0.7,1.0,0.07504,1.0,0.0,0.3,88.23774999999999,8.99225
P0485,0.5,0.15,0.85,0.0,0.967421566101701,81.716,0.31716,0.3411360315,0.475,0.525,0.7,0.10611,0.9,0.025,0.475,81.716,10.2715
P0486,0.125,0.2,0.05,-2.2568724004288976,-0.3367975924710742,81.27525,0.6877524999999999,0.61914067225,0.55,0.4499999999999999,0.5,0.16779,0.4,0.05,0.55,81.27525,10.6725
P0487,0.9,0.85,0.95,2.432655358787224,0.2489061132919109,84.80675,-0.0519325,0.07412491275,0.1,0.9,1.0,0.02732,0.6,0.025,0.1,84.80675,11.242999999999999
P0488,0.725,0.65,0.8,1.1577449645439444,0.2127661254714024,81.02725000000001,0.0852724999999999,0.20117450875,0.525,0.475,0.7,0.03329,0.1,0.025,0.525,81.02725000000001,11.184000000000001
P0489,0.75,0.65,0.85,1.3335279229022707,0.3006576046505656,86.2025,0.112025,0.1721951945,0.25,0.75,1.0,0.05208,0.2,0.025,0.25,86.2025,10.677249999999999
P0490,0.425,0.65,0.2,-0.4255322509428048,-0.5788724822719722,80.67475,0.3817474999999999,0.3750873142499999,0.3,0.7,0.8,0.13022,0.3,0.1,0.3,80.67474999999999,10.76125
P0491,0.775,0.65,0.9,1.545867474412431,0.4068273804056457,82.44675,0.0494675000000001,0.14097644625,0.05,0.95,0.7,0.0985099999999999,0.6,0.05,0.05,82.44675,11.4885
P0492,0.8,0.7,0.9,1.6769616882934153,0.3412802734651535,82.41425,0.0241424999999999,0.14111603375,0.725,0.275,1.0,0.02142,0.3,0.05,0.725,82.41425000000001,11.14575
P0493,0.775,1.0,0.55,2.100400509687121,-0.9305521418037184,88.97774999999999,0.1147774999999998,0.1374089547499999,0.05,0.95,1.0,0.09437,0.4,0.0,0.05,88.97775,8.9075
P0494,0.55,0.7,0.4,0.2561601767955271,-0.3691204822837904,79.50475,0.2450474999999999,0.34903155225,0.85,0.15,0.8,0.09407,0.1,0.05,0.85,79.50475,12.751999999999999
P0495,0.875,0.9,0.85,2.147182683713562,-0.10616977575508,84.5675,-0.029325,0.082352997,0.725,0.275,1.0,0.06645,0.7,0.075,0.725,84.5675,9.39325
P0496,0.975,0.95,1.0,3.445986189332802,0.2577593019808779,94.0005,-0.034995,0.0113472115,0.35,0.65,1.0,0.01636,0.7,0.025,0.35,94.0005,7.36575
P0497,0.325,0.25,0.4,-0.8785245548484037,0.198221883538175,78.20599999999999,0.4570599999999999,0.4063073575000001,0.45,0.55,0.3,0.1188899999999999,0.6,0.05,0.45,78.206,11.5595
P0498,0.25,0.35,0.15,-1.3335279229022707,-0.3006576046505657,83.974,0.5897400000000002,0.5710803015,0.425,0.575,0.3,0.09474,0.3,0.0,0.425,83.974,10.97575
P0499,0.725,0.55,0.9,1.299409230651703,0.5300565022860095,80.8145,0.083145,0.1704407459999999,0.425,0.575,1.0,0.08473,0.2,0.1,0.425,80.8145,10.4175
P0500,0.675,1.0,0.35,1.614646039846709,-1.1734293767239243,84.36025,0.1686025,0.28288235375,0.5,0.5,0.6,0.12501,0.4,0.05,0.5,84.36025,9.003499999999999
P0501,0.325,0.6,0.05,-1.2241933987994962,-0.8531370932857749,85.06275000000001,0.5256274999999999,0.51854154875,0.625,0.375,0.3,0.09181,0.1,0.0,0.625,85.06275000000001,9.99875
P0502,0.55,1.0,0.1,0.8009912790354177,-1.58025675712957,90.52825,0.3552824999999999,0.40423435525,0.325,0.675,0.6,0.15402,0.4,0.025,0.325,90.52825,8.68575
P0503,0.3,0.4,0.2,-1.0326790016294014,-0.2752991069286739,83.43325,0.5343325000000001,0.53923675475,0.15,0.85,0.8,0.12113,0.1,0.0,0.15,83.43325,11.54025
P0504,0.6,0.95,0.25,0.8277496317231459,-1.0513589768239502,83.599,0.23599,0.2923249635,0.775,0.2249999999999999,0.8,0.10867,0.5,0.075,0.775,83.599,11.19275
P0505,0.375,0.6,0.15,-0.7263811722156742,-0.604230979993864,81.494,0.43994,0.4370232254999999,0.725,0.275,0.8,0.05308,0.4,0.0,0.725,81.494,10.32525
P0506,0.95,0.9,1.0,3.16051351425914,0.4004956395177088,82.24575,-0.1275425,0.06974465175,0.55,0.4499999999999999,1.0,0.0268,0.2,0.025,0.55,82.24575,9.1795
P0507,0.9,1.0,0.8,2.772391004390653,-0.5945568944519521,87.62325000000001,-0.0237674999999999,0.09915547025,0.325,0.675,1.0,0.07884,0.3,0.0,0.325,87.62325,9.44575
P0508,0.775,0.7,0.85,1.464622136783255,0.2351104977100735,81.464,0.03964,0.1367216285,0.15,0.85,1.0,-0.0500399999999999,0.6,0.375,0.15,81.464,7.77975
P0509,0.65,0.4,0.9,0.9387207237258344,0.710400755748944,83.12424999999999,0.1812425,0.2655897762499999,0.6,0.4,0.8,0.11368,0.6,0.0,0.6,83.12424999999999,11.502500000000001
P0510,0.975,0.95,1.0,3.445986189332802,0.2577593019808779,89.4875,-0.0801249999999998,0.024566986,0.525,0.475,0.9,0.01168,0.8,0.0,0.525,89.4875,8.58425
P0511,0.625,0.65,0.6,0.6071467506865966,-0.0625329814572714,81.93475,0.1943474999999999,0.24712046425,0.2,0.8,1.0,0.16601,0.6,0.05,0.2,81.93475,12.090250000000001
P0512,0.575,0.7,0.45,0.3775524576417118,-0.3084243418606981,82.9645,0.254645,0.3264680614999999,0.125,0.875,1.0,0.12786,0.5,0.0,0.125,82.9645,12.083
P0513,0.475,0.45,0.5,-0.119648113039842,0.059824056519921,78.79225,0.3129225,0.36766097275,0.45,0.55,0.8,0.0704399999999999,0.5,0.05,0.45,78.79225,10.937000000000001
P0514,0.55,0.2,0.9,0.3881225098684866,0.985699862677618,85.6495,0.3064949999999999,0.3769225895,0.55,0.4499999999999999,0.6,0.10146,0.2,0.025,0.55,85.6495,9.934999999999999
P0515,0.8,0.9,0.7,1.6769616882934153,-0.3412802734651535,81.233,0.0123299999999999,0.1096859075,0.1,0.9,1.0,0.06386,1.0,0.15,0.1,81.233,10.12275
P0516,0.25,0.25,0.25,-1.274968321924754,-1.1102230246251563e-16,79.90174999999999,0.5490174999999999,0.5069615437499999,0.5,0.5,0.5,0.1373,0.2,0.1,0.5,79.90175,11.2865
P0517,0.575,0.8,0.35,0.4255322509428048,-0.5788724822719722,78.42875000000001,0.2092875,0.33056255475,0.4,0.6,0.7,0.07801,0.1,0.05,0.4,78.42875000000001,12.04975
P0518,0.5,0.8,0.2,0.0,-0.7916386077433746,86.1955,0.361955,0.404504131,0.4,0.6,0.7,0.08993,0.4,0.025,0.4,86.19550000000001,9.37775
P0519,0.425,0.25,0.6,-0.3964437670763501,0.4392622774242019,80.95875000000001,0.3845874999999999,0.4126008527499999,0.725,0.275,0.4,0.13581,0.1,0.025,0.725,80.95875,10.45425
P0520,0.4,0.3,0.5,-0.497200570681554,0.248600285340777,81.27525,0.4127524999999998,0.42272035875,0.275,0.725,0.5,0.05616,0.0,0.025,0.275,81.27525,10.8165
P0521,0.325,0.5,0.15,-0.967421566101701,-0.4837107830508505,81.8235,0.4932349999999999,0.5107362435,0.5,0.5,0.2,0.02729,0.3,0.025,0.5,81.8235,10.852
P0522,0.95,0.95,0.95,2.930467585371046,-0.0,92.2345,-0.0276549999999999,0.0242920735,0.65,0.35,1.0,0.04677,0.8,0.025,0.65,92.2345,6.60625
P0523,0.675,0.9,0.45,1.060113004572019,-0.6497046153258517,80.61600000000001,0.1311599999999999,0.2526835975,0.625,0.375,0.9,0.13035,0.8,0.0,0.625,80.616,11.26675
P0524,0.675,0.95,0.4,1.2241933987994962,-0.8531370932857749,86.94149999999999,0.194415,0.2543449674999999,0.4,0.6,0.8,0.08502,0.0,0.1,0.4,86.94149999999999,7.976000000000001
P0525,0.6,0.4,0.8,0.5505982138573478,0.5163395008147007,75.04275,0.1504275,0.24240547325,0.175,0.825,0.7,0.0904099999999999,0.6,0.375,0.175,75.04275,9.686
P0526,0.85,0.95,0.75,2.1027179536479,-0.413874815861573,87.675,0.02675,0.092386179,0.35,0.65,0.9,0.12021,0.6,0.025,0.35,87.675,10.188500000000001
P0527,0.65,0.65,0.65,0.7322127136011394,-8.326672684688674e-17,73.63525000000001,0.0863524999999999,0.24956285375,0.325,0.675,0.9,0.14584,0.4,0.325,0.325,73.63525,9.609
P0528,0.575,1.0,0.15,1.013330830545578,-1.47408698137449,90.1565,0.3265650000000001,0.3258377904999999,0.475,0.525,0.9,0.13924,0.8,0.0,0.475,90.15650000000001,9.0855
P0529,0.975,1.0,0.95,3.445986189332802,-0.2577593019808779,90.11675,-0.0738324999999999,0.03120163925,0.55,0.4499999999999999,1.0,0.01673,0.2,0.025,0.55,90.11675,8.5625
P0530,0.575,0.45,0.7,0.377552457641712,0.308424341860698,77.78975,0.2028975,0.26800153725,0.375,0.625,0.8,0.06661,0.2,0.1,0.375,77.78975,11.04125
P0531,1.0,1.0,1.0,3.9615047932945577,-0.0,93.389,-0.0661099999999998,0.008188165,0.3,0.7,1.0,0.0976499999999999,0.7,0.0,0.3,93.389,8.33325
P0532,0.6,0.85,0.35,0.6013152093011312,-0.6667639614511354,83.8515,0.2385149999999999,0.2781425115,0.725,0.275,0.6,0.10443,0.0,0.05,0.725,83.8515,10.28125
P0533,0.35,0.15,0.55,-0.847773453061859,0.5435348395707715,80.61225,0.4561225000000001,0.45419194775,0.3,0.7,0.4,0.0020599999999999,0.4,0.125,0.3,80.61225,9.82625
P0534,0.775,0.6,0.95,1.7062741865715498,0.6120966993997481,82.14725000000001,0.0464725000000001,0.15732515425,0.275,0.725,1.0,0.1073899999999999,0.4,0.075,0.275,82.14725,11.36875
P0535,0.525,0.85,0.2,0.1757829583583264,-0.8795300869225378,82.7785,0.3027850000000001,0.3651371255,0.75,0.25,0.6,0.0665499999999999,0.5,0.1,0.75,82.7785,9.63725
P0536,0.275,0.45,0.1,-1.299409230651703,-0.5300565022860095,84.20175,0.5670175000000001,0.5166654807500001,0.475,0.525,0.4,0.14059,0.6,0.025,0.475,84.20175,10.64875
P0537,0.5,0.6,0.4,0.0,-0.2410403938860268,77.137,0.2713699999999999,0.2956657295,0.1,0.9,0.5,0.08284,0.7,0.075,0.1,77.137,11.26225
P0538,0.625,0.35,0.9,0.8136547608112916,0.7729337372062154,85.49,0.2299,0.3126444164999999,0.35,0.65,0.8,0.15426,0.5,0.05,0.35,85.49,9.14225
P0539,0.65,0.8,0.5,0.7916386077433746,-0.3958193038716873,81.45675,0.1645675000000001,0.21621583225,0.25,0.75,0.8,0.11729,0.7,0.075,0.25,81.45675,11.269
P0540,0.9,0.85,0.95,2.432655358787224,0.2489061132919109,85.50825,-0.0449175,0.06305484075,0.3,0.7,1.0,0.05414,1.0,0.025,0.3,85.50825,8.769
P0541,0.25,0.3,0.2,-1.288839178424929,-0.1472190185309102,82.8585,0.578585,0.5802395905000001,0.45,0.55,0.2,0.0147899999999999,0.1,0.125,0.45,82.8585,9.67525
P0542,0.7,0.85,0.55,1.087069679141543,-0.4238867265309295,83.7285,0.137285,0.2119914055,0.375,0.625,1.0,0.10807,0.6,0.0,0.375,83.7285,11.28125
P0543,0.625,0.35,0.9,0.8136547608112916,0.7729337372062154,80.44624999999999,0.1794624999999999,0.3226026222499999,0.25,0.75,0.7,0.0916799999999999,0.6,0.075,0.25,80.44624999999999,9.9225
P0544,0.2,0.4,0.0,-2.2217927905333057,-0.869856001380626,86.21,0.6620999999999999,0.6687251555,0.675,0.3249999999999999,0.2,0.02694,0.1,0.05,0.675,86.21000000000001,8.113
P0545,0.625,0.6,0.65,0.6071467506865965,0.0625329814572713,81.36775,0.1886775,0.27802491875,0.675,0.3249999999999999,1.0,0.13704,0.4,0.0,0.675,81.36775,12.20725
P0546,0.4,0.6,0.2,-0.5505982138573478,-0.5163395008147007,81.67025,0.4167024999999998,0.4668823172499999,0.55,0.4499999999999999,0.5,0.11781,0.1,0.0,0.55,81.67025,10.8915
P0547,0.625,0.95,0.3,0.9680332220039688,-0.9812171816835386,85.74575,0.2324574999999999,0.27782819225,0.725,0.275,0.8,0.01059,0.7,0.075,0.725,85.74575,8.897749999999998
P0548,0.35,0.15,0.55,-0.847773453061859,0.5435348395707715,86.22850000000001,0.512285,0.590989759,0.525,0.475,0.5,0.01803,0.2,0.0,0.525,86.2285,10.065999999999999
P0549,0.275,0.15,0.4,-1.208461959987728,0.3631905861078371,75.00825,0.4750824999999999,0.49297780375,0.425,0.575,0.3,0.14823,0.3,0.3,0.425,75.00825,9.26325
P0550,0.9,0.85,0.95,2.432655358787224,0.2489061132919109,85.14599999999999,-0.04854,0.0803474959999999,0.0,1.0,0.9,0.05286,0.2,0.05,0.0,85.146,8.92
P0551,0.875,0.9,0.85,2.147182683713562,-0.10616977575508,86.423,-0.0107699999999999,0.0988710045,0.075,0.925,0.8,0.07069,0.7,0.05,0.075,86.423,9.63925
P0552,0.475,0.3,0.65,-0.1310942138809844,0.4316534637410618,78.12899999999999,0.30629,0.3221924295,0.875,0.125,0.6,0.04576,0.0,0.1,0.875,78.12899999999999,9.93825
P0553,0.975,1.0,0.95,3.445986189332802,-0.2577593019808779,95.4135,-0.0208649999999998,0.023515906,0.2,0.8,1.0,0.03054,0.9,0.025,0.2,95.4135,6.306
P0554,0.6,0.8,0.4,0.5505982138573478,-0.5163395008147007,76.12450000000001,0.1612449999999999,0.233072805,0.325,0.675,0.7,0.03376,0.2,0.325,0.325,76.1245,9.4745
P0555,0.8,0.9,0.7,1.6769616882934153,-0.3412802734651535,85.10225,0.0510224999999999,0.13451868075,0.575,0.425,1.0,0.0623399999999999,0.5,0.025,0.575,85.10225,10.870000000000001
P0556,0.275,0.3,0.25,-1.1346847316439312,-0.0701417951404115,79.60050000000001,0.521005,0.486451663,0.3,0.7,0.7,0.0976899999999999,0.2,0.25,0.3,79.6005,9.306000000000001
P0557,0.525,0.65,0.4,0.1250659629145429,-0.3035733753432983,80.54724999999999,0.2804725000000001,0.35989950775,0.3,0.7,0.7,0.0522399999999999,0.4,0.05,0.3,80.54724999999999,11.18375
P0558,0.75,0.6,0.9,1.420801511497888,0.4693603618629172,79.48975,0.0448975,0.21132342775,0.075,0.925,0.9,0.02114,0.7,0.075,0.075,79.48975,10.64625
P0559,0.125,0.15,0.1,-2.147182683713562,-0.10616977575508,87.42,0.7492000000000001,0.70873891,0.325,0.675,0.4,0.1380499999999999,0.6,0.025,0.325,87.42,10.3425
P0560,0.875,0.95,0.8,2.2568724004288976,-0.3367975924710742,83.5845,-0.039155,0.101096945,0.5,0.5,0.9,0.06322,0.2,0.075,0.5,83.5845,10.3415
P0561,0.35,0.2,0.5,-0.7916386077433746,0.3958193038716873,82.7855,0.4778549999999999,0.462253882,0.65,0.35,0.3,0.0627799999999999,0.1,0.05,0.65,82.7855,10.19025
P0562,0.65,0.8,0.5,0.7916386077433746,-0.3958193038716873,78.77825,0.1377824999999999,0.25117551125,0.675,0.3249999999999999,0.6,0.1465199999999999,0.6,0.0,0.675,78.77825,11.4615
P0563,0.475,0.3,0.65,-0.1310942138809844,0.4316534637410618,78.57975,0.3107974999999999,0.35669398925,0.225,0.775,0.8,0.12952,0.4,0.125,0.225,78.57975,11.3435
P0564,0.25,0.1,0.4,-1.420801511497888,0.4693603618629172,85.24050000000001,0.6024050000000001,0.5819246650000001,0.675,0.3249999999999999,0.2,0.0134599999999999,0.4,0.0,0.675,85.2405,9.817
P0565,0.5,0.25,0.75,0.0,0.6374841609623769,83.44125000000001,0.3344125,0.38391418625,0.625,0.375,0.9,0.15699,0.4,0.025,0.625,83.44125,11.041
P0566,0.5,0.5,0.5,0.0,-0.0,80.42875,0.3042875,0.3263516762499999,0.15,0.85,0.4,0.09841,0.7,0.1,0.15,80.42875000000001,10.7355
P0567,0.125,0.15,0.1,-2.147182683713562,-0.10616977575508,88.20075,0.7570074999999999,0.74558574925,0.825,0.175,0.2,0.06016,0.0,0.025,0.825,88.20075,9.74925
P0568,0.2,0.15,0.25,-1.6049057270640783,0.1649687025696619,86.987,0.66987,0.670460077,0.275,0.725,0.3,0.11999,0.5,0.05,0.275,86.987,9.295
P0569,0.525,0.5,0.55,0.119648113039842,0.059824056519921,81.82225,0.2932225,0.3242686072499999,0.05,0.95,0.7,0.17406,0.6,0.025,0.05,81.82225,11.32725
P0570,0.725,0.65,0.8,1.1577449645439444,0.2127661254714024,82.07124999999999,0.0957125000000002,0.1579142147499999,0.2,0.8,1.0,0.06992,0.7,0.1,0.2,82.07124999999999,10.61925
P0571,0.775,0.95,0.6,1.7062741865715498,-0.6120966993997481,81.79275,0.0429275,0.17953745725,0.075,0.925,1.0,0.05339,0.1,0.025,0.075,81.79275,12.82775
P0572,0.85,0.95,0.75,2.1027179536479,-0.413874815861573,88.30325,0.0330325,0.08065658425,0.875,0.125,1.0,0.0620499999999999,0.7,0.0,0.875,88.30325,9.5945
P0573,0.25,0.05,0.45,-1.5848819057253651,0.6727928398228404,83.97175,0.5897174999999999,0.59110387125,0.4,0.6,0.5,0.0733,0.2,0.0,0.4,83.97175,10.10675
P0574,0.5,0.45,0.55,0.0,0.119648113039842,77.69149999999999,0.276915,0.3547736044999999,0.5,0.5,0.7,0.06256,0.4,0.025,0.5,77.69149999999999,12.443
P0575,0.625,0.85,0.4,0.7263811722156742,-0.604230979993864,78.353,0.15853,0.315759101,0.35,0.65,0.7,0.03761,0.1,0.25,0.35,78.353,9.558
P0576,0.25,0.3,0.2,-1.288839178424929,-0.1472190185309102,74.05274999999999,0.4905275,0.52102873675,0.725,0.275,0.2,0.07145,0.3,0.45,0.725,74.05275,8.0345
P0577,0.775,0.9,0.65,1.5458674744124308,-0.4068273804056458,82.3455,0.0484549999999998,0.1383332125,0.125,0.875,1.0,0.0567099999999999,0.6,0.15,0.125,82.3455,9.54575
P0578,0.775,0.9,0.65,1.5458674744124308,-0.4068273804056458,83.73025,0.0623025,0.16696873925,0.575,0.425,0.9,0.01988,0.2,0.0,0.575,83.73025,11.45525
P0579,0.625,0.65,0.6,0.6071467506865966,-0.0625329814572714,80.937,0.1843700000000001,0.2325998939999999,0.375,0.625,0.7,0.0248,0.6,0.05,0.375,80.937,11.12925
P0580,0.325,0.3,0.35,-0.8633069274821239,0.0655471069404921,79.98375,0.4748374999999999,0.4564491182499999,0.55,0.4499999999999999,0.0,0.04707,0.3,0.025,0.55,79.98375,11.456
P0581,0.55,0.25,0.85,0.3299374051393241,0.8024528635320389,84.51975,0.2951975,0.35013846475,0.725,0.275,0.7,0.05843,0.1,0.025,0.725,84.51975,9.93425
P0582,0.475,0.2,0.75,-0.1541544467809976,0.7145613843528758,84.3045,0.368045,0.4320635395,0.175,0.825,0.4,0.09225,0.1,0.0,0.175,84.30449999999999,11.456
P0583,0.925,0.9,0.95,2.644994910297384,0.1427363375368309,85.2625,-0.0723749999999999,0.0522892614999999,0.375,0.625,1.0,0.00949,0.4,0.15,0.375,85.2625,7.91225
P0584,0.65,0.65,0.65,0.7322127136011394,-8.326672684688674e-17,81.2115,0.162115,0.2132854435,0.05,0.95,0.8,0.11478,0.3,0.125,0.05,81.2115,11.807500000000001
P0585,0.575,0.7,0.45,0.3775524576417118,-0.3084243418606981,81.6645,0.2416450000000001,0.3123730594999999,0.3,0.7,0.8,0.0392799999999999,0.6,0.0,0.3,81.6645,11.352500000000001
P0586,0.2,0.15,0.25,-1.6049057270640783,0.1649687025696619,86.71950000000001,0.667195,0.658380779,0.3,0.7,0.3,0.13445,0.2,0.025,0.3,86.7195,8.8625
P0587,0.65,0.8,0.5,0.7916386077433746,-0.3958193038716873,84.913,0.1991299999999999,0.222274361,0.175,0.825,1.0,0.0881599999999999,0.5,0.0,0.175,84.913,10.708499999999999
P0588,0.7,0.7,0.7,0.994401141363108,-0.0,81.02074999999999,0.1102075,0.19323360875,0.4,0.6,0.9,0.11638,0.6,0.0,0.4,81.02074999999999,12.283
P0589,0.85,0.9,0.8,1.971399725355236,-0.1940612549342433,81.51675,-0.0348325,0.10559453875,0.5,0.5,1.0,0.07048,0.6,0.1,0.5,81.51675,9.4815
P0590,0.825,0.65,1.0,2.3468587534478487,0.8073230199233545,82.362,-0.0013799999999999,0.1354837325,0.75,0.25,0.9,0.04651,0.5,0.075,0.75,82.362,10.3445
P0591,0.65,0.65,0.65,0.7322127136011394,-8.326672684688674e-17,82.33375000000001,0.1733375,0.2520772002499999,0.35,0.65,0.7,0.0596299999999999,0.4,0.0,0.35,82.33375,12.2135
P0592,0.8,0.95,0.65,1.8313401494860928,-0.5495637179424767,85.13825,0.0513824999999998,0.13309560825,0.025,0.975,1.0,0.03044,0.6,0.025,0.025,85.13825,12.181999999999999
P0593,0.7,0.5,0.9,1.1797611176118612,0.5898805588059306,82.546,0.12546,0.1973378534999999,0.2,0.8,0.9,0.07896,0.9,0.075,0.2,82.546,10.114
P0594,0.175,0.0,0.35,-2.3468587534478487,0.8073230199233545,89.06625,0.7156625000000001,0.73638806175,0.35,0.65,0.0,0.01634,0.2,0.025,0.35,89.06625,9.388
P0595,0.725,0.5,0.95,1.465233792685523,0.7326168963427615,81.95175000000002,0.0945175000000001,0.24288800925,0.5,0.5,0.9,0.0784999999999999,0.8,0.1,0.5,81.95175,9.0845
P0596,0.125,0.0,0.25,-2.618236557609656,0.6716341178424509,86.05850000000001,0.735585,0.6886037585,0.7,0.3,0.1,0.13328,0.2,0.025,0.7,86.05850000000001,8.7925
P0597,0.525,0.4,0.65,0.1250659629145427,0.3035733753432982,78.70225,0.2620224999999999,0.33153303525,0.175,0.825,0.5,0.07433,0.4,0.1,0.175,78.70225,11.13725
P0598,0.8,0.65,0.95,1.8313401494860928,0.5495637179424766,84.34675,0.0434674999999997,0.17054742625,0.175,0.825,0.9,0.0819,0.5,0.025,0.175,84.34675,9.7415
P0599,0.875,1.0,0.75,2.618236557609656,-0.671634117842451,86.86525,-0.0063475,0.0884915282499999,0.7,0.3,0.9,0.023,0.5,0.05,0.7,86.86525,10.1545
P0600,0.5,0.75,0.25,0.0,-0.6374841609623771,82.31800000000001,0.32318,0.349031186,0.35,0.65,0.6,0.1268699999999999,0.2,0.0,0.35,82.31800000000001,12.18575
P0601,0.8,0.75,0.85,1.6049057270640783,0.1649687025696619,81.23575,0.0123574999999998,0.14426187975,0.075,0.925,1.0,0.01209,0.2,0.05,0.075,81.23575,11.76625
P0602,0.45,0.45,0.45,-0.2392962260796842,-6.938893903907227e-17,79.6085,0.3460849999999999,0.35471838,0.15,0.85,0.3,0.09685,0.0,0.025,0.15,79.6085,12.4085
P0603,0.65,0.7,0.6,0.7382409645675809,-0.1280800883977635,82.53575,0.1753574999999997,0.2666236657499999,0.775,0.2249999999999999,0.8,0.07225,0.4,0.0,0.775,82.53575,11.60525
P0604,0.625,0.7,0.55,0.6168486837213961,-0.188776228820856,81.5525,0.1905249999999998,0.2543597375,0.475,0.525,1.0,0.20543,0.6,0.025,0.475,81.5525,11.09
P0605,0.575,0.9,0.25,0.542276956649484,-0.9086226392871192,85.32000000000001,0.2782,0.3532752815,0.7,0.3,0.7,0.09372,0.5,0.05,0.7,85.32000000000001,9.66225
P0606,0.175,0.1,0.25,-1.8172452785742383,0.271138478324742,81.9085,0.644085,0.6231642295,0.15,0.85,0.6,0.29937,0.7,0.075,0.15,81.9085,9.57325
P0607,0.725,0.9,0.55,1.299409230651703,-0.5300565022860095,83.7045,0.112045,0.1793712719999999,0.3,0.7,0.8,0.02793,0.2,0.025,0.3,83.7045,11.44175
P0608,0.65,0.5,0.8,0.7916386077433746,0.3958193038716873,80.77574999999999,0.1577574999999998,0.2251106652499999,0.275,0.725,0.8,0.0493,0.5,0.05,0.275,80.77575,10.4865
P0609,1.0,1.0,1.0,3.9615047932945577,-0.0,93.154,-0.0684599999999999,0.0091467125,0.475,0.525,1.0,0.02288,0.6,0.0,0.475,93.154,7.9967500000000005
P0610,0.25,0.15,0.35,-1.3335279229022707,0.3006576046505656,80.29499999999999,0.55295,0.524457841,0.375,0.625,0.8,0.1713,0.8,0.05,0.375,80.295,10.16925
P0611,0.65,0.85,0.45,0.8477734530618589,-0.5435348395707716,80.2655,0.1526549999999999,0.1808970175,0.3,0.7,0.8,0.00079,0.6,0.275,0.3,80.2655,8.2245
P0612,0.725,0.7,0.75,1.134684731643931,0.0701417951404114,75.10350000000001,0.0260350000000001,0.157733693,0.4,0.6,0.9,0.00242,0.2,0.375,0.4,75.1035,8.287749999999999
P0613,0.875,0.8,0.95,2.2568724004288976,0.3367975924710742,87.44325,-0.0005675,0.10622341575,0.325,0.675,0.8,0.02335,0.3,0.0,0.325,87.44325,10.771
P0614,0.85,0.9,0.8,1.971399725355236,-0.1940612549342433,83.8095,-0.0119050000000001,0.1180494,0.625,0.375,1.0,0.06831,0.5,0.025,0.625,83.8095,11.24175
P0615,0.375,0.3,0.45,-0.6168486837213962,0.1887762288208559,81.83600000000001,0.4433599999999998,0.4584317755000001,0.45,0.55,0.8,0.12636,0.0,0.0,0.45,81.836,11.39525
P0616,0.625,1.0,0.25,1.3432682356849015,-1.309118278804828,87.59275,0.2509275000000001,0.28945803875,0.65,0.35,0.7,0.1051299999999999,0.3,0.075,0.65,87.59275,8.26375
P0617,0.25,0.25,0.25,-1.274968321924754,-1.1102230246251563e-16,84.8065,0.5980650000000001,0.5682514750000001,0.075,0.925,0.8,0.29278,0.3,0.025,0.075,84.8065,10.58625
P0618,0.65,0.85,0.45,0.8477734530618589,-0.5435348395707716,82.095,0.17095,0.2325414335,0.225,0.775,0.6,0.15001,0.3,0.05,0.225,82.095,11.48375
P0619,0.2,0.3,0.1,-1.6769616882934153,-0.3412802734651535,84.09825,0.6409825000000002,0.61805712275,0.825,0.175,0.5,0.09737,0.4,0.0,0.825,84.09825,10.45825
P0620,0.55,0.85,0.25,0.3299374051393239,-0.8024528635320392,80.54675,0.2554674999999999,0.30764924325,0.125,0.875,1.0,0.1466799999999999,0.3,0.075,0.125,80.54675,10.741
P0621,0.825,0.8,0.85,1.7590601738450755,0.0878914791791632,83.27825,0.0077825000000001,0.10425818475,0.1,0.9,0.9,0.05608,0.2,0.1,0.1,83.27825,9.48425
P0622,0.775,0.9,0.65,1.5458674744124308,-0.4068273804056458,83.0135,0.055135,0.1934488995,0.4,0.6,0.9,0.02625,0.0,0.025,0.4,83.0135,10.4095
P0623,0.95,1.0,0.9,3.16051351425914,-0.4004956395177088,84.49249999999999,-0.105075,0.058331103,0.425,0.575,1.0,0.02891,0.0,0.1,0.425,84.49249999999999,9.75925
P0624,0.75,1.0,0.5,1.9807523966472789,-0.9903761983236394,85.66275,0.1066275000000001,0.1661264217499999,0.325,0.675,1.0,0.04181,0.9,0.0,0.325,85.66275,9.326
P0625,0.95,0.95,0.95,2.930467585371046,-0.0,90.971,-0.04029,0.0247581285,0.25,0.75,1.0,0.01695,0.7,0.05,0.25,90.971,6.8629999999999995
P0626,0.85,0.9,0.8,1.971399725355236,-0.1940612549342433,83.08924999999999,-0.0191074999999999,0.1040338907499999,0.45,0.55,1.0,0.08241,0.3,0.1,0.45,83.08925,10.59925
P0627,0.8,1.0,0.6,2.2217927905333057,-0.869856001380626,89.41024999999999,0.0941024999999999,0.1371646652499999,0.25,0.75,1.0,0.03438,0.9,0.0,0.25,89.41024999999999,9.463249999999999
P0628,0.825,0.9,0.75,1.817245278574238,-0.2711384783247421,85.55550000000001,0.0305550000000001,0.109385974,0.325,0.675,0.9,0.03312,0.6,0.0,0.325,85.55550000000001,11.206999999999999
P0629,0.725,0.6,0.85,1.208461959987728,0.3631905861078371,80.59400000000001,0.08094,0.1718741825,0.175,0.825,1.0,0.0573,0.8,0.05,0.175,80.59400000000001,11.16575
P0630,0.6,0.55,0.65,0.4857544698404118,0.1232291218803637,82.06825,0.2206825,0.29847834925,0.35,0.65,0.9,0.1184699999999999,0.9,0.025,0.35,82.06825,11.94475
P0631,0.375,0.2,0.55,-0.6719904947035326,0.4556433603916083,81.74100000000001,0.4424099999999999,0.4948631129999999,0.2,0.8,0.4,0.01058,0.1,0.0,0.2,81.741,10.974
P0632,0.125,0.25,0.0,-2.618236557609656,-0.671634117842451,87.00800000000001,0.7450800000000001,0.688344702,0.375,0.625,0.6,0.03695,0.1,0.0,0.375,87.00800000000001,9.85125
P0633,0.3,0.2,0.4,-1.0326790016294014,0.2752991069286739,84.09375,0.5409375000000001,0.52707487125,0.625,0.375,0.2,0.08078,0.2,0.025,0.625,84.09375,10.675749999999999
P0634,0.35,0.25,0.45,-0.757132274002219,0.2589180239612674,80.80025,0.4580025,0.45853789375,0.35,0.65,0.7,0.2181099999999999,0.8,0.1,0.35,80.80025,10.3245
P0635,0.375,0.4,0.35,-0.6071467506865966,-0.0625329814572714,82.12174999999999,0.4462175,0.47721346075,0.4,0.6,0.4,0.0559,0.2,0.025,0.4,82.12174999999999,10.686499999999999
P0636,0.55,0.4,0.7,0.2561601767955271,0.3691204822837904,78.61775,0.2361775,0.32863267575,0.1,0.9,1.0,0.16332,0.8,0.125,0.1,78.61775,11.2675
P0637,0.475,0.45,0.5,-0.119648113039842,0.059824056519921,82.8135,0.353135,0.359318375,0.4,0.6,0.8,0.06453,0.6,0.025,0.4,82.8135,11.93525
P0638,0.55,0.5,0.6,0.2410403938860268,0.1205201969430134,80.91624999999999,0.2591624999999999,0.28363105925,0.7,0.3,1.0,0.07074,0.1,0.0,0.7,80.91625,12.907499999999999
P0639,0.825,0.65,1.0,2.3468587534478487,0.8073230199233545,83.2775,0.007775,0.164704283,0.2,0.8,0.9,0.02222,0.3,0.0,0.2,83.2775,10.84675
P0640,0.75,1.0,0.5,1.9807523966472789,-0.9903761983236394,85.0285,0.1002849999999998,0.1724427379999999,0.375,0.625,1.0,0.09361,0.6,0.025,0.375,85.0285,10.1765
P0641,0.65,0.75,0.55,0.7571322740022192,-0.2589180239612675,77.5245,0.1252449999999999,0.2568897275,0.55,0.4499999999999999,0.8,0.0536799999999999,0.6,0.075,0.55,77.5245,11.73475
P0642,0.625,0.85,0.4,0.7263811722156742,-0.604230979993864,80.79249999999999,0.182925,0.313136938,0.625,0.375,0.7,0.06869,0.6,0.0,0.625,80.79249999999999,11.9615
P0643,0.325,0.2,0.45,-0.9112867207832168,0.3359952473517662,82.59075,0.5009075000000001,0.4942862847500001,0.55,0.4499999999999999,0.8,0.08413,0.6,0.0,0.55,82.59075,10.526
P0644,0.375,0.35,0.4,-0.6071467506865965,0.0625329814572713,84.64450000000001,0.4714449999999999,0.4635529765,0.375,0.625,0.6,0.1301,0.7,0.0,0.375,84.64450000000001,11.96425
P0645,0.425,0.65,0.2,-0.4255322509428048,-0.5788724822719722,81.17925,0.3867924999999999,0.46768577225,0.75,0.25,0.8,0.22934,0.2,0.075,0.75,81.17925,10.88275
P0646,0.875,0.9,0.85,2.147182683713562,-0.10616977575508,80.42125000000001,-0.0707875,0.0981631587499999,0.025,0.975,1.0,0.0066099999999999,0.1,0.2,0.025,80.42125,8.28875
P0647,0.475,0.45,0.5,-0.119648113039842,0.059824056519921,72.02875,0.2452875,0.32037152625,0.5,0.5,0.4,0.0717299999999999,0.5,0.425,0.5,72.02875,9.7875
P0648,0.9,1.0,0.8,2.772391004390653,-0.5945568944519521,88.309,-0.01691,0.0580316045,0.15,0.85,1.0,0.03564,0.8,0.025,0.15,88.309,9.0245
P0649,0.85,0.95,0.75,2.1027179536479,-0.413874815861573,87.457,0.0245699999999999,0.109375692,0.15,0.85,1.0,0.0796099999999999,0.9,0.075,0.15,87.45700000000001,8.807500000000001
P0650,1.0,1.0,1.0,3.9615047932945577,-0.0,97.3695,-0.026305,0.00133428,0.5,0.5,1.0,0.0285,0.8,0.0,0.5,97.3695,6.188000000000001
P0651,0.675,0.75,0.6,0.878524554848404,-0.1982218835381751,72.7255,0.0522549999999999,0.2605144124999999,0.55,0.4499999999999999,0.4,0.1050899999999999,0.7,0.4,0.55,72.7255,8.652
P0652,0.8,1.0,0.6,2.2217927905333057,-0.869856001380626,85.23275000000001,0.0523274999999999,0.13181336475,0.175,0.825,1.0,0.06188,0.9,0.025,0.175,85.23275,9.0425
P0653,0.925,1.0,0.85,2.94817396274898,-0.506665415272789,88.59224999999999,-0.0390774999999999,0.04056974875,0.45,0.55,1.0,0.0673199999999999,0.7,0.05,0.45,88.59225,9.149750000000001
P0654,0.65,0.8,0.5,0.7916386077433746,-0.3958193038716873,82.235,0.1723500000000001,0.2323922409999999,0.45,0.55,0.9,0.1240399999999999,0.3,0.075,0.45,82.235,9.844750000000001
P0655,0.525,0.35,0.7,0.1310942138809844,0.4316534637410618,79.66749999999999,0.271675,0.3274870795,0.45,0.55,0.9,0.10876,0.5,0.0,0.45,79.66749999999999,12.2065
P0656,0.675,0.45,0.9,1.060113004572019,0.6497046153258517,83.34675,0.1584674999999999,0.19738699075,0.3,0.7,1.0,0.0913,0.3,0.075,0.3,83.34675,9.1715
P0657,0.7,1.0,0.4,1.739712002761252,-1.1108963952666528,85.2515,0.152515,0.2071103844999999,0.525,0.475,1.0,0.1017899999999999,0.6,0.0,0.525,85.2515,11.44275
P0658,0.85,0.8,0.9,1.971399725355236,0.1940612549342433,87.205,0.0220500000000001,0.0751968015,0.675,0.3249999999999999,1.0,0.11155,0.8,0.075,0.675,87.205,9.681999999999999
P0659,0.95,0.9,1.0,3.16051351425914,0.4004956395177088,87.52950000000001,-0.0747049999999999,0.044385096,0.175,0.825,1.0,0.04751,0.6,0.025,0.175,87.5295,9.553999999999998
P0660,0.775,1.0,0.55,2.100400509687121,-0.9305521418037184,91.27450000000002,0.1377449999999999,0.1751340505,0.375,0.625,1.0,0.0765,0.5,0.0,0.375,91.2745,7.961
P0661,0.225,0.35,0.1,-1.5458674744124308,-0.4068273804056458,87.065,0.6456500000000001,0.686264794,0.2,0.8,0.5,0.2688,0.6,0.025,0.2,87.065,9.033
P0662,0.25,0.45,0.05,-1.5848819057253651,-0.6727928398228404,85.11224999999999,0.6011225,0.58959097075,0.875,0.125,0.5,0.03685,0.1,0.05,0.875,85.11225,9.4155
P0663,0.925,0.95,0.9,2.644994910297384,-0.1427363375368309,87.58775,-0.0491225,0.0749052762499999,0.325,0.675,1.0,0.0672099999999999,0.7,0.0,0.325,87.58775,9.0455
P0664,0.6,0.5,0.7,0.497200570681554,0.248600285340777,79.6905,0.196905,0.28273015,0.75,0.25,0.9,0.0739499999999999,0.2,0.25,0.75,79.6905,9.8345
P0665,0.7,0.9,0.5,1.1797611176118612,-0.5898805588059306,84.207,0.14207,0.2247387534999999,0.125,0.875,0.8,0.01687,0.2,0.0,0.125,84.207,10.0475
P0666,0.925,0.9,0.95,2.644994910297384,0.1427363375368309,83.2115,-0.0928850000000001,0.082071335,0.15,0.85,0.9,0.07418,0.6,0.1,0.15,83.2115,9.54625
P0667,0.975,0.95,1.0,3.445986189332802,0.2577593019808779,92.20025,-0.0529975,0.01941493475,0.375,0.625,1.0,0.04414,0.7,0.05,0.375,92.20025,7.4407499999999995
P0668,0.65,0.8,0.5,0.7916386077433746,-0.3958193038716873,74.83925,0.0983925,0.2187998562499999,0.6,0.4,0.8,0.06446,0.2,0.45,0.6,74.83924999999999,7.323
P0669,0.725,0.55,0.9,1.299409230651703,0.5300565022860095,78.7045,0.062045,0.1915193519999999,0.375,0.625,0.8,0.03931,0.0,0.05,0.375,78.7045,10.541
P0670,0.7,0.95,0.45,1.3455856796456809,-0.7924409528626826,81.03175,0.1103175,0.26038196975,0.675,0.3249999999999999,0.9,0.16672,0.8,0.15,0.675,81.03175,9.0965
P0671,0.8,1.0,0.6,2.2217927905333057,-0.869856001380626,81.23150000000001,0.0123149999999998,0.1193800765,0.175,0.825,0.8,0.08607,0.9,0.075,0.175,81.2315,11.433
P0672,0.725,0.7,0.75,1.134684731643931,0.0701417951404114,81.80199999999999,0.0930199999999999,0.180007174,0.375,0.625,0.9,0.00984,0.9,0.075,0.375,81.80199999999999,10.579
P0673,0.475,0.6,0.35,-0.1250659629145429,-0.3035733753432983,81.37625,0.3387624999999999,0.4162860892499999,0.65,0.35,0.6,0.07437,0.1,0.025,0.65,81.37625,11.76425
P0674,0.775,0.65,0.9,1.545867474412431,0.4068273804056457,82.93325,0.0543324999999998,0.18182077375,0.1,0.9,0.9,0.05239,0.7,0.05,0.1,82.93325,10.945
P0675,0.525,0.5,0.55,0.119648113039842,0.059824056519921,77.051,0.24551,0.3184640199999999,0.25,0.75,0.6,0.0895499999999999,0.4,0.05,0.25,77.051,12.49075
P0676,0.875,0.95,0.8,2.2568724004288976,-0.3367975924710742,82.72049999999999,-0.047795,0.095325816,0.6,0.4,1.0,0.05047,0.9,0.1,0.6,82.7205,9.91675
P0677,0.775,0.7,0.85,1.464622136783255,0.2351104977100735,81.332,0.03832,0.124477914,0.25,0.75,1.0,0.08183,0.7,0.15,0.25,81.332,9.965250000000001
P0678,0.85,0.7,1.0,2.4779529673288327,0.7417759129828624,87.771,0.0277099999999999,0.0852107474999999,0.5,0.5,1.0,0.03599,0.7,0.1,0.5,87.771,9.0455
P0679,0.775,1.0,0.55,2.100400509687121,-0.9305521418037184,84.704,0.0720400000000001,0.2033866755,0.775,0.2249999999999999,0.8,0.0054,0.4,0.0,0.775,84.704,10.93825
P0680,0.8,0.7,0.9,1.6769616882934153,0.3412802734651535,79.60875,-0.0039125,0.1023085652499999,0.475,0.525,1.0,0.01834,0.7,0.45,0.475,79.60875,5.806
P0681,0.625,0.65,0.6,0.6071467506865966,-0.0625329814572714,77.40525,0.1490525,0.2586498222499999,0.175,0.825,0.8,0.06712,0.1,0.175,0.175,77.40525,11.1015
P0682,0.75,0.7,0.8,1.288839178424929,0.1472190185309102,79.098,0.04098,0.1666246045,0.5,0.5,0.9,0.15458,0.1,0.1,0.5,79.098,11.171000000000001
P0683,0.425,0.75,0.1,-0.542276956649484,-0.9086226392871192,83.546,0.41046,0.4594043694999999,0.675,0.3249999999999999,0.8,0.1512299999999999,0.2,0.025,0.675,83.546,11.329
P0684,0.2,0.3,0.1,-1.6769616882934153,-0.3412802734651535,81.36625000000001,0.6136624999999998,0.5878707927500001,0.775,0.2249999999999999,0.3,0.09455,0.4,0.125,0.775,81.36625000000001,9.955
P0685,0.15,0.15,0.15,-1.934843132203402,-0.0,88.02074999999999,0.7302075,0.7150551272500001,0.3,0.7,0.2,0.08154,0.0,0.025,0.3,88.02074999999999,8.324250000000001
P0686,0.975,0.95,1.0,3.445986189332802,0.2577593019808779,90.43025,-0.0706974999999999,0.0279543857499999,0.25,0.75,1.0,0.0749,0.1,0.0,0.25,90.43025,10.2595
P0687,0.875,0.8,0.95,2.2568724004288976,0.3367975924710742,86.1765,-0.0132350000000001,0.0663269135,0.85,0.15,1.0,0.0894099999999999,0.8,0.05,0.85,86.1765,9.761
P0688,0.6,0.6,0.6,0.4820807877720537,-0.0,79.31025,0.1931025,0.24408520975,0.35,0.65,0.9,0.08209,0.4,0.125,0.35,79.31025,10.57875
P0689,0.525,0.65,0.4,0.1250659629145429,-0.3035733753432983,80.99725,0.2849724999999999,0.36003156675,0.1,0.9,0.7,0.22852,0.6,0.025,0.1,80.99725,11.12425
P0690,0.275,0.35,0.2,-1.1577449645439442,-0.2127661254714024,83.88050000000001,0.563805,0.5277302395,0.7,0.3,0.6,0.1520999999999999,0.4,0.0,0.7,83.8805,10.88025
P0691,0.9,0.8,1.0,2.772391004390653,0.5945568944519521,84.7885,-0.052115,0.092292279,0.375,0.625,1.0,0.03586,0.6,0.0,0.375,84.7885,9.73375
P0692,0.675,0.95,0.4,1.2241933987994962,-0.8531370932857749,86.354,0.18854,0.2446703345,0.1,0.9,1.0,0.12356,0.4,0.0,0.1,86.354,10.29675
P0693,0.35,0.15,0.55,-0.847773453061859,0.5435348395707715,82.19149999999999,0.4719150000000001,0.484159544,0.2,0.8,0.6,0.09097,0.1,0.05,0.2,82.19149999999999,11.19325
P0694,0.95,1.0,0.9,3.16051351425914,-0.4004956395177088,86.2085,-0.0879149999999998,0.048164333,0.45,0.55,1.0,0.02079,0.4,0.0,0.45,86.2085,10.031749999999999
P0695,0.5,0.9,0.1,0.0,-1.1797611176118612,84.6375,0.3463750000000001,0.391897636,0.65,0.35,0.7,0.13884,0.7,0.05,0.65,84.6375,8.708
P0696,0.65,0.7,0.6,0.7382409645675809,-0.1280800883977635,77.80725,0.1280725,0.26120965925,0.075,0.925,0.9,0.01013,0.1,0.075,0.075,77.80725,11.19725
P0697,0.75,0.95,0.55,1.5848819057253651,-0.6727928398228404,83.8445,0.0884450000000001,0.1656116289999999,0.15,0.85,1.0,0.06591,0.3,0.05,0.15,83.8445,10.925
P0698,0.3,0.3,0.3,-0.994401141363108,-0.0,81.44675,0.5144674999999999,0.56630337675,0.825,0.175,0.5,0.1792699999999999,0.0,0.1,0.825,81.44675,9.35575
P0699,0.525,0.75,0.3,0.1402835902808231,-0.5673423658219656,82.86475,0.3036474999999999,0.38524036725,0.8,0.1999999999999999,0.7,0.0876,0.2,0.0,0.8,82.86475,11.338
P0700,0.825,0.95,0.7,1.962434363367077,-0.4840166110019844,81.5795,-0.009205,0.1631227699999999,0.1,0.9,1.0,0.03316,0.6,0.0,0.1,81.5795,9.7175
P0701,0.525,0.5,0.55,0.119648113039842,0.059824056519921,81.236,0.2873599999999999,0.3435746655,0.3,0.7,0.4,0.10186,0.3,0.0,0.3,81.236,11.686499999999999
P0702,0.8,0.9,0.7,1.6769616882934153,-0.3412802734651535,83.40775,0.0340774999999999,0.19155830175,0.675,0.3249999999999999,0.7,0.03727,0.2,0.025,0.675,83.40775,11.930499999999999
P0703,0.575,0.45,0.7,0.377552457641712,0.308424341860698,77.64525,0.2014525,0.30844133725,0.4,0.6,0.5,0.0270899999999999,0.2,0.05,0.4,77.64525,12.03975
P0704,0.825,0.75,0.9,1.8172452785742383,0.271138478324742,84.84075,0.0234075000000001,0.10346957625,0.125,0.875,1.0,0.0418,0.7,0.025,0.125,84.84075,10.628499999999999
P0705,0.125,0.1,0.15,-2.147182683713562,0.10616977575508,86.12525,0.7362525000000002,0.72383369625,0.45,0.55,0.3,0.02745,0.2,0.025,0.45,86.12525,9.3795
P0706,0.575,0.75,0.4,0.3964437670763503,-0.439262277424202,76.65525,0.1915525,0.26040420175,0.725,0.275,0.6,0.10281,0.5,0.475,0.725,76.65525,5.792
P0707,0.775,1.0,0.55,2.100400509687121,-0.9305521418037184,88.05375000000001,0.1055374999999999,0.14598449125,0.8,0.1999999999999999,0.9,0.03816,0.5,0.0,0.8,88.05375000000001,9.53
P0708,0.2,0.0,0.4,-2.2217927905333057,0.869856001380626,84.547,0.64547,0.5983466565000001,0.075,0.925,0.3,0.08542,0.1,0.0,0.075,84.547,11.577
P0709,0.725,0.95,0.5,1.465233792685523,-0.7326168963427615,87.491,0.1499099999999998,0.199952584,0.575,0.425,1.0,0.06484,0.9,0.025,0.575,87.491,9.76675
P0710,0.9,0.85,0.95,2.432655358787224,0.2489061132919109,84.98125,-0.0501875,0.0795078857499999,0.475,0.525,1.0,0.03249,0.0,0.05,0.475,84.98125,11.473749999999999
P0711,0.575,0.95,0.2,0.6735951849421484,-1.1284362002144488,85.98,0.2847999999999999,0.3204098395,0.55,0.4499999999999999,0.8,0.13132,0.9,0.0,0.55,85.97999999999999,10.889750000000001
P0712,0.375,0.6,0.15,-0.7263811722156742,-0.604230979993864,83.1155,0.4561550000000001,0.4720353725,0.2,0.8,0.7,0.15924,0.3,0.0,0.2,83.1155,10.589749999999999
P0713,0.875,0.95,0.8,2.2568724004288976,-0.3367975924710742,85.60999999999999,-0.0189,0.1038535785,0.65,0.35,1.0,0.04584,0.2,0.075,0.65,85.61,9.337
P0714,0.775,0.95,0.6,1.7062741865715498,-0.6120966993997481,83.911,0.06411,0.1665869935,0.625,0.375,0.9,0.03607,0.6,0.0,0.625,83.911,11.50475
P0715,0.55,0.85,0.25,0.3299374051393239,-0.8024528635320392,82.7465,0.2774650000000001,0.3228544285,0.15,0.85,0.9,0.1859,0.9,0.075,0.15,82.7465,9.49775
P0716,0.075,0.05,0.1,-2.644994910297384,0.1427363375368309,87.32324999999999,0.7982325,0.73307373675,0.35,0.65,0.0,0.1759399999999999,0.7,0.075,0.35,87.32325,8.138250000000001
P0717,0.2,0.4,0.0,-2.2217927905333057,-0.869856001380626,84.811,0.6481100000000002,0.6037739805,0.15,0.85,0.4,0.09811,0.0,0.05,0.15,84.811,8.90625
P0718,0.475,0.45,0.5,-0.119648113039842,0.059824056519921,80.527,0.3302699999999999,0.344754628,0.2,0.8,0.9,0.15885,0.7,0.0,0.2,80.527,12.392
P0719,0.65,0.6,0.7,0.7382409645675809,0.1280800883977635,79.74725,0.1474724999999999,0.27772451625,0.625,0.375,1.0,0.0343399999999999,0.4,0.05,0.625,79.74725,11.4
P0720,0.825,0.85,0.8,1.7590601738450755,-0.0878914791791632,83.0305,0.0053049999999998,0.098205325,0.575,0.425,0.8,0.0156699999999999,0.2,0.1,0.575,83.03049999999999,10.08375
P0721,0.2,0.3,0.1,-1.6769616882934153,-0.3412802734651535,83.13925,0.6313925,0.58559252525,0.275,0.725,0.3,0.05251,0.2,0.025,0.275,83.13925,9.091750000000001
P0722,1.0,1.0,1.0,3.9615047932945577,-0.0,92.67625,-0.0732374999999999,0.01062874175,0.1,0.9,0.9,-0.0123399999999999,0.7,0.0,0.1,92.67625000000001,8.086749999999999
P0723,0.1,0.1,0.1,-2.3595222352237224,-0.0,84.8715,0.748715,0.702585063,0.7,0.3,0.2,0.1543199999999999,0.0,0.075,0.7,84.8715,8.69525
P0724,0.5,0.8,0.2,0.0,-0.7916386077433746,80.00575,0.3000575,0.39484874075,0.9,0.0999999999999999,0.9,0.05281,0.4,0.05,0.9,80.00575,11.0425
P0725,0.95,0.95,0.95,2.930467585371046,-0.0,90.59125,-0.0440874999999998,0.05327308775,0.25,0.75,0.9,-0.0121799999999999,0.8,0.1,0.25,90.59125,7.7405
P0726,1.0,1.0,1.0,3.9615047932945577,-0.0,98.65375,-0.0134624999999999,0.0002138042499999,0.175,0.825,1.0,0.0251999999999999,1.0,0.0,0.175,98.65375,4.993
P0727,0.475,0.65,0.3,-0.1310942138809842,-0.4316534637410619,82.22549999999998,0.347255,0.4284837609999999,0.15,0.85,0.8,0.1080099999999999,0.7,0.025,0.15,82.2255,10.4745
P0728,0.775,1.0,0.55,2.100400509687121,-0.9305521418037184,84.15575000000001,0.0665575,0.14891040225,0.175,0.825,0.9,0.07938,0.7,0.05,0.175,84.15575,10.53825
P0729,0.625,0.7,0.55,0.6168486837213961,-0.188776228820856,80.71849999999999,0.1821849999999999,0.274775442,0.7,0.3,1.0,0.09539,0.5,0.025,0.7,80.71849999999999,10.87475
P0730,0.725,0.55,0.9,1.299409230651703,0.5300565022860095,84.81225,0.1231225,0.18211451425,0.725,0.275,1.0,0.0996399999999999,0.5,0.0,0.725,84.81225,11.028
P0731,0.5,0.4,0.6,0.0,0.2410403938860268,79.19749999999999,0.2919750000000001,0.2739363234999999,0.725,0.275,1.0,0.08642,0.4,0.1,0.725,79.1975,11.58125
P0732,0.85,0.9,0.8,1.971399725355236,-0.1940612549342433,79.52950000000001,-0.054705,0.1560535035,0.175,0.825,1.0,0.06061,0.5,0.025,0.175,79.5295,11.633750000000001
P0733,0.975,1.0,0.95,3.445986189332802,-0.2577593019808779,87.958,-0.0954199999999999,0.0453312355,0.225,0.775,1.0,0.03712,0.8,0.05,0.225,87.958,8.7195
P0734,0.15,0.3,0.0,-2.4779529673288327,-0.7417759129828624,90.572,0.75572,0.7443407820000001,0.65,0.35,0.1,0.05292,0.0,0.0,0.65,90.572,7.83075
P0735,0.925,0.95,0.9,2.644994910297384,-0.1427363375368309,88.908,-0.0359200000000001,0.0399198874999999,0.175,0.825,1.0,0.03432,0.4,0.05,0.175,88.908,9.9375
P0736,0.975,1.0,0.95,3.445986189332802,-0.2577593019808779,91.70725,-0.0579274999999999,0.03234218325,0.275,0.725,1.0,0.0461899999999999,0.2,0.025,0.275,91.70725,7.481
P0737,0.825,1.0,0.65,2.3468587534478487,-0.8073230199233546,86.62375,0.0412375000000001,0.12043245875,0.275,0.725,1.0,-0.01222,0.8,0.075,0.275,86.62375,9.412
P0738,0.85,0.95,0.75,2.1027179536479,-0.413874815861573,86.01599999999999,0.0101600000000001,0.080461282,0.475,0.525,1.0,0.0540799999999999,0.2,0.1,0.475,86.01599999999999,9.62575
P0739,0.6,0.85,0.35,0.6013152093011312,-0.6667639614511354,82.16725,0.2216725,0.3326983767499999,0.575,0.425,0.6,0.12448,0.5,0.05,0.575,82.16725,10.4155
P0740,0.875,0.8,0.95,2.2568724004288976,0.3367975924710742,85.32275,-0.0217725000000001,0.1038577807499999,0.5,0.5,0.9,0.0766699999999999,0.6,0.025,0.5,85.32275,11.369499999999999
P0741,0.825,1.0,0.65,2.3468587534478487,-0.8073230199233546,85.3655,0.0286550000000002,0.12592744,0.4,0.6,1.0,0.02803,0.5,0.05,0.4,85.3655,10.4295
P0742,0.075,0.0,0.15,-2.94817396274898,0.506665415272789,92.00675,0.8450675000000001,0.82004948475,0.575,0.425,0.0,0.09249,0.1,0.0,0.575,92.00675,8.626999999999999
P0743,0.05,0.05,0.05,-2.930467585371046,-0.0,89.42425,0.8442425,0.77341665725,0.825,0.175,0.1,0.06806,0.0,0.0,0.825,89.42425,8.94825
P0744,0.5,0.4,0.6,0.0,0.2410403938860268,81.92124999999999,0.3192125000000001,0.32389962225,0.5,0.5,0.5,0.1005499999999999,0.1,0.025,0.5,81.92125,10.203
P0745,0.4,0.55,0.25,-0.517836047922535,-0.3785661370011096,81.668,0.41668,0.475982865,0.675,0.3249999999999999,0.6,0.1089199999999999,0.1,0.075,0.675,81.66799999999999,10.246500000000001
P0746,0.725,1.0,0.45,1.8611042836074367,-1.0502002548435605,83.9875,0.1148749999999999,0.2002844429999999,0.175,0.825,0.9,0.06659,0.3,0.025,0.175,83.9875,10.119
P0747,0.7,0.45,0.95,1.3455856796456809,0.7924409528626826,83.38175,0.1338175,0.19142562575,0.325,0.675,1.0,0.1134299999999999,0.4,0.0,0.325,83.38175,12.2455
P0748,0.6,0.65,0.55,0.4857544698404118,-0.1232291218803638,80.5485,0.2054850000000002,0.355710241,0.925,0.0749999999999999,1.0,0.10604,0.6,0.025,0.925,80.5485,11.315999999999999
P0749,0.75,0.7,0.8,1.288839178424929,0.1472190185309102,79.923,0.0492299999999998,0.165488405,0.225,0.775,0.9,0.11589,0.3,0.05,0.225,79.923,11.29375
P0750,0.5,0.45,0.55,0.0,0.119648113039842,81.874,0.31874,0.3616660385,0.35,0.65,0.8,0.15102,0.6,0.0,0.35,81.874,11.256499999999999
P0751,0.7,1.0,0.4,1.739712002761252,-1.1108963952666528,86.18225,0.1618224999999999,0.20013899275,0.325,0.675,1.0,0.07213,0.4,0.0,0.325,86.18225,10.241
P0752,0.4,0.55,0.25,-0.517836047922535,-0.3785661370011096,77.5735,0.375735,0.4313816879999999,0.725,0.275,0.4,0.09487,0.4,0.325,0.725,77.5735,7.501250000000001
P0753,0.925,1.0,0.85,2.94817396274898,-0.506665415272789,91.52025,-0.0097975000000002,0.0610688582499999,0.15,0.85,1.0,0.07382,0.7,0.025,0.15,91.52025,8.0855
P0754,0.95,0.95,0.95,2.930467585371046,-0.0,89.8435,-0.051565,0.044954948,0.3,0.7,1.0,0.01617,0.5,0.025,0.3,89.8435,8.18575
P0755,0.575,0.9,0.25,0.542276956649484,-0.9086226392871192,84.16425,0.2666425000000001,0.3462021682499999,0.425,0.575,0.9,0.12683,0.9,0.025,0.425,84.16425000000001,10.577
P0756,0.8,0.65,0.95,1.8313401494860928,0.5495637179424766,83.69275,0.0369274999999997,0.12294211225,0.7,0.3,1.0,0.08854,0.3,0.025,0.7,83.69275,10.7315
P0757,0.8,1.0,0.6,2.2217927905333057,-0.869856001380626,84.23949999999999,0.042395,0.1421108145,0.8,0.1999999999999999,0.9,0.07428,1.0,0.0,0.8,84.23949999999999,10.771
P0758,0.4,0.35,0.45,-0.4857544698404118,0.1232291218803637,81.21475,0.4121475,0.43151748875,0.675,0.3249999999999999,0.7,0.1645,0.2,0.0,0.675,81.21475000000001,11.62775
P0759,0.45,0.25,0.65,-0.2713778041618073,0.5017952588814732,79.72175,0.3472175,0.36884811475,0.5,0.5,0.5,0.159,0.9,0.05,0.5,79.72175,11.28925
P0760,0.85,0.85,0.85,1.934843132203402,-0.0,83.351,-0.0164899999999998,0.092233184,0.1,0.9,1.0,0.0306999999999999,0.6,0.25,0.1,83.351,9.19075
P0761,0.2,0.4,0.0,-2.2217927905333057,-0.869856001380626,88.45649999999999,0.6845649999999999,0.691453128,0.225,0.775,0.3,0.08048,0.0,0.0,0.225,88.4565,8.4515
P0762,0.85,0.85,0.85,1.934843132203402,-0.0,81.3365,-0.036635,0.109152497,0.1,0.9,1.0,0.03627,0.6,0.075,0.1,81.3365,9.6265
P0763,0.575,0.9,0.25,0.542276956649484,-0.9086226392871192,84.32000000000001,0.2682000000000001,0.3055940044999999,0.375,0.625,0.5,0.02885,0.5,0.0,0.375,84.32000000000001,9.809999999999999
P0764,0.275,0.2,0.35,-1.1577449645439444,0.2127661254714024,82.924,0.5542399999999998,0.5308677145,0.225,0.775,0.7,0.11193,0.3,0.025,0.225,82.924,10.904250000000001
P0765,0.675,0.7,0.65,0.8633069274821237,-0.0655471069404922,81.3,0.138,0.23314541,0.25,0.75,0.7,0.03268,0.3,0.0,0.25,81.3,10.789
P0766,0.2,0.1,0.3,-1.6769616882934153,0.3412802734651535,84.83900000000001,0.64839,0.6047358365,0.525,0.475,0.7,0.15514,0.2,0.0,0.525,84.839,11.0995
P0767,0.525,0.55,0.5,0.1196481130398421,-0.059824056519921,82.374,0.2987400000000001,0.383172387,0.225,0.775,0.3,0.1029199999999999,0.6,0.075,0.225,82.374,10.307
P0768,0.5,0.9,0.1,0.0,-1.1797611176118612,86.88374999999999,0.3688375,0.4402843322500001,0.625,0.375,0.5,0.13933,0.3,0.0,0.625,86.88374999999999,10.39725
P0769,0.925,1.0,0.85,2.94817396274898,-0.506665415272789,84.07525000000001,-0.0842475,0.08084919725,0.45,0.55,1.0,0.0778899999999999,0.5,0.05,0.45,84.07525000000001,9.80025
P0770,0.1,0.15,0.05,-2.432655358787224,-0.2489061132919109,88.151,0.7815100000000001,0.747962252,0.35,0.65,0.1,0.06419,0.0,0.025,0.35,88.151,8.88025
P0771,0.825,0.85,0.8,1.7590601738450755,-0.0878914791791632,81.32925,-0.0117074999999999,0.1490584602499999,0.275,0.725,0.9,0.0275,0.0,0.0,0.275,81.32925,10.024
P0772,0.4,0.5,0.3,-0.497200570681554,-0.248600285340777,74.519,0.34519,0.4189492345,0.625,0.375,0.3,0.00365,0.2,0.425,0.625,74.51899999999999,7.4235
P0773,0.775,0.9,0.65,1.5458674744124308,-0.4068273804056458,80.86949999999999,0.0336949999999999,0.1427441175,0.475,0.525,1.0,0.07968,0.7,0.15,0.475,80.8695,10.06175
P0774,0.5,1.0,0.0,0.0,-1.9807523966472789,93.377,0.4337700000000002,0.4580286635,0.775,0.2249999999999999,0.5,0.07441,0.3,0.0,0.775,93.377,7.063750000000001
P0775,0.625,0.8,0.45,0.6719904947035324,-0.4556433603916083,80.4315,0.1793150000000001,0.2740104829999999,0.35,0.65,0.9,0.1194499999999999,0.1,0.05,0.35,80.4315,11.449250000000001
P0776,0.75,0.8,0.7,1.288839178424929,-0.1472190185309102,80.68924999999999,0.0568925,0.18494494275,0.725,0.275,1.0,0.0729799999999999,0.7,0.025,0.725,80.68925,10.99025
P0777,0.675,0.55,0.8,0.9112867207832168,0.3359952473517662,79.77475,0.1227475,0.23854238175,0.125,0.875,0.9,0.09033,0.6,0.025,0.125,79.77475,10.926
P0778,0.825,0.95,0.7,1.962434363367077,-0.4840166110019844,86.29974999999999,0.0379975000000002,0.10335967325,0.85,0.15,1.0,0.0907099999999999,0.1,0.075,0.85,86.29974999999999,9.21725
P0779,0.45,0.45,0.45,-0.2392962260796842,-6.938893903907227e-17,78.637,0.33637,0.3306396675,0.3,0.7,0.5,0.04693,0.1,0.05,0.3,78.637,12.0125
P0780,0.875,0.9,0.85,2.147182683713562,-0.10616977575508,83.39375,-0.0410625,0.09902659475,0.15,0.85,1.0,0.06545,0.6,0.05,0.15,83.39375,10.184999999999999
P0781,0.475,0.4,0.55,-0.1213922808461848,0.1803442534629344,84.609,0.37109,0.4171013195,0.2,0.8,1.0,0.0889399999999999,0.1,0.0,0.2,84.60900000000001,11.040000000000001
P0782,0.125,0.15,0.1,-2.147182683713562,-0.10616977575508,85.2785,0.7277850000000001,0.68647112,0.075,0.925,0.1,0.05855,0.3,0.075,0.075,85.2785,8.3825
P0783,0.525,0.65,0.4,0.1250659629145429,-0.3035733753432983,79.1495,0.2664949999999999,0.350784974,0.55,0.4499999999999999,0.6,0.11399,0.2,0.1,0.55,79.1495,10.7825
P0784,0.225,0.4,0.05,-1.7062741865715498,-0.6120966993997481,89.322,0.6682200000000001,0.6719450665,0.025,0.975,0.5,0.0924199999999999,0.3,0.05,0.025,89.322,9.29725
P0785,0.6,0.75,0.45,0.517836047922535,-0.3785661370011096,84.50825,0.2450824999999999,0.3188234507499999,0.275,0.725,1.0,0.3171899999999999,0.9,0.0,0.275,84.50825,10.21725
P0786,0.275,0.35,0.2,-1.1577449645439442,-0.2127661254714024,80.806,0.5330599999999999,0.5122978039999999,0.025,0.975,0.5,0.1911199999999999,0.5,0.0,0.025,80.806,10.5
P0787,0.425,0.55,0.3,-0.3775524576417118,-0.3084243418606981,77.365,0.3486499999999999,0.3467586045,0.475,0.525,0.9,0.06447,0.2,0.05,0.475,77.365,11.008500000000002
P0788,0.65,1.0,0.3,1.4835518259657248,-1.2389764836644164,89.82025000000002,0.2482025,0.26503029975,0.275,0.725,0.8,0.17029,0.4,0.0,0.275,89.82025,8.700750000000001
P0789,0.625,0.4,0.85,0.7263811722156742,0.604230979993864,78.65350000000001,0.1615349999999999,0.325687876,0.5,0.5,1.0,0.1587599999999999,1.0,0.05,0.5,78.6535,11.37575
P0790,0.725,0.9,0.55,1.299409230651703,-0.5300565022860095,85.7165,0.1321649999999999,0.168569755,0.325,0.675,0.9,0.17338,0.8,0.0,0.325,85.7165,9.72175
P0791,0.625,0.6,0.65,0.6071467506865965,0.0625329814572713,81.0205,0.185205,0.2814611024999999,0.6,0.4,0.9,0.0738,0.6,0.0,0.6,81.0205,12.16925
P0792,0.75,0.95,0.55,1.5848819057253651,-0.6727928398228404,85.41725,0.1041725,0.14275158175,0.5,0.5,0.9,0.13103,0.7,0.0,0.5,85.41725,10.65925
P0793,0.25,0.4,0.1,-1.420801511497888,-0.4693603618629172,80.77625,0.5577624999999999,0.53105575925,0.075,0.925,0.7,0.2080899999999999,0.5,0.15,0.075,80.77625,10.03875
P0794,0.7,0.9,0.5,1.1797611176118612,-0.5898805588059306,85.4505,0.154505,0.2060850474999999,0.15,0.85,0.6,0.02426,0.1,0.05,0.15,85.4505,8.71475
P0795,0.8,0.95,0.65,1.8313401494860928,-0.5495637179424767,87.22800000000001,0.0722799999999999,0.1499696795,0.25,0.75,1.0,0.06178,0.6,0.025,0.25,87.228,9.088249999999999
P0796,0.95,0.95,0.95,2.930467585371046,-0.0,92.51,-0.0248999999999998,0.038495147,0.6,0.4,1.0,0.02122,0.9,0.025,0.6,92.51,8.196
P0797,0.25,0.2,0.3,-1.288839178424929,0.1472190185309102,84.4005,0.5940049999999999,0.621163751,0.825,0.175,0.2,0.0606699999999999,0.2,0.0,0.825,84.4005,10.12975
P0798,0.875,0.75,1.0,2.618236557609656,0.6716341178424509,88.553,0.0105299999999999,0.0637021535,0.475,0.525,1.0,0.06874,0.4,0.075,0.475,88.553,9.223
P0799,0.725,1.0,0.45,1.8611042836074367,-1.0502002548435605,87.96,0.1545999999999999,0.21853764,0.95,0.05,0.7,0.05819,0.4,0.0,0.95,87.96000000000001,10.024750000000001
P0800,0.425,0.55,0.3,-0.3775524576417118,-0.3084243418606981,81.00625,0.3850625000000001,0.46318953175,0.7,0.3,0.4,0.11753,0.7,0.125,0.7,81.00625,10.04625
P0801,0.35,0.5,0.2,-0.7916386077433746,-0.3958193038716873,81.4585,0.4645849999999999,0.484157025,0.875,0.125,0.3,0.0156399999999999,0.3,0.05,0.875,81.4585,10.54025
P0802,0.15,0.0,0.3,-2.4779529673288327,0.7417759129828624,86.95775,0.7195775000000001,0.67198050125,0.725,0.275,0.5,0.19413,0.3,0.0,0.725,86.95775,10.28925
P0803,0.55,0.9,0.2,0.3881225098684866,-0.985699862677618,86.58025,0.3158025,0.38913335475,0.775,0.2249999999999999,0.6,0.0561,0.2,0.0,0.775,86.58025,10.2735
P0804,0.575,0.85,0.3,0.470220995420147,-0.7323110683916275,80.53475,0.2303474999999999,0.3718454987499999,0.425,0.575,0.7,0.05764,0.3,0.0,0.425,80.53475,11.4095
P0805,0.4,0.4,0.4,-0.4820807877720537,-0.0,80.16900000000001,0.40169,0.4440931365,0.55,0.4499999999999999,0.2,0.09874,0.6,0.125,0.55,80.16900000000001,10.756499999999999
P0806,0.45,0.6,0.3,-0.2561601767955271,-0.3691204822837904,77.446,0.32446,0.4023793054999999,0.575,0.425,0.9,0.24916,0.5,0.05,0.575,77.446,11.05725
P0807,0.675,0.7,0.65,0.8633069274821237,-0.0655471069404922,81.14175,0.1364174999999998,0.22184039025,0.6,0.4,0.8,0.08059,0.8,0.0,0.6,81.14175,12.49875
P0808,0.525,0.9,0.15,0.2123395515101601,-1.073591341856781,86.3235,0.3382349999999998,0.341817455,0.925,0.0749999999999999,0.6,0.02119,0.5,0.025,0.925,86.3235,9.54075
P0809,0.95,0.9,1.0,3.16051351425914,0.4004956395177088,88.67075,-0.0632924999999999,0.04438452225,0.475,0.525,1.0,0.0290299999999999,1.0,0.0,0.475,88.67075,10.3895
P0810,0.525,0.85,0.2,0.1757829583583264,-0.8795300869225378,82.032,0.2953199999999999,0.313275012,0.675,0.3249999999999999,0.6,0.0592299999999999,0.0,0.025,0.675,82.03200000000001,10.461
P0811,0.5,0.8,0.2,0.0,-0.7916386077433746,79.25325000000001,0.2925325,0.4174692572499999,0.475,0.525,0.3,0.05644,0.2,0.075,0.475,79.25325000000001,10.491
P0812,0.225,0.15,0.3,-1.464622136783255,0.2351104977100735,84.34525000000001,0.6184525000000001,0.59234074175,0.75,0.25,0.2,0.06096,0.0,0.075,0.75,84.34525,10.1205
P0813,0.55,0.8,0.3,0.2944380370618205,-0.6444195892124643,80.36775,0.2536775,0.3873264737499999,0.225,0.775,0.4,0.19709,1.0,0.0,0.225,80.36775,10.718250000000001
P0814,0.85,1.0,0.7,2.4779529673288327,-0.7417759129828624,84.131,-0.0086899999999999,0.0914091809999999,0.325,0.675,0.9,0.01258,0.9,0.125,0.325,84.131,9.64025
P0815,0.125,0.2,0.05,-2.2568724004288976,-0.3367975924710742,85.78174999999999,0.7328175,0.70275960725,0.35,0.65,0.1,0.1387299999999999,0.0,0.075,0.35,85.78175,8.99375
P0816,0.925,0.95,0.9,2.644994910297384,-0.1427363375368309,88.81649999999999,-0.0368349999999999,0.060104466,0.65,0.35,1.0,0.03322,0.9,0.0,0.65,88.81649999999999,10.46025
P0817,0.625,0.85,0.4,0.7263811722156742,-0.604230979993864,80.709,0.1820899999999999,0.251694751,0.55,0.4499999999999999,0.6,0.0898099999999999,0.1,0.125,0.55,80.709,9.768
P0818,0.6,0.85,0.35,0.6013152093011312,-0.6667639614511354,73.6105,0.136105,0.2528492355,0.275,0.725,0.9,0.05726,0.6,0.475,0.275,73.6105,8.519
P0819,0.875,0.75,1.0,2.618236557609656,0.6716341178424509,84.09075,-0.0340924999999998,0.09589613275,0.2,0.8,1.0,0.0616,0.5,0.025,0.2,84.09075,9.62075
P0820,0.25,0.1,0.4,-1.420801511497888,0.4693603618629172,83.68175,0.5868175000000001,0.53613718775,0.225,0.775,0.6,0.18897,0.6,0.0,0.225,83.68175,10.684000000000001
P0821,0.125,0.05,0.2,-2.2568724004288976,0.3367975924710742,85.4255,0.729255,0.6626769525,0.525,0.475,0.4,0.12618,0.2,0.025,0.525,85.4255,9.344
P0822,0.95,0.95,0.95,2.930467585371046,-0.0,83.92575000000001,-0.1107424999999998,0.06516862075,0.4,0.6,1.0,0.01584,0.7,0.075,0.4,83.92575000000001,8.972750000000001
P0823,0.7,0.85,0.55,1.087069679141543,-0.4238867265309295,79.9905,0.0999050000000001,0.227885803,0.525,0.475,0.8,0.06362,0.6,0.025,0.525,79.9905,10.93725
P0824,0.575,0.65,0.5,0.3661063568005698,-0.1830531784002849,74.5895,0.170895,0.3126012485,0.5,0.5,0.8,0.14023,0.6,0.4,0.5,74.5895,8.67425
P0825,0.675,0.65,0.7,0.8633069274821239,0.0655471069404921,80.196,0.1269599999999999,0.1942234964999999,0.225,0.775,1.0,0.10299,0.9,0.025,0.225,80.196,12.60225
P0826,0.15,0.1,0.2,-1.971399725355236,0.1940612549342433,84.52325,0.6952325,0.66122997875,0.375,0.625,0.4,0.1777099999999999,0.2,0.05,0.375,84.52324999999999,9.735249999999999
P0827,0.425,0.1,0.75,-0.5422769566494843,0.9086226392871192,84.52575,0.4202575,0.40839778875,0.3,0.7,0.9,0.17495,0.5,0.025,0.3,84.52575,10.42775
P0828,0.7,0.55,0.85,1.0870696791415433,0.4238867265309294,82.50375,0.1250374999999999,0.1809712772499999,0.55,0.4499999999999999,0.9,0.02882,0.7,0.075,0.55,82.50375,10.799
P0829,0.575,0.75,0.4,0.3964437670763503,-0.439262277424202,78.60400000000001,0.2110400000000001,0.2372946964999999,0.2,0.8,0.9,0.0857,0.2,0.125,0.2,78.604,11.12075
P0830,0.4,0.45,0.35,-0.4857544698404118,-0.1232291218803638,79.912,0.3991199999999999,0.4345465295,0.375,0.625,0.8,0.09413,0.2,0.075,0.375,79.912,10.917
P0831,0.9,0.95,0.85,2.432655358787224,-0.2489061132919109,81.49749999999999,-0.0850249999999999,0.1080019045,0.1,0.9,1.0,0.08448,0.7,0.075,0.1,81.4975,11.45025
P0832,0.625,0.35,0.9,0.8136547608112916,0.7729337372062154,83.231,0.20731,0.2780983019999999,0.4,0.6,1.0,0.10015,0.7,0.0,0.4,83.231,10.9045
P0833,0.325,0.4,0.25,-0.878524554848404,-0.1982218835381751,82.37049999999999,0.498705,0.4727946939999999,0.575,0.425,0.7,0.09884,0.0,0.0,0.575,82.3705,10.4145
P0834,0.35,0.65,0.05,-1.0991274358849532,-0.9156700747430464,83.33325,0.4833324999999998,0.5339336832500001,0.125,0.875,0.5,0.06757,0.4,0.075,0.125,83.33324999999999,9.198
P0835,0.95,1.0,0.9,3.16051351425914,-0.4004956395177088,88.47825,-0.0652174999999999,0.05029945525,0.45,0.55,1.0,0.01303,0.7,0.175,0.45,88.47825,6.5065
P0836,0.625,0.65,0.6,0.6071467506865966,-0.0625329814572714,68.56800000000001,0.0606799999999999,0.2305212994999999,0.85,0.15,0.8,0.03539,0.4,0.55,0.85,68.568,8.276
P0837,0.6,0.8,0.4,0.5505982138573478,-0.5163395008147007,81.263,0.2126300000000001,0.2771393785,0.35,0.65,0.8,0.12315,0.4,0.05,0.35,81.263,10.217
P0838,0.65,0.8,0.5,0.7916386077433746,-0.3958193038716873,80.061,0.15061,0.229549341,0.325,0.675,0.8,0.05882,0.3,0.025,0.325,80.061,12.3615
P0839,0.425,0.65,0.2,-0.4255322509428048,-0.5788724822719722,85.3135,0.428135,0.456370696,0.425,0.575,0.4,0.19584,0.8,0.0,0.425,85.3135,9.998000000000001
P0840,0.775,0.85,0.7,1.464622136783255,-0.2351104977100735,83.60350000000001,0.061035,0.1386537155,0.725,0.275,1.0,0.0594,0.3,0.025,0.725,83.6035,10.87575
P0841,0.725,0.75,0.7,1.1346847316439312,-0.0701417951404115,78.6755,0.061755,0.195407317,0.475,0.525,0.8,0.0509999999999999,0.5,0.1,0.475,78.6755,10.81675
P0842,0.525,0.75,0.3,0.1402835902808231,-0.5673423658219656,79.90725,0.2740724999999999,0.3921204482499999,0.175,0.825,0.7,0.10758,0.0,0.05,0.175,79.90725,11.097
P0843,0.675,0.9,0.45,1.060113004572019,-0.6497046153258517,84.44425,0.1694425,0.24304674925,0.7,0.3,0.9,0.03395,0.4,0.0,0.7,84.44425,10.60275
P0844,0.8,0.7,0.9,1.6769616882934153,0.3412802734651535,85.58875,0.0558874999999999,0.12945163275,0.55,0.4499999999999999,0.9,0.0054,0.2,0.075,0.55,85.58875,9.31125
P0845,0.925,0.9,0.95,2.644994910297384,0.1427363375368309,86.55,-0.0595000000000001,0.0610901499999999,0.275,0.725,1.0,0.01868,0.9,0.0,0.275,86.55,10.1405
P0846,0.35,0.5,0.2,-0.7916386077433746,-0.3958193038716873,80.45025000000001,0.4545024999999999,0.4337453567500001,0.8,0.1999999999999999,0.6,0.13193,0.6,0.05,0.8,80.45025,10.608500000000001
P0847,0.9,1.0,0.8,2.772391004390653,-0.5945568944519521,88.10775000000001,-0.0189225,0.07130208575,0.5,0.5,1.0,0.04476,0.7,0.05,0.5,88.10775,9.318999999999999
P0848,0.85,0.9,0.8,1.971399725355236,-0.1940612549342433,85.2135,0.0021349999999998,0.0773950135,0.475,0.525,0.9,-0.01171,0.9,0.175,0.475,85.2135,7.973000000000001
P0849,0.125,0.15,0.1,-2.147182683713562,-0.10616977575508,86.106,0.7360599999999999,0.675540755,0.725,0.275,0.0,0.09749,0.1,0.025,0.725,86.106,9.31425
P0850,0.425,0.7,0.15,-0.470220995420147,-0.7323110683916275,84.54325,0.4204325,0.49741188975,0.35,0.65,0.6,0.0601,0.4,0.0,0.35,84.54325,11.1625
P0851,0.8,0.75,0.85,1.6049057270640783,0.1649687025696619,80.55525,0.0055525,0.15131414575,0.775,0.2249999999999999,0.9,0.06337,0.4,0.0,0.775,80.55525,11.720749999999999
P0852,0.525,0.65,0.4,0.1250659629145429,-0.3035733753432983,81.58624999999999,0.2908625,0.36552115975,0.625,0.375,0.5,0.06875,0.2,0.025,0.625,81.58624999999999,11.37875
P0853,0.625,0.4,0.85,0.7263811722156742,0.604230979993864,79.357,0.1685700000000001,0.2670073299999999,0.4,0.6,0.9,0.12603,0.6,0.0,0.4,79.357,11.9495
P0854,0.8,0.6,1.0,2.2217927905333057,0.869856001380626,85.846,0.0584600000000001,0.125740882,0.475,0.525,0.9,0.0327,0.5,0.025,0.475,85.846,9.89075
P0855,0.575,0.55,0.6,0.360688506925869,0.0606961404230923,71.649,0.1414900000000001,0.2720766205,0.35,0.65,1.0,0.03645,0.1,0.375,0.35,71.649,9.538
P0856,0.35,0.3,0.4,-0.7382409645675809,0.1280800883977635,82.11449999999999,0.4711449999999999,0.494135679,0.675,0.3249999999999999,0.7,0.20564,0.0,0.075,0.675,82.11449999999999,9.476
P0857,0.625,0.65,0.6,0.6071467506865966,-0.0625329814572714,78.94524999999999,0.1644525,0.2593343307499999,0.725,0.275,0.8,0.16943,0.6,0.125,0.725,78.94525,11.186
P0858,0.425,0.35,0.5,-0.3661063568005696,0.1830531784002848,82.47375,0.3997375,0.42105004525,0.225,0.775,0.7,0.0843,0.6,0.05,0.225,82.47375,11.00275
P0859,0.875,0.9,0.85,2.147182683713562,-0.10616977575508,83.1425,-0.043575,0.1026661369999999,0.725,0.275,1.0,0.04031,0.1,0.0,0.725,83.1425,10.881
P0860,0.25,0.15,0.35,-1.3335279229022707,0.3006576046505656,77.37049999999999,0.5237050000000001,0.509580189,0.425,0.575,0.5,0.09698,0.2,0.4,0.425,77.3705,9.133750000000001
P0861,0.475,0.3,0.65,-0.1310942138809844,0.4316534637410618,84.16975,0.3666974999999999,0.4328171887499999,0.05,0.95,0.8,0.11622,0.4,0.05,0.05,84.16975,10.552
P0862,0.6,0.7,0.5,0.497200570681554,-0.248600285340777,81.73275000000001,0.2173275,0.30247191875,0.675,0.3249999999999999,1.0,0.0637399999999999,0.3,0.0,0.675,81.73275,11.15775
P0863,0.4,0.65,0.15,-0.6013152093011312,-0.6667639614511354,83.01675,0.4301674999999999,0.47832401275,0.725,0.275,0.6,0.08667,0.3,0.075,0.725,83.01675,10.878499999999999
P0864,0.9,1.0,0.8,2.772391004390653,-0.5945568944519521,83.79100000000001,-0.06209,0.0974079295,0.725,0.275,1.0,0.05871,0.6,0.0,0.725,83.791,10.844750000000001
P0865,0.6,0.55,0.65,0.4857544698404118,0.1232291218803637,81.35475,0.2135475,0.26845283725,0.75,0.25,0.9,0.06294,0.3,0.025,0.75,81.35475,12.58625
P0866,0.8,1.0,0.6,2.2217927905333057,-0.869856001380626,81.00474999999999,0.0100474999999998,0.16383143475,0.25,0.75,0.9,0.08449,0.8,0.2,0.25,81.00475,8.789
P0867,0.375,0.25,0.5,-0.6374841609623769,0.3187420804811884,83.287,0.4578700000000001,0.458787752,0.6,0.4,0.8,0.3000000000000001,0.9,0.0,0.6,83.287,9.96125
P0868,0.2,0.05,0.35,-1.8313401494860928,0.5495637179424766,79.48925,0.5948925,0.56951334925,0.35,0.65,0.5,0.06516,0.0,0.2,0.35,79.48925,9.24225
P0869,0.5,0.5,0.5,0.0,-0.0,78.95325,0.2895324999999999,0.37362559025,0.15,0.85,0.6,0.08696,0.5,0.075,0.15,78.95325,12.1505
P0870,0.5,0.6,0.4,0.0,-0.2410403938860268,81.54775,0.3154775000000001,0.33143495575,0.675,0.3249999999999999,0.5,0.05173,0.1,0.05,0.675,81.54775,11.394
P0871,0.975,1.0,0.95,3.445986189332802,-0.2577593019808779,90.26175,-0.0723824999999999,0.0313903137499999,0.375,0.625,1.0,0.0273799999999999,0.8,0.025,0.375,90.26175,8.17025
P0872,0.5,0.55,0.45,0.0,-0.1196481130398421,80.21675,0.3021674999999998,0.33742382675,0.325,0.675,0.7,-0.02067,0.4,0.075,0.325,80.21675,11.34775
P0873,0.65,1.0,0.3,1.4835518259657248,-1.2389764836644164,84.85675,0.1985675,0.2470768987499999,0.35,0.65,1.0,0.09031,0.4,0.025,0.35,84.85675,10.5405
P0874,0.175,0.3,0.05,-1.962434363367077,-0.4840166110019844,86.132,0.6863199999999998,0.638313629,0.55,0.4499999999999999,0.3,0.13193,0.3,0.0,0.55,86.132,9.997499999999999
P0875,0.475,0.75,0.2,-0.1541544467809974,-0.7145613843528759,78.2635,0.307635,0.3103897115,0.25,0.75,0.8,0.0773,0.6,0.175,0.25,78.2635,9.7295
P0876,0.475,0.35,0.6,-0.1250659629145427,0.3035733753432982,78.80199999999999,0.3130199999999999,0.3637507075,0.875,0.125,0.7,0.10251,0.0,0.075,0.875,78.80199999999999,11.67825
P0877,0.425,0.65,0.2,-0.4255322509428048,-0.5788724822719722,81.11675,0.3861675,0.43571619525,0.425,0.575,0.8,0.1819499999999999,0.3,0.0,0.425,81.11675,10.69375
P0878,0.275,0.35,0.2,-1.1577449645439442,-0.2127661254714024,86.6895,0.5918949999999998,0.6114593380000001,0.35,0.65,0.4,0.04949,0.2,0.0,0.35,86.6895,10.853
P0879,0.025,0.0,0.05,-3.445986189332802,0.2577593019808779,92.31025,0.8981024999999999,0.83813144975,0.45,0.55,0.2,0.32186,0.4,0.025,0.45,92.31025,7.19825
P0880,0.6,0.85,0.35,0.6013152093011312,-0.6667639614511354,81.85175,0.2185174999999999,0.27270682675,0.125,0.875,0.9,0.1139599999999999,0.5,0.075,0.125,81.85175000000001,9.5205
P0881,0.725,0.65,0.8,1.1577449645439444,0.2127661254714024,80.99475,0.0849475,0.17678719525,0.375,0.625,0.9,0.0574799999999999,0.7,0.0,0.375,80.99475,11.517
P0882,0.5,0.7,0.3,0.0,-0.497200570681554,78.98825,0.2898824999999999,0.2900306207499999,0.8,0.1999999999999999,0.8,0.0529099999999999,0.4,0.4,0.8,78.98825,6.492
P0883,0.725,0.9,0.55,1.299409230651703,-0.5300565022860095,82.70424999999999,0.1020424999999999,0.19717733575,0.45,0.55,0.9,0.01252,0.7,0.05,0.45,82.70425,9.88725
P0884,0.25,0.2,0.3,-1.288839178424929,0.1472190185309102,84.69125,0.5969125,0.58724875825,0.825,0.175,0.5,0.06815,0.5,0.025,0.825,84.69125,10.221250000000001
P0885,0.2,0.4,0.0,-2.2217927905333057,-0.869856001380626,84.3295,0.643295,0.59866978,0.625,0.375,0.5,0.17423,0.6,0.025,0.625,84.3295,10.2125
P0886,0.65,0.95,0.35,1.0991274358849532,-0.9156700747430464,85.66075000000001,0.2066074999999999,0.22091188675,0.025,0.975,0.7,0.08174,0.1,0.0,0.025,85.66075,10.73575
P0887,0.65,0.6,0.7,0.7382409645675809,0.1280800883977635,82.417,0.1741699999999999,0.2661387764999999,0.325,0.675,0.9,0.0602199999999999,0.9,0.05,0.325,82.417,12.196000000000002
P0888,0.675,0.4,0.95,1.2241933987994962,0.8531370932857749,81.87349999999999,0.1437349999999998,0.2341143589999999,0.4,0.6,0.9,0.07486,0.9,0.025,0.4,81.8735,10.619
P0889,0.4,0.25,0.55,-0.5178360479225349,0.3785661370011094,82.50425,0.4250425,0.43560276225,0.15,0.85,0.7,0.06329,0.5,0.025,0.15,82.50425,10.8765
P0890,0.875,0.75,1.0,2.618236557609656,0.6716341178424509,87.64824999999999,0.0014825,0.07322865525,0.575,0.425,1.0,0.0759,0.9,0.025,0.575,87.64824999999999,9.4245
P0891,0.975,1.0,0.95,3.445986189332802,-0.2577593019808779,94.02075,-0.0347925,0.0188285582499999,0.575,0.425,1.0,0.03473,1.0,0.025,0.575,94.02074999999999,7.816
P0892,0.525,0.5,0.55,0.119648113039842,0.059824056519921,80.78824999999999,0.2828825,0.35819344775,0.425,0.575,0.5,0.07368,0.2,0.05,0.425,80.78824999999999,11.39275
P0893,0.7,0.55,0.85,1.0870696791415433,0.4238867265309294,83.52025,0.1352025,0.19019070125,0.575,0.425,0.9,0.10596,1.0,0.0,0.575,83.52025,10.231
P0894,0.225,0.25,0.2,-1.4291227687057515,-0.0770772233904988,86.46324999999999,0.6396325000000002,0.6296041782499999,0.15,0.85,0.9,0.15544,0.4,0.025,0.15,86.46324999999999,10.400749999999999
P0895,0.55,0.15,0.95,0.4978122265838219,1.216327679393612,84.58374999999998,0.2958375,0.27397533775,0.325,0.675,1.0,0.10263,0.4,0.025,0.325,84.58375,9.238249999999999
P0896,0.5,0.25,0.75,0.0,0.6374841609623769,84.33125,0.3433125,0.35998525875,0.925,0.0749999999999999,0.9,0.0983199999999999,0.7,0.0,0.925,84.33125,9.76975
P0897,0.35,0.1,0.6,-0.9387207237258344,0.710400755748944,83.38825,0.4838825,0.49059171475,0.675,0.3249999999999999,0.3,0.15129,0.6,0.025,0.675,83.38825,10.36375
P0898,0.375,0.3,0.45,-0.6168486837213962,0.1887762288208559,81.2855,0.4378550000000001,0.4239596015,0.55,0.4499999999999999,0.6,0.06768,0.1,0.025,0.55,81.2855,11.688500000000001
P0899,0.65,1.0,0.3,1.4835518259657248,-1.2389764836644164,89.4405,0.2444050000000001,0.2832964615,0.325,0.675,0.7,-0.01354,0.8,0.0,0.325,89.4405,9.275
P0900,0.425,0.35,0.5,-0.3661063568005696,0.1830531784002848,78.5735,0.360735,0.37982331,0.525,0.475,0.9,0.09179,0.5,0.0,0.525,78.5735,11.57075
P0901,0.85,0.9,0.8,1.971399725355236,-0.1940612549342433,87.10049999999998,0.0210049999999999,0.087758598,0.125,0.875,0.9,0.03735,0.5,0.075,0.125,87.1005,10.29275
P0902,0.5,0.35,0.65,0.0,0.3661063568005696,74.97650000000002,0.249765,0.382200003,0.35,0.65,0.7,0.10911,0.6,0.325,0.35,74.9765,9.36275
P0903,0.675,0.85,0.5,0.967421566101701,-0.4837107830508505,83.497,0.1599699999999998,0.2060191555,0.425,0.575,0.9,0.1146099999999999,0.2,0.075,0.425,83.497,11.964
P0904,0.775,0.7,0.85,1.464622136783255,0.2351104977100735,83.89075,0.0639075,0.16881038475,0.575,0.425,0.9,0.13852,0.4,0.0,0.575,83.89075,11.1485
P0905,0.675,0.95,0.4,1.2241933987994962,-0.8531370932857749,85.464,0.1796399999999998,0.2482412005,0.75,0.25,1.0,0.0598,0.1,0.0,0.75,85.464,11.409
P0906,0.45,0.35,0.55,-0.2464582437607276,0.2428772349202058,75.91274999999999,0.3091274999999999,0.38587604075,0.3,0.7,0.6,0.0549399999999999,0.1,0.2,0.3,75.91275,10.38925
P0907,0.85,0.75,0.95,2.1027179536479004,0.4138748158615729,80.8355,-0.041645,0.1523592245,0.175,0.825,1.0,0.1033099999999999,0.6,0.125,0.175,80.8355,9.926
P0908,0.7,0.8,0.6,1.0326790016294014,-0.2752991069286739,78.11625,0.0811625,0.19121016975,0.125,0.875,1.0,0.10294,0.6,0.25,0.125,78.11625000000001,9.376999999999999
P0909,0.575,0.75,0.4,0.3964437670763503,-0.439262277424202,77.66175,0.2016175,0.30976226775,0.65,0.35,0.9,0.09431,0.6,0.2,0.65,77.66175,10.348
P0910,0.725,0.8,0.65,1.1577449645439442,-0.2127661254714024,83.04225,0.1054225,0.18640268875,0.4,0.6,0.9,0.1029399999999999,0.8,0.05,0.4,83.04225,10.779250000000001
P0911,0.475,0.5,0.45,-0.1196481130398421,-0.059824056519921,80.30499999999999,0.32805,0.3500156785,0.375,0.625,0.6,0.0778,0.6,0.0,0.375,80.30499999999999,11.92925
P0912,0.575,0.9,0.25,0.542276956649484,-0.9086226392871192,82.19775,0.2469775,0.28735941775,0.25,0.75,0.9,0.03061,0.8,0.075,0.25,82.19775,10.198
P0913,0.45,0.4,0.5,-0.2410403938860268,0.1205201969430134,83.43325,0.3843325,0.45476237625,0.475,0.525,0.6,0.04048,0.5,0.05,0.475,83.43325,11.223
P0914,0.25,0.3,0.2,-1.288839178424929,-0.1472190185309102,82.13375,0.5713374999999999,0.5790154267500001,0.575,0.425,0.3,0.07994,0.1,0.025,0.575,82.13374999999999,11.20925
P0915,0.675,0.75,0.6,0.878524554848404,-0.1982218835381751,80.52674999999999,0.1302674999999999,0.23643358175,0.125,0.875,0.8,0.07157,0.4,0.1,0.125,80.52675,10.515
P0916,0.65,0.85,0.45,0.8477734530618589,-0.5435348395707716,84.4245,0.1942450000000001,0.284091965,0.3,0.7,0.9,0.1588099999999999,0.7,0.0,0.3,84.4245,11.81975
P0917,0.85,0.85,0.85,1.934843132203402,-0.0,84.00250000000001,-0.0099749999999999,0.080126181,0.225,0.775,1.0,0.04538,0.6,0.025,0.225,84.0025,10.94425
P0918,0.75,0.6,0.9,1.420801511497888,0.4693603618629172,83.74875,0.0874874999999999,0.19737592875,0.8,0.1999999999999999,0.9,0.06712,0.3,0.025,0.8,83.74875,11.07375
P0919,0.9,0.95,0.85,2.432655358787224,-0.2489061132919109,85.85650000000001,-0.0414349999999998,0.0781755355,0.375,0.625,1.0,0.03687,0.6,0.0,0.375,85.85650000000001,9.72925
P0920,0.675,1.0,0.35,1.614646039846709,-1.1734293767239243,87.63074999999999,0.2013074999999999,0.25532685775,0.225,0.775,0.6,0.09814,0.0,0.025,0.225,87.63075,9.01125
P0921,0.5,0.6,0.4,0.0,-0.2410403938860268,77.58425,0.2758425000000001,0.34451180025,0.35,0.65,0.9,0.08924,0.6,0.075,0.35,77.58425,10.56825
P0922,0.575,1.0,0.15,1.013330830545578,-1.47408698137449,88.50874999999999,0.3100874999999998,0.33204897825,0.775,0.2249999999999999,0.8,0.10537,0.6,0.0,0.775,88.50874999999999,9.43925
P0923,0.25,0.2,0.3,-1.288839178424929,0.1472190185309102,79.82775000000001,0.5482775,0.48662879925,0.075,0.925,0.6,0.11088,0.3,0.025,0.075,79.82775000000001,10.51375
P0924,0.45,0.65,0.25,-0.2713778041618073,-0.5017952588814735,82.5645,0.375645,0.3732882885,0.225,0.775,0.9,0.13051,0.2,0.1,0.225,82.5645,10.45525
P0925,0.325,0.05,0.6,-1.2241933987994962,0.8531370932857749,83.22774999999999,0.5072775,0.5151326607500001,0.2,0.8,0.4,0.12667,0.4,0.075,0.2,83.22775,10.74025
P0926,0.325,0.4,0.25,-0.878524554848404,-0.1982218835381751,79.545,0.47045,0.453111557,0.55,0.4499999999999999,0.3,0.0971,0.2,0.025,0.55,79.545,11.75625
P0927,0.175,0.1,0.25,-1.8172452785742383,0.271138478324742,83.35975,0.6585975,0.62979387925,0.925,0.0749999999999999,0.5,0.12053,0.3,0.075,0.925,83.35974999999999,10.029250000000001
P0928,0.675,0.7,0.65,0.8633069274821237,-0.0655471069404922,79.86075000000001,0.1236074999999999,0.18068050525,0.5,0.5,0.8,0.0058299999999999,0.6,0.275,0.5,79.86075,9.1945
P0929,0.825,1.0,0.65,2.3468587534478487,-0.8073230199233546,83.85025,0.0135025,0.1221738942499999,0.4,0.6,1.0,0.0509899999999999,0.4,0.025,0.4,83.85025,10.27375
P0930,0.65,0.95,0.35,1.0991274358849532,-0.9156700747430464,82.02775,0.1702774999999998,0.24488760525,0.6,0.4,0.9,0.0394,0.4,0.025,0.6,82.02775,10.0785
P0931,0.85,1.0,0.7,2.4779529673288327,-0.7417759129828624,86.5685,0.0156849999999998,0.110462131,0.55,0.4499999999999999,1.0,0.04903,0.3,0.025,0.55,86.5685,10.0915
P0932,0.7,0.45,0.95,1.3455856796456809,0.7924409528626826,85.4025,0.154025,0.192340605,0.425,0.575,0.8,0.05366,0.6,0.025,0.425,85.4025,9.70625
P0933,0.875,0.75,1.0,2.618236557609656,0.6716341178424509,85.0965,-0.0240349999999999,0.0889325119999999,0.25,0.75,1.0,0.0407499999999999,0.2,0.025,0.25,85.0965,10.71875
P0934,0.7,0.9,0.5,1.1797611176118612,-0.5898805588059306,81.60675,0.1160674999999999,0.1933303102499999,0.15,0.85,0.8,0.2144299999999999,0.6,0.025,0.15,81.60675,11.2955
P0935,0.575,0.65,0.5,0.3661063568005698,-0.1830531784002849,81.57374999999999,0.2407375,0.26393012275,0.35,0.65,1.0,0.08902,0.6,0.075,0.35,81.57374999999999,10.462
P0936,0.65,0.75,0.55,0.7571322740022192,-0.2589180239612675,79.25925,0.1425924999999999,0.23194728925,0.775,0.2249999999999999,0.7,-0.00942,0.0,0.15,0.775,79.25925,10.919
P0937,0.475,0.8,0.15,-0.1757829583583264,-0.8795300869225378,85.7525,0.3825250000000001,0.3807950905,0.275,0.725,0.5,0.1101399999999999,0.4,0.05,0.275,85.7525,10.4215
P0938,0.575,0.55,0.6,0.360688506925869,0.0606961404230923,80.23875000000001,0.2273875,0.33484983325,0.475,0.525,0.9,0.11444,0.0,0.05,0.475,80.23875000000001,12.442499999999999
P0939,0.25,0.5,0.0,-1.9807523966472789,-0.9903761983236394,87.65074999999999,0.6265075,0.6524455167500001,0.7,0.3,0.3,0.0567099999999999,0.2,0.0,0.7,87.65075,8.748000000000001
P0940,0.7,0.8,0.6,1.0326790016294014,-0.2752991069286739,81.39349999999999,0.1139350000000001,0.187003928,0.975,0.025,1.0,0.01139,0.1,0.075,0.975,81.39349999999999,10.25625
P0941,0.35,0.15,0.55,-0.847773453061859,0.5435348395707715,83.41324999999999,0.4841325000000002,0.51555832075,0.425,0.575,0.6,0.0823,0.3,0.175,0.425,83.41325,9.2675
P0942,0.7,0.4,1.0,1.739712002761252,1.1108963952666528,86.82199999999999,0.16822,0.21409022,0.875,0.125,0.6,0.03776,0.6,0.025,0.875,86.822,9.24875
P0943,0.4,0.2,0.6,-0.5505982138573478,0.5163395008147007,82.7285,0.427285,0.4749947690000001,0.375,0.625,0.2,0.03682,0.1,0.1,0.375,82.7285,10.004000000000001
P0944,0.95,0.95,0.95,2.930467585371046,-0.0,85.889,-0.09111,0.0492955209999999,0.2,0.8,1.0,0.03147,0.6,0.025,0.2,85.889,9.14525
P0945,0.875,0.85,0.9,2.147182683713562,0.10616977575508,82.8255,-0.0467449999999999,0.105958947,0.1,0.9,1.0,0.07907,0.6,0.0,0.1,82.8255,11.205
P0946,0.7,0.65,0.75,1.0035905177629467,0.1356889020809035,79.899,0.09899,0.1996987625,0.675,0.3249999999999999,0.9,0.03091,0.3,0.05,0.675,79.899,10.778
P0947,0.525,0.75,0.3,0.1402835902808231,-0.5673423658219656,82.436,0.29936,0.352147495,0.4,0.6,0.9,0.16119,0.1,0.05,0.4,82.436,10.47175
P0948,0.425,0.65,0.2,-0.4255322509428048,-0.5788724822719722,80.412,0.3791199999999999,0.4083238469999999,0.05,0.95,0.7,0.08139,0.6,0.0,0.05,80.412,12.66075
P0949,0.525,0.85,0.2,0.1757829583583264,-0.8795300869225378,84.21875,0.3171874999999999,0.41192686675,0.425,0.575,0.5,0.09478,0.7,0.025,0.425,84.21875,10.7545
P0950,0.75,0.9,0.6,1.420801511497888,-0.4693603618629172,85.92375,0.1092375000000001,0.15475902825,0.8,0.1999999999999999,0.9,0.1123,0.2,0.025,0.8,85.92375,9.5045
P0951,0.725,0.55,0.9,1.299409230651703,0.5300565022860095,80.90299999999999,0.0840299999999999,0.1721973225,0.25,0.75,0.8,0.0020099999999999,0.7,0.175,0.25,80.90299999999999,9.41575
P0952,0.55,0.8,0.3,0.2944380370618205,-0.6444195892124643,76.094,0.2109399999999999,0.3145752655,0.425,0.575,0.9,0.0545899999999999,0.2,0.325,0.425,76.09400000000001,9.23525
P0953,0.875,0.8,0.95,2.2568724004288976,0.3367975924710742,84.3335,-0.0316649999999999,0.090416002,0.25,0.75,0.9,0.06089,0.5,0.0,0.25,84.3335,10.69275
P0954,0.6,0.65,0.55,0.4857544698404118,-0.1232291218803638,78.066,0.1806599999999999,0.2156772355,0.5,0.5,1.0,0.08519,0.5,0.275,0.5,78.066,9.27525
P0955,0.575,0.25,0.9,0.5422769566494843,0.9086226392871192,79.95675,0.2245675,0.27445211025,0.375,0.625,0.6,0.0355799999999999,0.6,0.175,0.375,79.95675,10.37025
P0956,0.7,0.85,0.55,1.087069679141543,-0.4238867265309295,81.42,0.1141999999999999,0.2061633715,0.775,0.2249999999999999,0.7,0.09826,0.2,0.0,0.775,81.42,11.35525
P0957,0.9,0.95,0.85,2.432655358787224,-0.2489061132919109,82.18825000000001,-0.0781175000000001,0.08933777625,0.375,0.625,1.0,0.03592,1.0,0.025,0.375,82.18825000000001,9.85525
P0958,0.95,0.95,0.95,2.930467585371046,-0.0,88.4635,-0.0653649999999999,0.0407892095,0.825,0.175,1.0,0.00547,0.7,0.0,0.825,88.4635,8.97675
P0959,0.925,0.9,0.95,2.644994910297384,0.1427363375368309,88.95075,-0.0354925,0.05967606925,0.525,0.475,1.0,0.0478499999999999,0.4,0.0,0.525,88.95075,9.589749999999999
P0960,0.875,0.8,0.95,2.2568724004288976,0.3367975924710742,76.658,-0.1084199999999999,0.1102947959999999,0.325,0.675,0.8,-0.01189,0.4,0.4,0.325,76.658,6.95575
P0961,0.475,0.4,0.55,-0.1213922808461848,0.1803442534629344,78.91624999999999,0.3141625,0.3399929937499999,0.45,0.55,0.6,0.0266,0.3,0.025,0.45,78.91625,12.887
P0962,0.725,0.6,0.85,1.208461959987728,0.3631905861078371,82.75525,0.1025525,0.1988693147499999,0.425,0.575,1.0,0.13981,0.6,0.0,0.425,82.75525,10.25975
P0963,0.6,0.7,0.5,0.497200570681554,-0.248600285340777,81.54325,0.2154325,0.25924470525,0.7,0.3,0.6,0.1474599999999999,0.9,0.05,0.7,81.54325,10.91525
P0964,0.825,0.8,0.85,1.7590601738450755,0.0878914791791632,79.47825,-0.0302175,0.12656920575,0.25,0.75,1.0,0.07402,0.3,0.075,0.25,79.47825,11.62725
P0965,0.325,0.3,0.35,-0.8633069274821239,0.0655471069404921,81.83149999999999,0.4933150000000001,0.4933078850000001,0.55,0.4499999999999999,0.2,0.03918,0.3,0.0,0.55,81.8315,11.545
P0966,0.975,1.0,0.95,3.445986189332802,-0.2577593019808779,86.87375,-0.1062625,0.03859536975,0.2,0.8,1.0,0.0496299999999999,0.6,0.0,0.2,86.87375,9.44275
P0967,0.4,0.25,0.55,-0.5178360479225349,0.3785661370011094,78.62525000000001,0.3862525,0.40982018475,0.6,0.4,0.4,0.07375,0.5,0.25,0.6,78.62525000000001,9.81275
P0968,0.7,0.7,0.7,0.994401141363108,-0.0,84.31649999999999,0.143165,0.226314538,0.175,0.825,0.9,0.16602,0.5,0.0,0.175,84.31649999999999,11.0555
P0969,0.775,0.7,0.85,1.464622136783255,0.2351104977100735,82.53625,0.0503624999999999,0.15705596175,0.15,0.85,0.9,0.03526,0.7,0.125,0.15,82.53625,10.88775
P0970,0.675,0.55,0.8,0.9112867207832168,0.3359952473517662,82.36524999999999,0.1486524999999999,0.23779751175,0.325,0.675,1.0,0.06458,0.3,0.05,0.325,82.36525,10.503499999999999
P0971,0.7,0.6,0.8,1.0326790016294014,0.2752991069286739,80.48899999999999,0.10489,0.253516402,0.725,0.275,0.9,0.04267,0.4,0.0,0.725,80.489,11.805
P0972,0.6,1.0,0.2,1.1891137889039043,-1.3861955021953267,89.56025,0.2956025000000001,0.27362296975,0.275,0.725,0.9,0.1517,0.4,0.0,0.275,89.56025,7.807250000000001
P0973,0.825,0.75,0.9,1.8172452785742383,0.271138478324742,82.9525,0.004525,0.1380587535,0.125,0.875,0.8,0.0108,0.8,0.0,0.125,82.9525,10.92075
P0974,0.825,1.0,0.65,2.3468587534478487,-0.8073230199233546,87.926,0.05426,0.1088589644999999,0.175,0.825,1.0,0.0745199999999999,0.5,0.0,0.175,87.926,10.317499999999999
P0975,0.65,0.85,0.45,0.8477734530618589,-0.5435348395707716,78.971,0.13971,0.248296087,0.05,0.95,0.7,0.0324599999999999,0.6,0.45,0.05,78.971,6.2675
P0976,0.775,0.7,0.85,1.464622136783255,0.2351104977100735,83.5605,0.0606049999999999,0.1735032415,0.475,0.525,1.0,0.04389,0.3,0.025,0.475,83.5605,11.56175
P0977,0.85,0.75,0.95,2.1027179536479004,0.4138748158615729,83.71775,-0.0128225,0.12810475425,0.25,0.75,1.0,0.09894,0.9,0.0,0.25,83.71775,10.7455
P0978,0.45,0.7,0.2,-0.2944380370618205,-0.6444195892124643,79.70025000000001,0.3470025,0.38802359475,0.15,0.85,0.9,0.13726,0.5,0.1,0.15,79.70025000000001,9.98125
P0979,0.5,0.75,0.25,0.0,-0.6374841609623771,80.36449999999999,0.3036449999999998,0.3480799074999999,0.5,0.5,0.9,0.13621,0.3,0.075,0.5,80.36449999999999,11.776250000000001
P0980,0.825,1.0,0.65,2.3468587534478487,-0.8073230199233546,89.49725000000001,0.0699724999999999,0.12282472375,0.75,0.25,1.0,0.08075,0.7,0.025,0.75,89.49725,9.5865
P0981,0.675,1.0,0.35,1.614646039846709,-1.1734293767239243,80.28725,0.1278724999999999,0.30297489925,0.55,0.4499999999999999,0.7,0.02642,0.8,0.025,0.55,80.28725,10.36475
P0982,0.275,0.45,0.1,-1.299409230651703,-0.5300565022860095,85.78275000000001,0.5828274999999999,0.60362593025,0.75,0.25,0.5,0.0504499999999999,0.7,0.1,0.75,85.78275,7.868
P0983,0.375,0.25,0.5,-0.6374841609623769,0.3187420804811884,76.35675,0.3885674999999999,0.41041554825,0.625,0.375,0.5,0.02071,0.4,0.25,0.625,76.35675,10.14575
P0984,0.2,0.3,0.1,-1.6769616882934153,-0.3412802734651535,83.042,0.63042,0.5772098824999999,0.425,0.575,0.3,0.06827,0.2,0.025,0.425,83.042,9.45875
P0985,0.825,0.85,0.8,1.7590601738450755,-0.0878914791791632,84.024,0.01524,0.1301038545,0.8,0.1999999999999999,1.0,0.0283,0.6,0.0,0.8,84.024,10.661
P0986,0.475,0.55,0.4,-0.1213922808461846,-0.1803442534629345,79.13074999999999,0.3163075000000001,0.40892071375,0.575,0.425,0.8,0.20431,0.3,0.1,0.575,79.13075,10.27025
P0987,0.675,0.95,0.4,1.2241933987994962,-0.8531370932857749,86.1425,0.1864249999999998,0.236965359,0.6,0.4,0.7,0.08846,0.8,0.0,0.6,86.1425,10.684999999999999
P0988,0.25,0.1,0.4,-1.420801511497888,0.4693603618629172,84.84525,0.5984525000000002,0.57977783625,0.475,0.525,0.2,0.1659,0.1,0.025,0.475,84.84525,10.452
P0989,0.4,0.6,0.2,-0.5505982138573478,-0.5163395008147007,80.038,0.4003799999999999,0.4589718855,0.475,0.525,0.6,0.09319,0.4,0.075,0.475,80.038,11.26875
P0990,0.625,0.65,0.6,0.6071467506865966,-0.0625329814572714,82.747,0.2024699999999999,0.2407703794999999,0.1,0.9,0.9,0.13546,0.5,0.0,0.1,82.747,11.273
P0991,0.775,0.95,0.6,1.7062741865715498,-0.6120966993997481,82.8305,0.0533049999999999,0.1859524465,0.225,0.775,1.0,0.05805,0.7,0.025,0.225,82.8305,10.7375
P0992,0.9,1.0,0.8,2.772391004390653,-0.5945568944519521,81.67474999999999,-0.0832525,0.0892751722499999,0.375,0.625,1.0,0.0571899999999999,0.3,0.1,0.375,81.67475,10.25725
P0993,0.625,0.95,0.3,0.9680332220039688,-0.9812171816835386,82.08725,0.1958725000000001,0.24139820075,0.05,0.95,0.7,0.016,0.4,0.05,0.05,82.08725,10.947
P0994,0.875,0.9,0.85,2.147182683713562,-0.10616977575508,83.12100000000001,-0.0437900000000001,0.1114115065,0.2,0.8,1.0,0.02515,0.3,0.025,0.2,83.12100000000001,10.133
P0995,0.925,1.0,0.85,2.94817396274898,-0.506665415272789,92.576,0.0007599999999999,0.046145553,0.3,0.7,1.0,0.07016,0.7,0.025,0.3,92.576,9.0075
P0996,0.65,0.75,0.55,0.7571322740022192,-0.2589180239612675,78.51599999999999,0.1351599999999999,0.2016176275,0.8,0.1999999999999999,0.5,-0.03216,0.0,0.275,0.8,78.51599999999999,10.123999999999999
P0997,0.375,0.3,0.45,-0.6168486837213962,0.1887762288208559,81.57000000000001,0.4407,0.5013463135,0.9,0.0999999999999999,0.7,0.04715,0.1,0.1,0.9,81.57000000000001,9.61925
P0998,0.975,0.95,1.0,3.445986189332802,0.2577593019808779,92.83625,-0.0466374999999998,0.0127802717499999,0.3,0.7,1.0,0.0290199999999999,0.7,0.025,0.3,92.83624999999999,8.259
P0999,0.875,0.95,0.8,2.2568724004288976,-0.3367975924710742,89.12100000000001,0.0162099999999998,0.0746695965,0.275,0.725,1.0,0.0457,0.7,0.0,0.275,89.12100000000001,9.58625
P1000,0.775,1.0,0.55,2.100400509687121,-0.9305521418037184,84.99375,0.0749374999999999,0.1504127117499999,0.425,0.575,1.0,0.10024,0.7,0.0,0.425,84.99375,10.1335
