participant_id,discernment,calibration,evidence_evaluation,updating,verification,sharing_restraint,general_knowledge,credulity_bias,congruence_susceptibility,emotional_reactivity,carelessness
P0001,1.2977708522227862,1.2690741238106693,1.678544614182987,0.32208779184547076,-0.5743515939677493,1.5043112677332358,0.21592348606992445,2.575773880372206,1.045025834205032,0.2684385985373159,0.025659640304912933
P0002,1.1225190081465355,0.8389141694020036,0.6821780190400345,-0.6290027577241534,1.3617916058422412,0.6772145643255782,-2.8143995497512253,1.0351305932555035,0.5107047129020047,0.31500994259985976,0.043232090277073185
P0003,1.3850543766204253,0.7895193429221098,0.9573946321077959,0.2459582762175642,-0.7397284685944115,0.6800267342016542,0.9044889181627318,-0.7456918328400507,0.5468570195989783,0.20025437174097224,0.04165633307506442
P0004,0.346859678604325,1.2497174045919952,0.22732411250272266,0.04114791170231686,0.8199431740556736,0.4199910421886011,0.11688569310851993,0.453745284223697,0.0,0.3793170846961385,0.05667408880017785
P0005,1.1862762933707216,-0.17010404425627762,0.6977947529624577,0.8307718535970199,0.7422232270017116,0.5296871055452245,-0.23352204143622543,0.3237193053381392,0.3757342451777266,0.5356776634282546,0.06806263299028967
P0006,-0.36888263468469085,-0.2993458403000696,-0.8069576768889601,0.1276000993283523,-0.7536577202782698,-0.7069124794774375,-0.09284959290878267,-1.0269627263022616,0.10851086950696309,0.5483297976803134,0.023721246738951148
P0007,-0.033118854254397534,-1.6655701191814072,-1.0206154842817048,-0.3989291591307669,1.2155093582473888,0.11849126967824736,0.4552741818378539,1.0173977069399136,0.19970483509620385,0.24870122707437442,0.024478425739823808
P0008,0.48138134101946134,-0.7697289573524759,-1.772850013596009,-2.7439788272669654,-0.9880143759889244,-1.4645149613190167,1.1517239406565534,-0.16261300055933856,0.36336864810648334,0.4370431058842946,0.03420168401347444
P0009,1.034084255751002,0.9179954355614138,-0.31215436534960284,1.3567949034933506,-0.015495604917461471,0.5119358199782111,-0.3547713735116477,-1.147329276322452,0.0,0.7135190922292964,0.049399983139925586
P0010,1.8308480829862253,0.9884678955028874,1.2004181480720122,0.24485136361279414,0.25789778620026765,-0.08528140000843622,1.2109285487345818,0.34627220939859493,0.6188456252002033,0.23180155428412236,0.006242770820066929
P0011,-1.5679483589677234,-0.14261477436504227,-1.2522235485231936,-1.0841753984074367,-1.6988630692565572,-0.2703244106538912,-1.1730363817696254,-0.21462986408087492,0.475342357940454,0.36450895744744694,0.034284688377154995
P0012,1.328655933590813,-0.6632373811273075,1.5439243619722332,-0.453434164868219,0.7783533484662977,-1.4652021155365622,0.24880388609908946,-0.9099636022160152,0.4027354415325462,0.4113000407788496,0.11880540672657279
P0013,-1.1579668675281685,-2.1750101508711266,-1.6064949567174653,-1.1787410123898636,-1.5821268881370294,-0.7558181440713869,0.3771233884225787,-0.0381662843400046,0.5909382989507395,0.3894419056166629,0.032603112885762495
P0014,0.993434561643361,0.4313928301450943,-0.3457268977756048,-0.8201687469705219,-0.7955054639814543,-1.2033521495261008,0.037313040543499945,-0.586893345003942,0.7001560635329623,0.2914499416158214,0.022343130719161882
P0015,0.784001442108576,-0.3676642075144701,-0.9151275161736754,-0.7943551849525686,0.8881189136554893,-0.592087083949771,0.5626756054211809,0.06381390344725135,0.30081026674486216,0.24060252212201966,0.05795948207003709
P0016,1.0643943835882885,1.5620272093765242,-0.3204010251538245,1.744039632935089,-0.17542774531427266,0.5698246800600502,0.4066477345927287,0.5964328795616307,0.6156493652018028,0.5464502642204813,0.00957500200388053
P0017,1.0368897592833646,0.17557624756784346,0.3544358652030297,0.5430270970870735,0.5793136009623617,0.7148949687520655,1.4273777438654665,-0.24304428484203022,0.060555320628369436,0.40335532929929574,0.0963363680914704
P0018,0.3628287970061578,0.9603452669559607,0.059517939546647365,0.6077794209714329,0.546162642960623,0.6688092973916805,-0.6190739527659058,-0.21411282248102814,0.4850274977937631,0.30387391191793656,0.029795066418128673
P0019,1.0506154929034224,0.23761257560116275,-0.02804559175618042,1.8708624467065826,0.6622058327129919,-0.7342472087886813,0.7802162128043213,0.31555491946388103,0.5896997436184764,0.1955834344480776,0.023430943487500085
P0020,1.074882220926466,-0.31951321114793196,-1.1095367245340366,-0.292042308709352,-1.8333338303945652,-0.33568682745073136,0.22260512723671294,0.3818494663725282,0.47298863387889845,0.33671652734322277,0.02391797466395471
P0021,-0.35129260372660165,-0.44749602771891595,-1.0164524709417693,0.4704245202189079,0.19385145456381705,0.4980335566142966,0.35709831263728653,0.7315710352551064,1.0770146888110494,0.0,0.02809974963832964
P0022,0.9026672523151069,0.851566435942377,0.130055591389545,-0.6860665298915641,-1.205457070212093,-0.4291065303955621,0.4580298401390411,-1.0489238718949487,0.4698464203452648,0.2606028854648992,0.13176612724361014
P0023,2.2695004582236713,0.3085441836256276,-0.12895667646037226,-0.3684341703625827,0.9040750767196837,0.3276732633993997,-0.6829450127043822,0.6246682712580486,0.1895052916852728,0.37311504004388163,0.07096961815712433
P0024,-0.47781918536962353,0.05482335471292713,-0.03663270142428959,1.3872414860480276,0.9104320941038702,-1.2521366017938835,0.49260957125384847,-0.5212086336458818,0.26217498369250514,0.6717428326805537,0.012493772913607199
P0025,1.6523726631090792,0.15233077395682398,-0.5457369666506036,-1.754576253835572,-0.9837954216404426,1.2831996679155453,0.9238217981763661,-0.6711483126435782,0.29256945545118457,0.5716751319680927,0.06604331234327632
P0026,1.7582883448388449,0.7889296789562013,1.13148827451688,1.5356375411595409,-0.19270493157759797,0.8351277921006416,-0.4172297232407246,-0.5004272847447471,0.18955522706739641,0.27808720903529077,0.03298575677559882
P0027,0.7989776655579918,-0.8915360335296435,0.2890934122154843,0.8332282065418375,-0.1666212497738214,-1.79637775636363,0.4707943317126773,-0.6568234623755217,0.6785955796516038,0.6491682640504796,0.016397971484098873
P0028,1.3771232667278779,0.6767999523956106,0.3720273096849424,-0.3381940778081953,0.6942191590470195,1.2425582482852626,1.5368059305220851,1.0565210942217105,0.18205320473046172,0.7105637476061326,0.035367674187378274
P0029,1.0979283723660407,-0.2677992508165944,-0.7006778133044826,0.39670595205559284,0.20009329514179233,0.656545815372592,0.8338820659299111,2.615011800373291,0.7513590612249752,0.23404184810919426,0.03440556088272682
P0030,0.8378000392332285,0.02680886015828878,0.5300487484690318,-0.1337750589873096,0.07454707739053465,-0.8140649836327734,-0.672460692552717,0.7265844947000673,0.21458892100783147,0.46006992225084753,0.03755061593553145
P0031,-0.039281896624065116,1.1567908468290697,0.12697648693773791,-1.4816888794999337,-0.2696833370819257,-1.0434457368895447,0.029126768731379236,0.8277636047310626,0.6882371504883855,0.4110448511193655,0.014814761997338123
P0032,0.05497753187905474,-0.15190454473857357,-0.04910342996516072,0.132110626406934,0.8164202794589911,0.6000783852226739,-1.4850873844806807,-1.8777432310384183,0.44286450391598603,0.7564478128099871,0.04119775588297732
P0033,1.9212936356161885,0.817271228216005,1.2729796752604057,0.40868872940807005,1.228521213266592,0.3668567865390407,1.1516376791172886,-0.38744429370166666,0.31900750598719374,0.4544422184633202,0.0026174951212154045
P0034,1.5297221570478303,-0.2102438825848417,-0.6256538186022685,0.07699182134821726,1.4917630622452707,-0.20817918791297524,-0.42286526458577434,1.130100268909591,0.15957524199820788,0.1945340941773656,0.02877484135792087
P0035,0.5540199555501986,1.8308565496737075,-1.6386334376431297,-0.2853365291689972,-0.9968755509713906,-0.8942879088674839,-0.1903648420885948,0.5283810587859872,0.21078441812725485,0.42941420476231823,0.009953800340047428
P0036,3.103839769542675,1.0746614672079,2.297171834716096,2.240240888295242,2.1902726790631784,0.616336419170272,0.5308785448687764,-0.24314867931943013,0.31506497340344597,0.18421609298166275,0.10443785613804535
P0037,2.408138434976811,0.2076321104986283,0.09102014650172457,-0.15107913784671534,0.6903355010925809,-0.4871464891718145,1.5134477185990647,0.514843580838944,0.38866507484435303,0.4561016908605082,0.009843923698608878
P0038,-0.5759041261359813,1.1596521285901225,0.729546941449947,-0.9079315671468223,-0.12432666816036944,-0.7539417901368257,-0.1828690564989976,-0.3569266628972642,0.42720805706812615,0.4423722348916374,0.021845001333365272
P0039,1.743668622691743,0.6559311056257882,-0.3892731134806511,0.10799352915064127,1.0647692263071415,0.7718199902639452,-0.29752263733785833,0.2596720600478509,0.3773627879679889,0.44992716028629165,0.04482703409012971
P0040,0.3698437807702863,-2.4091811607078424,-1.230377828668006,-1.6100908673918,0.3004841986932425,-1.4031996476310182,-0.9052240835017847,-0.06865844272170825,0.6886893589894717,0.38820720614920146,0.06942446054736372
P0041,1.2885427347579919,-0.15383707917657619,1.148760546072616,0.9095927654619951,0.8092449574065489,-1.0272796239877884,-0.3097341368449624,0.7170121331450856,0.7394530298181519,0.2656817969414228,0.04371223446363484
P0042,-1.000035055660569,-1.6677536910780089,-1.4516553818257165,-1.7676009441152307,-0.04877589085990595,-0.745026357464133,-1.0657290073052927,0.8016037958846298,0.9291863541766168,0.2952327413649594,0.029449490828662425
P0043,0.514163219960134,0.7297769918358253,-0.5856696870109747,-0.5330678133405147,0.6207574016057157,1.1584145158440733,-0.344580565241953,0.20826273002117474,0.24810571632996697,0.5982296553699589,0.02660430180116075
P0044,0.58826078194755,0.43326385502793135,0.990148011577664,0.4336926099503435,0.6723963673863105,1.1290641574801907,0.6352148414572587,-0.1588233249439356,0.7061938971628482,0.13522942172417615,0.030329600362992034
P0045,0.2645655513239261,-0.42209898172739363,-0.6199618230013904,-1.3900024543339393,-1.5302115548266277,-1.3353532747069456,-0.37364208917198793,-1.3971302898014153,0.9359867504776211,0.0,0.1850982572532204
P0046,2.0353485526880606,-0.07731229144093499,0.9066073998777242,2.137014093015963,0.13619969453799194,0.7170119890203485,1.5083992144169773,-0.054758479790620984,0.39779984414307096,0.7055198154456538,0.013386181865538114
P0047,1.2553750637057555,1.5415241757290667,-0.8864802765747529,0.3546134739588631,-0.18096632782045333,1.5575855438020487,-0.1960169663770887,-0.10831499848728698,0.1037171495861654,0.5107062259443277,0.01890321649986094
P0048,0.12194407397816698,-0.351423962949208,-0.27836275397463206,-1.002442654814907,-0.10490534461058579,-0.4159847706665681,-0.2432332634799869,-1.072006663224319,0.5672680931544238,0.14556423493618476,0.01848548032353988
P0049,-0.24137240679326666,1.108986680928877,-0.9482114699106782,-0.4597512620730631,0.2719815971577341,-0.28690761339380516,-0.05881303551259159,1.1171934958170877,0.9913586854313376,0.0,0.04151700221345021
P0050,2.1376893940964097,0.8786725349412668,1.2576464873720707,1.0705107449770326,0.8045395238315564,0.7495918588949058,1.656265071173183,0.48307821660124994,0.14628251494341826,0.6099284912210388,0.004544736049834334
P0051,0.5247987164035499,1.5089954048900138,1.3630650172958805,1.1995294826955998,-0.5787641947018611,-0.29094419345787187,0.5805676703116845,-0.28423826130269003,0.7705271119050887,0.564218959475637,0.07143910858835323
P0052,0.25307477216815966,0.5166549216586844,0.4801590660654846,0.9921923077422798,-0.2896631632638336,0.38397312230322794,0.20256940197392878,0.526496552315308,0.5771388369652909,0.43573848823473854,0.06293580862177653
P0053,1.675865952938691,1.0622589384428152,1.078409727022735,1.0853110740958678,0.37204865328434084,0.6433925231640458,0.07111580634817857,0.628605176275384,0.8846985942560256,0.22558715616505323,0.060048153989512736
P0054,1.921849149751118,-1.1159953116339916,0.9394932558957884,0.8280174739713491,0.8770962994828517,-0.4385296952921525,-0.207890828823853,-0.745487180393076,0.040618605521974604,0.16243060615227195,0.06969260166917934
P0055,-1.2345716381827923,-0.5696514827075899,-0.9081410659640214,0.43947131208625106,-0.1874929839243897,1.0124896221407642,-0.7247178173043303,0.005793688678393266,0.36250990922198256,0.0,0.01863596658252552
P0056,1.3833961551833203,0.912160456516708,-1.2234014542899767,-1.1431943151484665,-0.26206960539289104,-0.7263461808090463,-1.412188084784595,-0.9483523575090768,0.3957844769046621,0.42266120825427267,0.03325183353891808
P0057,0.19381701800125817,0.8437217290693176,-1.121244599356659,-0.6573222301230915,-1.3668523664096925,1.0164940066324668,-1.515993345173412,-0.763620426125683,0.2573766920656171,0.29469207173283896,0.050011998408822644
P0058,2.316781971472688,0.13938656770879415,0.2946707162455364,0.06843251938663264,0.38176225732297464,0.147395940485331,-0.871704461103905,0.9636120270148429,0.3552592496359819,0.46845011484377935,0.25644584044188584
P0059,-0.202231814694798,-1.0306147464762236,-0.20454567863324058,-1.2339154912248365,-0.559802746647112,0.4546696923192732,-0.699975082839873,-0.49616496435657986,1.031242099502043,0.5663055905105808,0.016581766125022986
P0060,0.2879568188146989,-0.36530854861487566,-0.3980624274692453,0.3538609268381788,-1.1126593492586383,1.0522561570388822,-0.7707742594032564,-0.5591163878612551,0.9312654300617871,0.19637013957527022,0.07751853387397331
P0061,1.4495595876067728,1.2423607873746803,-0.4721006734294499,0.6377384021350582,0.05354840656479828,1.2398368742155361,0.07420821502837226,0.024307944351670004,0.3404121523928163,0.5770845657893714,0.027103192305115636
P0062,1.7119763520387619,0.30530805825381985,0.5220409215969959,1.2933784560805726,1.0946906859210939,1.1458924619418283,0.8845657625376172,-0.10268412402232914,0.4268632077667488,0.2882100569363758,0.08313804261305173
P0063,0.5212450805510842,-0.11821708834583092,-0.9590713334231101,-0.5097181737374661,0.38950831859434526,-1.246131423789294,0.3616166602164257,0.2792309211582052,0.5033105438887294,0.6134180329433339,0.037479427856627744
P0064,0.5044207856630215,-0.7832177255647458,0.6838328097362492,0.599364084617796,-0.4234489473210071,0.32274242063246245,-0.5464360423305098,-0.14794338432949963,0.7775975881637063,0.13118505815242956,0.018925457681950007
P0065,-0.6535226579805852,-0.062477382284583376,-1.497023842219966,-2.067727467891763,0.1260983891027265,-0.8351447603838419,-0.4419554702909193,-0.9509572615904025,0.5694659054991236,0.18866774329104596,0.016762276992907405
P0066,1.1988182255591153,0.6713986643239019,-0.6283377517379753,0.4388347830264302,0.09984184118500734,1.2867753404227833,0.5286249821996751,1.03678271548036,0.9452608291891944,0.37274691794440834,0.022579852042234068
P0067,4.241616744232017,0.33357174395781153,1.0884648926144402,1.3192667152158855,0.2514268250863786,0.0084031982678664,-0.6639919315878272,-0.9596504256937881,0.5357975824977891,0.5818215107453176,0.007200240677307852
P0068,3.076324222669521,1.2898816661695323,0.3863671466168421,0.6160192606351448,-0.12374137669833261,-0.8497125189684315,0.7751091669949677,1.0565877708688864,0.19423335949051512,0.19209345345060005,0.07538746450175982
P0069,1.808321376454832,-0.49769921579001947,1.568244739341887,-0.1536083599853779,0.8871598451421575,0.6353629457324225,-0.7244058917517034,-1.3080248327567126,0.9243964377286308,0.3179277182514772,0.0026768593178218194
P0070,1.6377538149877786,-0.5367178066326057,0.5486748889398956,0.6571770544986857,0.49858189959613525,0.7098625909747783,1.3862106391725726,-0.4102045825086289,0.40505863381296386,0.46435232160629974,0.06221228624962965
P0071,0.13711703403653097,-0.5799109881458367,0.7373073442424045,0.8712676622519311,0.5495161645903135,1.518570451813876,0.39188524120955825,0.621622153601052,0.0,0.2960259011463999,0.006507029328423221
P0072,0.09791016451655599,-0.2767573579645816,0.49605524879820184,0.007898353689108937,-0.012303722276981226,-0.7061912864803563,-0.95182841059416,-0.41160385853467657,0.8298322573096404,0.03421531751572382,0.0684518518413304
P0073,1.763544308055565,0.7217518984625553,1.3123294303012139,1.1518720720620954,1.8089538313109943,1.594764596299929,2.1797775097141243,0.6110918707885035,0.7400305063041421,0.004960701646637755,0.00952366814006965
P0074,-0.06491094572276446,-1.1904464594257573,0.8560421831198785,-0.050793314020812254,1.7918847748076594,-0.3746625883486927,-0.534801872179383,1.3004219484033819,0.5515838150615531,0.5769719584124875,0.038213709484115094
P0075,0.43157964160183715,-0.49568763271852717,-0.8357596844170502,-0.8046770830925213,-0.10319993871050805,-1.1953519181253114,-0.04028974203379511,-0.24879714548781234,1.0571611485037427,0.5640962915825796,0.014158124038512064
P0076,1.7769078582694373,-0.4952342835933461,0.9667680905814499,1.3759781636079913,-0.8918665262141682,1.2347407743036125,0.548407880874498,-0.23391573107281083,0.40728838084723773,0.18695177508646815,0.05393228537125526
P0077,1.7047886792414164,0.1916606927281973,-0.36358492299007866,-0.019386790919502725,1.5842998841562788,0.19623092597598843,1.1605774395347073,-0.22432576860206316,0.5286659438729854,0.39663025462924045,0.061521464846926215
P0078,2.5663270836717387,2.5113901656066,-0.16215908561191078,0.9507856876679773,1.986652030272257,0.6547413355114106,2.373707991058062,0.536904579320933,0.13639401753085284,0.3425176238736736,0.05412853874746275
P0079,-0.4532632806480573,1.3579417878695477,-0.5300180263333678,-0.36568083962565145,-0.3268956837118275,-0.13109679464836113,0.25488559300084196,0.13010230085102725,0.43162998774574773,0.5865314159948434,0.028995703993612617
P0080,0.9893198295233439,0.12225188714149979,0.2206287694829491,0.6047995376382925,-0.23183324527861107,0.9773048962431179,-0.38891293844346236,0.8826548511280736,0.7410870385012005,0.0,0.05625745668049558
P0081,-0.7894472063024472,-0.2332749618798683,-1.167837561902517,-1.084503944585462,-0.6724766054802896,0.7442592133244482,0.18127547931772528,0.918849773868767,0.612785521743211,0.5647447730404265,0.06887063823784273
P0082,0.7843367211378939,-0.5639074273389547,0.1307675398772753,-0.8034441380537567,-0.8376377012917819,-1.987629901690179,-0.38761557154156356,0.7194618873089793,0.1999601128404636,0.18526748868557869,0.3750377531382174
P0083,3.8620474107205123,2.0158874542468896,2.4163360738794117,1.7337385740676727,0.9804981674751512,2.2523631123341668,0.8286743135640412,-0.5019723171086979,0.48078962105993833,0.39032560592488597,0.0268349003721682
P0084,2.134554173940191,2.104798498262636,1.8783418556506766,1.7356243650539802,0.36284246041194235,0.9241209191880144,-0.7818851499955579,-0.4507660722940081,0.6110199800914469,0.3639242986464094,0.060436155689031025
P0085,1.1099794156341531,1.1271858470092169,1.536631170964901,-0.36429141834096357,0.5486736809207697,0.5993581979308193,-0.8870928499116912,1.5367785474261968,0.30044446934513536,0.03332774544608835,0.05730457773613985
P0086,-0.4420920666274891,0.11282383130505434,-0.8307922779369354,-0.24810354548660415,-1.9999098858557431,0.7550967275290525,-2.316366785633295,-0.10537040744383715,0.37503617774288983,0.2640731043051291,0.029030963701581314
P0087,0.8994506219922708,-0.11834286389424256,1.350328263555212,0.9250771890266112,-0.1225181521106486,1.6105508859298472,0.01176874962474968,0.6722705162030078,0.2582634173750883,0.6610770009134855,0.4258547082127574
P0088,1.023526660764399,1.1514410801738288,0.8256169438857993,1.0956622183651807,0.9296514703027436,-2.4449331990098226,-0.717243330276304,1.3018508051615774,0.23393243409836803,0.5349560901369154,0.07155728728925863
P0089,-0.02091032559329542,1.4300578053759665,-1.1911007780998268,-0.18694868337435772,0.7999123968449348,0.7950956439962962,0.09035629786678633,1.1280191114477578,0.7335022751563585,0.3184660212410792,0.038462331453523756
P0090,0.6391429008768251,1.7909387025951042,0.2509461861129181,-0.49090505681117164,-0.017189494010676935,1.029688801664302,-0.306479407276919,-0.2724987100479024,0.0,0.4663295683226262,0.05768510085235758
P0091,-0.41260291489152234,-2.27588894928407,0.4657317326173092,-0.14744811929401386,-0.900677383854101,-0.10646417979724863,-1.2116869420076493,-0.10802096748948889,0.3981154131925051,0.0,0.037714859430173796
P0092,0.454629513853215,-1.3624677108375032,1.378714463346504,-0.7755382863153454,0.38210593650038643,0.38371123765457477,-0.1344345826210656,0.4346474974013393,0.9015826548133612,0.2730992123410466,0.03330022323345937
P0093,1.6593728889223842,-0.5385669579390293,1.368997728058277,0.3390047344480298,1.6990287683944478,-0.22908070778493142,-1.3008083206555605,1.0478541049609604,0.5473932840620461,0.39539817851701825,0.011340399045166849
P0094,0.2543354278114034,-1.1291558706085019,-0.12794381317038708,-0.28585938633777014,-0.9606167484173593,1.364566448362669,-0.1418978997541156,0.6609449386021748,0.26014791439294793,0.6472290836617356,0.02110784273381655
P0095,1.1036565200840267,0.7220451060608299,1.1583899649716114,0.3554124605373402,0.7861608155615554,-2.134455552857786,1.272180493052457,-0.6171931183037903,0.2609866938530502,0.0,0.05477258356098853
P0096,0.5090734263951526,0.019793994299511678,-0.8688059321818948,0.4786350068180456,-0.8694478082360775,0.7608228020893429,-0.5638544717352164,0.6263443608799069,0.45550497605129114,0.3355200836378021,0.06215528556260077
P0097,0.07567603238778353,0.16550649330816705,-0.6544296852957846,-0.13290021387889203,-0.10365334670430285,1.0938537677905957,-1.1885287314237143,-0.4964623105579105,0.35457527973654085,0.43669300572339487,0.1021225089106581
P0098,0.9170370070694213,-1.081788461374844,-0.428921015269478,0.07097924216778354,-1.298451716736902,-0.8529052537873402,-0.8598406155790238,0.3128299018538434,0.6015226940092704,0.41630376308966066,0.05519109720805743
P0099,1.2862963577168651,-0.9258397234447907,0.09016998442228844,-0.3389107005541542,-0.5599189553264962,-1.24810644381571,-1.3312681240029451,0.9830880192011608,0.5193075703945029,0.6050672696554398,0.03459064865215137
P0100,2.3729829954747395,0.7643125073246372,0.3528934455658976,0.44918667287119535,1.901851101254056,0.027685153181207685,0.5444262490479918,0.8822984376562089,0.12251811081404301,0.1864322623549175,0.03904293321545765
P0101,-1.2910896867939563,0.8465027656039793,-3.03025357790264,-2.1196405660589486,0.10635190262006422,1.2639656367057357,-0.6530194044152748,-0.07380500768928622,0.681805230409819,0.480185575198922,0.0011082389282068995
P0102,1.2072022042395096,-0.09973783652582537,0.21596289602384672,-1.3754379584977963,-0.20142586387165837,-1.4127703984260398,1.2609811033316605,-1.9378788501593875,0.36824439129130326,0.23716638588992203,0.03515514748363027
P0103,0.42654552886472635,-0.12297765211286509,-0.4114054502342664,-0.6877577756144504,-0.24464805075244514,-0.6303249256732439,1.193718961438448,0.1349643449520053,0.4898158442883037,0.6783973487251475,0.08256152690029372
P0104,-0.3902005120726061,-0.47523380576003327,-0.4720252965406012,0.2533074801342708,0.5797543476028227,0.9100163718220805,-0.26922459994674847,-0.2359994537678901,0.5146518681456973,0.5268488193790684,0.04888219835357492
P0105,1.9937573490093383,0.549687953632969,-0.3750772151291582,-0.6694694457713333,-1.0775344502346402,1.1456379019007683,0.6244413151991356,0.1857984207036566,0.6871696114436625,0.3524444923128618,0.03020635875736667
P0106,3.393104721373335,0.21716591980056402,1.084629038750827,1.4506361528235185,2.1330579226260387,1.06123383762063,0.7335564144454241,0.4617516468249605,0.31631082855327486,0.33535655210413234,0.048170837636466964
P0107,1.0067858340386666,0.889965554646099,0.4282733417833812,0.6369673779992417,0.5156359192561345,-0.32877012419905033,-0.03378289907328486,-1.2819186236412994,0.8468307689705107,0.43679871893163524,0.022570116064999278
P0108,0.38934451825031535,1.037321630711574,0.5318439595945305,1.1482635608792182,0.35281083804559954,-0.7763062875507409,-0.6076935181418464,-0.589241655441696,0.3176125588386206,0.11822970253772372,0.09862195373750467
P0109,2.529555840720318,1.6263474270457783,-1.21043135547849,0.5600192133442502,0.9210309203620299,0.19123106621767674,-0.9856714050806854,-0.9902680626243388,0.6510125722732388,0.4886815273285926,0.1933408939834477
P0110,-0.7070527029183241,0.8254556768881977,-1.2179504997954071,-0.1659835258777094,0.3614438101465663,0.5020139123981237,-0.16729729533281018,-0.30160875768886036,0.45649104141145086,0.8207133880149147,0.020233246340148774
P0111,1.4901973002779716,-0.2937473242836671,-0.029410006282567167,-0.6540768251211786,0.36005819439578596,0.2711266433512598,-0.5776830492059433,-0.5461915857045179,0.4763920998310205,0.13053117706676018,0.017907878245781685
P0112,-0.49418580142696056,0.31364379445069823,0.11239824560786937,1.2893077095647323,0.07555699354289672,-0.9428693298359286,0.3784157312071076,-0.06768962396222314,0.7946217842645749,0.45795344831536045,0.016072697865445934
P0113,1.6284587988810828,0.40014431259648975,1.094199761396968,1.6290720337450526,0.550447249471988,0.7454346120742052,-0.2845190042643483,-0.5774635708752022,0.0,0.23909877863470647,0.017871083271976448
P0114,-0.20199020793179334,-3.133362232179093,-1.2743438094374286,-1.4961840638710122,-1.0014752424124582,-0.2208846033388335,-1.3053169347041744,-1.8876623785543698,0.4848686242091485,0.35166817759418456,0.04916003978457486
P0115,-0.4754508264707521,-0.8410689893746204,-0.6536231823644666,-1.4629512661395523,-2.1607104284498053,-0.7400542484599527,1.510806316349125,-0.039255549809167276,0.22318438076243494,0.3654895367923047,0.02548955669896828
P0116,0.26326176777647403,-0.35254069658690407,1.3546760432725131,0.9421363138449728,1.6658677556678108,0.6855219548250364,-0.675187986257245,-0.7064053036807183,0.6662090289533201,0.1937320608871979,0.02816294549707796
P0117,1.8820673646005934,0.17832918340668963,-0.17911694015827107,-0.6255990772455011,0.2604509744092162,0.7331114564293213,0.5355451590817705,0.7481986446543937,0.6600392735211709,0.5051093569184454,0.012529763331050289
P0118,2.8677216273334882,-0.7300138523185865,1.5276819772451533,0.5171687203137624,-1.045940642227462,-1.0665307500904708,0.5942901000064011,0.9526583948236855,0.3271311009621749,0.4528317236912255,0.0116428960313777
P0119,0.7640553623461519,-0.3256246772497602,-0.6650693705316054,-0.6674960267286252,1.9462934027964225,0.29825850924643466,-1.9893353640740503,0.5867689186247569,0.0,0.601968777623406,0.01178135415122824
P0120,-0.15973168416411088,0.8307453564445301,0.5617586813065022,1.687805453728129,-0.00332552369875452,0.18042629069127272,0.8501857648191365,-0.7942540075177071,0.6245687668270268,0.07820089369464822,0.05544489641465578
P0121,-0.44700481458010766,1.5984037778692293,-0.9174243766932259,-0.8616189673601998,0.6885097768543915,0.00853625751252683,-0.41298991152379844,0.12957298059894182,0.5285249581968424,0.4344829419849065,0.06145915811573749
P0122,1.846790539105772,0.07583583165280917,1.4542643738851946,0.11752210869001234,-0.4303359686061051,1.0562377549942896,-1.1484458936774207,0.1886957519624161,0.2827764224849558,0.3131362976433029,0.034440225460848725
P0123,2.254995982862938,0.06281438114293124,0.4270925075422324,-0.420901835091667,-0.33841925488785096,-0.5536409371235633,0.6142589927474345,-1.5040898447252418,0.6074523395502492,0.36040821270786916,0.016444066330728264
P0124,-0.10862978118321887,0.40256556646200314,0.7229869598299609,-1.711620606626929,-0.824867893108421,-1.4357737875943763,-1.183834541985809,0.16092917543607285,0.6230526126212271,0.32847972883602033,0.09923755342709549
P0125,1.715957487884134,0.6799945427677765,1.5356488762938298,1.1315126260724822,0.8094069931849116,-0.5635638566436395,-0.35980824728631616,0.6963886743039105,0.1210200151368182,0.5552514934811363,0.02284852402057042
P0126,1.1748533860340735,-1.73667284893703,0.5813607602305038,0.6787540126071754,0.9345164228967241,0.4207415915879374,-1.259418373438228,0.5433811480699271,0.6472376700283502,0.6638643323318744,0.006475973293909162
P0127,-0.008757586660714023,-0.4105346905544723,-1.5392681907531458,0.9584514576174645,-1.8943752168178254,0.9411987272956435,-1.7116833647610143,-0.7201887105304732,0.7791879854452768,0.03580040421398817,0.0020692832485015773
P0128,-0.6553253742754225,-0.4436345971602124,-0.1703608831101033,-1.0260363212045087,-1.7241465902783375,0.11063240911073069,-2.5870445206709487,-0.43039950237576763,0.43121721652686995,0.015477205340564737,0.028651790816788415
P0129,0.9795492962737924,0.3481586913014046,-0.82871410653571,0.3675897591345029,-0.6835198896419902,0.5577132437892607,0.3865096367370851,0.7929058557724532,0.4606472511493315,0.32207869708172904,0.23724125956700215
P0130,-0.27885142385508666,-2.10236421477505,-1.7430431448334467,-2.473418454072273,-1.468412616056078,-0.5640639579021461,-2.8945741196008656,0.9033451544547044,0.3602717359712911,0.1790709471670664,0.10828800974494257
P0131,0.4971698548623601,0.38762661439162166,-0.21833285666101648,-0.1341735747863241,-0.004154878605624681,0.2071377837300201,-0.3545307099278943,-0.6048915533255452,0.153111439244497,0.453746967960577,0.08350204867869264
P0132,0.59516711208917,0.2961343112439709,0.5433805243650409,1.777794206277505,-0.8373497308228032,-0.6986477048781519,0.029055529675470437,0.8450311848732169,0.6545682296864084,0.33179407519916726,0.0360668957040113
P0133,0.49401860829216426,1.6024314695968362,-0.007063832983099929,-0.28969154399685126,-1.2216718970677267,-1.0727978237013556,-0.4549970331852053,0.6821038584027278,0.9431258281485283,0.6106848013809931,0.020319820038003034
P0134,2.3065737531745065,1.040778993686316,-0.8245090948661216,-0.2508114855719238,1.3621957616652114,1.117927145630753,-1.0531026297668256,-0.9267493378206472,0.20349842465952875,0.36062016373956596,0.24407303414587278
P0135,-0.13602395460729744,-1.522843291521052,-0.9802415103489742,-0.92855953085374,-1.245921114758859,-2.280731660937559,-0.8981474571219119,-0.9440287865887005,0.3436017943814794,0.5063006258379397,0.020995250287284706
P0136,0.019618798848439978,-0.4906652277426295,-0.05420767831743325,0.7797084173025793,0.7047029903967827,0.9267305609165132,-1.736220620739656,0.8003930561630593,0.6667635965300003,0.2558242254418907,0.021751052613207332
P0137,0.8909562423401776,-0.9668338155553071,-1.162074987063247,-0.779970205867839,-1.3216905590587051,-0.6564073939321313,0.9808811090391273,-1.099252583340004,0.34061489403627365,0.6808210984320808,0.012014938927754591
P0138,-0.5726492497388948,0.4166633823537945,-0.36569061193698527,-0.047071738571195405,-0.5396924642759507,-0.24130474042317354,-0.15396607138086713,-0.04315957981845691,0.9401793856165479,0.0,0.014046252711218059
P0139,1.5564465176288427,-0.055936755827739444,0.26729936631625584,0.1870744794153328,1.1004926878281798,0.6142769759910708,-0.06561427528595437,-0.3389126406870982,0.8097959254890275,0.42685764135388116,0.03659740532000818
P0140,0.8068920153331125,-0.7983040203166838,0.014441259442174417,1.0615876857173663,0.22703722762034814,0.7413389207040095,-0.24655355442863836,-1.054066042339155,0.44212505859765777,0.6037241651827041,0.021385572982215925
P0141,1.1687530950205864,0.34635695793140076,0.4145948631457665,-0.023988101214624226,1.4907222568675287,0.19843766371990204,0.10711359734904577,-0.30662543391530817,0.7897865771560121,0.44188275200984845,0.002698551685343141
P0142,1.8341886463525325,-1.00913459751003,-1.0205874294143034,0.3841973650923022,0.3586856488906759,-0.8744025650288041,-0.14799449891984845,-0.009689599098014524,0.4328010509209816,0.5479987877968733,0.0766703209042895
P0143,0.4458607281920452,2.0227274439108998,-0.5573643589617963,-1.836899817063181,-1.1916608077483994,-1.5324975319435745,1.3088295789488087,0.732927590159339,0.5770674224894341,0.8417366072676935,0.005483931942646071
P0144,1.4600538283529,-0.717547355317476,-0.28575278654607555,-0.8026513907009384,0.9753299555518343,0.024603448021455056,0.14936872809715412,-0.06363727429492763,0.5259098907702459,0.07895751926706124,0.044157364236627104
P0145,2.422015331084408,-0.23296795717975152,1.8037727674178479,0.11774094872705991,0.802764859414012,-0.1854534283405242,0.0684263226521652,0.46766700931263067,0.9092078505922143,0.2924473779958735,0.02049318518538978
P0146,-0.6194812652588918,-0.29525743945092575,-1.0113094500206063,-2.332387428117515,-1.5430342583764212,-0.7607551340758371,-0.879590443591258,-0.4411125651044221,0.003047894126926687,0.33176014635415024,0.026792523914692907
P0147,2.212380841871658,-0.8826876351838571,0.8396685272117697,-0.1515081406973825,2.0434005812568232,0.4663880630889853,0.5506530696411277,-1.017347111864503,0.7538884072920398,0.23971981047281976,0.051927866466519534
P0148,1.0504029224496365,0.36918720428976404,-0.9676835310734941,-0.21398127989241827,-0.3786314184358959,-0.6265491274577988,-1.1444931094031685,0.9280123117211041,0.20093234481807457,0.23746089397841472,0.053803347163054356
P0149,-0.7473563976200231,-1.2467973031175565,0.0665527024857642,0.5134814144638705,0.3516595158797584,-1.0055109484061333,-0.37354029951772844,0.37810836732183917,0.536096954929987,0.6105295997691063,0.03104938790631484
P0150,0.49005502794934885,0.43091206385249203,-0.21944534181087258,-0.8389488961476207,-0.2895413447853497,-0.27509113012748276,1.3148994471194455,-0.567946025538602,0.36427782338925907,0.4863036297765229,0.024858949928533845
P0151,0.0021774263401616034,-0.7559591059022432,0.6779358440295351,0.21467157594799785,-0.47244300404000844,-1.1343812578983496,0.28564546327257156,1.0026222491184016,0.4776881069687921,0.30036737649198914,0.0009951332432661668
P0152,0.9683377223695306,-0.37379691036824286,-0.6392247324085558,-1.3389849270352745,-0.12382851733823146,-0.5440245089292316,-0.45073760854318345,1.1922032236037088,0.47280310152605654,0.21635480119697617,0.008463424588344488
P0153,0.4586217780300245,0.02786335185001101,-0.21278382333158105,-0.7301718358856281,0.6738979907076832,-0.5457084716902829,0.6693578606915872,0.052444252419493076,0.0,0.4072757818015367,0.03299082344589516
P0154,1.6350546691278078,0.891135890760223,-0.9344998435536456,1.0618027871779416,1.2474064791730002,2.876539550897821,1.3297670124522807,0.2219103318866923,0.5152073968838928,0.5313909182353034,0.008279121324764577
P0155,-0.9388706134194865,0.2618245763787273,-1.1112325155106908,-0.07897021048933282,-0.5716595963861338,0.13529500722561,-3.1713751237566847,-1.275802021470846,0.41576073380298095,0.030050851792690125,0.06469274065037091
P0156,0.7733193914931208,-0.7460457295267,-0.5674974083641229,-1.1853247928616288,-2.002887441082242,1.3773760370623869,-1.7830621153370423,-0.590791292732237,0.6560360974757777,0.5659499117777945,0.00836077450286631
P0157,1.3936245461814305,-1.264265718884406,0.17210677724062431,0.14656719392516646,-0.7060338442186324,-1.6772654723539104,0.14506963657365882,-0.439189331147505,0.3948766223587236,0.22217694621084272,0.09154293730406626
P0158,-1.17719831085095,0.4321094128132863,-1.232940396932251,-0.5770241007670823,-0.6518853746707789,1.359293935652382,0.15418150849938503,-1.0760099056274983,0.9755361041471504,0.17447642681058445,0.02244229390179139
P0159,0.8616255300393069,-1.3484599214675563,0.14364831392199967,0.05480567117618813,-0.9583954012587244,0.12311738879584881,1.592097520458882,-1.1634419199454942,0.43698604673949404,0.3796023255013933,0.04485263252166819
P0160,-0.07997482257249378,0.40033131771943375,-0.5845204254740007,-0.29210278824564123,-0.2649155992734208,-0.23097020265708174,-0.8560519214125779,0.49360879476085784,0.6529605171161942,0.6529965832997042,0.041879257768788994
P0161,2.906093076112231,0.7174723618519715,1.4324965187859955,1.024653003209415,0.8191916782925046,0.404674831827575,-0.3567693312695034,-1.5763041791760302,0.8602230966515683,0.5146547876934628,0.055954084747637536
P0162,1.9062492573065506,-0.2554730669402373,0.6902881088723326,-0.3752504956478878,1.1158075347362901,1.4990280006432821,1.3297762203157795,0.8779148324413619,0.5364839975033079,0.2599559677683918,0.04961140169462642
P0163,1.0477376133764502,-0.7205705543834716,-0.45943711795465386,0.34412635213093096,0.971221574926611,0.3686403579662147,-0.29839375876943103,-1.3402258525755903,0.7452444592474319,0.2005803396391188,0.01975635741743188
P0164,0.6940991220281162,2.0331244772753947,0.34506893131577115,0.08340853032715283,1.7565014331897058,0.12930027785611728,0.643241104310712,0.659391029315449,0.534228965395598,0.42062300881119163,0.053393856528258725
P0165,1.9281688741907081,-1.0945880285483265,-0.559214399364353,-0.7723845998111819,-1.158287655568232,-1.3403401993130577,-0.4848002030721581,0.6506046518435461,0.23337866038038374,0.0,0.004242378153917933
P0166,1.161979978796537,2.271465349801045,0.07144299845963914,1.5046557827158664,-0.792637474596893,-0.46129835110379125,-0.22209188008853206,-0.24408555989371097,0.7553661937557881,0.3799004647077065,0.027675290718687715
P0167,0.07224928566048283,-0.9124436407974542,0.4273867606283751,0.013876359830920245,-0.6037419646179011,-0.009569741445477285,0.3329672134518024,-0.15827402250191647,0.4525705591028543,0.27310447040751307,0.003410204005882405
P0168,1.0482418509676619,1.2545173032668075,-0.26414468073357633,-0.28064631127902734,-0.014479276731239624,0.9497597963982591,-0.4206257479832239,-0.2498628388252753,0.24006913350450368,0.8088449878564397,0.019221960963796744
P0169,1.3407509486056068,0.7847739527910674,0.3467979202634828,0.7324581375379674,0.9587169244776415,0.23749816344881639,-0.10318145926826701,0.31226736048486325,0.0,0.40805051846409907,0.029347893537103445
P0170,0.8961355207446278,-0.16373179719247039,0.2152102172914777,0.8093466721697135,0.995548804964473,0.6931963592389256,0.9365182397882523,0.31323146648660233,0.3784109190329275,0.13124595123672045,0.09283667451103775
P0171,0.8174196352871717,-0.17228087949019857,1.3746224892250345,1.9510991454160953,1.6762165566360137,0.09581023423240713,1.132205172775231,-0.22216308067543283,0.32570409412485657,0.5462927996013485,0.02446503565509512
P0172,0.7005620717685503,-1.6895011690858004,-0.5185792111726905,-1.2496017141925444,-0.42938874948244427,0.30295576063842145,0.656434936460001,0.9061984724774468,0.3180888625434511,0.15433207317973893,0.17432150684258232
P0173,1.0238453328884578,-1.4755965244407825,-0.16431266825771684,-1.5937093853821913,0.6041466551241816,-0.2131231151339594,0.514983996917405,0.013132899092765396,0.35182683504743717,0.04959900510003695,0.012919913259511504
P0174,2.823118173403538,-0.6836619386315419,1.3954767384188678,0.20093908213205233,-0.06066193897577661,-0.3986894049826287,0.1351532253606859,0.8188945829424694,0.4822251641606807,0.37693038885662317,0.031711077199300414
P0175,0.7370335912531846,0.3531409684575037,-1.4130627599110739,-1.8387328496734754,-0.8439149558072039,-0.0002381568877293227,0.2240432440691776,-0.03280005236930904,0.1361257407834593,0.25114830712528846,0.04722996783357616
P0176,0.2332943572505738,-0.22766059711896142,0.01216351452778511,0.07527573755077886,1.0423588053368384,-0.3027191136949802,0.3380467383831577,0.4647240228590528,0.025828205963732753,0.2250836197940344,0.028262590179573836
P0177,1.4755042582138653,0.5378301828829938,1.2779172893057338,0.8103448439970364,-0.34569102074768143,1.650737720382507,-0.35268797143822217,0.2240764396107748,0.5281013945850228,0.4550392954450133,0.03815903461236367
P0178,-1.510109757756163,-0.26759102469217144,-1.0749291574162714,-0.8699097160473901,-1.211770676242188,0.1747654339862999,-0.6913907716915759,1.0175939020974871,0.6997449476020948,0.25952581456967394,0.02802318920508562
P0179,-0.2160618804681872,-0.9907056671170664,0.1322943431102432,-1.3444203737348799,1.1856773877157354,-0.5298929337641348,0.17955585267602528,-0.2463295302346034,0.0,0.5543667349875909,0.01518518436237882
P0180,0.644784372105164,0.3797487857344432,-1.3515962488365014,-0.9312165485301889,0.45271886513289455,0.1051224645279778,-1.3844141185701766,-1.2453937066839227,0.4259383778248996,0.046680789391615185,0.11592153204540638
P0181,2.7855859426907816,-0.7599884645337223,0.5579773761352707,0.38563065998981233,0.5046662083572867,0.3656089241016895,-0.021762998602148066,0.29310501483653545,0.8801071771776924,0.04703746996422581,0.012479553990652545
P0182,0.12394080273923003,0.3062176853094757,-0.6715874104580215,1.5135880957856886,0.28687998164927214,0.9213462779564133,0.07520361333544553,-0.4970167899287059,0.3239335942423154,0.27073821516134167,0.01145658969453815
P0183,0.38459267449454954,1.3104195919453059,-0.6763359671806661,0.08075561534523211,-0.12193159839071406,0.43655822118760623,0.9647474752870004,-0.3406240586181606,0.43252748263476415,0.31285453746115527,0.045192571009791536
P0184,0.8262717536794503,-1.4371946907179138,-0.3897861568992807,-0.8887767131200557,-1.5745906581791602,-2.865176659394177,-0.7955183403733941,-0.37738380710244906,0.8747627020903757,0.41163922351812726,0.012122838273867469
P0185,0.13107974042793602,-0.07230557913006466,0.23834938739453762,0.1544303166773426,-0.7964971916575405,0.1406108924802405,0.36257817968313116,0.9703855350286239,0.6485784085201483,0.736106705369997,0.06049561002168194
P0186,0.007855096512121573,0.5612476564721068,0.07761994059418487,0.027749394696075565,1.3301000843053776,-0.3291788276105425,1.210978727929632,-0.07017850456862698,0.5709099071785976,0.526166998674221,0.03930113607766181
P0187,0.5590798724418449,-0.7379346367356165,0.20627325094958404,-2.0177589473628084,0.36328181421214156,1.092260220507252,0.47513134796094547,1.0022075337622245,0.7856519087062138,0.6252847079581881,0.023023646251231943
P0188,1.8316979248509302,2.061545983670775,-0.49676025880180896,0.8938425079275054,0.564997595463129,2.42999918793061,-0.13382118786098784,0.8810043450056472,0.6007091660369209,0.4382883296711862,0.079839529958696
P0189,0.33630113876208656,0.5654373332453078,-0.9570069779703204,-0.31008191672942176,-0.43369935411501004,-0.8942854011903727,-0.14559914407617108,0.41710216758964014,0.11917232658849153,0.2687534401041022,0.036421854575887896
P0190,-0.6805338438426191,0.8390519089610348,0.12524015101795966,0.3003434260398894,0.7362182999987275,-0.551937645497573,0.5492072584337625,-0.8008629257231807,0.3577010715569682,0.09429688972120653,0.013701059695621704
P0191,0.47426375889264505,-0.7122551690221586,0.3443032389586492,0.5643371373534839,-0.03773489311565043,2.0910874129699053,-0.6283211945336583,-0.7931125841744866,0.3713956265332604,0.6551848835652072,0.015371285360404819
P0192,1.046756895763622,1.2427044968536793,0.7846986683306356,-0.07082207128935104,-1.3310501083122395,0.06646319275294067,-0.7833137655170074,-1.2772805054386422,0.4240024544558183,0.42863434996109073,0.07679083461849504
P0193,1.1274034142165874,-0.5286927197836547,-0.4832863202008009,-0.3225052650557997,0.14635787125651864,-0.8171158829836385,-0.7465800936819565,-0.9566010298807388,0.001659936635261594,0.014346213564808086,0.001126024909400726
P0194,1.108311771772096,-0.08804313385503292,-0.0865243726519786,1.117741341086692,0.034012394511212726,-0.2854520852171586,-0.46397205024971355,0.09288235250039092,0.3342824130857615,0.17239163140398966,0.06864944001245595
P0195,0.8775369595177301,0.4634434368750231,-0.5448016245555127,-0.8568517507309856,0.9958903043725086,0.07255962852637309,-0.11400767730064346,0.19663041753163346,0.1217515716359085,0.31279943073491445,0.042388046188951166
P0196,0.9746295997488313,0.7067772943710925,-0.3902559661041359,0.15342400153473357,-0.6898354832105053,-0.256004234950973,-0.7627679943920468,-0.5583268252782074,0.42851367785051503,0.07878547102530303,0.049441838229172495
P0197,-0.5945463411990829,-0.45586538903792945,-1.5812681253004877,-0.35617667829115907,-0.8211890505379456,2.1756588683278286,-0.5598821019052391,-0.046621182081284185,0.49978120417174066,0.3142165895364466,0.06598860225013499
P0198,1.1506395177470992,0.4081491343532469,0.2423473321403269,0.325455060417465,0.7049597417203807,0.3099532929720319,0.2688105973614561,0.5642887959263484,0.6506471385193506,0.3279472510786935,0.34387034577753633
P0199,1.4196525746586897,-0.22592376099133907,-1.207714388455031,-3.1421780902983336,-0.05698190222950475,-1.2024296673300243,0.5912959208630358,0.4518592622598335,0.39227663436641663,0.013687735576558502,0.059519401212519904
P0200,0.44110248875883,-0.16332997323575085,0.03144334699638918,-0.08271750831920253,0.16894510279300473,0.41683015806919554,0.8698077297361504,-0.2541872151172446,0.3650972371754931,0.40283723051491804,0.03527737246677283
P0201,1.0929606508892737,-0.27543980240412436,-1.0349401818796722,0.773209826805295,0.8933748690362201,1.5325097917549038,-0.8790835315844259,0.6219105952976829,0.5985361132441037,0.9086573488235439,0.04063951175016428
P0202,1.2614906464026205,-0.4229706584355964,0.9627343983523666,-0.8515075272953548,0.451752002500852,2.364136947751366,0.6672336167977025,0.38674063369916395,0.40376681472743625,0.2907608227248246,0.019193649389932947
P0203,-0.3818481342305865,-1.4030355392946783,0.1170583564948023,0.4027230458408404,0.013529696837872975,-0.3287902100918673,-0.33055247743784694,0.12728866459009275,0.4744540397019582,0.5099312611352693,0.011363772122538895
P0204,0.40544307904293325,1.8155436510011154,-0.2410967483975744,0.21997672113820957,-1.561463652124558,-0.41400790993182285,1.376072065677131,0.318869228302757,0.4895289690494021,0.3904377809153564,0.06315877422020177
P0205,2.051669345144983,-0.23949285351690727,-0.9493219153948123,1.5790902374699738,0.895818569551064,0.7413571665954466,0.7181493598435247,0.37848507639350387,0.34586551609828253,0.19912943676579362,0.037501560525850235
P0206,-0.6424123719554683,-0.7024994463419824,-0.34023634476267567,0.2541204749662608,-1.148436671286815,-0.6541321129352765,-1.635194883271548,0.0806427874989855,0.06033318092698503,0.6972119970379655,0.08192054457752639
P0207,-1.4701962593104176,0.6550699839857373,-1.3433729740033,-1.0397214147192768,-1.1494791568461773,-0.33133906783256445,-1.480092885448806,0.5380863067944527,0.5135541131857881,0.5241567943418215,0.09304933115189913
P0208,0.7285898386639656,-1.4640729207512104,0.1480804060360386,0.3085430037678573,0.34668212608985777,0.5066118120649713,0.36323456677135774,0.8582328954880756,0.7899113392846753,0.2928746862137468,0.06956566862008773
P0209,0.6522176692542929,-0.12732529861667818,-0.8009760150856883,0.4370927145222278,-0.6334668514885714,-0.4007150515242674,-0.10858190585863763,0.19420228679254484,0.3319494628042753,0.29838469086999153,0.3945611504124616
P0210,0.6526870811080713,0.04590712106606411,0.5539344298794471,0.9575088063159017,-0.13529346748047547,1.3028520386919349,-1.6214183770300408,-0.6420853235757256,0.3677143894136836,0.1833533716785582,0.05198622516830384
P0211,1.564461176802324,1.8260088835747308,1.4467477047132944,1.4500726971719826,0.6286771676050878,0.5022737779451689,0.5035455978401681,0.86618176599414,0.3829767704168807,0.6102878662130836,0.03127010788304487
P0212,4.066622847945031,0.7069677927280835,2.2153672151335,-0.2500567819676578,0.3005821329132491,0.7399863992318403,0.457880323545707,-0.05056797176751765,0.4679168787118347,0.0,0.015030110858336325
P0213,-0.4574097544740957,1.1961551870575584,-0.7806567437566698,-0.0986419706245157,-0.20640537611887969,-1.487209450206182,-1.8299321015242116,-0.9173804281639337,0.4631350922485338,0.5773761776379236,0.016932452538778328
P0214,0.14570896723379512,-0.7029152831907217,0.9122199512976753,0.38265664459337845,-2.3061425014827597,0.4500729256582566,0.34899288239731,0.07917378903275436,0.3345852191081885,0.28103279752641186,0.01853760607088
P0215,1.9022691193191945,2.0067397597525813,-0.5491658208683998,-1.0721330928421513,0.6028580951645073,0.7901590128338367,-0.7210764980384126,0.3672013506213361,0.666834774270333,0.6144866038211391,0.06924358611388648
P0216,1.6611241300280937,1.3836631217671518,0.48192934670581344,1.152166633643054,0.5956114123618121,1.2864282053817033,-0.17068624991061482,-0.33057234733778684,0.24231707556748922,0.0,0.06094656521052917
P0217,0.6907689150593853,0.4716683197059013,-0.2860344554665321,1.4641049326947182,1.6168249926127163,0.6340135650798218,0.21865737632331492,-0.3536555871638651,0.8016583645891953,0.5539884550621258,0.013703877618158144
P0218,1.9825247963822488,-1.4842541352346414,-0.2672002630862651,-0.7464585936089989,0.20260301349188223,-0.9419725510670507,1.0542427641278809,1.464677526820057,0.36664547382875623,0.0,0.05168467160198669
P0219,1.0913696820754784,0.8059298476334987,-0.4733044858566097,1.5505400957974893,1.583208175218575,0.00030778129985408885,0.47422316827377886,-0.9133108170215691,0.3154818376189078,0.34751408495489705,0.04697569684049079
P0220,2.0262099222646914,0.6945595448191444,0.9626005022795744,1.3477643301617628,0.27527526454450935,-0.4487470677705522,1.1752861605974207,0.7326835716060325,0.42984331580373114,0.3108353566553541,0.013611026822820086
P0221,1.2054485456812185,0.4674531764938988,-0.470331729894573,0.280137058081446,-1.5357054888960968,0.4429637271649237,-1.1473556432759737,-0.019876333873103023,0.34286684676330814,0.6993049100269457,0.044661071896753585
P0222,1.4239075407052941,-0.4333063527618524,0.3752893255529914,1.424910008665478,0.0016843269547574065,-0.37300737709089943,-0.35443478072052875,-0.17003675489743672,0.7636382994700142,0.38699114260785183,0.05982972019236017
P0223,-0.09659639443470569,-1.1223602792157972,0.6524499128423573,-0.7662817582151422,-0.07868524814162846,-0.15721587601161083,0.6764011260426152,-0.40123083202597365,0.09306186241886699,0.3575624500883843,0.044949064237635554
P0224,0.372610742956766,-0.27840844489906735,-0.42455406325895256,-0.5256075256105514,1.1232868167684138,0.33367554926185444,1.0967086891901063,0.03454301088337623,0.3433139698764853,0.571344979383444,0.02861180487379839
P0225,1.6710829887818375,0.4738572117386889,0.658301861723087,0.7747111282802952,-0.08846419349207729,-1.281986210921389,0.048896471295486965,1.2655449339401494,0.6664766681199815,0.670198226578529,0.023961153287920037
P0226,1.9992864900286609,-0.024943678649754865,-0.11595845927880515,0.7753501784180725,-0.8137589103342063,-0.4487224036341069,-0.16642842046820364,-0.7647480619609706,0.3025727616565298,0.22299058446678344,0.07887523285672231
P0227,1.6810647551641806,0.770101382486018,-2.07578495712532,-0.8768662509193121,0.4961691919757985,0.8241528225111372,0.3270362611413334,0.8154442785346421,0.7779397285451173,0.44047024940618135,0.03283336465177476
P0228,0.6204840018401871,-0.3411484121063877,-0.082848171095991,0.06252777413378609,0.1041570095068709,-1.1552158474198233,-1.3325427889019086,-0.24333887330969767,0.48065822834412436,0.4706138181084489,0.024272963904300643
P0229,1.5369017762220731,-0.5128898129788533,-0.3974137325704359,-0.07336207074277626,0.3367422403146503,-0.47086046211313737,-0.9918889487523952,-0.10168440403740663,0.835195947854587,0.20413974650213815,0.03070450024759785
P0230,1.1322524559368587,-1.0202273445645231,-0.05960739263602059,-1.0090818989915504,1.5070304587472994,0.7823036050202794,1.5190900024755585,0.03897432599640159,0.5358031708218832,0.38144539900001256,0.3366434245634904
P0231,0.9697237521133871,0.8181216544343145,0.9446642922581459,0.43635976000481663,-0.6472491197449282,1.5569110114073832,-0.40474746223691693,-0.5519505255788908,0.4044639713310795,0.29104924427925727,0.023175151609204785
P0232,0.06957356997065223,0.9903743927869129,-1.2778404919398174,-1.1892278560282117,-0.0695482222189523,-0.6538299978060592,-0.12073955568326783,0.7114727381824698,0.0,0.4039608610987506,0.02810590835520402
P0233,0.6684274014188979,0.011597718614826094,-0.30665354427940245,-1.5188752816227895,-0.48655623889970334,-0.43708564952776274,-0.6897303894158151,-0.35326650963589806,0.5274732033989769,0.25635242435176075,0.011996915318732919
P0234,1.0209856132051016,1.0163282455386846,-0.4781753141183878,0.07845528614868463,-0.5431218406472368,-0.7615900757986257,-1.43741045006958,-0.32019746122021586,0.6170770283435599,0.31560598349359315,0.10519749479554005
P0235,0.7574211322218358,0.5542190073152058,-0.8761784219895334,0.8290957056989879,0.04049283320211508,0.6766058617630767,0.21108755953428876,-0.225998686660623,0.2245873998270082,0.8995794711307374,0.016354523652346516
P0236,0.39910042622122743,0.4392625467602638,1.332390402935786,1.0661856191812265,1.3121591055960387,0.5373722937624044,0.016039659082855016,1.2539413213841484,0.7799376827892475,0.5109104025342477,0.08441047614792743
P0237,-0.3448404230635834,-0.7385505854940314,-0.5610083994760495,-0.7995272095874248,-0.3784113357875923,0.5271081102601127,-1.4862401094402575,0.6583497835679983,0.1969557496465218,0.08831585670937425,0.05153743774198046
P0238,0.16188011607559227,-1.15860354005928,0.6687694254093796,0.33314605046655266,-0.5488161901396206,1.6229879015264463,0.16485305663896957,0.7868587294015982,0.7451321539481374,0.3981000986223214,0.015518416709713427
P0239,1.9948747689708526,-1.5075678167878073,1.2566451282123636,0.44046713622353484,2.3417625774753192,-0.7740359664913041,0.05668761617037891,0.10066043666765806,0.5979072715974556,0.0,0.04334066701641874
P0240,1.6975412172228885,1.124433105032095,-0.8165129105507484,-0.14256929855077158,0.3042264029608751,0.1815321319315564,-0.6269677646325755,-1.354441763059408,0.20079560665499838,0.2559976278290701,0.10599544627478977
P0241,0.5827771600370915,-1.4548655728277862,-0.12182884471603826,0.16298680274010904,-0.9746010330068056,-0.6047784486677004,-1.8379946796901625,-0.03408680327246032,0.3679180148256949,0.0,0.2244699312254348
P0242,0.3986758056870715,0.23200854632670895,0.09160626551175591,0.5997476512247195,1.2519374206792042,-0.3820091082449499,0.8042529917894088,-1.0963690575380127,0.0670155314019551,0.5185685234529966,0.02315719184600965
P0243,0.8248387302808596,0.7074168927467721,0.8587047007426741,-0.9131563758471373,0.34760755794025766,0.4296253017810505,1.459681936424627,0.6395166291414867,0.40106155068693683,0.16504998882542662,0.04245705166633959
P0244,1.2127798739892275,0.025646781895276888,-0.040411533101787814,-0.2794629187062108,-0.6551361983924251,1.2007308356721889,-1.467174538978488,0.43655861629618653,0.18405840458807177,0.4683620458520352,0.046264696566596326
P0245,1.0523196817275258,-1.3645808059853242,-0.3164059196914165,-0.020360898642141797,-0.1616976496147345,-0.6590869695036663,-0.09903737330140547,0.30264982095723547,0.42594674808969146,0.30738657968503996,0.03448461597965514
P0246,1.5259790975125016,0.08806374710955912,-0.2579219495546115,0.4144878190120143,-1.0479592597904128,0.5021985031456732,0.7347046838988985,-0.5358004453255738,0.6957375723177446,0.1672890952589239,0.011421870430411634
P0247,1.8115392436534288,0.9444017026158315,0.08462896983888599,-0.9572565622043355,0.4181242450865593,-0.09597729053147497,-0.5605538592735052,0.5287546076928612,0.5647542416500773,0.268497261313992,0.0073264570045934035
P0248,-0.3570008702102131,-1.0722381855887189,-1.6292504910806946,-1.3371685293511302,-1.778944446487853,-2.26176399116156,-2.7038018679984224,-0.10170740414092541,0.6221193092504362,0.4402213726227111,0.050893087333222606
P0249,0.14409560250052333,0.034837400874576506,-1.1027415454279923,0.21925532308961398,-0.9981754624759875,-0.518566486657728,0.02986693778928853,-0.8963892885313105,0.16631238637375284,0.47405108515214556,0.003839406116214276
P0250,1.4384735119404173,-0.73197209055753,-0.23597229861111665,0.3345877527547061,-0.5142900249515365,0.7091747426753199,-0.7251282096605434,-0.5476560001850395,0.5167828017388467,0.4957040228902494,0.017300638926958944
P0251,1.0876812950065768,0.0431717107298113,-0.0028201576233384375,0.28992764716115355,-0.4952691341842845,0.475692271170948,0.04265860305197945,-0.84621311972301,0.5226206328354033,0.11381376260884926,0.007019970410005179
P0252,2.852495461906499,-1.0284331783263927,0.3788423332642034,-0.912329444081887,0.5773360088307209,0.620684290886012,-0.4714647106805787,-0.16465081634630846,0.5812527498942682,0.39627249323106245,0.004284184793153901
P0253,0.8952434428541423,1.2630711357817423,-1.2490563022761243,-0.3022957512072205,-0.6827825344906684,0.14767231553435722,-1.0853778719297655,-0.07636361671893437,0.8826943694254301,0.5462609097921087,0.07975123507688545
P0254,0.9317284683733036,0.06978505316794562,0.8991165736056896,0.5914999536559594,0.8837595160541539,0.3613014179115579,0.8421983953168408,-0.8024764618983287,0.1460720892136106,0.3121305922483319,0.016271049196786905
P0255,0.9162349959182063,-2.551257520152623,-0.7282055729464894,-0.6788814370893181,0.05657464175172963,0.10307034209091795,-0.9001163908211149,-0.07270977879823624,0.5818475035723129,0.04553712114763786,0.01987767902238437
P0256,-0.7316848071649448,-1.0042481965185044,0.011963587312934029,0.5131791719096885,-0.25109098239147754,-0.5921108604249823,-0.6200725252040221,-0.3350247983500437,0.4248909151298796,0.6567309742361558,0.10608391061626157
P0257,0.18051175498797056,-1.171122951687535,-0.7638402311618303,-1.2924928928243624,0.4907339864254102,-1.2855528053278946,0.08340505606934596,0.4664848816449466,0.5430004299215128,0.11609258865853192,0.008838724785173266
P0258,0.16879502599697882,-1.1122414290989149,-0.09169607567520671,0.9915114959667092,-0.9821472534861803,0.9182572725627949,0.621130307583895,0.38290280322402453,0.7063865878558286,0.33288946882111264,0.010707202844073184
P0259,-0.5577641809167727,-0.4040339236777834,-1.1763594976228406,-0.7031689340040509,-0.5974907074472708,0.9046410505543037,-0.35791239102882355,-0.8082499237607561,0.40786664015761515,0.0,0.052158304599989935
P0260,1.1775291512416617,0.5249126975498883,-0.39207362611387625,-1.051066185033238,-0.62204444318473,-0.9522186559750705,0.7994397450856293,0.9651530364000056,0.27657985535670954,0.47954118439512705,0.094531607597767
P0261,3.1856240932478594,2.265494810972233,0.597243620779358,0.30935488113317816,1.3371070298370527,-1.1580450350025038,-0.045297901695139094,-0.8464507973925142,0.7090655224662923,0.4264127623756666,0.04374615170930352
P0262,-0.10820392777412957,1.080694198675682,-0.19649679426023867,-1.3507738546444812,-1.0802966638217413,-0.7392794478888493,-0.3437534310223863,-1.0878120524849364,0.7675746954116369,0.7326858044632951,0.029999733647748165
P0263,-0.5112498563351545,-0.562463721043754,-0.8095261338314454,0.8445175531329367,-0.0683236802272384,-0.18653014237712257,0.08121192477638438,0.39542787143808134,0.03080817289536497,0.32346280620466045,0.024512373940838054
P0264,3.6896461693529434,1.2567593999707467,0.20722747702009678,-0.33439756038092633,0.7327529386634467,0.03480462445022995,0.470369560006057,0.32651323215695877,0.0,0.02043884703564458,0.04428734252871398
P0265,1.238729512353716,0.731294179825492,1.0332604739231195,1.0957647846572904,1.4448037156382976,1.5020113588369262,0.007890632583484413,1.119004989398829,0.49181307302363675,0.01838617744461657,0.2986881349975395
P0266,-1.1044390324194322,0.7406724351191054,-0.2315998568189082,-0.5574181800375481,-0.7789800199416511,0.8528663167525878,-1.2206903878394755,2.0294112774491957,0.6725207784850683,0.5112710073750225,0.03149765002855447
P0267,2.4087267823583223,0.8082210495100592,1.370364887036504,0.9923047861961916,-0.3098492663847216,-0.9656976189839002,2.6292444268932647,1.049239989023601,0.44646888749120783,0.2419615531617812,0.020805652262703308
P0268,0.0365856480018929,0.12886665770515077,-0.6930022760803218,-1.4094322123966732,-0.824868776115158,-0.44886975396776174,-1.4022687349965972,-0.09799205755131907,0.681892795895804,0.281973365763717,0.047054309771168236
P0269,-0.18655056842842066,-0.01371992249520852,0.8775876629175009,1.721659716832026,-0.25671856597284226,-0.40158103401573164,0.15796621060120172,0.001909829508657516,0.3423533960132279,0.0,0.014522064214379859
P0270,2.1975394161665713,0.5935871099693849,-0.5246974114128702,0.5397070880230103,-0.1312178970285654,-0.15116934634771173,-0.8696310969573444,0.5071588989549152,0.0,0.22660354253072762,0.0018448984868830334
P0271,0.5078834069680489,-2.565660037124438,-1.078785560735687,0.516276431196271,0.09553586034228878,-0.049549462609559225,0.8484750331316169,-0.7308152592229683,0.0,0.6452670853260518,0.04605373539638712
P0272,0.4967632939213368,0.04870980132997135,-1.322754101223597,-0.49107743294536405,-1.224504215664726,0.514931484156511,-0.33575794243725393,0.561161491074676,0.20991453588622253,0.38922152311004576,0.018839044934576516
P0273,-0.4831018868130271,1.2070831158124031,-1.0170456209516723,-0.6562958503441941,0.4227590217110382,-0.3313004634258746,0.47514046073193666,-0.30136796635589164,0.43191549604023455,0.1308850845281298,0.06345750313831201
P0274,0.07070913731893169,-1.2069692171580504,-0.45128952351963425,-0.01407501137153547,-1.6791274861477605,-0.8011607490308645,-0.05469521276191206,0.04264518388257219,0.593489221798015,0.2866421108171556,0.07158053542159437
P0275,1.823718621914225,0.04690073301203831,0.7270154518192647,0.18912792735394832,1.6112031030104383,2.534996525132848,1.6953168185056848,0.5381364115112686,0.7609806333285196,0.3895248622953038,0.1997936355471654
P0276,1.173561222010505,0.3564158117876175,-0.714048897276599,0.04862424993097372,-0.5286001325898074,-0.5995580952349309,-0.6159663122403722,-0.7435116958963328,0.9850895585439037,0.5356407198322287,0.030677605657280546
P0277,-0.3147724232651784,-2.685290747441302,-0.4518454326834906,-0.6805691357725713,-1.9110716974345807,1.2934047233018178,0.5825985916202556,0.827405494981539,0.0,0.2726549657384501,0.052498110954241346
P0278,0.48145692741865154,-0.046240553406629525,-0.6391150609080434,-0.8054812819989966,0.8923572568717301,0.39134025571511766,1.4498141215895626,-0.3314995254087419,0.821391783178164,0.1769005930617471,0.04607265300336372
P0279,0.6318430518943142,-1.5369158739137128,1.033881832562529,1.1989302689120398,-0.7911258000411255,-0.15299568657655668,0.02681561664942165,1.0153027401442567,1.0170607876313138,0.16803024914263195,0.013367475562868915
P0280,0.9241883681153434,0.41885090199881747,-0.07491887814476823,1.0516877609559445,0.4014457485204593,0.47262063632582607,-1.917884020711383,-1.8195949436139662,0.3463245663800439,0.3933368981911497,0.10793489565328303
P0281,-1.5410583662568156,-0.2208374841082249,-0.6712400961638958,-0.7784018883098772,-0.4752532616903921,0.0202585721516679,-1.9948544643097252,0.38594792267753064,0.9609857965110336,0.4319006885881642,0.009169794774366255
P0282,0.09773658531901264,-2.3651729889907327,-0.9656952603186474,-0.2552784273634628,-1.428480097275431,0.4581559724594367,-0.20966449491326722,-0.8495504333507256,0.8064448516431687,0.6418853576009063,0.03908582181116659
P0283,0.4672065490939089,-0.4041066688800376,-0.3904713954362702,0.7038950782865103,0.30465691098460296,1.2606839571700486,0.9888738536995502,-0.2883332534338341,0.4646472318704608,0.22557582356954445,0.0242891677852243
P0284,1.1159188839640444,0.5187765459710826,1.0888003540744349,1.2411094655106452,1.1412623483478057,-1.214339037127527,0.4677971257917191,-0.3315684479472294,0.8439041160454759,0.3378383543203624,0.0067739016817571
P0285,1.8562148001059589,-0.25260430140275125,0.43379053035747217,-0.0020557111381910255,-0.18299353982584135,-0.35105353664808636,-0.49268424508697506,-0.315750739628837,0.7637067952338609,0.41359819809841725,0.023623436494708144
P0286,0.3424499834099771,-1.8378942299768164,1.0708951979122818,-0.48077270739598277,-0.22067818254922444,0.44870715582850956,0.10335447370650835,-1.0290960487914382,0.6011755306770444,0.3077412005358935,0.030125107448099122
P0287,1.196503121665591,-0.5086637804117629,-0.999752493195144,-1.9070840057788465,-1.037015733518193,-0.9401227132261746,0.6924601944686855,0.22633015187883718,0.5332561961563287,0.1537663558630802,0.0049230652014665265
P0288,0.566371987628195,1.6135708851266155,1.206956760566104,-0.5849252083078192,0.296074380913121,-0.7792713779055672,1.6950091151101592,0.11822629998054962,0.3023961648371522,0.3442041414727287,0.04204676343304571
P0289,0.34241981805285027,-1.1490132048189639,-1.6299054251503475,0.5495758199189349,0.7991669660124812,-0.9630240283525769,0.5778227317805626,0.4199056494795985,0.1992820168494428,0.4771925456741582,0.013665439763261093
P0290,0.6567789472513974,0.11194500257397369,-1.5599114708766428,-0.7198891847232073,-0.5568694310337243,-0.16232597634520257,-1.2962417050866606,-0.778708281300287,0.2613257394526298,0.4122842549714601,0.049767537032304
P0291,2.2716127199655105,-1.254838877172861,0.624110866580079,-1.4156454755942047,-1.0799385131888095,0.18009206461176058,1.2766951120088408,-0.9277154148464415,0.2756751958267488,0.45660149020071117,0.05029500792486621
P0292,-0.34761142139590173,0.1911494046126315,0.47439526626104195,-0.07402772246112092,-0.17310321756822364,-1.4534798543112468,-1.1592959189085703,0.8832289532104916,0.4309020798147389,0.5409685001029213,0.018009409383168352
P0293,2.4007070638583823,-1.2260450362321926,1.4239724760456582,0.2758303861562652,0.527292421440162,-1.3511171399946125,1.522278595984781,0.649896128905,0.39036200730263054,0.09194697933560708,0.1541962596860564
P0294,0.3148963680540614,-0.3055317119238899,-2.4199660404740895,-0.2919437000394497,-3.3830556357155013,-1.4130454771239664,-1.4942674099935163,-0.07133745065978168,0.5039585676824682,0.34389506553108695,0.006377034717069787
P0295,1.0005666329073237,0.10793327353022611,0.08522291954304294,0.00810468053532826,-2.22966707506954,-2.136206890671455,-0.08919100876094749,-0.7377553721174914,0.3024131246776207,0.3321348489063815,0.011388396808687013
P0296,0.8346672300882804,0.1961303523673297,1.0403771753135065,1.7000305602525567,0.6892172966288413,1.1451342716888377,1.033331319594452,-0.4920274632016547,0.424321241944242,0.0,0.006984101521756956
P0297,1.8625799735447917,-0.028840075937519673,0.4333335223791983,1.6001940156697516,-0.0481546116387864,-1.1893629708080613,-0.7853807928349367,0.38507381915723865,0.41226239693875394,0.18457898278801993,0.007020921044868225
P0298,1.5811390145442945,0.5450127872703182,-1.441955160703998,-0.6908653813818615,-0.5070086183138449,-0.46662812011285476,0.8685369025081422,-0.14143699223812753,0.6085426540681748,0.49541262897890853,0.04799661247782706
P0299,0.8265511448227331,-1.8033540734629467,0.20678251554192975,-0.5197111991609494,-0.10767042196798653,0.363760136217617,2.232095952279529,0.30231020406650455,0.3671545688599558,0.2735560311040422,0.01576481847397424
P0300,1.253871131405214,0.30504376304286795,0.44003216924712474,0.5107945970891993,0.737555012067552,0.7738783874229705,-2.021754549941751,-1.465469397071659,0.4491382756409636,0.051364934183651234,0.02389069714043087
P0301,1.210590931589489,1.6237696556740526,1.3264059099432475,0.1986022865973593,0.7686203492532862,-0.8322957003850482,1.3024208224478382,0.4463599708190657,0.5006567050057773,0.19392230807540364,0.09102004843962605
P0302,1.6026446501966674,-0.5950883295846107,1.0180652193425628,0.5084029975869719,0.35051624423536226,0.9420444344013543,0.469953060100498,-0.9459350594778018,0.536138574712149,0.38014798656409005,0.04428702826091347
P0303,-0.83861590427578,0.7389433207626354,0.05893293628912828,-0.6668323777394317,0.07745459722545445,-2.413373749909525,-1.451422588083038,1.265939283670655,0.20527732257465106,0.376478831767455,0.016497620152760642
P0304,1.7273817424395146,1.4767388619409254,0.23943378913729327,0.7456241685866407,0.7886212775862772,-0.6704108757295937,0.7860300212677549,0.39731648424361754,0.2560006240606497,0.48783309888328896,0.01273121073447287
P0305,0.612850782401719,0.20796823156280797,-0.37927915417619945,-0.23593382350418185,-0.6897151353563432,-0.1965935944311893,-0.7070092167157555,1.053576527287674,0.9182060831672152,0.507546019797406,0.0069923312174698035
P0306,1.3133693539479938,-0.3008587445320985,1.275250824216656,-1.0528265597127833,-0.275031568826811,-1.2386031605217735,0.27545565650204584,0.06397742530650904,0.5369577530052926,0.33997747170882897,0.01735847590180295
P0307,2.4907818588483033,-0.08968994771667634,0.23839752696183383,-0.8357831307726961,-0.7812205255386793,1.935206018211736,0.09173626566661337,-0.8163431407161474,0.0,0.2830936591434956,0.02585065455387616
P0308,1.3682483574956765,0.3994176224712658,-0.3677451162341427,2.5685227746539687,-0.579356678466886,0.35120827402209104,0.5880424366958856,-0.48946565607714493,0.7147417060306234,0.0,0.019764746470836408
P0309,0.15220764025679256,-0.13010506007088735,0.2921434603623093,0.3606829890973478,-1.2836038438167048,-1.3631032669097758,0.06781276552610252,-1.0628218159962546,0.646259769392086,0.0,0.05676389785936692
P0310,0.2237610296806828,-0.43874519385979543,-0.7191598197046047,-0.024434508326635317,0.8912953476128369,-0.698156924766434,0.572169936155043,0.6377232898823683,0.566675882840149,0.4620415932216942,0.023743599507461813
P0311,1.2781555761439807,-0.8220979955249287,0.6173364584772718,0.4674315454572785,-0.26641022947699283,0.6488720143325934,-2.5920795252559956,-1.3470726200761365,0.5157094956709409,0.32350086108319737,0.014049280125261058
P0312,0.7824237915406225,-0.5481710772863261,-0.7884414717749458,-0.10568649585324964,0.5200193079991918,-0.1462516471773745,-0.3138840334367576,0.5891733909983169,0.5126061428151396,0.2650296565403768,0.11378603204753282
P0313,-0.21098440149895425,-0.9387236750549077,-1.0564690484589325,0.9115077376454617,0.6374025560842665,1.6480246885024203,-0.03398284103403311,1.1117583591778752,0.711133114768433,0.5205093445919013,0.04774995276436285
P0314,0.4901084689258925,0.8481721271865219,0.9665834307867067,0.1233150551045461,1.3240697148748655,-1.352923055081871,-0.921978135252526,0.4007644710406486,0.2566887693612131,0.5496632871087358,0.02501453266989556
P0315,2.1609415369305665,0.6421651741325825,0.10504775676416969,-0.45593021718495613,0.5589917786233651,0.9911025406875866,-0.39669478380781764,0.5201539113099155,0.44203027936728095,0.7575257933732462,0.007501451350925277
P0316,1.0232885718848908,-0.38356543294673384,1.062463352612139,0.06804553905644697,1.4133088914488523,0.8922842155759853,0.8556916374726007,-0.18911577918555744,0.44077669727569674,0.4021109849197594,0.017416109157816245
P0317,-0.02079908808957498,-0.9844636223240171,0.22040805031362343,0.14501622853794616,-0.7080401164914574,0.42015906260393904,-1.002592352491098,-0.9109601857007772,0.45554162977078616,0.0,0.02114951310499935
P0318,1.3721959445605227,0.6461068093625459,0.1804234224481831,-0.2774757730537003,0.22679200960348408,0.49719438784355396,-1.932020772157902,0.6490683304364382,0.4815266151463087,0.24470434818953388,0.0030915471606535743
P0319,-1.1347719689605813,-0.18106885999233532,-1.2056131259597114,-2.2516209415730484,-0.5729838523595722,-1.9638968268639132,-0.8023124654423205,1.179095765135938,0.09565288506373298,0.4861258061554602,0.010212393883820229
P0320,-0.6968705766803674,0.18120627516887275,0.199144259790422,-0.3458781012977557,-1.4206668943893281,0.8042141449785003,-0.9271519485484915,-0.45050404472002276,1.0501038876954942,0.19694801968324055,0.04477144019821805
P0321,-0.25496105445781836,-1.3026435849849518,-0.8369782204983561,-0.5800722770064067,0.7604233872460096,1.193782272240825,-0.23664127220590514,-0.6831800327135517,0.03548706832861975,0.7923998767405482,0.29065304232031675
P0322,1.31766368314686,-0.7355837776155376,0.4413750032004684,0.17940435605798727,0.01648660960273464,-1.0930369219228198,-0.282221829399792,1.8834895844059085,1.0754545727769809,0.2323476346928774,0.0798255014730567
P0323,1.6655964545288036,0.9993866459927824,-0.20581405938636582,0.14688021473616564,0.8162856064503261,0.7075876815386514,-1.3227522534377705,-0.2966750115862077,0.3213946130375477,0.0,0.019231392003346576
P0324,0.8560515074021652,-0.4170145078204165,0.2293286536062187,0.44826950637905777,1.4292884608052228,1.3626843308744019,-0.1939439013650909,-0.4211973861599685,0.6145498600400688,0.2502574279318822,0.044981958791961575
P0325,0.5486344970305085,0.7002564905063631,0.057162222759717794,-0.39392231116483784,1.09100421554672,-0.7201688679116723,-0.4284254160123102,-0.4601738754282846,0.2849180503475066,0.22135614261363223,0.01876996318729593
P0326,1.0523637657261105,-0.11621861552373272,-1.0812737654616627,0.3819827903211046,0.07251032422321545,-0.4069361659554549,0.3965775859306936,0.4684642993094597,0.11633157575479691,0.36239567826029373,0.05904547319847299
P0327,0.7652435610476086,0.6298949536720118,-0.7232610606547865,1.428532815029938,0.19340816094550906,-0.372740153781212,-1.6614423742684494,0.1282446191331137,0.5050486300076987,0.5553357187139885,0.013043416595489628
P0328,0.41575860987067076,0.9042443370708803,0.8068071655496704,8.209313835522311e-05,0.1418169963857926,0.3281734014118863,-0.3812675280013874,-1.166894615740103,0.22035417955049758,0.27717387647594016,0.0268710119674094
P0329,0.19444321060577496,1.8326052302247295,-0.9075039550757489,-1.326507217474896,0.2881480392010503,-0.4604938304189881,0.3482569099878487,-0.6067537796666859,0.8159228451758653,0.0903238497812478,0.022742051302219957
P0330,-1.0870324607743163,-0.24306632336201983,-1.5802150706681026,-0.6235959550277025,-2.8240238592640416,-1.8692149685969413,-1.5805150331599942,-0.27952418890591024,0.5136454323838752,0.4057522127854742,0.028268644014460012
P0331,2.0581003601355436,0.8677896287634692,0.4613284312736927,0.4158271440753202,0.2994699197727253,0.5585826566924732,1.6592541672468157,-0.033829620007034496,0.5573803405556824,0.4476442023272621,0.029031023597893186
P0332,0.5095993346493777,0.9926072692172557,-1.0451098467973818,0.14593210814460253,-0.05714757103992747,0.8825525118408212,0.18299312442699658,1.0356648004387101,0.8096318944434028,0.432842410913561,0.0801237360938267
P0333,0.7703974852901375,-1.8620455326607528,0.0156558909084339,-0.7630174401327061,-0.43944045939475807,-0.5190668615696415,-0.29706486915949587,0.7681142074920204,0.712875078509609,0.25143782071629905,0.043904798009773295
P0334,0.15317404128184364,1.0606309171879686,-0.5018479847177415,-1.4909071963772458,-0.4628331747350128,0.1956055170471204,1.1945158083575167,0.009482636507813816,0.047259378316034384,0.08331739231900515,0.004168355412722267
P0335,0.36863831354597354,-0.4142835841945635,-0.4081394936023475,1.5106314904483262,1.4537449986757989,-0.11056643620006026,-1.5571570541346111,0.44158774133639844,0.653239986341909,0.5495129152624616,0.05282601041526701
P0336,2.6146538514158197,0.6156099104816443,0.20369438164107234,0.4038065422743551,0.19141238453506704,-0.22963791581804552,-0.4144058325566675,-1.4599765807981073,0.5342747158349404,0.7391122112653757,0.06678860001131509
P0337,2.2938192154736843,0.5099624048491087,1.4967220314929464,1.0082377219324283,0.7576516416547967,0.8418057756329629,-0.33082871675928976,1.3751316053604623,0.6234429494151745,0.31327548719558546,0.0649700348094855
P0338,-1.7363267566045173,0.2717228580042533,0.2589658593994253,-2.1131055363455684,-1.2613254256661828,-0.8466317158501804,0.26715584556215716,0.4850367518232897,0.0,0.3196739486236845,0.026347450185261308
P0339,1.0514945272553153,0.37265367657820986,0.8858555932062214,1.04448099746284,0.592954261025877,-1.9527630514623209,-0.36953776093246193,0.9308068274354253,0.26931377115307265,0.5060336142716142,0.006093768326961405
P0340,2.457961187053267,-0.6187347578790595,1.4422343041012358,0.526254751922131,1.0319315552310957,1.1236045482255639,-1.0298406799543318,0.2911708137920046,0.5886832765899104,0.4403098297873554,0.03608921309521056
P0341,-0.6612345495997988,0.6875175650316607,-1.3854861933850866,-0.6066550425157126,-1.6297077860960196,0.11928237032735968,-0.25693333778260635,-1.5463122981203843,0.4980022789665278,0.6140839636350015,0.03310416272774689
P0342,-1.0925438856503424,0.3929758620329006,-0.26437051936890055,-0.6995935308788775,-0.24376040710495422,0.0617857469753784,-2.268421653070252,-0.4394154205700243,0.6069510051472591,0.4252410778584128,0.016163446389276272
P0343,0.2919272068655989,-0.14177994038719655,0.6053866201971018,-0.2220117165582992,-0.03565850195501332,-1.033708213436835,-0.09197731041985055,-0.7492661325580604,0.8040103170110395,0.31849738946622647,0.039002283618522704
P0344,0.9290183996299862,-1.0141777435168606,0.6217800884311658,0.8232599488085868,-1.0481813320443216,-0.7094417861534872,-0.5695475390569646,-0.1293026506417666,0.14902327701083024,0.04898091052792625,0.03190253738295423
P0345,1.2435492625053253,-1.7162773937777378,0.09321537513732732,-1.7361240321558926,-0.9482333346854825,-1.6347788089350148,2.1032352791115336,0.38275840046731535,0.02861915695849948,0.28148577821814763,0.08289389257273323
P0346,1.115708576207096,0.09057768065642778,0.33783161338017964,-0.08107619062526666,-0.1652057192531952,1.204518765801045,1.3348148718545494,0.6353895923863695,0.13221323543465646,0.45656244029902143,0.012017251678111355
P0347,1.0707145965386817,-0.7361073144612595,0.8576692750262263,1.6358926982605504,0.7736125870549887,0.7790695896943515,-0.3963298102228765,0.02599288146674791,0.41995265646432006,0.0,0.009521262406183851
P0348,1.1625010629161272,1.1058861107577733,-0.3626461102380341,-0.33101287712343896,-1.5650380554922623,0.41141136817534096,-0.021360171161051565,0.6619089298911056,0.6237704336288427,0.2332917876033043,0.046443880106273275
P0349,0.5899262648720278,-0.37812707191625405,-0.5113432036516656,-0.14725100393470664,-1.12274126969655,-0.1665651725593523,-0.3538610517483501,-0.21093413354331353,0.7331885603049935,0.2549540625970642,0.020840102757193002
P0350,-0.19541644621927168,-2.3930105732696543,-1.6446360191329594,-2.393738705371403,-2.4328108636125965,-0.1286739097350702,-2.222737793662323,0.47522284502988743,0.28590015152172,0.8203901011334286,0.06613036868038107
P0351,-0.016608218598370472,0.8004894857408261,-0.2235029054029849,-0.20907991655018487,-0.22494745097771912,-1.233740419043511,1.7177969325916742,-1.5630760476254277,0.6746952494922545,0.04977642444654101,0.10464981993625314
P0352,-0.7481050635400329,0.021725855247738627,-0.9798675604213012,-1.2838937032694857,-1.2663351601414867,-0.1900149504899662,-0.021569573882614955,0.1895799554549919,0.4924783106335452,0.3397625029901688,0.021785757870052734
P0353,1.6164115764590665,0.6134009259366043,0.02520342604994052,1.37866245643753,0.22728990641558794,-1.104232865462272,-0.01657890807288357,0.07513561232833005,0.3274347573290878,0.8127174239210363,0.023092118911708346
P0354,1.167047297668716,-0.48879042677429274,-0.5514699365765755,0.009701019230982239,-0.011985322821941322,0.26964789933518185,-0.048727033091545774,1.038945765099404,0.7772008330667239,0.3821566719862307,0.04054916656055974
P0355,1.03233710359411,-0.4504141475273053,0.00224453807418844,-0.5880934110374555,-1.2646023763846213,-0.34233087686668884,-0.13935745492187984,-0.09385685700898813,0.5892060949024495,0.42834110627561295,0.031305848580795034
P0356,0.6886919586837342,0.15691090403037783,-0.1940154751397811,0.007464063823365089,1.0614016073964052,0.630121462680972,1.33098917145461,0.6910238605750858,0.533002529757957,0.312132631763848,0.058868605493020726
P0357,-0.18146917304848642,-1.5400122718509086,-0.6513012755624625,-0.9368051499138688,-1.5756923846833342,1.1888980465479213,-0.159597419677143,-0.729193609995252,0.5035342476927298,0.41828587232496756,0.0654600479982484
P0358,0.7034650028798829,0.8553695342149774,-0.9748717487601186,-1.6259851056310644,-0.8540359917146714,0.5810724219295712,0.6605359558257368,-1.1832061741218323,0.6911624378257606,0.1755522856375491,0.01690442832848496
P0359,-0.20787587845827427,-0.066720274234475,-0.2141494025808344,-0.5272871348698221,1.159815370273929,1.9484781180496642,-0.6352482643426349,0.8461297185496855,0.6228996273943599,0.4886134039542763,0.08693505086319869
P0360,0.7174789115220783,-1.0960053166847268,0.9012456356379828,-0.11100632329065684,-0.13796726751937213,1.9423807824347863,-1.9086545995740307,0.5413743855035726,0.33743660466581316,0.0050255411203204425,0.07558538977232028
P0361,2.30471645055554,1.548427285402641,1.8564488495919675,2.7247239543837245,0.6236157997290468,0.15954187517471316,1.440254821453338,-0.11759203752045164,0.6056826840050573,0.8099021573596441,0.04253001140511208
P0362,0.8867084166164041,-0.7099668329163887,0.7925452896756621,-0.8583065516330529,0.6820229759358573,-1.8220806488635846,0.5820147870162719,0.7671242632202377,0.582519372722061,0.35496934334722985,0.017685661450339073
P0363,0.9235444944104021,-0.38508807528434164,0.0016746920530528446,-1.090829146944677,1.17344092833384,0.22992005976813623,0.8534455173917608,-1.697277674129229,0.20506643805658645,0.4302248472750058,0.07545174738571213
P0364,-0.7876361026754294,-0.6392046710108273,-0.5386154492286017,-0.8250119324261812,1.1307945967193929,-0.7978426507121462,0.04319341201780888,-0.18330924637281032,0.6773874590770594,0.3615272489863316,0.005047379201063541
P0365,0.8069605310281066,-0.09730215733107996,-0.13825022860370362,-0.23670447816667312,-0.7745856206057097,1.5695339238887636,0.4787422266972455,-0.40935420188032623,0.6859773535150425,0.2463794262398138,0.040733074472372795
P0366,0.6636901611179238,0.5864559271318948,0.5407751376772486,-0.16761609139144446,-0.8788475048701483,-0.9573999180919688,0.3284703854518629,0.619860884079233,0.4308064659651179,0.41507785137942904,0.023598080656813975
P0367,1.1305238822153403,1.332634221545217,-0.3880741404603046,0.5107822836690025,1.5788444319768205,0.532518357868179,1.8812984414896161,-0.24850930944592933,0.5077177735798755,0.19611869635425577,0.073431050745266
P0368,1.5038028926947176,-0.33223356304493756,-1.17169354763949,-0.39923904042956726,-1.3403183620710688,-1.2901374459647266,-0.1448348431408493,0.4088856506612778,0.42608227122243364,0.3505393802144869,0.1001309022155916
P0369,0.9630020189320341,-0.32749178015175534,-1.6478800763502597,0.31445185448434443,-0.6617888265069783,0.5028435731702716,-0.3952728415973537,0.19849575813437978,0.6074578655235711,0.6365435516610591,0.0030369594831690006
P0370,2.707512723604006,0.36452647103487107,-0.38824775311312193,-1.1530144516013714,-0.24718909054580704,0.6029451437827659,0.813433817755417,0.4206857381607103,0.239445352847943,0.25006970953396035,0.01758022932669188
P0371,1.2945903619236163,-1.336923443803009,-0.253415005629766,0.3576702021600642,-0.9944387565462209,0.1625575629672166,-0.22293174714820327,0.23022826228633703,0.1719722804132957,0.06691218343368427,0.0864390074738453
P0372,0.217977128515488,0.9148516887125574,-0.20464616169046074,0.7412279829816153,-1.5314563072067844,-0.022006627542318708,-0.23786033708761087,-0.5293371280796092,0.500013532677213,0.2847138752834612,0.016156706711772433
P0373,1.516030431379762,0.9760450640969687,-0.3040382445843571,-0.33050176007701726,-0.4292681713151436,-1.9025884634751231,0.09759394152076972,0.7489838096076745,0.46953075726145455,0.4628579545076038,0.15363036389190185
P0374,1.0496461159706998,-0.06306918983138783,-0.015621772943447855,0.12433489623975619,1.2607760714934098,0.19866448470867223,0.8614188473525436,-0.05242479822786441,0.14735444149101973,0.5237580582910875,0.0630235419257151
P0375,0.2895432237481238,0.1671329658094265,0.4272878081550001,-0.5997931155354349,-1.2879274256192095,0.8381976084370412,0.8234359095899985,-0.1112219515008939,0.4018414087018527,0.09273047445314114,0.02516725107719879
P0376,1.4375687682746516,-1.8666083168545728,-1.1979563307606034,-0.21299710632738988,-0.9356156847301712,0.1993838250921799,-0.2059409821958988,-1.431464236854965,0.5354088993612983,0.5217047907132697,0.04556774424028743
P0377,0.45620931351074895,-0.49643012879577675,-0.0894132518727371,-0.5468585868031924,0.9311732531734837,1.3028628024597426,-1.0624127547108961,-0.5057471251352301,0.2598094423825531,0.32463227975597897,0.018272101832941322
P0378,0.8330578489196141,-0.6375786705029217,-0.6399513933790669,0.8478544437287995,-0.19597170549004864,1.4733496609930734,0.27573757438344876,-0.04930997337481058,0.6267957753393831,0.14809633906788922,0.010787249043705562
P0379,0.5430034166675647,-1.1617237122159503,-1.231532263816061,-0.5113164561691522,-1.044833389743771,0.08996174798202845,-0.7133694914648345,-0.20698288406841425,0.5389202567292828,0.42581829155776485,0.045596904533871656
P0380,0.8102311501402647,0.11561136695333958,-0.10501602938060499,-1.4357846125198563,0.3718291589288887,1.451084521829022,-0.046364276895787655,0.3626801265141333,0.7389691822533475,0.526524466313895,0.04887334218233306
P0381,2.0692035969927494,0.053032251646543856,-0.3318081859754236,-0.8296937629607345,-0.5765626386061836,1.5204948418591338,0.280310660534039,0.14023613727128606,0.4677528077047436,0.7259795128564286,0.00625165073627875
P0382,-0.006688732635949823,-0.2880277824859275,-1.5198281059297676,0.029945611140479052,-0.4567992234339145,-0.2827622428825437,-1.2987369160453655,-1.142787068614615,0.7003295614536028,0.5687694984301173,0.3506433010978929
P0383,0.16834668898193572,-0.7190004220337437,-0.5970398281448728,-1.414830739098407,-0.39298467497172007,0.4694379625318891,-1.1733873429651331,-0.8151743109510505,0.06788584711523543,0.4399784218904649,0.044978949219261176
P0384,0.7750077956495003,-1.7788384090604685,0.43322142124135327,-0.009874959612126704,0.2617388358819304,-0.4601645370985718,-1.3604946154453224,0.18181274630685715,0.4707944594740141,0.061119876941113704,0.07113937332814847
P0385,0.8479463474682066,-0.3534094957483447,-0.688989538817675,-1.0186053960028816,-1.2276416505123522,-1.6050542146029645,0.7600248828370927,-0.4189612183007515,0.7196522147466975,0.3579551406422121,0.05313691493170142
P0386,1.57281837855724,0.3344935794049077,-0.770371380338593,-0.8231478808570883,-1.114750543817787,-1.1962499230608767,1.8576668601103767,-0.41718083438696124,0.22339159407942658,0.15874489239130737,0.04534282349433576
P0387,-0.28968982634771934,0.051790415693253634,-0.23245438417400638,0.4549985389884228,0.2851487042669552,-2.5469916242488604,-0.8656785500131856,-0.1856911351774882,0.4543694790854458,0.17712278690405883,0.011626789282810373
P0388,0.7574729303133102,1.2902588518199227,-0.24242526800484523,0.14150971525672956,-0.08486557711854938,-0.5872247646180458,0.05268445004684523,0.14934918535786623,0.37706540262684524,0.0,0.14748471439839483
P0389,1.3093693981587884,1.1431263931329365,0.5892815395729786,-0.5535538349351611,0.6898332401714778,1.8983020080304818,0.23525569347133957,-0.23644952496130628,0.41053802935130396,0.38596792492928633,0.04210840611243892
P0390,0.5515912368631299,-1.1763749857624393,-1.4692597143271053,-1.930370758857812,-1.7892395219378985,-1.4357019530972401,-1.4835518037251656,0.12368059184817956,0.2437286733512363,0.0,0.02324810251518955
P0391,2.268254848144396,-0.06883615849555644,0.9929616066358233,1.7898828032134626,1.0963201130778342,0.5265075677243316,0.18779899612765985,-0.7578422857987179,0.522454839055158,0.0,0.18860499700008732
P0392,0.5750017169363657,0.56710020215445,0.27800613119079337,0.564016709500813,0.2957300746577459,-0.7765606173300278,0.3782976914041049,-0.16780257951763078,0.36497316145304326,0.21324580197044055,0.06889605850275325
P0393,0.19348544815499313,0.5276177678518702,-0.34040521487717296,-1.1055272413037112,-1.3557032836079734,-0.24100454450647374,-2.6062801500272443,-0.284752775687652,0.7523149314332351,0.32881890806927505,0.1016515543237677
P0394,0.6083955166176016,1.4563754013401276,0.27861022938766444,0.04779827280052277,1.1755785808450947,0.6820269368065883,-0.8858056558350726,1.292980767547184,0.6344283285306119,0.8483967675253294,0.12686347169494944
P0395,1.7878263964580832,-2.1411605323808036,0.9889137387732112,0.46725476011560707,0.2973787343479114,-1.6774166578921963,0.6587520573025438,0.4924044053487189,0.3946065199462573,0.1053125989564585,0.040445198105854924
P0396,0.25499295216743045,-0.8933587785269363,0.48992585251546794,0.8848560285169523,0.903551357337325,-1.1835282510742364,0.27994722368414243,-0.494349755438652,0.4076065340049844,0.0,0.014550842730255026
P0397,-0.6637217564558068,-0.339878858433235,-1.151503171007465,0.7797716615410478,-1.354705320359009,-0.08191285883283257,-1.7672875897915932,-0.831108371493301,0.31651151148128776,0.41842313286034183,0.028331652161277747
P0398,0.015523856863655872,0.8118289437149836,-0.6118240999054452,-0.28853088518598197,-0.2433719045152059,1.2969226846902568,0.7272123034784833,-0.20945039406779872,0.541414875246674,0.25933660617499754,0.09639396389015657
P0399,1.2515112793215848,0.24356213336416044,0.260945909769892,-0.16195582238937142,0.24533871006734995,0.2654872585372548,0.7796236687002924,-0.07587596726601213,0.0,0.5128189617270195,0.012437855133209703
P0400,1.4761355608512856,1.0243160556586306,1.1016642856858183,0.6514817733034577,0.6171769320368073,-0.8695673746795136,-0.6915291715168073,0.051540400824387836,0.3248301364494619,0.7002364437901897,0.03162135679679533
P0401,2.879525497547497,0.5478055175940242,0.5375869617868703,1.2591952632298176,1.2800807919170032,-0.07199392064111639,0.7117425252974022,0.2635699405674862,0.57942477016056,0.2603331875832706,0.006437678136914567
P0402,0.7125954311971718,1.0091870637575935,0.5932043657244062,0.010149735142310315,-0.7439496342099726,-0.14584796613196874,0.6788262473373151,0.2472163750373672,0.6700112168978115,0.37246326608238634,0.049630602103316344
P0403,2.1437500463535315,0.8766684343300978,1.5190468520061753,0.8231675876862758,2.3376739597495337,-0.08590031486966074,1.7202465362308197,-0.12326139001158384,0.23387295978389405,0.2695797004988385,0.2759260089500508
P0404,1.3057063147869443,-0.109883787333598,0.1114141407968999,-1.2609231661208045,-0.2623442806941237,-1.014541391809644,-0.4278328599675236,0.2640998544996659,0.5826129297026652,0.0,0.003416968072601337
P0405,-0.4414120222849146,-1.3587637213853065,-0.7601828568223453,-0.6456826522531537,0.2953151332372371,-0.4497752131285032,-0.7015766116455835,-0.4819570838996664,0.5738364540305195,0.013390009464653296,0.050815446174721765
P0406,2.2537863368129427,0.9485081450059003,0.8904204321829592,1.1970703108397136,2.97677266395123,-0.26783101734913434,2.157199614620743,-0.36325941672680984,0.5245849297073971,0.783152886130027,0.008071828685543294
P0407,1.3438815841696181,-1.004897261314725,-0.1444428005619274,0.259052447240718,0.058062793882732486,-0.7305273671960615,-0.42153812675392577,1.2503171599656266,0.5134422826863588,0.0593629855000421,0.36892789570239154
P0408,-0.2834345494898768,0.345966457624563,0.2550127385358944,-0.9712872005139095,-0.5244469302710679,-0.8871256504475585,-1.5803184298578614,0.7237970146146349,0.12646317733078782,0.3146770870892722,0.023494797018852376
P0409,1.9835175668741702,0.04775351345187577,1.082634132359892,1.9581369340987638,0.9605473637218781,0.9506192111287485,-0.29496816540203147,-0.5803804503525986,1.0810982766724064,0.30599602609671833,0.009472109003496232
P0410,1.32875172029292,-0.9369540108996787,-0.519746356493279,-0.43496300444247693,0.5183772461626949,0.08255318476392452,-1.1584596645127927,-0.16093311715801523,0.21236129809975832,0.7561104927411391,0.03858756360248906
P0411,1.6290007584090942,-0.4200686726743153,1.8129737808502482,0.4814807909997505,-0.5758999719713181,-0.15789583538628768,0.9166943578873914,-1.4108001883750572,0.2874830892485719,0.5922231555752009,0.04408369495490683
P0412,0.15809168144895258,0.06892643566684117,-0.6197867614644825,-0.01986659594954994,-0.47018067534931135,0.5223224896309139,-0.7373664216806827,-1.1853132656235768,0.8230486786905225,0.15285942018846424,0.03459532589954874
P0413,0.6060630340949699,-0.8984433586843628,0.16933881724989486,-0.6849767568046855,1.0897042627512865,-1.201425748704237,-0.6480208020124433,0.5459414262961307,0.3901916954979996,0.5288405972182402,0.03846638084548062
P0414,1.0166521627805654,0.2026672134833076,-0.7186407501930677,-1.2541986231924256,0.07593828310539512,-0.6103993520953083,-0.9849546622136428,-0.3378140118562095,0.4865286145098889,0.06499344062922396,0.02331831673272807
P0415,0.28375832916391186,-0.43591846860197425,0.12762843201263926,1.5501915257650793,-0.0577114487609537,-0.439445166980728,-0.4356358548239416,0.5872340239095755,0.6710612334528478,0.43719792309862027,0.1824525578162716
P0416,0.29220691613888405,-0.8404097455470956,-1.2948958947459075,-0.280270815226903,-0.8768447410763017,-0.9795078307215056,-0.7274960197343491,-0.08805872851741967,0.7069134754172299,0.0638223676564047,0.04800040686121524
P0417,0.42109491711484404,-0.1353917453984097,-2.0073224529096043,-0.9635202253943822,0.0444434203852076,-2.2166193140963633,-1.1099870048650067,0.010162335877094327,0.5245734257264201,0.46872095593045116,0.0781533505766478
P0418,0.058040285819322524,0.32973459030909796,0.3180775049451859,-0.8122832134891953,-0.03308397600122926,1.0194360588044018,-0.8314148477308383,1.272107438696767,0.37246506289666437,0.49564597053022064,0.03704743891030356
P0419,0.17905358465154708,0.7847842450018234,0.09231115843218161,0.6803842681770766,-2.0061768273029474,0.07778880861791114,-0.7796235972786264,-1.1674568974418682,0.2655622986383581,0.13346101127602938,0.021784020526779194
P0420,-0.4143521626753762,0.3763227621933465,-2.2169249748318314,-2.1211269094897425,-0.6523505421160255,1.5325384911536737,1.0494205966386903,-0.7520002405939935,0.4543286574774203,0.43593207197116457,0.06134093083923567
P0421,1.883597424029975,-0.6991287001684467,-0.3955772529817782,1.100307096285178,1.1756329399057572,0.6031740735430527,0.9084100779814094,-0.42898669778117227,0.8022987260068715,0.1481513282417498,0.03775248938278006
P0422,0.8463822725991685,0.17801878333913398,0.31855777213924646,-0.05152427426560678,1.9001380841290096,-0.7653451110891678,0.9386079138907983,-0.1337676859732206,0.15454299932165128,0.36173444445929465,0.02037119822735473
P0423,0.14108425687721315,-0.7091699103729872,0.15486286221448556,-1.1680195550700767,-0.7072513864129671,-0.1223222336701729,-0.35349386756404655,1.1811635610938205,0.036268524425547954,0.0,0.04230341414435427
P0424,0.4672077673775978,-1.507545038331314,-0.41663451919115524,-1.0742442574238322,1.1798900566605768,-0.19836871676195564,-0.09058937285276915,0.8854898014853299,0.7257877545885278,0.5088673398762243,0.08839543526782523
P0425,0.9648083849863508,2.927397383627365,1.314460427746074,0.28436140881555677,0.3497856987818265,-0.7335762108148497,-0.3275851417268982,-0.5331252662767912,0.29336949256825817,0.544978156795934,0.01004838134612593
P0426,2.788628779640249,-0.24015586405297298,1.6584190608468135,0.9631449744042104,2.1008625265590304,0.46016516039927796,0.7005650321256047,-0.27513679712841393,0.5755087188556086,0.35019470120683777,0.11138760662304632
P0427,0.7253786316738912,0.01290023703833778,-2.454330741262949,-0.5448817548358762,-0.2112206812858856,0.7660421828294902,-2.1315560398487823,0.9044531035325473,0.9318201439811793,0.2891012745935771,0.09850876828227706
P0428,-0.3670144563835972,0.45394782831889446,0.32989514914308915,0.9072533172794206,0.20970663592837047,0.3885279404449789,0.5613141374992593,0.4106279336124201,0.4268772571262023,0.39341385854854566,0.06265786637398918
P0429,0.4448453820696616,-0.7382737630556148,-0.06990513513668789,0.3016474404390352,-0.21767033933043858,0.9478451093964478,0.48385073349899094,0.29087422366393423,0.5238642948680948,0.3510306835676805,0.04997228033710032
P0430,-1.8192665645280037,-0.26731266008933285,-0.14957965563904183,-0.7524587693717268,-0.5735462065448015,-3.425663767535916,-1.5038869649552988,1.1608101084739748,0.6077245917247206,0.5377307763807969,0.04542345884428078
P0431,-1.074077419277312,-0.6580635951083178,-0.5734970225921228,-0.8199831321278799,-0.7409687984618921,0.06566229203286277,-0.6342329571944884,-0.6095852785533148,0.8067866108885229,0.24599626184976936,0.06440460510913625
P0432,2.8613059054768706,-0.1576216522199934,0.37879294024714383,0.7523900426510894,-0.12538495715547537,0.7443794203550874,0.5678690516253458,0.5152800077145128,0.38070753879865116,0.4301950375697767,0.01231001874730998
P0433,0.7869794100079625,0.005380810646243586,0.9065179950589174,0.1529872088616649,-0.028663885237991137,0.28060216731911963,-0.19077256896075365,0.5313114738696016,0.710683162355549,0.622767044768579,0.012700773658493229
P0434,-0.3111310645119322,-0.7186399593480449,0.48395907866038307,-0.5819695297402215,0.14650397512539906,-0.8531432142793551,-0.8792454268118136,0.5654765901151894,0.7213021793686838,0.09641435610275378,0.0245340501013337
P0435,1.4875395571249548,-0.22923812181266648,1.3850529869766433,-0.041818842527568574,-0.6555412397137785,1.2840240611926692,1.415688127072596,1.133227599397723,0.6556327061074959,0.35696131407932374,0.01873402688167777
P0436,0.02204290236504125,-0.3113156697940033,-1.5336147266890294,-1.0791252835935439,-0.44557582320118067,0.4682349142112821,-0.7079399304088724,-0.1891156115089649,0.40254277906347374,0.5153082239138773,0.09250267658754921
P0437,3.032348072744708,1.605584431154209,1.4657825661276966,1.420952996645827,1.8368898511676386,-0.7163811899736225,-0.5112875868271868,0.3464890039908873,0.23687483749512658,0.1925040166468997,0.03930395656690893
P0438,0.4718847409960099,1.0534342226578144,0.21984321008584456,0.9696167161844421,-0.17934455793344292,0.8658169070044978,0.5574220404086488,-0.39777549327815365,0.25699690359801347,0.5358348347705931,0.011870895754191453
P0439,0.051233718065222034,-0.239894515823,0.15154650890748603,0.058772833013857,-0.8226097752826661,-0.1544120067628185,0.696596961556946,-0.23650993592379008,0.39773921513964616,0.3744961074013445,0.050835761344306646
P0440,3.466425045688495,1.2187361612956409,0.7682122992268804,0.5200292298525985,0.8143087069623157,0.28176439507425516,0.9342860258606402,0.9142037846625872,0.7882875359838427,0.4604219685900752,0.017050801967853406
P0441,1.3123513138781062,0.12850660382382623,0.5946299109955749,-1.3395290496541852,-0.3724507235285976,-0.33150483326766117,0.8468653954710987,-0.2747049288278307,0.6553055371734962,0.21471071576029407,0.08164292978728546
P0442,1.01571468120765,-0.1743639612373642,-0.9181173657865027,-0.4718502423861383,-0.6256534407076499,0.10459178098481349,1.1195383162324082,0.11412718952484321,0.0,0.003056796410760121,0.04140094072456631
P0443,0.4813699041532003,0.4597374714553454,-1.239888214159176,-0.3642864038468381,0.26981042774999053,-0.04698105932730359,-0.23138387647038358,-1.4182904507746654,0.006637838998350687,0.4265044276875693,0.03383072493421911
P0444,0.8106980882126155,0.3228348192022194,-1.0024308948605964,-0.47470202103109144,0.14296521876644047,0.06858952494028567,-0.42392882822406563,0.753455020689294,0.0,0.6362492747022579,0.006559431026216062
P0445,1.1264653949669432,0.523940017936958,-0.2747283812990536,-0.26508216483346037,-1.0895048054384848,1.2709589042578182,-0.7217187614923489,0.12850791944958007,0.5699554395610225,0.5023468157672111,0.055507366618140416
P0446,3.1090661190239715,1.800681285113319,1.6603605402778434,1.6785948409742668,0.8339191549696634,1.0541131520217797,0.47348736625140575,0.07487738290226452,0.3085924149787066,0.3309052023114785,0.03381263557035262
P0447,0.42671968125257503,-1.1022364871686776,1.1531992603249954,-0.785762095725439,0.5063553464002744,-1.5998645429513183,0.3961395656138033,0.6735051268749286,0.3327965092535909,0.41982812815143966,0.06090686028686382
P0448,1.1625604954417954,-0.3847666817255195,1.5250338871043052,2.3484745109322454,1.347006426888531,0.06720908840668104,-0.5203271210440256,0.5155052245567479,0.7805537364288175,0.26171297553638956,0.0759358984215247
P0449,-1.4242684168777209,0.5524892827924542,-0.8108673756132182,0.34827202785757405,-0.6972982900392014,-1.5481305205721043,0.6145540795159213,-0.4354009889410184,0.34064826972883816,0.2615588042569714,0.3745458278980364
P0450,1.539413900221556,-0.7275192349675326,0.02639576530425418,0.06125034106769793,0.6291440606391449,-0.2925026870851457,-0.07951579602278362,0.9465185041808395,0.4568540905786403,0.7374388716650575,0.05814086373874293
P0451,1.9062302930491302,-0.3480072495308053,0.8064629739573533,-0.27229945951414986,-1.9175076931294106,0.14334247273696135,-0.6667692646558706,0.29956568689121066,0.8277838806127213,0.40328348647979617,0.04169437926203695
P0452,0.09719462960279301,1.0774047999547702,-1.0080557140452122,0.09637663232349838,-1.4287453302600492,0.11726451431941663,-0.6315915628361799,0.1303436252833287,0.6690204577645384,0.24312174450910565,0.007658358109344551
P0453,0.7942555955112653,0.6399546553919726,0.6543466720954778,0.9606318056143522,1.1505860833962596,0.7463607941196899,-0.8668011157985428,0.023970288405115895,0.15916474868366853,0.4255126963891934,0.014780313896431896
P0454,-0.330357966519632,-0.861944945380342,-0.27687347457409345,-1.0598850051361128,0.2243716744268415,-1.7225484656450205,-0.20005802172979656,0.7451707248522355,0.11530270301669782,0.0,0.011701443761392922
P0455,-0.7270790419184828,-0.23267071271148948,0.32305028593305796,-0.248721575878624,-0.23889211386617384,2.275672973726647,-0.040795190831640495,0.31733278352302974,0.8383546961117947,0.0,0.02763593175252051
P0456,-0.48538628794105676,0.03221946401844289,0.07165965284867701,0.3410431445716461,-0.937530556309221,0.08498120749123189,1.2502435633537654,0.7208071857351689,0.6617647201862066,0.2000820754772494,0.011333496810210468
P0457,-1.1135149943392815,0.3717894065465066,-1.5566937061976498,-0.41308935313924733,-0.9282169784846163,-0.43394062630029157,-1.7612422007157242,0.4187899332362556,0.5755657175154152,0.5096432855922834,0.029980603526312107
P0458,0.984143994114129,-0.8425723103968124,-0.16002568223189592,-0.07616451202332408,-0.8685810868341268,-0.7564145668174005,0.2949651333328559,0.21368895042727787,0.3569738580558274,0.13819528077301463,0.0583850734687244
P0459,2.924644321136076,0.4092339787571394,1.5153236789213587,1.5775992472814437,0.7782586788375809,0.9177587438003382,1.493239801676819,0.33944285194867996,0.6675068200109525,0.44698949752266637,0.03110044061769811
P0460,1.598787418871948,0.44172739751390244,-0.5676533762379283,0.4722530280010216,-0.37829852400678393,1.171133764027671,1.1509420637147127,-0.45734982397173796,0.003609308570093339,0.5199481189720141,0.03654029370540682
P0461,0.2709443641344179,2.4582969958392358,-1.0042375281274594,0.006930820059942945,0.2469689317516969,-0.4666249825484738,-0.11762979466853349,-0.06901753943236856,0.19013385013983203,0.1371311505763007,0.09940535454034151
P0462,-1.4548594476986585,-2.35302988955559,-1.482927711369788,-1.8719792387237233,-0.8361976478738317,-1.6320027427840247,-2.916371456140493,1.9653485326320153,0.6118241840005635,0.3318002595739452,0.0013306120974508168
P0463,0.4010338758282253,-0.7290193725329412,0.04691525363230957,-0.0650626137176473,-1.116546635742039,1.1705212542131513,-0.6226067273326273,-0.09824077623359842,0.3431403693236132,0.6593010765940729,0.024915203911082626
P0464,1.7781783284186314,1.535043479580587,0.41970416290574697,1.276666103437645,0.4496191116787953,1.32542004224808,-0.8225469512352718,0.12535863647802828,0.2548424126378893,0.22335284791920726,0.0031430724776569494
P0465,1.951591560600864,0.7428554803463475,0.672554475844744,1.2593263235380474,-0.7326334930658028,0.31722950137107697,-0.8104793772505031,-0.02270788238019118,0.0,0.6403801139312244,0.08190483198276824
P0466,-0.04939989763977504,1.81576337234212,0.7434131241447459,1.5540155776876965,-0.6977931664099305,-0.9212391638131495,0.16524124507153254,-0.7447168170757329,0.35702113809325503,0.0,0.01996302686249584
P0467,-0.24063954246488695,0.8728070903990759,0.7030585128694248,0.680095055657946,2.480508188866507,-0.8960718949285706,1.6687410192381176,-1.018140678354409,0.2661541798980742,0.26435861928357596,0.06237882683533409
P0468,0.7816550276872973,0.5041305381789885,0.27747626319840074,-0.020875264874299325,0.24623516363169315,0.5211200221378848,1.244345572260685,-0.3236040627213391,0.38110049472555235,0.22019795060673905,0.04349125995643648
P0469,0.7512727688622918,-0.9841357560581923,-0.8785041370702873,0.5144003074965966,-0.7548829192644775,-0.22681159989780153,-0.34918826559866417,1.0879693108774606,0.36379417849153084,0.09038623814484076,0.07452538639777305
P0470,1.3735646403469162,-0.8453831641769891,-0.6100953669795175,-1.2208364529864042,-0.7312551599958751,2.122032653751677,-0.8383534277114933,0.3071276524014404,0.4848895389616973,0.509453392559903,0.017858402559648764
P0471,-0.16886922634808454,-0.11822096192941407,-0.2945346239927491,-1.5799175165752344,1.0143161140694525,-0.4006215973696325,-0.2648041783648936,-1.5706073607759055,0.21378133720285325,0.28473151860685486,0.019488658895852686
P0472,0.4414678578040774,-2.5409076867824036,-0.19518483611279316,-1.0028359959307962,-0.742474445212166,-2.2584999249093523,0.846809498468136,0.7978016889198384,0.9177863924679768,0.0,0.027204129821936738
P0473,2.845008490039187,-0.29355561053411644,0.8440854395564186,-0.06745890111324408,-0.09294977930986015,1.1710291551963055,0.5328096900739819,1.3143668581820163,0.7708953710875731,0.2808999144744211,0.0029166703685102676
P0474,-0.8897553434277948,-0.27178735831700845,-1.5651968005237606,-1.5014887728157458,-0.9745483457801615,-0.664733843430878,-0.1811915013846359,-0.42783154760099473,0.6135844165945674,0.3769100469667215,0.003394162220750557
P0475,1.128738765404392,-0.4843715332018396,0.7500604909500381,-0.06624760127812514,-0.2779590090176002,0.2700494841598728,1.1739141255075618,0.5311471083318988,0.5477975468728554,0.27811727727162056,0.009161334072849936
P0476,1.4267679301233032,-0.3258655133477457,1.2328029946809629,-0.7541233913371506,-0.12054403360011164,0.5008294280366761,0.17351487606298618,-0.43938453639525255,0.6148681435460478,0.49560477163535666,0.11971145443438515
P0477,1.8602061764807596,0.4907019986286097,-0.34216196957233697,-0.6373585856905004,-0.504985127410518,0.1919350537325413,0.7441133408410231,-0.2657714955499922,0.5149866311871932,0.40633934098755076,0.06385897338828123
P0478,1.736640232287999,0.3334789721301721,0.6492817820953637,0.05052228108130463,-0.24334682207985647,-1.042185531091968,1.0625529412842376,0.6186563535557781,0.3495052886405939,0.0,0.02725788795044014
P0479,0.412926393063301,-0.9227112537834667,0.9111585730733035,-0.6124859021765053,1.1111043324474554,-0.06620201989859847,0.33523219439609975,-0.5700313599631693,0.5277180305908664,0.06700165960978416,0.0453045191795541
P0480,1.6129428494885423,1.6630997895459805,0.6474309890368872,0.02759972198704775,0.9130109540924343,0.5014313957399981,0.5756901885472783,-0.3579671738183412,0.7447107077866734,0.5695545101363738,0.16345683483784795
P0481,-0.6238717609012897,-1.2563139167999782,-2.200280262636145,-2.2814800690834187,-1.055863914784373,0.2560459832530914,-1.199271730396221,0.4119993835044382,0.7173380598223646,0.4324869748850934,0.02855824524124907
P0482,0.4566800148835791,0.17247054792538108,0.7374837426574623,-0.34435613148194727,1.0056867017826898,-0.19787254425204737,0.6931336849203671,0.5209773307685006,0.0459305218331601,0.24510076572830058,0.06318342852475525
P0483,0.7580561344393375,-1.682388494584934,0.04741800944574108,-0.9590834597911372,0.07973972424679988,-0.15881769304028476,0.0236773228598575,-0.2896972925973702,0.7748279289599955,0.005663401987068495,0.06789960692380019
P0484,2.170731591290856,-0.07336638994818676,0.7729517814669685,0.9676693908183243,1.2102456914473516,0.3269065390718184,1.6273492876639564,-0.9954867781180567,0.3495434005752357,0.5937230104482559,0.02503942682167691
P0485,0.7987631388190546,0.10829067100781865,1.6956517509901496,0.9233992705979808,1.8984488793781837,-0.7412514527409125,-0.6389790332002272,-1.2795505470992352,0.3202167949090715,0.48443640842538194,0.03546427244119067
P0486,-0.8073073417249869,0.2993419627137449,-0.3619728909487858,-0.09476184039528499,0.16769708123026705,-0.30741986307193925,0.48123534646430505,0.1573242174311253,0.6369689880899037,0.40713684551187723,0.06081250277350039
P0487,1.7821849699912589,1.265503210879583,-0.22937336812113046,-0.3083788017407375,0.8192570059512143,0.956846375129233,-1.1610481698839386,-0.5523004378708652,0.38431765473390067,0.22094688052406022,0.051289239442874106
P0488,1.1173270915471791,-0.7752999636397291,0.8892098352938477,-0.8005109709828452,-1.93787027577315,-0.48727619602732664,-0.7663995460697636,-0.6122655708975766,0.5856417623194693,0.3426291688406033,0.025708821096496873
P0489,1.1895312484603773,0.8093118162791438,-1.656409010622728,0.4535687915735311,-1.1153849461473577,0.8525468804080836,1.200160633137983,-0.8341490653366401,0.0,0.19332262957867014,0.012392759080509764
P0490,0.22465184911889524,2.2366833981762646,0.3922286264099342,1.1653674687004016,-0.9051673138436538,0.4390464981935235,-1.6674806211529176,0.8357446287645255,0.18666115401216488,0.4567465253324643,0.09239176354554468
P0491,1.1229329460770532,1.2896130452013603,-0.19517506250450312,0.7939046381563086,0.6760670429172503,1.9821431292282559,1.0205684513434914,-0.8075122977594807,0.042751906017747865,0.12224098539071551,0.04832489935886222
P0492,1.5091614124218795,-0.24237022743112557,-2.2863624454609512,0.15731399723050135,-0.2946528299112462,-1.5943004701607144,0.39625253089836826,-0.37305382654469643,0.5729302741495189,0.18008046878715434,0.09358250795782772
P0493,1.8909127577431968,1.7098340605229376,-0.04237578846533882,2.229460827146752,0.19822538268034012,2.481050517096844,-1.0140483691206783,1.0577750304960307,0.6137838871444236,0.34292970321112476,0.0026163504961076154
P0494,0.6332111574790977,-0.1857939055724377,-0.6077127591106971,-1.375105362718469,-1.623805019038181,-1.1866059912608977,-1.5769713944960662,0.35504052591396434,0.5017995409862462,0.1394674001188857,0.11191803321933422
P0495,1.719611195502162,0.8056128296977926,0.1123634505567335,0.8292863664045059,1.0129196547687171,-1.3652340118385904,-0.9365259523062418,-0.14262340599939688,0.31670249436515513,0.09602640497660975,0.08198993151067772
P0496,2.902741169199721,1.1717983006446244,1.2782339933536877,-0.3104814575381328,1.3799985064784481,0.3877211047031342,1.3028926560494964,-0.6772176191693147,0.8166121234098671,0.08713386781977811,0.01781846672183524
P0497,-0.2739227991559693,1.1918397262234597,-0.10197177928942804,-0.7167132225064226,-0.6354019482166948,-0.2863320340947315,0.7504117025283438,-0.27117799069011256,0.4734240870430177,0.1644980021968063,0.046580224386127474
P0498,-0.42615400308418405,-0.9199216911662795,-0.8258125200938762,-1.598267553519059,-0.6066621399112994,-0.36304673846047253,0.42910219989855886,0.29582978003737825,0.2890845295595954,0.4056367315967558,0.023155526896037098
P0499,1.1809785183732509,0.36221889215392655,1.131491640931835,1.2450966388204123,-0.8354944814860256,0.29582097153315445,-0.0130311633472673,-0.5865001620014759,0.3205614633297156,0.13455043320605983,0.06181316224389477
P0500,0.9464809796848475,-1.6587814871223767,0.23189160038678375,0.14006256406534942,-0.8651196145152306,-0.1648108474951851,0.9102552771583063,1.5553381297911102,0.65332933700428,0.5017012095935769,0.05695031746912019
P0501,-0.4224548640661595,-0.18693712094672316,-1.012226650944692,-1.2482752293562116,-0.8163481046583565,-1.3116684445199467,-1.1864401935436721,1.0420688623658805,0.13849158846658183,0.3968847558272652,0.05684814453774562
P0502,0.3500788283991516,-0.27524093168580105,0.6199303799929926,-0.21207558420982794,-0.7821027481153496,1.011707753677109,-0.050122060968018856,2.19957248584577,0.5533633750585564,0.22054731506891057,0.05642857728671772
P0503,0.11165548518663926,0.17908814391643368,-0.8703602158468324,0.0620246944434999,-0.33566315995394014,1.8367889087377902,-2.007819482286219,0.271856092473973,0.1977780750388456,0.16111215002674595,0.022070840531899963
P0504,1.0869397474364197,0.36746692575374285,0.9990036733364793,0.5767732037541123,-0.1401116705113178,-0.7608130298084005,-0.7493979369260484,0.9216956026598042,0.6990824726745353,0.0,0.03744116616130382
P0505,0.1777671573073104,0.9636543135863438,-1.6616648665555307,-0.10620946123683203,-0.024974946562752242,-1.100830936113958,-1.2346372368481613,0.43901391903793735,0.33581700548876947,0.6172442585842042,0.02757616094713412
P0506,2.01419894131941,-1.0615706807076117,-0.7291101490312164,-0.09276010464041387,0.13882342677686887,-0.4332569980723669,-0.9972350779885994,-0.21068949233437276,0.4522871951963224,0.0,0.013399108008646207
P0507,2.1059941591268028,-1.3301645164460796,1.7041051581130453,0.8582227937113279,-0.39134083482099624,0.45820370609869315,1.2907862319895198,0.637119955885618,0.43396008044844053,0.5005223897181246,0.021154289319610158
P0508,2.217437357262774,0.6031114854861892,-0.5361164282284911,1.1173842308959667,0.9749724849622274,0.7337307284228523,0.7890310933228043,0.2575248269780529,0.6081651795131651,0.29097117685248103,0.24196110842669208
P0509,0.9123795125770574,-0.4684916490527864,0.1335018876404646,0.1667231328439526,0.5659685160087956,-0.890973581450356,0.37259050483914935,-0.9123359144534084,0.42585002359329877,0.6767174487518265,0.03428863950740298
P0510,2.3540515998940457,0.7389148108574819,0.16617135387055934,-1.3864524300794965,0.8546573694148132,-0.6994479023942648,0.49542821771469725,-0.552836649744313,0.2839181944599425,0.7042152129930657,0.02774571544276529
P0511,1.1805896885302711,-0.9237673649026978,1.4976849384592796,1.4040450502158417,0.09111339346416013,1.4700298165631718,-0.36754598110864156,-0.8212954609544234,0.5546803136202452,0.46888949482983755,0.049834770783645586
P0512,0.946642142577708,0.21580525121034824,1.1041455198294559,0.9744776117674047,0.5624977933527753,1.215351155535639,-1.2207618235222166,0.3618525532349322,0.7644454944164663,0.25557868461320277,0.0040239889658024094
P0513,0.47160647172965586,0.534529838089303,-1.19596489044366,-0.7605524032897841,0.3465750179365215,-0.5263952940705378,-2.269925469962848,-0.36741054244183285,0.5173530395652614,0.2530070236352964,0.04828519438594094
P0514,0.5124446727189372,-0.08662446170401293,-0.20379949543761497,-0.7998576235142251,-0.19984325348233106,-0.37256861203987207,-0.33659215253377256,-1.6254335147436092,0.46578762563969817,0.1412654264290739,0.07194145462234051
P0515,1.5796194055588295,1.2344208684780766,0.9174478621655148,-0.39087409087027924,2.299627534517836,1.4427047028882736,-0.06748289406353797,0.20112836317146543,0.3747690970165702,0.5457831656777129,0.12444881022074003
P0516,-0.13696037418461993,1.1583969652576864,-1.4378469456110095,0.48551612478711215,-0.7217861950073025,-0.3331605220695165,-0.4660550668532554,0.034034259236266684,0.6222531516274941,0.4469410011789693,0.0413083189705986
P0517,0.9503700682292129,-0.581185367267774,-0.0363485115535881,0.3344549307372093,0.1334357914712368,-0.14425117682814978,-1.178661380450329,0.47243847193296773,0.24964412973945796,0.7441190643922799,0.03805609123187786
P0518,-0.07612542676864864,-0.48710831882649414,-0.9897594572128188,0.21452987091218875,-1.3785207363641983,0.509287605408695,-0.17498760255437432,1.3440437997839938,0.10321435847798166,0.07020957207445494,0.031022090471549312
P0519,-0.2561091026710701,0.27954715168126804,-0.42925841957106664,-0.8708208248420272,-0.6911375753312422,-1.5353110771774585,-0.49789778726489453,-0.9724879985408827,0.6053280130783579,0.4422155767672227,0.05493791794072087
P0520,0.1385200530131786,-0.3696113098845755,-1.2359800402957688,-1.2937013780961975,-1.1455457002544471,0.4088023102744082,0.06907759869149138,-0.4920983793849655,0.03039305093998773,0.1860102303575171,0.035574644813835016
P0521,-0.295192584434247,-0.8557979028281616,-0.8671999100841534,-2.636798989604209,-0.5374115607289319,-0.42744782634574524,-0.6612532398953042,0.8560264763835754,0.46453181344120853,0.484729532669504,0.014696807915471313
P0522,3.6358741233094882,-0.5208534982547665,1.804938048933226,1.5579558853620252,1.4413308851789477,-0.609290395763386,2.7983487312399515,0.9017907447703757,0.0,0.22454865850400363,0.006849623297833847
P0523,0.6364964520528413,-0.5584598112275952,0.445403161940221,0.5701401012087832,0.8970137801522814,-0.36495076490545814,0.5524247802633723,0.480202574383878,0.31476912774798727,0.45016835799298416,0.008216681140523315
P0524,1.8708125496209544,-0.14386332443097394,0.4989458460756176,-0.39333106727835226,-1.5755072310783824,0.2520402047665216,0.1731885386431805,2.1463391723304834,0.43769560088322984,0.24047421531225044,0.057908991708408145
P0525,1.121979969040284,-0.7905938742490252,-1.0623596975631888,0.6700417362556151,0.9949258132944641,0.19039802367785746,1.0457304291349354,-1.1794835240984043,0.08334517881987025,0.0,0.20861578161972558
P0526,1.6436377870439407,1.5626711950328434,1.2284831416351822,1.051452494907376,0.7713515757864665,0.26654781375741743,0.37324455615762686,0.48836873401264747,0.6431292984156729,0.16932092390266604,0.007776153648151015
P0527,0.4691473886485355,0.9210411064972662,1.0775617234558803,1.453728593310732,0.4253335102325752,0.08996095867497278,-0.6939804688468655,-0.09609202138125993,0.5525645550327596,0.10173785013757639,0.2164563816449791
P0528,0.7247619435227137,1.2325132764486915,0.763650420884729,1.4773990334405478,1.6478116906598395,-0.07373508757293593,0.143732138566027,1.4960243948821106,0.7679146766592948,0.3279102387984066,0.04322737708842011
P0529,2.9222835684945627,-0.38101080845576,0.5057083811425593,1.3160216652222236,-0.1796117859103588,-0.9185781602502686,-0.7489296492546622,-0.46087415588639,0.20706039234433415,0.0,0.06702961566758778
P0530,0.8136887874848332,1.220811878306195,0.4771490303232014,-0.8305690505562903,-0.5661344682449847,-0.015586251138335812,0.4079612052607118,-0.7326394052760343,0.8760865184103495,0.3782205581187371,0.07296086616423234
P0531,2.146298971719581,1.7364533451838928,1.3261517570141101,0.8834781290441065,0.1299069721591621,0.7796836406445602,2.7771918058042497,-0.3285303312664201,0.4901237667714976,0.5986964140940519,0.018728981209328997
P0532,1.0735800287497517,0.4075063974633229,-0.13994410958108344,0.14895794468657775,-2.0512444235822445,-0.518301326713021,-0.6791062012839066,1.0175556315366836,0.946399542125338,0.0,0.0670834331777227
P0533,-0.28536262852240457,-0.3197881992444189,-0.8017825284005466,-2.022014500382594,-1.2561987497819973,0.23780443295422116,0.5750897661555606,-0.5372431260610603,0.43471310840591615,0.43549148562612927,0.09975361612603154
P0534,1.090295109333973,0.31697433932294566,0.43651781856867516,0.5500898105905754,-0.09248613627246216,-0.029973196694100476,0.4430358265158602,-0.5231876371327939,0.3609945541166071,0.3128207429781702,0.058508230594056666
P0535,0.24268493357850396,-0.37590437573098545,-0.9223199434955892,-1.0387621569491845,0.622171277038321,-0.8525193849674028,-1.0842492709614473,1.2713128974142913,0.6118700079397354,0.0,0.11660298705422334
P0536,-0.4623867431363614,0.364651250538279,1.019909449304452,-0.5380784348493989,-0.08248635733847968,-0.10016947867241578,0.607390207711405,0.37609781929880326,0.7819499238912826,0.389558228686511,0.03136388151052981
P0537,0.43836744812103734,1.0125357120929215,-1.0856610845983534,-1.022462270243277,0.848952249041432,0.9164598480960872,0.4962862430245052,-0.22996819589378528,0.4554254534424101,0.05765277359610571,0.06216610967614537
P0538,0.6361355885568216,0.5229044161831147,0.7884823650924612,0.7351661442656526,1.0710550727786503,-0.04510967419250431,-0.13423372005483034,-1.5328879351172104,0.7234373971550653,0.6691707587954889,0.0414563202345185
P0539,1.151720533931123,0.45184757265265824,0.6058602146828974,0.53604566319257,0.7183925439703058,0.23942288858726757,0.7197707326805232,0.5964180866796617,0.39443303870881996,0.39122143922570635,0.03429094721386445
P0540,2.2870189494853506,0.8354747812472768,0.48672834542425875,0.42566055508505446,1.2620018255307763,0.6712087934888314,-0.3059835271105889,-1.381670190672387,0.23865186244023043,0.5613243791408793,0.02476071655629805
P0541,-0.8080506320546356,-1.042192150179647,-0.5567136266992059,-1.7074887181648666,-1.160662142634085,-0.255159021512513,-0.3006234556982274,-0.23162665887470182,0.5509617036887368,0.29116073456807845,0.14665453519371544
P0542,1.2052074452570685,-0.49809304077804567,0.9848045243934073,-0.21860322840836333,0.3493981244875578,0.30840710631083734,0.3604695856829807,0.0648279135260614,0.2738613804447553,0.04073409037404552,0.004238469081025193
P0543,0.5395804073021875,-0.2656254122697896,-1.19993084741018,-0.4312228596378606,0.7216559350363965,0.1558168546877595,0.5288775192372179,-1.0240519838112294,0.09265493172873762,0.4722818979023286,0.0390921332970258
P0544,-1.751646589405865,-0.6813095508840775,-1.8797054939685474,-2.4612978706795925,-1.410417234505716,-0.8585626530176492,0.1251472176313219,1.1309613985267706,0.440526174877198,0.34919739478990897,0.06712104297518319
P0545,0.6481296754630619,-0.6135984735657914,0.47250884251715647,0.9294826330600633,-0.43593403868391895,-0.914869382479043,0.5077017465160704,-0.09655118075354926,0.4717201215119436,0.03910751348939073,0.006759252744708825
P0546,0.2456023263494974,-0.8731804924854832,-0.20128933769497118,-0.11844212246754215,-0.13496859898928215,-0.3379461571043286,-1.7829453816063063,0.5779567813366564,0.6067746636500166,0.5211227307353958,0.012036603699432135
P0547,1.7558847186124484,-0.922186357528632,-0.06830646953832316,-0.5464344774839974,1.2297595970440718,-0.5804696680561081,-0.35406476300547446,1.2119896908741967,0.3765736332791334,0.6574753926551746,0.10175957556052287
P0548,-0.6000332345318163,-2.2013207121376155,-2.454825131089133,-1.6621124294981982,-1.2515227147416992,-0.9543231545529333,0.27044766455263186,-0.9708196242886382,0.7592037868062127,0.7780095589227514,0.03807937269382346
P0549,-0.47449818420890433,1.4324011609871652,-0.4470817008534321,-0.5262015539720776,-0.08437882715414945,-0.27941426591007984,-1.23391956485212,-0.6663047525654219,1.0869446141545096,0.578086888822658,0.2893491296826891
P0550,2.1339148838851396,-0.04965774359147585,0.38639967259815905,0.48108074427632624,-0.06963652314390685,3.3374504390966466,-0.17664684265712208,-1.2284361764166398,0.0,0.029865769529275,0.018728514953383936
P0551,2.1027984196489737,-0.4473106133913936,0.47449519713084415,0.285010821328786,0.5212505227161711,1.1342674938129305,-0.385058242412853,0.9045964754448159,0.14809172202359655,0.12546666302910833,0.046754903848250526
P0552,0.6485732849800988,0.6908347560036587,-1.1885420991009608,-1.4223159531115785,-1.3276306828285973,-2.3110352491006294,-0.010682294705787184,-1.0670122233627992,0.6310391023750991,0.29027649118202553,0.09024938961879375
P0553,3.0758603568352183,0.619714266395904,2.304424021778771,0.6075151117133486,1.7969090309959135,1.2991294551713304,2.250719425422145,-0.12954544555542066,0.7744722621819133,0.5562799060802512,0.024692000980504458
P0554,1.030911428962111,0.76687783843876,-0.9069009603331571,-1.0725647567580985,-1.556781559893354,0.2982051191559597,-0.2601619244548641,0.598234523599529,0.2862505784347198,0.3577923267665787,0.3295539730040111
P0555,1.2591502683103273,0.8394851821335276,0.3596017067458038,0.12241555957676137,-0.1681916463107318,-0.31452043324826595,0.9816874686797404,0.27353876070356653,0.6486886867356412,0.5729452989404096,0.028452403490041727
P0556,-0.10704699170450893,-0.021478583497058334,1.0444618974135842,-0.7432937787106134,-0.9564942629361953,0.4986096964061486,-1.2807530423314497,-0.3134308961965651,0.47974693247457445,0.2761997928538798,0.21741366795197123
P0557,0.8364710809281428,-0.8953691638841578,0.12433446780771662,-0.6464240349075242,-0.5375700977070188,0.45111708169724407,-0.7465638060402476,0.19900533963603115,0.0,0.3031288330804242,0.0431570241840924
P0558,1.6160395370444953,-1.924001154743074,0.38408567585905307,1.0792769724979747,0.9969159930594482,1.4914123170278772,-0.03329743017647553,-0.8544025628751641,0.349158283682517,0.46856261774276425,0.1005077408801653
P0559,-0.9732262108855841,-1.0987410709323497,-0.6179036359006833,-1.0298006781048852,0.11180371776764372,0.28726464844672506,-0.966031275355479,-0.11692754871441449,0.33720459546731,0.43447586477977784,0.024332194607864954
P0560,1.243422532800011,0.7848882713973309,-0.4104780024077841,1.2692471633172755,-0.7502295155798093,-0.22056000349152247,0.6972981575186893,0.3432517199542704,0.7056302320427076,0.26028662438983285,0.044537272616081904
P0561,-0.2247232140703911,0.8411366801994171,-0.8455173169649612,-0.8599891588076076,-0.7153734932786009,-0.8264548894471402,0.7156345063914386,-0.6977695369740151,0.1964500710645558,0.5800534501129987,0.0793464802382791
P0562,0.37932192002253734,-0.07038139448233266,-0.2274537587913773,0.7275066086315742,0.7101645520621497,-0.7904872853663982,1.4554931063476801,0.024769714817120335,0.31454331799985025,0.9225518418589366,0.006224489099290538
P0563,0.14005160187061894,0.5871921759031915,0.9237581094298635,-0.5245363403299889,-0.8809387971665765,0.780957319137242,-0.047975081657551336,-0.6399494397428966,0.41046442458996035,0.4661677995662293,0.14094277880316933
P0564,-0.5595928934105424,0.08330697963635601,-2.0371185441514483,-1.5546533346780362,-0.6406655929097709,-0.962898116571617,-1.1774148725978884,-0.6195573028538807,0.0,0.2904535152784956,0.05594189705171313
P0565,0.5592796409380574,-0.7881755242967117,-0.16992066066134084,0.907067884500955,0.3823251728090916,-0.8134962018178985,-0.14759733962972502,-1.0937708433708409,0.406350903686307,0.38524652217542016,0.012066093538760099
P0566,0.3193027148915779,0.9288484273247917,0.48390028626593734,-0.9679637864196655,0.47749126954299903,0.786560144342728,-0.6390775381686407,-0.18269374445552222,0.1715292770844119,0.3218072698772845,0.08880901621487541
P0567,-1.0539294436004925,-1.6614204095035674,-2.1837301874385813,-0.7590596365197569,-2.31631373983581,-1.4089268289396781,-3.1853848769622934,-0.07145826606166149,0.2920767564438874,0.4649698470289221,0.026126316498624815
P0568,-0.8767925136207303,-0.40041456215953586,-1.4255414571324598,0.19743164961708745,0.4955962453512848,0.6853164741187538,-2.252882477040086,-0.8099774427940659,0.5763285081346035,0.4783079006040444,0.031930980625423565
P0569,0.5023782686859549,0.7357614592276577,-0.5722767348712385,1.3022388965303617,-0.014852732444770483,1.2309962833480093,0.02988426341330923,0.012663210690055488,0.2252003285156263,0.4345292738753766,0.010004379319405282
P0570,1.6189858284794416,0.8138999360829021,0.7427481799877613,0.7302806499382282,0.01279869671744143,0.6651707516758942,0.3872193750004483,-0.6874567611083533,0.7920547776859708,0.29787031654750534,0.05155735118786167
P0571,1.2638661367004143,-0.5088728872152846,-1.170609422400933,0.15498155125473934,-0.4113318212383794,2.0734438851220536,-0.40134313920833276,-0.016081757311887348,0.4457448099433754,0.19720966851750404,0.026782500715417885
P0572,2.104948124075298,1.9255684684920162,1.1623758766645993,1.635246255019983,0.8964918369593124,-1.5410165405906262,-1.02978998324071,0.177439995318748,0.8358878240203752,0.5741117501592148,0.019635864650370132
P0573,-0.2981196114093495,-1.156257826819729,-0.7222282168116753,-0.9212666445350932,-0.5879816531916764,-0.06580416465577618,-1.2260454693538563,-1.0577749157669096,0.6041365948648829,0.5042065841572373,0.002721214333659086
P0574,0.6301834605858516,-0.6266593280110011,-1.0775368700326058,-0.32291926619291345,0.3184797744283633,-0.4231558577007669,-1.1082785213751842,-0.4492584384016697,0.6721872504204142,0.529597280064136,0.026411537528261118
P0575,0.6156718737709009,-2.156933901968487,-1.7461363350457937,-0.45032994300733764,-0.03021132012967214,0.6710702760349774,1.688899759296547,0.20830028533028552,0.5471372622964357,0.58415582849411,0.25337449971999615
P0576,-1.114780162510264,-0.7110529197872093,-0.7346888024990051,-2.402984420676344,-0.9891541728950071,-1.6020197570710635,-0.19525241846101457,-0.1585854352889114,0.339374668784881,0.4752884132494759,0.32706096740886526
P0577,1.9132357022204864,0.6951551039478794,0.7287506794350395,1.07097579458172,0.5680429984562221,1.3681365748119665,-0.621167909386388,0.5994061972552921,0.1956856728314083,0.560074059312977,0.11287997800832886
P0578,1.1254379407716828,0.2645914609848571,-0.4221445754377381,-0.9984953643797866,-0.2312165956168301,-0.9479572294810601,-0.6641743149773135,0.316465484950791,0.26515697005995853,0.530044600828898,0.02152135959651083
P0579,0.8928292756679966,0.9123848929790802,-0.08828665568076947,-1.7701888887404507,0.23364228091649034,0.5396935094778333,0.5535414927913875,0.0889708724986265,0.7041685775562302,0.4422224522723517,0.03384011921116974
P0580,-0.29839542101534355,0.032586309946559755,-1.6288214901025577,-1.822690689136884,-0.6353296264391846,-0.810654381436098,-0.4111026586726762,-0.2703544831393387,0.2795095172765266,0.22334912914167676,0.05282261957495673
P0581,0.79088956119368,-0.585167459855139,-0.9225614398281188,-1.1771041046254822,-1.3802497455218636,-2.0090155625601125,-0.6616612135439139,-1.994247051319899,0.8034672369609763,0.19810759130245875,0.003938902960979975
P0582,0.11096387436232802,-1.5054474006274274,-0.6143600686094824,-0.5043070515988758,-1.8354215065904627,0.9164957480824286,0.8193033225935983,-1.5882349745643896,0.8811313593514623,0.567894396893214,0.01959028718211474
P0583,2.4757355410027873,-0.2493246659082115,0.7882961572273309,1.2964192806387793,-0.12558048825117973,0.16223922947935343,1.1121240747670176,-0.841904512019257,0.5681436165919213,0.12629137452445938,0.1488280217727535
P0584,1.1851035107263024,-0.5775640804841577,0.8634960464053106,0.4493186936661444,0.6118054973617666,0.8458271027943324,-0.1224153397386568,-0.05470646948792911,0.5568423374246783,0.42786899568565173,0.07248728741440395
P0585,0.8326282627176099,-0.1362117632417944,-0.35959712476217515,-1.3844176325208781,0.9253148687522019,0.04367923923750415,-0.9267255730523225,-0.19073904162080615,0.29707672716957734,0.5988810265445421,0.015945358277822626
P0586,-1.073435877095653,-0.31542166269470717,-0.09702539773091651,-0.9823399017264031,-0.3091735169186112,0.3408213320548519,-0.3638094569083324,-0.050018011940345,0.2726576183791365,0.6933097751953269,0.03627809556656394
P0587,1.0279265246563725,0.734657057053367,1.041757048149808,1.123284777231597,-0.7027906108137835,0.9161974374323121,0.8459937833198943,0.5452515390478656,0.4070840865009554,0.21110200842524257,0.0015097965863053306
P0588,1.001033711929121,-0.3068406657353282,-0.20120424229046807,0.7297204314696262,-0.07683095642099372,-0.24977201974879498,-0.3526197458388623,-0.5540316386862573,0.5514133984654129,0.4283118141696196,0.010851770316512395
P0589,1.8380795190982449,-1.1100706159510119,0.7754385119223721,1.7500125838128229,0.6136369615542667,0.01766868548082766,0.8655501978432549,0.29108777065084973,0.5723075557518316,0.12619405612702694,0.07356106030757509
P0590,1.5593033027504934,0.029892235803002844,-0.7213061927885457,-0.28515239996756403,-0.1527386101807437,-1.3637227277686494,0.8139737550538828,-0.8689143768123724,0.45750896891538395,0.3021337717049507,0.025671822368465866
P0591,0.7630547443817545,-0.13283144568777686,-0.0938097780431118,-0.7522198438642081,0.01928123542989925,-0.3182926485333544,-0.15884051712500574,-0.2653888363034688,0.09587391505975601,0.15850228494760832,0.004038521238394125
P0592,1.7530923573839128,1.6459063947978083,0.2723461635187803,0.49946778582842655,0.803480349113096,2.166784410363956,-1.8561164567108916,-0.01594683387691026,0.373593190349942,0.31637806245431055,0.025986012921004643
P0593,1.1353789383717325,-0.7728325836605603,0.7312949696508976,1.7854584814540368,2.522687637514398,0.3328249988203176,0.8496288599233104,-0.9457911870490479,0.4680658511719853,0.3034789887030708,0.11154383787095504
P0594,-1.85808802672073,-1.2612674942848359,-2.0628692777323114,-2.0977254397012497,-0.8039466348960873,0.689541279808485,-0.4558502223258635,-0.9011236376328354,0.6331439539288216,0.27713191270331616,0.02436630732161073
P0595,1.2990911987276927,-1.5494429466638897,0.342128971289322,-0.2760695918466574,1.745654447814641,-0.4027009674139202,-0.7414405313078425,-1.3439616608320397,0.3209941991120683,0.5545134718395278,0.06350992498912163
P0596,-1.7135424688577765,0.8798100358032214,-0.28047367767109765,-1.452114694038666,-0.17137720836925283,-0.9760682730290781,-0.7369497950167161,-0.8917125796393255,0.4756159142804742,0.48240475117081416,0.04377744273502119
P0597,0.6048308457658564,-0.3800135451838603,0.7404577719261125,-1.5104691497539886,-0.3650443347505861,0.5865688706547614,-0.6915577673531462,-0.798539249610207,0.6938207764825869,0.16359677401684247,0.02132014794578451
P0598,1.5566435100957043,-0.8756107660978842,0.21182636414097317,0.21482453361565232,0.42947287783935706,0.6117419406993234,0.45160156621965947,-1.387340811937323,0.7858778148713993,0.3056721309952197,0.008856734393354073
P0599,1.7405074557749365,0.6441794069886483,-0.11163833872533738,-1.3780081406651743,0.40010944620314864,-0.7587105164357504,0.2010823623697644,0.16822411584198443,0.41144880152394203,0.6351161924119604,0.024429342613510353
P0600,0.04122258901017328,0.37770737674490584,-0.8141157719380866,0.44661017688836574,-0.6395724243900572,0.40419482599185586,0.2764578133609418,0.46430095008910377,0.3541939667218968,0.20313265586181273,0.0019551714309541694
P0601,1.6824423386421066,0.9920211507020544,-0.6089464289036975,-1.2308451792061388,-0.3587655079536122,1.0769778200383588,-1.0540289626230277,-0.1512362049642527,0.613683031952178,0.4706920943427472,0.031230560772583585
P0602,0.16564530790635523,0.9615762382444086,0.3759810615606236,-1.364084939589109,-1.548947670365897,0.8044159961601042,0.15447006987324305,0.03179077895568182,0.18621220547875666,0.4182869516100617,0.034844565035932876
P0603,1.221644914079876,-1.0969945113923811,0.9501124657465907,-0.5056711726030575,-0.17766225567705332,-1.1291966452148547,-0.5192399097139644,-0.3655270968464912,0.2388078515699761,0.6094494154213328,0.04675541495356204
P0604,0.5724638981396615,1.0011435915998705,1.750979548080096,1.7138140796173942,1.4601718762974238,-0.1949562348376153,0.36627970142415245,-0.1704310986191342,0.17999307884842924,0.21668143802774534,0.0070731137901818624
P0605,0.6670147335120147,-0.5059637472722932,0.19307353368801577,-0.21109940653966838,0.48705298921129686,-0.6990408890336884,-1.0175924912495253,1.2923385058828598,0.42456680470054314,0.3530248822291029,0.08832606274240341
P0606,-0.7531071923374065,-0.1729642812177176,-1.2375213114598786,2.020235122898332,0.9897815343708148,0.8680909591637881,-1.8711032532530578,-0.7089408700126223,0.2558096209191536,0.621740576542196,0.03075360748556498
P0607,1.186529034223133,1.2565733499840017,0.3865734045881963,0.18276394990933242,0.593387038279229,0.9417795041436285,-0.7161549106128479,0.3399554214799006,0.4128620244151159,0.4524264893935886,0.050840853401499325
P0608,0.8586304750742972,0.5883384779886628,-0.9330018449025773,-0.8644761042802936,0.976922814724955,0.5477118611120323,0.7998163954189496,-0.9461323182691026,0.48652081664005614,0.0748066408344309,0.038620242111998236
P0609,3.049415617234293,0.1646115450950675,0.643817489852031,1.2608120884486904,-0.06434263512407713,-0.46448541659838066,0.2244851256477554,-0.2324884520424242,0.20298105418587978,0.2699225011061476,0.05430657422754486
P0610,-0.49909059156508373,1.573216734608236,0.5778581878559097,0.16325320523925982,0.7655357083936595,0.27932911871559,0.11344690968136446,-0.32977839673483583,0.6228530784188065,0.19008101071910552,0.027282849820004944
P0611,2.2289708401028143,1.5261514759560064,-0.27517595941091205,-1.3627901266649523,-0.6979562605272359,0.6015793604224827,-0.3344317821115862,1.5359913403911833,0.37685724590085434,0.5229159190385754,0.3031821212606921
P0612,1.5028669866856637,0.6824684680170781,-0.6725126497145274,-0.6585475660300404,0.5818559316504133,0.015469495990402236,0.46296326557504774,-0.0162844659254478,0.7968441941897085,0.0,0.25995964433111657
P0613,1.3958821135508792,1.0373884794224029,-0.3156271229030617,-0.7667943014850771,0.09677165837096152,-0.28508953235323736,0.37521769800694116,-0.985853338864393,0.36599619559714885,0.21652932465310096,0.01879056883507462
P0614,1.4419888367206761,0.7197607482679571,0.9350840048470448,0.7305105092887235,0.5734262050176595,-0.5505057495277936,0.5764938947974647,-0.1970665339239908,0.9733214756256681,0.3429110994570898,0.019032661733889577
P0615,0.04844224617941517,-0.208627806386179,-0.9142857784540478,0.7296263220029191,-1.9123653660412114,-0.2932670742161312,-0.3362833669813333,-0.3705320805741927,0.7813523903258294,0.5765506184213051,0.02215585132929923
P0616,1.6534690202929538,-1.3880780749866093,-0.8223185000756965,0.6770466469092526,-0.7093642670187533,-0.260433495378981,0.035699504675139625,1.991884884580946,0.2692561594986015,0.5293782497422174,0.0676688605131341
P0617,-0.6342618902415104,-0.5162955049577881,1.782921363560744,0.7106870118867081,-0.05915751503119757,2.1238190804131785,0.10988994355366205,-0.08690893050647265,0.5085020545269199,0.4079138176485013,0.020716738518336997
P0618,0.7760946181468477,0.2752546019487672,-0.8703745347665508,0.8948606749935444,-0.6837066726503342,1.1415955709449297,0.4353679828051511,0.21411906827056054,0.36002973764110335,0.4184105408877463,0.08821565202866734
P0619,-0.6127248239766289,-0.7174141822926816,-1.321757888807072,-0.7058551525625754,-0.5388114340010451,-2.1183396406919273,-1.3749029779953574,0.1741940012933216,0.27583631464818986,0.18844761604574542,0.010697786189118924
P0620,0.5910634203013128,0.28855508602120133,-0.048518606561880416,1.3102886339210604,-0.529586790126433,1.435189614767261,-1.0040094158339208,0.953424557771188,0.8736115319353983,0.0,0.06407839330195422
P0621,1.750688263453074,1.1948192443097323,0.44817332401027443,0.8578862287391003,-0.12253722860530603,1.50853672666596,0.26475554361857745,-0.5818044510691885,0.0,0.30484294609164064,0.08076627361066703
P0622,1.0827743576441629,-0.2664504433068854,-0.03216658154344922,-0.9401616351157186,-1.1552909353012555,0.21258222294484538,0.003117896298364685,0.08618851224280427,0.28257952800418773,0.28992241067855223,0.05801018804874959
P0623,1.6575237669251948,0.5492399356473202,-0.41345174054822736,0.02614910249294662,-0.9487522105892167,-0.43230302582885327,-0.07741975890465133,-0.2930993082579503,0.2926717581859807,0.052802523122438993,0.07270526720323253
P0624,1.6651334225843337,0.36705524315912064,1.2501951497923296,0.9138683124199597,1.3350907500488973,0.36433689833688215,0.2814583790599565,0.8573016297345285,0.551125709771516,0.019061161872360566,0.026863691069880718
P0625,2.7283841678608227,-0.4691138394238422,0.3538485742616792,0.22674872026244391,1.178148275995582,0.6503497300835429,2.7913759355252354,-0.2953082783612427,0.5175006951023935,0.41389392181291157,0.03610531709573498
P0626,1.8630936430257785,0.2785555136992069,1.2660949431140578,0.8817023910643873,-0.16660388747079696,-0.32402659986919247,-0.6721044677193219,0.28772404298546705,0.9558721045874945,0.0,0.09595263272518233
P0627,1.914012103318409,0.5460145566562138,-0.013339986275915839,2.1593219921856734,2.1308195644260137,0.8191730181030329,0.2876364808325671,1.06169135136743,0.2629640287244247,0.5260277937900824,0.031490903894661915
P0628,1.3037938865297027,1.476387914411216,0.15088840386474506,1.6339625117838692,0.4075545218595241,0.28178719905431593,0.4257512937363956,-0.3205845533838336,0.23520766778429616,0.6452772936595415,0.02779519586751748
P0629,0.7932440368466953,1.1093895169384913,0.011802991748355198,0.8028871963121985,0.9651689000561203,0.40048203618096434,1.2554199796126009,-0.7456557014758669,0.6537522675411923,0.5736348075087462,0.03276903596120023
P0630,0.5001928726873611,-0.7286437959149333,1.683056119937907,-0.28317536892740397,0.7708831370746232,0.2625760871604549,1.4893017723560302,-0.4256242579527428,0.6401959761393474,0.18489405973289946,0.04204818892674712
P0631,-0.0828881595206622,-1.1842533189873425,-2.4359240267480966,-2.2715475368333298,-0.9831346125896612,0.26550781182244415,-0.9823528485768557,-0.716633529294769,0.43366167054691745,0.25979187196709164,0.019451955011056076
P0632,-0.7357086849662681,0.39791532569575994,-1.717470704403334,-1.212856028721864,-1.9262334278201887,0.23620643527177934,-3.028910985989717,0.6972517534838807,0.3556366270399925,0.13127424757140682,0.025252651447345904
P0633,-0.5603659207845463,0.014355589627922074,-0.7528461781169906,-0.7859030058710134,-0.95174893627903,-0.9277598896976389,0.6645138627622842,-0.36159209535747733,0.1389432286385694,0.11480553145003519,0.010288692639847918
P0634,-0.5242025267343332,0.6208843626307405,0.5258676201383605,0.39887469454789937,0.7030887579078413,0.14842854451931126,1.1794653251701814,-1.3145020911617726,0.4421973108655813,0.3013544032304172,0.11876120063213066
P0635,-0.20796392688627685,-0.3885227474844247,-0.6678752920236033,-1.6811920162787208,-0.7019893169137393,0.860867280016859,1.757090769789461,0.10196287373874771,0.20985257377463612,0.12868727570361035,0.049043423954644436
P0636,0.7681724588975922,0.05335571815504722,0.11154865191828182,1.734398547555957,1.0186822004172917,1.0716014000799858,-0.6133229697086393,-0.6797817243371646,0.19638167568364845,0.6026420564915209,0.05549486892895035
P0637,0.542090429038325,-0.05665950796555502,1.3715966898819476,0.3784509505642124,0.8765803599516376,-0.11117646021101572,-0.6009175629555258,-0.2020087814174643,0.40042689861930164,0.0,0.1502791964749458
P0638,0.5689237614614034,0.3945630321877231,0.0048462644963864964,-0.5360691164202998,-0.6219021677819311,-0.9308480572530142,0.8765595746348459,-0.4904393755789615,0.7086932343894359,0.39122541574705966,0.011751907938523242
P0639,1.7552744550414032,-0.6627995730510826,-0.2463258005819756,-1.0455980779254583,-0.14223188394305036,1.0808506746132263,-0.205131339897349,-1.0416953095023067,1.123062054066528,0.6338322954896819,0.0247342054955627
P0640,1.36093463881784,0.8864986848476284,0.6204246700433311,1.4497226622335908,1.2502542297260382,-0.09178309890817289,0.6360709695625778,1.0008413528666669,0.09879781058171638,0.22372044004776126,0.08459498857538782
P0641,0.3370926276689641,-0.29045167950988154,-1.0677620897979359,-1.799616450601688,0.5218643660014604,-0.32280061804916327,0.8807714326593918,-0.12770578633667515,0.13774978503540564,0.7331003795453848,0.025016399917222557
P0642,0.34932602430072046,0.1851436137634275,-0.48804279897593317,0.3949785802779403,0.5011034789102715,-0.6422018732972897,-0.5443999528769475,0.4440224418995974,0.9429759792403505,0.3042713585332705,0.030693383678713486
P0643,0.03800163424524472,-0.31331904054173537,-0.08057604749435957,-1.277621530815486,0.581392975482229,-0.725684992426441,-0.8126360687486439,-0.6756950056383295,0.3033849710684762,0.0,0.01909048825840808
P0644,-0.13897075932563074,0.48407054022109236,-0.9281555163612315,0.13460336108931217,0.2984127226300638,0.2862777450022548,-0.20044312914353038,-0.7099978382169394,0.4838548063207364,0.14547863102083722,0.002410311255547039
P0645,0.06705148301954689,-0.8301762721132544,0.22749019817625105,1.4608346572859991,-0.9868936570716189,-1.2599906090734723,-1.4225955973876485,0.38326813770282897,0.29208209276401254,0.521325886947911,0.07332565943232543
P0646,2.755198337713143,-0.6225695125231069,0.08864638975642344,0.7823381245636973,-0.2513373657567436,2.0661891327095057,-2.038114288891104,-0.06888634826176614,0.0,0.2112896884817019,0.33595974509166365
P0647,0.047486463252796596,-0.755801237372871,-0.24347161257524283,-0.5260865501449148,0.003810028834336111,-1.0248371951014985,1.1444660290207018,-0.6561140702122508,0.2716929082146129,0.3145016701199379,0.3991731010107811
P0648,2.3647030588299707,0.596095411947948,0.32019177499970275,0.5842119561671482,1.5933558045225737,1.2018645110823682,-1.1163595786712972,0.3552611430611994,0.0,0.4592434695355839,0.03356851431092385
P0649,2.002613647983333,0.6238777412161765,1.407350719548655,1.84932180360826,1.6058740384083174,1.777207929245129,1.312100094813406,0.4865766639142261,0.5417064281608142,0.41736071138820746,0.0898911595792507
P0650,3.4325412244212816,1.1833605677560861,2.4552413247207823,0.6210592466648176,1.090991627073417,0.15964238929194285,2.7508407240413497,-0.12882412327827583,0.12639706209222185,0.3637540454763913,0.022442972062211585
P0651,-0.150637800747624,0.5673343732526894,-0.3976659666129699,-0.2746969372822182,0.5723246467606152,-0.8642888471857074,-0.1385741777253709,0.5186602565768866,0.6240969476740194,0.6040248989678692,0.4251867727985182
P0652,1.7410097733295204,0.4482933462553624,0.6569521459280975,0.8118158406813355,1.9761817652457587,0.6991732334937846,-0.11088956309748287,0.3328132924853855,0.6193714952447347,0.5255612545120953,0.02049282731102841
P0653,1.9648341973304349,-0.10271501487630136,1.9739523704529471,1.0386454753846974,-0.019560971651660906,-0.09159826359355931,1.1481308406160937,0.5358656250538568,0.6449057036465272,0.10095502852520688,0.032371180945410215
P0654,0.6932724950595565,0.598787597606211,0.6308379997077833,0.7796450957251946,-0.5376981966162613,-0.494835966693408,1.5203383153075751,0.043807508550430856,0.8276217705094053,0.5123367052816781,0.07906235339622897
P0655,0.6372838758532446,-0.8862439712665277,-0.13793384062014336,0.19641782171298533,-0.5660681161018719,0.07736045772032553,-1.297399344297449,-0.8537911258314802,0.5058543067268728,0.11218660600697289,0.006640456966040065
P0656,1.6779983899254058,0.4451810607362855,-0.06094665666644023,0.914224437048099,1.0378900920515084,0.1632085031965525,0.3423280683325642,-1.3782014984847581,0.9206959800856124,0.437644146934802,0.03553376910682903
P0657,1.3189369818108994,0.6693889980991836,1.1093233915565541,1.6163493909089293,0.37190982224456137,-0.07825175145207576,-0.12024184857311124,0.9218451806681138,0.6025741263468164,0.5107953304332837,0.012556898992405667
P0658,1.7847432720589682,1.4655714061159306,1.3423415310422802,1.9758831721814964,1.6621178037599798,-1.088668810112679,0.6903072851314406,-0.6915763442670866,0.2669402723984001,0.5000694062757675,0.06290443477363926
P0659,2.397740645833435,-0.8554929741926705,-0.1344976706595148,1.381656553330891,0.3941661736805371,1.03204908435765,-0.19292392777240625,-0.5942505547438065,0.3717883480236589,0.05186491887895045,0.03766352206516802
P0660,2.932484194405567,-1.1229826278930926,1.475591357905677,1.702594839642047,-0.39165785350364574,0.13082977865004072,-0.780613362531538,1.5037707393772624,0.2303022728300171,0.4593546295717157,0.004628034747078247
P0661,-1.4744196439723787,-1.0880707511692924,1.4665850203921122,0.4956759837091761,0.6939148904158323,1.042469194873344,-0.5181817184322772,0.8247417047540563,0.9128299692912294,0.2695496026345406,0.04323222852197767
P0662,-0.8156371499771319,-0.6192486884579465,-1.5044683647879606,-2.3452007005045155,-2.899325432063757,-1.9881089507316743,-0.11518673161174567,0.5632199777101157,0.4530790502592105,0.6718961329067425,0.05204955736565822
P0663,1.9556944682894293,-1.01265372483804,1.9253862405175752,0.5791072290245026,0.2438031957520221,0.19056263369581689,0.4079249659558177,-0.020797888669494873,0.2548051267918841,0.3118743302773498,0.020149664528187703
P0664,0.8550253457267832,0.2983429023468589,0.0590957744192005,0.023490444213406708,-0.35858935930718516,-0.8822396180595288,-1.514478170612978,-0.805829905483705,0.3097180559367999,0.4007614234471981,0.15443923814287108
P0665,0.9095251750941704,-0.2524259601793991,-1.4418682952273558,-1.928606063570682,-0.3650639638999741,2.3229607359107325,0.4324276554400476,0.6333268991144313,0.791870384524727,0.26841797391309663,0.006237633045609524
P0666,1.2930885267153114,0.8121716025039164,-0.22278380927246194,-0.07352295346920665,0.005851798489967605,1.5635879342733425,1.3998885669357697,-0.3402171043818699,0.2186532519862559,0.45689311049565023,0.03884931441050429
P0667,3.081963732936093,1.791885830001702,2.1308227442090155,0.8329211405901341,0.7197215629220047,-0.2942274647608897,0.94535702079165,-1.7191528444787716,0.5184807607202442,0.4073411250734362,0.05646968777932853
P0668,1.5306685833518014,0.785091974138575,-0.20122854498143475,-0.2508320417484286,-0.1446042950515779,-0.2422320729572925,-0.06755268885897037,0.9209532474204385,0.7943547066165332,0.642167645620942,0.4028738404039799
P0669,1.3829682283622988,-0.3502148143208509,-1.989124978285029,-0.6479270532037558,-1.6741269146896323,-0.45975848192875307,-0.49142368901130873,-1.0538439797950137,0.6977547840253078,0.20242989527516628,0.023351470231315265
P0670,0.8395380040503845,-0.48488269526893324,1.8603361561223715,2.2759786655141223,0.6724543331097417,-1.018555368645794,0.28982543826191387,0.8240920305980918,0.6802003732517776,0.35017045031922184,0.07813779064360526
P0671,1.3917818243295335,0.2949984360331352,1.5384201430521225,-0.2996544630186235,2.1385383987310296,0.8070690797063883,0.08419341692650893,0.23027437780515164,0.476915537280122,0.8349892691174404,0.040729049547325216
P0672,1.3679700934058365,-0.37938573379411566,-0.39921453281912844,-0.5843845056677877,1.338991310575227,0.3778326813039488,-0.3367492619626239,-0.1951475751841801,0.3701723287570385,0.0,0.025589557919288176
P0673,0.31857248229884527,-0.7052295878859981,-0.2216966832011906,-0.8435604002458744,-1.444633461332485,0.032002339933806634,0.09093143953774697,0.3744276198270457,0.7288623580700708,0.469688179000654,0.07219126152911477
P0674,1.4452501406261349,-0.6145781823567061,0.529407848540561,1.0586729901754905,1.21523712022814,1.4272883699704966,0.05435830006504013,-0.7241315321058908,0.5482383276327992,0.46317527860605445,0.056110332363304836
P0675,0.45995994897927106,-1.0121025973546236,-0.7675141750451708,-0.4577217345441656,-1.662399254439647,0.4896831448368089,-0.013594064218462192,-0.3812296479869176,0.5562456446973918,0.1733125320904866,0.0305369000203194
P0676,1.6651299593954594,0.5789571848772868,1.409124281873468,0.9978571542009387,0.5171530903461228,-0.732970649722716,-0.5115738082047796,0.18800739454303128,0.7767408021947584,0.39525287682473614,0.04649667588811558
P0677,1.537891950709846,0.9360016646400565,1.7713197239353808,-0.20128211105882113,0.7009814664692425,-0.16854571980954375,0.3992974932782461,-0.5942621420068569,0.7609169956168316,0.40514661583385553,0.06827448249388583
P0678,1.8358992114999664,1.9154690339787686,1.981499257157332,-0.8266268050694985,0.979044868588923,0.035135364850532,1.4530485425657225,-0.5903654809543286,0.453235945472093,0.523719204171071,0.062207523126063834
P0679,0.9460409224052874,-0.28520598966744287,-0.3633990580903519,0.19699572062255855,-0.06994873298197185,-1.0498251971803638,-0.6020316226859411,0.8510646163317601,0.22262625092905905,0.7248600480541347,0.019415106707266337
P0680,2.896706605825002,0.945185152992821,1.5714256477848185,1.0483898235962423,1.5680069559524326,0.13352221023010508,2.49152749754317,-0.47485870434879224,0.49665051184950465,0.8508462765309658,0.4441779269117927
P0681,1.0506646185509405,-0.01533578650201131,0.6487520302354987,-0.6388225942713927,-0.9348551892785938,0.9439726928408632,-0.3502256250885407,0.20467277086320584,0.13690568996832447,0.18846335976528839,0.05046605465080446
P0682,0.8153964562907968,-0.6924570564027188,1.0589736603039102,0.73874606884483,-1.2277504020465466,-0.051854423289365986,0.2825133422033278,-0.682885483000486,0.12381217477783446,0.22819214111702912,0.07969411272026022
P0683,-0.04904525219245803,-0.39903710436029954,-0.9954618680893625,0.7103465461912764,-0.32592709655040697,-0.7767734904524537,0.604486260333511,0.6203631532952227,0.30413650302017475,0.3823992958370429,0.011088157649299215
P0684,-0.38950390129848345,-0.5753558636034364,-1.487860671865905,-0.8233386274690514,0.017965476722796764,-0.999192406507034,-1.057775852264857,0.3927971395923259,0.32212814776769827,0.3463589323269231,0.08954763180754557
P0685,-1.257131072778852,-2.2482897753208255,-1.9422082651076793,-1.6199830221687266,-2.005774444321699,0.10046169602023097,-0.4919475604986158,0.2192543331721197,0.1312949656837495,0.511785745921685,0.03511911772567146
P0686,1.7499471377922713,1.6317308845326237,1.2003296040584785,2.0511453418307504,-0.6716081596200414,0.3163386926701665,1.1012837758564156,-0.37578305897404296,0.41277670495730123,0.3416381961997339,0.0011821615943417836
P0687,1.5179164255294761,0.7932041024485059,0.8835264423592387,1.4294585053250377,0.6516717958380494,-1.5906493693182464,0.722776219879882,-0.9360532185877006,0.2654516285646435,0.3690664057530745,0.06000663279731089
P0688,1.068727718756082,-0.5780521932988846,0.3076851907816437,0.373962185385821,1.022019666669278,0.17358037486202926,0.6132073895523366,-0.11156747148582313,0.168636570646093,0.7456335338013248,0.04514576217816506
P0689,-0.24989612558656937,0.5611550527780882,1.3761809895072987,0.36991455197594786,-0.4877455964520193,1.6143913879629845,1.1797669028781583,-0.0778347879904673,0.8036557110085749,0.31247961797938106,0.04899324509337796
P0690,-0.623235368451733,-0.015442039878199088,0.2509027229528463,-0.11826800964958291,-1.3461972997006133,-0.7881332866364724,0.2711985681212962,0.011773456313399109,0.43180234510770976,0.4775755266375903,0.03769397301670753
P0691,2.1282852152403016,-1.4150015356158603,0.5132582156721914,0.9386450254295639,0.5576681151487466,0.018439184937898315,-0.37449675915839475,-0.6365313708128658,0.41475942660615245,0.16642273623960607,0.019759290439137787
P0692,0.7700053054508932,1.2747818032355287,0.9102551605582259,0.32366723321877394,-0.6250158642804182,1.5908829007109437,0.47148506400083584,0.49486729002688135,0.8134607268763272,0.4142198658292734,0.025400016135468603
P0693,0.03731945651548174,0.5994496216751707,0.031753013385499185,-0.48691620698978755,-1.3336642430384757,1.0147277183202104,-1.9727242723020653,-0.9155456730385729,0.3821045039340142,0.3742122592183801,0.0721089104167075
P0694,2.0979755678083554,-0.2209614205164943,-0.2933444641581202,-0.8141935581167915,0.27546622289901274,0.425157076317337,0.8259477970185829,0.11249364046983912,0.7960193584121116,0.6378277878990501,0.01635817434234001
P0695,0.5475585192457737,0.3138708743053162,0.30227377760704477,0.6042552807463415,0.9366913777346374,-0.673681403264033,-1.095481617505042,1.2169284862392766,0.41670169632169074,0.30952175369882245,0.04364383911297294
P0696,1.0270551896551712,-0.9445633874124854,-1.8684382856750998,-2.77161763254139,-0.14313718323589505,1.8479529678687132,-0.6787191329704902,0.12050795481127541,0.10837048477199618,0.2710510355977789,0.018514147250832183
P0697,1.3269888538582144,-0.14985970598278517,-0.6087853538202092,-0.09897767643321731,-0.13765472343786217,0.772593143488168,0.25977065023322604,0.4397656906705648,0.4388851559047934,0.5685547920865838,0.04213971783080544
P0698,-0.5822335957224746,-0.7093984373904874,-0.4068674181037987,0.11910172490961823,-1.2960064176453132,-1.7557750416068112,-1.7267635021097538,-0.3369340626328832,0.0024365056060957624,0.4553166223907159,0.07463032077804096
P0699,0.6939261340226299,-1.2303358451168378,-0.6407192753753048,0.23980492720296115,-1.754678460173373,-1.5831848262233539,-1.6098061041692007,0.40680721664039143,0.14100676697599757,0.3191065333604123,0.010787622825361779
P0700,1.5327032914233314,-1.0493153242496434,-0.6889177022007551,0.8056253595426803,1.0883946045946615,1.411692418869354,-0.8660473675015115,0.33550720307714,0.8253476977345937,0.39575878716142254,0.012844318019168058
P0701,-0.1399090571617283,0.014962872762786931,-1.1037933555711876,-0.2796994742218669,-0.2780703603204483,0.3198852373452127,0.5308522802769,-0.5828292464787057,0.1584414066547627,0.26295944489373047,0.001329307365119157
P0702,1.4848175288681364,-1.1054576681835275,-0.05162351568409248,-1.314282848428595,-0.5342635105850854,-0.6811631649848258,-1.4188538910160022,0.3182032347456014,0.312045319401096,0.08367852460500691,0.03870559793829807
P0703,0.7045773206276662,-0.2823205483994376,-0.22731541390466914,-1.8615050255435135,-1.1569494826240745,-0.02832672136169331,0.09970071039145363,-0.43568399404822145,0.7533001836261144,0.3385045970173446,0.011242151493970532
P0704,1.8663785569823865,1.0739454734005691,-0.17159841679165763,0.29607690187394364,0.9334301902177552,0.5697434459929921,-0.4913500419130384,-0.7236873129535942,0.18072242910513153,0.5260658660059285,0.012938525339525116
P0705,-0.8077531592136257,-1.9728182450018523,-0.7391227073484483,-1.021885653709236,-1.9025909729979376,-0.11515421406369257,-2.1549771279230345,0.3797039918963135,0.4309294746253942,0.011615823912123346,0.06135666092034696
P0706,0.9492398577670852,0.0054918499305613225,0.8639232282763379,0.2918945385778562,0.9590220025931572,-0.7957723566030862,0.14802953057970122,2.044296650515302,0.0905787618779329,0.3036268914404518,0.38982275857668425
P0707,2.039432214145463,1.1378928530435484,-0.6173186515920709,0.07192516921060918,0.13403337842845692,-1.103561147055646,0.007167533520996397,0.8451787818786596,0.8407134276944528,0.11018692279126854,0.061398377367485275
P0708,-0.3549729324222285,0.25840467039767634,-0.9142004614249012,-0.7038944109117411,-1.4572843164811689,1.1696196522734301,-1.1482995450541653,-0.6931320735978562,0.10921717927140628,0.44471700392231944,0.016605996857138424
P0709,1.2148146657803207,-0.05962760475580613,0.3305544461857206,-0.2930847442279583,1.7906483182597592,-0.07901299392977272,0.33431943328648733,0.9332627587784039,0.08703810295035225,0.45622291313130625,0.037382377724247434
P0710,1.6033421499573506,0.8162241925322727,-1.1849432841172722,0.5383507218867535,-1.3668887508415097,-0.2074225732138828,-0.24308753924474638,-0.442296506263696,0.2976979053379305,0.25536378589968534,0.061540119348054506
P0711,0.27986473282482094,1.144310440418891,0.5564626533820993,-0.6378796699437128,1.366997883811466,-0.49624972588534827,0.5128086417906931,0.9810436339526762,0.0,0.2724936692512796,0.01884723000880046
P0712,0.012183660955730313,-0.2797693501812251,0.632679405866162,0.8834456717805612,-1.0543930048715953,0.5873239390452649,-0.12915213624279379,0.4650571105931386,0.4220408265000374,0.5394359262033162,0.055792458667479096
P0713,1.9997797865706608,0.006952423834706362,0.5934698792110678,1.354249607324467,-2.4515495736323527,-1.1618596460898507,0.058099323290384725,0.4876065585178809,0.15900737499631373,0.38844444171744774,0.07616687175885188
P0714,1.331489248678594,0.10039784650344166,0.05191252656450727,-0.4930509016079884,-0.19308289134926246,-0.6755722623190421,-0.5152111447336288,0.10547320897363428,0.09885703262092127,0.39079040410051885,0.016801150807837808
P0715,0.6159439234080931,-0.48317882638892873,1.0479702545614067,1.2982962391598438,2.5952967210777356,1.6725651011215534,0.16349797104807948,0.6662598174268035,0.3448826586713377,0.779904050645318,0.06305397989446603
P0716,-1.3078888537594402,0.392117363509942,-1.1910821933552929,-0.01771202072442282,0.21311260694635042,0.5294324788181152,-1.6316630495071873,-0.3863646678594611,0.338277679849719,0.2399175793635916,0.0494184558383114
P0717,-0.9442258481155298,0.3836128728340683,-1.7154081273760453,-0.76860708977527,-1.0325384351342628,1.0519358091879358,-0.5928064215252862,0.7941840502628266,0.7490016803010422,0.41150477044069483,0.07437118290146046
P0718,0.2606900318651576,0.09530931019613485,-0.21175107052397882,0.805814949295777,0.5975300708290622,0.651020072231479,1.2381723251682946,-0.05178380156363357,0.356551191343641,0.5679491137916786,0.013371773115870959
P0719,1.069099922125936,-0.8512699298058918,-0.4253612233224151,-0.12853928061079267,-0.3921284686492837,-0.42439546744780837,0.041190331015427926,-0.8691494774989375,0.22464880662192024,0.28954635006830703,0.042636414316995816
P0720,1.5758375754985634,0.4038628974066606,-0.4609364290078249,-1.5367041204242406,-0.6641226471459737,-0.2753842308448528,1.1634431383702268,0.3349832181387774,0.8802279848424661,0.6624307535762796,0.027740710609729484
P0721,-0.7584113169584409,0.5702032279050125,-0.6736531903696972,-1.3616680435076698,-0.8209433622532921,0.04084036985780268,-2.1458085162607063,0.522742278314064,0.7432489444653466,0.304453926805156,0.014372801190417799
P0722,2.6614639704490757,1.7951001472435548,-0.5322779559886879,0.7739398093550742,1.3053334463305923,0.9649773195560246,0.844712536894725,-0.9383637626025036,0.2296890733445933,0.4200005197922113,0.025984236099592797
P0723,-1.6457873947523827,-0.2078594018198768,-0.5367651650260891,0.5697698365360001,-1.836650733195908,-1.6338191154020707,0.7001259510188045,-0.013205776722434167,0.39333755564029027,0.7157387834058213,0.08138433693233323
P0724,0.5883957326019351,-1.6384935383387904,0.022934333090648303,-1.1639825982843148,-1.0254491689690137,-2.3775110639727655,-0.7963346583516132,0.7721289083496135,0.24411127544458205,0.39641829371852977,0.03887738007636094
P0725,2.2710880733754473,0.7761386500867548,1.2983936462500498,2.2017887277856847,0.9775955858217548,0.14809898268703645,1.7586587164366307,-0.20209560677669866,0.36305871494258557,0.5117486166428797,0.0915587252725662
P0726,4.221123912169224,2.345753288559742,3.159907460556914,0.32040296309505306,0.1156907606007991,1.5490802962967378,2.064628954515532,-0.4045444013626735,0.4691622426321163,0.04357863867053524,0.008446496664629044
P0727,0.36361996938950714,-1.50009103105945,0.6387276032700602,-0.17980395222985007,0.6344352826313822,1.3882925320804373,-0.010053700618792611,0.6768252035227833,0.21572148620175463,0.5802513182315594,0.04061301583650196
P0728,1.5433514969997262,0.47228702787846866,0.33606032953114423,1.19365800019897,0.42321499310753274,0.6499325551573552,0.455586326439207,0.30874802268021895,0.1808969475928664,0.3918827445746179,0.041254147319527035
P0729,1.029539259303529,-0.08831946287147883,-0.44482427644168687,1.0139213941761647,0.49242349050560386,-1.2047809173846842,-1.6663443106694178,0.14233016142214344,0.22639821763352527,0.0,0.010300092067363677
P0730,1.224575357271768,1.0327747376015557,-0.27171441073206093,1.6076625643342932,0.5043056072996965,-0.9105412248763194,0.16906856246334245,-0.6460307502399429,0.7547894198569989,0.34824444112173797,0.07148441068912326
P0731,0.48164554443955376,1.766405726409143,-1.3694252185413394,0.2815741102483221,-0.8107632439610638,-1.1560819984263306,-0.49359502633169605,-0.7345717243370841,0.424171790982799,0.49410540586686424,0.10717478987566782
P0732,1.479689197221235,-1.5487122661032977,1.1270351713555038,-0.20053951810762224,0.2766114747611978,1.0867061348007705,-0.44004753926954854,0.2435268720869489,0.679569335904642,0.01125171089289373,0.045962325343526136
P0733,1.9533377672334415,0.49189998243355226,1.2417480795190778,1.2928032624299166,1.0956932634202428,0.27445433548029746,1.8849029338445842,0.18373178868957268,0.4270849728775508,0.32152454164056943,0.03222777861273434
P0734,-2.405804406307239,-0.043648492464084906,-1.400132688627986,-2.011121517073576,-2.8839751881770734,-1.2619017104007118,-1.8876692422689354,1.6965654702963107,0.30516929940506465,0.37016100561634596,0.00594063611165907
P0735,1.6884074134616402,2.4532406078892017,0.043031635688700456,0.12540092537226427,0.11743239516941774,1.092966506303722,0.31367219653014017,-0.12170035796931997,0.3051389663567279,0.4318921983805573,0.032146728154767504
P0736,3.184746796987213,0.4010855588244,0.524662236161664,1.5243982685549573,0.18945735403256828,0.7108426758465389,0.2933357116883296,0.9320529933031696,0.48405792727743235,0.0015286588348383257,0.044067760662937244
P0737,2.1238104099105866,0.0001778731732820966,-0.7119958819670206,-0.28239101732463545,1.2164252211650597,0.8197804968060167,-0.3610674826649784,0.30134712213021075,0.5114688311002472,0.46357485945125926,0.05598954034519577
P0738,1.9507320652936695,1.4861240622337466,-0.326078822420105,0.008439349227230174,-2.0200143485311552,-0.19541849967990724,1.4460302986075944,0.2925327689551315,0.8880102243145227,0.4300384843338562,0.06442998608522511
P0739,0.5923699893408638,-0.5990611568679218,1.0922768173442747,0.3832011651295834,0.44404243966645396,-0.7489354615604056,-0.11582363056305607,0.8232815022369795,0.3812004202941197,0.3965129248248525,0.05217956097885384
P0740,1.3126077229285844,0.30242445309842825,0.17445463554138382,0.07279541222388233,0.2766713403683535,-0.08092973277597917,0.658563874372389,-0.34307413284788413,0.33846217514430665,0.0,0.020731329412667605
P0741,1.5401206908857732,0.25922671083530097,1.0912887942143326,-0.6861973917812563,0.089698786918355,0.139876579584315,-0.31642924488215807,0.36281466082810665,0.6226007703476812,0.31650814556423756,0.019139657314183708
P0742,-1.2197801030128157,-2.561721775981223,-1.8225608303420395,-1.3658392258984804,-2.007160616207323,-0.7746485943041295,-1.793310139043698,0.028493895897582323,0.8117316171460067,0.38135577885184846,0.0026296595939554563
P0743,-1.5972554681912006,-0.459026183963465,-2.095019663874831,-1.3721073115495206,-1.9060302616182183,-1.7039658259626023,-0.31185502502170553,-0.10778994448288376,0.2553532446255856,0.3895535712863204,0.004563411562813065
P0744,0.4915296629475969,2.325010692316984,-0.6767245193756256,-0.577660820242396,-0.5074773920532127,-0.4081113298072369,-1.881073844112983,-0.7790160193233504,0.4348132627406162,0.5071242354146018,0.008760258137209032
P0745,0.16606374433264437,-0.592548539763829,-2.005948803094139,0.08537717457493736,-2.5155261590762104,-1.34714574958579,-1.1371252937593161,0.24980226791348725,0.18730459496743906,0.0,0.013867668468954666
P0746,1.11552472606059,0.09496293915063227,0.7055718605326203,0.07846930959169271,-1.1456848645691398,1.2749791050153731,1.2495650020027513,0.49216771577425283,0.715808653445771,0.3178543042565239,0.010219373800600331
P0747,0.9849157770563007,1.3852003460310196,0.5753867852182726,-0.08491973991389129,-0.3073344205850522,0.21106012370614077,0.7547764347948714,-0.6448662483191221,0.4775915111404385,0.5996680667917416,0.00576193749885306
P0748,0.5204590716081703,-1.2013606113779247,0.5430470890653296,0.07773187974314487,0.03321941550332317,-2.2450116594636538,-0.05456483121678908,-0.04494610904589211,0.2355489046103528,0.5716548453205816,0.030890655167522957
P0749,1.2690522879097959,0.7578824880989611,1.4336985949168546,0.1356313226561494,0.07518962704509172,0.46794691258464,-0.6178617722029577,-0.694701658335511,0.866621807619062,0.5684638320187847,0.03174367633308741
P0750,0.5734976925052266,-0.5021426359121504,0.00832917928773967,1.1020175211501573,0.4100878236521366,0.011249086183675292,-0.5381473358130191,-0.052511325417639296,0.4722779516073086,0.29001541482670995,0.004708993320270222
P0751,1.4046307104919773,1.3982611273342769,-0.460558497635928,0.7446557854541246,-0.15780784614989773,0.5509367262788778,0.26625826934244085,1.0240882867469125,0.5485606067666984,0.43749337042170544,0.011989000428630688
P0752,-0.5524872125479884,0.19399874671451742,-0.8857825917801067,1.1668893052309244,-0.6808000355007581,-1.3585672065812733,-0.8198112879857307,1.423448933826659,0.8445870067931971,0.30385193153174617,0.38715738782219455
P0753,2.0434981774400796,0.4282934796953166,0.7636480655226798,-0.6006990488581264,1.2295205535192146,0.8657562314896811,2.4120533994598317,0.8564610593687284,1.0225810391907124,0.04876874310535967,0.017548990424275518
P0754,2.8739217864133346,-0.3157371718954126,1.0210691760813289,0.22447548887447644,0.13568876877553732,0.8687979868603501,0.8627126498612399,-0.06848971654815142,0.253482810417246,0.0008065399429720843,0.05035552197946292
P0755,0.614214224038921,-0.608056342931933,1.3339047095899097,1.7463126978582348,1.1812980716041914,0.27729465321529423,-1.1349136688712271,1.0120742913629703,0.5103632534522234,0.28788247066837447,0.023952052218715984
P0756,1.3731445082559497,0.119191394690092,-0.12007299060851073,0.772415322340338,0.2980878574299835,-1.3847466192082252,0.8766665739593206,-1.0302977851388508,0.6969075014444746,0.2775127472612669,0.036370042470052814
P0757,1.4942938411981266,0.07709515151535766,0.8762265216569927,0.3363138692157669,1.8486154599579059,-1.042780420558183,-0.595877283129539,0.6087357697992097,0.0,0.14168766842198957,0.010156833101961629
P0758,0.025092419426239854,-0.02222379679041024,-0.213435765285926,-0.21431127086744556,-1.6965714097913476,-0.7811479773195643,-0.5199403819199325,-0.598391682830638,0.6672050690586624,0.40996509643070456,0.007818377743753463
P0759,0.18169913742899013,0.825623360432082,0.3664083986150141,-0.30737287462624396,0.9857828022991809,-1.1656389863209822,0.0531089581657227,-0.5187521021435322,0.15346520856111195,0.37176840087779967,0.0535905387205432
P0760,1.9243125511963806,2.7056624118015598,0.25731200436161655,0.30673075524729654,3.5719772040494666e-05,1.3782830926626584,0.1257973573456847,-0.43699629584081967,0.748596205426447,0.4596443154509019,0.34439939783300466
P0761,-1.6605198966656265,-0.8827901728435115,-1.0715626047284823,-1.0773009277912422,-1.5283694991603873,1.1578011327616364,-1.2096627243979636,1.8857487164445783,0.12070062748819416,0.381499928056618,0.011253028995534266
P0762,1.7227535978406636,-0.696738968741934,0.19001605156101095,0.06692559357127503,0.6925195559092113,1.126928991880617,1.29353616174485,0.022565220315256845,0.3123269259559644,0.1549216728921684,0.07452760108512362
P0763,0.41677030398792386,0.16832797751768785,-0.133755881169979,-1.9833244010220221,0.4539515103124153,0.5532197151530852,1.9802794308584784,0.9562599227246522,0.0,0.0,0.015756660365874097
P0764,-0.12137737966148676,-0.20841296241120538,-0.5583027521689742,0.15792872339460107,-0.40707533565521997,0.9297720787336196,-1.1744942238046,-0.6617976402647674,0.356176589112635,0.36233575884494684,0.03279861418393791
P0765,0.7178686082878459,-0.22709479697347607,-1.7482468378949816,-1.1253680814165827,-0.26754496671027195,0.5431185040568074,0.3749100402699111,0.1740268583064356,0.2539372478238887,0.0,0.021747260558703733
P0766,-0.18308481435896062,-0.4995264286384628,-0.11797632692129235,-0.024221902553098883,-0.473810022480488,-0.40552433737168386,-1.609665336330407,-0.3940158024570808,0.6254034397830353,0.5455506261144182,0.010789471348142874
P0767,0.1786543952872034,-1.0210584790573871,-0.7164227274315633,-1.1849642701252712,0.7338269096471524,0.4748200658692593,0.31587850039858667,0.2698186998499436,0.5252601565069402,0.6421367031656057,0.05048100276411232
P0768,-0.4147636192016816,-0.7478582933094094,-1.6314826313420603,0.006717178900863148,-0.399706935177379,-0.6360792700024895,-0.2548975414115664,1.3001961565418778,0.3718005478132975,0.26597947222433277,0.025769086720810443
P0769,1.8777468840210836,0.4371373750793933,0.7471228272158357,-0.39624773876130487,0.04142352986448803,0.052635530255945986,1.2688742702015725,-0.2334962375075164,0.7798661263377102,0.017275039896777478,0.03501395791353051
P0770,-1.4657382756387811,-0.24985803081913419,-1.7984629190995889,-1.0365094644809605,-2.1439462392978794,0.2078874000640149,-1.0483136409777285,-0.07356947145421573,0.3028432200949965,0.4850089152099455,0.018832027091785296
P0771,1.0380120544760696,-0.867952755178231,-0.30220260747456656,-1.1200319007700352,-1.4878236196738595,0.1622030534341304,1.7877541071744627,-0.3664714209782224,0.4729404064479644,0.2947807504291007,0.027162176481642236
P0772,-0.8088141868821496,-0.025415572187603538,-1.61344480659772,-1.1289881843660778,-0.8290022542975108,-0.6062301763752279,-0.8160571012501213,0.13701366212869887,0.3216676073005529,0.31375574615343477,0.4018857736538475
P0773,1.5130513117258086,1.8709834319249075,0.5854542221963597,1.1404140852281126,2.1104478766878136,0.148052888985652,0.8938153697575675,0.23805704338725295,0.4609278893214478,0.0,0.07856024130258492
P0774,0.2854220752415617,-1.1169210664994382,-1.157570576736199,-0.5856377826862431,0.7597235500601162,-1.0334549437767333,1.4081249090350214,2.395169864614231,0.6469451681566261,0.0,0.017373169894322936
P0775,0.8361744684756288,0.0330146589165683,-1.3412022387032145,0.8657439236633584,-0.3211805136664101,0.5329595761810452,-1.6759065463213882,0.46295524948412803,0.4478753150351953,0.48017383069706354,0.01702235674815748
P0776,1.1894316895114796,-0.3527559121965908,1.4216511668797713,0.3511380392113432,-0.2836625398009122,-1.0573094522096582,0.6969270544530511,-0.13659443036727725,0.45963742199786156,0.43704046280008174,0.0615107412797152
P0777,1.085642736427474,-0.8502156906233268,0.11885976102623973,0.7862021839409488,1.2603450521198987,0.4525288588570524,-0.7221434942790268,-0.6253885127163686,0.8204631591039533,0.0,0.01644133324141049
P0778,2.320183109035811,0.1846241695064467,0.5056522713985914,0.4546668426624899,-1.16845994398521,-1.8855060399186325,1.1642249798257298,1.2869632577027477,0.38151858837865005,0.38205390183097854,0.06359304996737715
P0779,0.25821763988825364,1.2152655964672376,-2.1184359547139913,-0.3532437154131522,-1.2039627745277086,0.20757793484019654,-0.4027473928061705,-0.20613429077583695,0.5722868769621803,0.14695957324835376,0.037887866754988675
P0780,1.9936228259284743,-0.8139681640420451,-1.0341368744921378,1.3760411883959143,1.0155626247873253,1.6569035066174922,1.08719534432088,0.3134883817337159,0.3915963495794021,0.010258678913536545,0.01904009924342948
P0781,0.6263559317839531,-0.3201897297522429,-0.039715497527668425,0.24397449219822298,-0.7092545369599498,0.6761276754675947,-0.6850671862364035,-0.933528979943996,0.2157824463544728,0.3178245329218445,0.04279438903222522
P0782,-1.684034071163817,-0.22812210366339902,-1.741856900515269,-0.7670123972416434,-0.4938917984124212,1.1437304302722047,0.1405635165001537,-0.7033567506454645,0.8143746688871336,0.5109329183766576,0.03837121195717358
P0783,-0.023024276306507385,0.7838647283306861,-1.3949184843849283,0.1321073063910251,-0.7059092997010428,-0.8932924685826589,-0.41627393169550525,0.49982833071119537,0.5217454112264227,0.23321366276084027,0.07376618669586421
P0784,-0.5952459419740427,-2.3376316991416264,-1.330171853869711,-0.43470850568542535,-0.15076553709909632,2.2570141463149116,-0.9208433248788972,0.7329177904876587,0.2575604189356948,0.4709985494131725,0.07929009913358676
P0785,0.2949786175901882,0.16968025375507026,1.8456001507369073,1.1593284635429355,1.847232155104964,-0.04249699533554017,0.740487308676504,0.6080019656422077,0.0,0.011006570640504698,0.004388727737478081
P0786,-0.528136725894237,0.3153761417717978,0.9731675445836968,-0.04326777309598732,0.2942485074237985,1.6981816469637634,-0.38302657252694317,-0.08343259985425726,0.10932643128500891,0.3692627377940694,0.04782114436661533
P0787,0.6543841700967706,-0.1355952921815945,-0.35352156180544686,-0.5730633042342276,-1.1002934872492607,-0.11820945347596262,-0.508857250305538,0.21234191542077147,0.5859337196892348,0.4008042908424809,0.025730398307215206
P0788,1.1770987187993849,1.2517840435386753,-0.7420234203380686,1.8375531937531195,-0.3513570348907718,1.0767744543259934,0.9074425503341103,1.857941486707996,0.5772350816172227,0.46446026825270637,0.0015053401622989165
P0789,0.7227797466381398,-2.2677721019215125,1.6996006536077617,1.4403669786220197,1.7307450001211373,-0.9058755068213126,0.48909541071246476,-0.9343522769017196,0.6016266064169071,0.15831376585581972,0.010684059176290553
P0790,1.231499411445563,0.7084380794668421,2.5200418852217115,1.2350610068684231,1.0682456820552302,0.12341832200835245,0.33482197171683914,0.46616330161662867,0.35772499661247215,0.252794964845947,0.005143562939237008
P0791,0.545780347289,0.05173325084558328,-0.5512911386740477,0.02642904572077896,0.793981563907577,-0.9894244206384336,-0.3817420669223933,-0.34825122278294723,0.9811830179050753,0.04624896781776289,0.03310649712609103
P0792,1.1774459146586704,1.833355633558875,-0.20507603485334863,0.24312890846557456,1.520227980017616,0.0008254958341368909,0.1210580315606239,0.39727446032454794,0.2685390872879799,0.37599764233641103,0.06792867720667141
P0793,-0.600881544047326,-0.17030318487813492,1.1369232315512294,0.08172271190736935,0.18721355067787732,1.6399622560211147,0.5151960925603707,0.288177745014665,0.5635118587016891,0.59865458588846,0.09895493393141293
P0794,1.3654863661963565,0.6477122175047255,-0.9633089593941976,-1.476367463271608,-0.9483360785402298,0.6843675313555577,0.658486187114729,1.0762514791715465,0.46550148007683656,0.7261732930873384,0.07813262782383136
P0795,2.0009644422984487,0.8206760234410386,1.5901799118629587,1.5596272376517564,0.0636038837524573,1.1480204578058264,-0.7387246778553491,0.1548630950546019,0.31841918778159195,0.9921378003215133,0.00878172413010425
P0796,2.6500959083203712,0.26851909015480485,-0.5799924488811669,0.05952359211118555,1.2397630791923622,-0.7243713795009801,0.5117859283075489,-0.6020583421017018,0.6087172447777969,0.4471493876706164,0.02592189199549047
P0797,-0.6444853456919247,-0.35068479805589087,-1.0417210624364108,-1.3442277049018643,-0.36784148150465,-1.7855193060861752,-0.7179392869940516,-0.3945172904551171,0.4743757677271089,0.20187779455617708,0.06259594498352594
P0798,2.1616358618061975,2.3114383921369477,-0.6140821213657863,0.3762693479163213,0.3809859897879297,-0.4549919248463458,0.4549424112221754,-1.2652545031760385,0.631361811501952,0.305015543203858,0.0564954030783403
P0799,1.2345311214086951,0.47696612670438593,0.5390591687417082,-1.1876470125784686,-0.16142659948325191,-3.5848595525641764,0.8730342607767113,1.6348594643510477,0.4247874553538119,0.4553621381367182,0.01909305186226064
P0800,-0.7856369263127091,-0.6164084971147527,-0.3853261916442874,-0.2523615160577711,0.4663588489163176,-1.5896653184230445,1.1895646445538568,0.38881899912904294,0.5939677373716754,0.5073276249357985,0.0266524595483961
P0801,-0.2331728652593027,0.3713333760102465,-1.263351634993458,-2.983861527238279,-0.09364836805980546,-1.2707698489510328,-1.2596510248692427,0.4062889449030218,0.41281157828903137,0.18407492267473416,0.029876410525342376
P0802,-0.9721489731936049,-0.837535120749709,-0.7787151832826975,0.4012646652045773,0.27410591191848804,-1.7666011518974372,-1.1664479713290872,-0.9241546911333971,0.3075427299749833,0.3838396494821492,0.028078284953754366
P0803,0.8325254152464409,-2.429735286048496,-1.6102377030556028,-0.4238430086327665,-1.5082987514004926,-1.160761013058164,-0.4738236779824216,1.2085341353974504,0.77966842773653,0.5186170396758978,0.02454067162036157
P0804,0.48988566959387353,-2.3531122104828683,-0.8847152411373578,-0.5116026331699671,-0.34315868973227065,0.16345612399155734,0.02368199715731428,0.32279712416156947,0.7315405933770296,0.48960515694229334,0.034273456638751455
P0805,-0.3727517347982173,-0.8308989440885559,-0.038014678379293135,-1.1615573784570459,0.7343563638896704,-0.4360940843511164,0.9478819208280168,-0.06392583907697708,0.4003828015840075,0.28722205731728745,0.08833299226409273
P0806,0.2213116852940089,-0.25979781383397527,0.20014499307409195,2.244510627710612,0.19238242144927675,-0.2047970751732269,-1.2502002909488803,0.25585757936954456,0.9196252293217935,0.4730340339354209,0.0328890788552681
P0807,1.0268977238234431,-0.09814830579028334,1.0537350995742434,-0.4068295996109173,0.21350325556215818,-0.6145976523661123,1.1471025539876738,-0.3454628177882393,0.5554080636289862,0.5609940721296816,0.011410020242658577
P0808,0.4948359863839864,0.2690694361268697,-0.8901429648124416,-2.2244055516151056,0.16237710492491156,-1.3326925403807168,1.0780233536049897,1.451739772805055,0.0,0.4042263551649079,0.033220690834186495
P0809,2.2401633215487204,0.4673824213027242,-0.27795264615328297,-0.4843535147088137,2.1638300822977983,0.07041121141212643,0.13020606656583852,-0.5655329959973154,0.4283412994905146,0.5179135739698972,0.004949717193991302
P0810,0.5366632320344065,0.2730776201427596,-1.5081491002433245,-0.28132288321471116,-2.322637629811033,-0.5136793051355394,0.7277059688438853,1.0001048148932106,0.10715560628685711,0.399516989723148,0.03737328573006028
P0811,-0.13318026959284268,-2.548224176665536,-0.7934005945393352,-0.6555647378263452,-0.5380193678540832,-0.17469917104315272,1.1837468481673927,1.0721247212322975,0.5385384819510698,0.506351633212792,0.07901360146967899
P0812,-0.7201133115491248,0.052899270185117274,-1.9017267303572059,-2.1874622422213013,-3.0865578045911173,-1.394650687199845,-1.0421592720074517,-0.20106733830633675,0.34819891505460454,0.27211940443005145,0.07416548607017381
P0813,-0.07342364241647159,-1.6439981177523284,-0.34020786955033594,0.6142130460253482,1.3664268604393102,0.883342718558366,1.434651143976243,0.7884829241807605,0.26866189753456393,0.857259611230476,0.05006447798079428
P0814,1.5899916523112096,1.4446818202832779,1.6199648591115148,1.0022421069418206,0.16835348983881498,-0.1567697956495405,1.152279411241323,0.2353756130323898,0.5486205339467372,0.1851060129705306,0.06182056247958444
P0815,-1.3376075692591267,-0.753946221030787,-0.034797883462829665,-0.3906270033094401,-1.4430370538029436,-0.35569790718756017,-0.41968468125011976,-0.10362760318945108,0.2427973399433318,0.5459303268018678,0.10563269171917207
P0816,2.268243315343481,-0.4844590861023244,-0.06167264535660905,0.9122230382696729,1.6596299207747611,-0.6649242746345715,0.11524538110118812,0.10970793208693397,0.6834885096786053,0.43968675496504317,0.009566817863997948
P0817,0.28484469792760836,0.9529178547693842,0.24668892344571602,-1.2153058731285271,-1.1090166724700832,-0.4814471817870423,0.5406806329289904,0.7676939602223664,0.40023105746059795,0.6755743978099826,0.09380376865562962
P0818,0.7855423511624194,-0.07548792481553149,1.2301510370867832,0.9372939285784488,0.790907783546239,0.965277899408208,1.5568675542252288,0.5836510727920605,0.8488002753982029,0.34115918043283655,0.35668540147426286
P0819,1.6376731435198306,-0.19486832114082894,1.1959675612639598,0.3810995102291318,1.0377049736478103,0.5571325160101493,0.5673032135012975,-1.290623976099966,0.3496626150825039,0.44893406386234724,0.012685368859702322
P0820,-0.33440925130664023,-0.12835135475564274,0.824884104249601,-0.08561471196328317,-0.14886535237411286,0.2818650055386781,0.43602984178004434,-0.9590103133922749,0.5546751304049529,0.6939839787474283,0.05662023954893206
P0821,-0.9345810607277788,0.3548455612265075,-0.2009314020717316,-0.3925167296932756,-1.33618931429045,-0.06729647650038385,-1.299540854885066,-0.5108070980470586,0.792823287960659,0.00972076139593836,0.037772394032883926
P0822,2.0540441482342238,-1.5565172953659308,0.12261025770320054,-1.0115287050940154,0.13627862606924948,-0.0019860634474316743,1.015966590036127,-0.5534597365379543,0.70841193920076,0.4544781710466566,0.09174000609763108
P0823,1.1335572442771618,-0.5592296354671962,-0.0897262986308753,-0.253563591526951,-0.196902874817821,-0.4803208815614077,-0.8306271847555806,0.3217809240230849,0.4032242472213827,0.540278868477543,0.0468151837439881
P0824,0.16893719375741845,0.40898347839425936,0.09007967138702742,0.5558270750848582,0.6832997037318939,-0.5425860776868584,-0.7915590911584806,0.5957506624975573,0.41600337909502966,0.2622288697347793,0.3754750331157405
P0825,1.0271126297935609,1.3182538650794198,1.8872139226863474,1.4713356035567209,1.7008011881464813,0.1891583333797402,-0.1743659331424881,-0.4658670464037493,0.14934643497162714,0.3491949659848101,0.014603083050281792
P0826,-0.9094387848339388,-0.9684447017181852,-0.12718640610915596,0.19402179069864223,-0.23409625513288432,0.22516023729885776,-1.1864049674370514,-0.04330376946128594,0.35303120262671345,0.24287092670357568,0.04220499468458986
P0827,0.2710648850609727,0.37445628027044725,0.2981512244785852,1.364304768553276,0.07695265713061657,0.6171346282471398,0.3671827520682156,-1.4883211206104416,0.6579917890006124,0.5532422198246232,0.02566410639621558
P0828,1.3852658786918535,0.8394213375204678,0.14487672904989937,0.018707361215164194,0.24633265247175717,-0.410847439399986,0.4250768858531592,-1.0464049946683365,0.6726555400853786,0.7130756426177145,0.07792489846769916
P0829,0.8287583438270073,1.5384051859760648,0.11481203563097067,0.1713553176697431,-1.1273082295935337,0.4424225747293217,-0.7437141779067076,0.32401863825017463,0.3958684897764167,0.0,0.06857856101461526
P0830,0.28943777882396127,-0.5451620192148109,-0.07031786203345,0.04811617036986866,-1.6764234986611908,0.30777725827316826,-1.9556323318600741,0.3200228277848166,0.02083086371142756,0.48935007322807833,0.027246305914768353
P0831,1.2629763304005188,-0.28816276957322184,-0.2587281912899194,0.6315161343038544,0.08297233134337396,2.08961974593245,0.30796265446647075,-0.2625014402670831,0.09279120588492956,0.4182416850850098,0.045125597144011736
P0832,0.907603173285952,-0.003435260178726468,1.186791190170987,0.10923809988269255,0.5725566411804803,-0.3981054032243163,0.6658191812130768,-1.171154690307245,0.5529080424750656,0.8665743519414332,0.011593495832078905
P0833,0.15718948710468805,0.08693424175205265,-1.289893142737361,-0.036957604735987186,-2.3048656085396004,-0.7234956929904979,-1.0312850964595999,0.09312405640425525,0.0,0.6513494157748192,0.019545903972427715
P0834,-0.9253595931262243,-0.5871480891804904,0.9401069661990081,-0.707450902058938,-0.6156467244719731,1.2346340533886393,0.990209492266339,1.229778813442245,0.4661125917702357,0.15929508150152316,0.06519183954145447
P0835,2.9031836586570416,2.2837026316179476,0.750183719569928,0.14872322105482152,1.7032036909006356,-0.08307332747695748,1.238811933148738,-0.10267846787555752,0.5181678916181625,0.3126637567434462,0.2425423101044483
P0836,0.8965346427140792,0.5741029791525717,1.0152169782277276,-1.0583201033344884,-0.5477009611727691,-2.147313898571657,-0.9518159984928415,0.2966014601685446,0.6467568763980935,0.0,0.4399038854129458
P0837,0.5893338326610631,1.0894118828699277,0.1791566267305142,-0.07656351314496743,0.48571359625228466,0.5546022969708194,-0.7521624220122882,0.4156529846870487,0.5135367246385275,0.010527349739703207,0.04570432245427531
P0838,1.048883013003037,0.7135931571272595,-1.0474646883769732,0.17022465274270282,-0.5610979408256056,0.9030881593887242,-1.2469942479621945,-0.05184830918834782,0.20267288227254582,0.2742172605932255,0.011219305481122854
P0839,-0.31426599353333684,-0.058485573324936556,-0.2158222122258802,0.3491235775579316,1.1268048177636656,0.19017504712074304,0.3365336324217826,0.7172346698846673,0.11391887020329561,0.3590842641171192,0.021750250357288062
P0840,1.1927557079779052,1.671469430724013,-0.751263092165721,0.7103569791455014,-1.2128951715611702,-1.5405220472435852,0.7556772380755926,-0.21516667370659637,0.47032595214042827,0.5271929613527222,0.02908929105359411
P0841,1.1677133154665402,-0.7862712877700927,-0.05846571423539926,-0.46626780588759575,-0.7154617602583339,-0.05903943130575524,-0.31182127033895507,-0.02085368202785673,0.8544122540107457,0.0,0.09664532437619351
P0842,0.33618231225795725,-2.7241436757164648,0.5237407273843107,0.39571246979245206,0.6669255158622588,0.7420649803310255,0.07461656871127985,0.5133119844432541,0.45410853719892497,0.3917701158173047,0.04211663634364895
P0843,0.8878090421634954,0.3883468745186849,-0.8018820234349376,-0.9276244532267839,-0.7754761945972408,-1.0465043765153519,0.054993341802974514,0.7554255177897469,0.5128680307492908,0.12946484499024852,0.02322326440967941
P0844,2.294422277277991,0.8938466960636869,-1.5323030592027562,-0.7971311169427766,0.06770405677228873,-1.1021300451618499,-0.32724861911320274,-1.222997523021355,0.6012019730283361,0.40365994725126536,0.015474116465126331
P0845,1.60697635081479,0.8764717135804307,-0.17875070044320146,-0.1583027106404515,1.4551623884528204,0.3670092716976375,1.0078914303445616,-0.3292816597862498,0.41672693755570794,0.4056694217074982,0.01716584437308974
P0846,0.10808031556514819,0.19821731397294567,0.059605732235565465,0.18636521559813102,0.23743213512443193,-1.4699315033240385,-1.160533868996506,0.5797220708254203,0.42814785612903167,0.3174291902347162,0.06378885366194827
P0847,1.8909816118758216,0.4423911679545934,1.8932397185101255,0.6416662949994356,0.8939020066061137,-0.417980820727181,2.0247443388053665,0.44504990178477566,0.684489503850512,0.33490827884420826,0.026901442303144573
P0848,2.614170189489888,1.01676139276345,0.535133603967249,1.4279535022396213,2.09505948751815,-0.3877961868276342,0.6693864335252214,0.6816077215664949,0.7085669434868184,0.2524276539725039,0.12596254702835863
P0849,-1.0444349709517735,-0.29107476517125674,-1.2736938775965783,-1.337906119645218,-1.2772038103453955,-1.002753716913495,-0.6506293874145196,0.175808440348414,0.34815403738524436,0.34724796793653756,0.00965269534015332
P0850,-0.08806693884902272,-2.368126336327035,-0.07282269061973717,-1.8884321306829879,-0.09437508673957654,0.0828666154584701,-0.46914422367607145,0.685382318517172,0.3906048057039175,0.6181668842451249,0.02193152076504875
P0851,1.33871091736763,0.002486041152937571,-0.7938763527261239,-0.4896629264283336,0.47456365429026776,-1.4339234501105356,-1.0628022611147732,-0.4208373819323044,0.7638695000623213,0.30300219046236326,0.014887643502881373
P0852,0.21884535461751764,-0.7654729885633962,-0.31138919039162505,-0.7173145363893714,-1.176469047719744,-0.3741505721991837,1.2233053190863274,0.22430701951828402,0.6685430416435044,0.4542162910173523,0.01885042712411939
P0853,1.00301033299257,-1.347768142359614,0.521005457949258,0.23468927025030212,-0.12689602218262164,-0.6188822201902257,0.40921664309854194,-0.9779939447429897,0.5878211274131124,0.00269053532932928,0.01899105458271317
P0854,1.5426028495390662,1.3190773917086984,-0.1730372244298295,-0.6533899780226208,-0.3907135175620664,-0.8333368305609842,-0.15886975819676166,-1.0794920528907515,0.2048842760848727,0.23817895887913726,0.015054272126181715
P0855,0.6158425653344576,-2.467821697871756,-0.35073530278792264,-0.8925561498023193,-0.994759947305464,0.3913121905763042,-0.33351725267125437,-0.3453036137471782,0.555790080254713,0.3986511619335459,0.4047421412737501
P0856,-0.18108359635104143,-0.3388417741248446,0.27738426414517636,1.1867937584924273,-1.8569002678762265,-1.2428150987550857,-1.7962361222648136,-0.42346007338677893,0.31900412468635075,0.11296770439971277,0.061460277071665154
P0857,0.7970959331616257,-0.29843302177596975,1.659850489748445,0.8940461686955387,1.062847182228467,-0.785327841577331,0.3838147772573382,-0.048046417399518676,0.3014041994357991,0.6437830853176671,0.07155399022251777
P0858,0.2147900060294684,-0.6785684979749594,0.4511333343666776,0.11558104953850147,0.5598850874734089,0.9025946179707144,-0.4752353446294506,-0.7553877221471141,0.0,0.1638837631792703,0.02469135634797332
P0859,1.4274279268701342,-0.578630819063899,-2.0089205126717777,-0.2452016734056208,-0.7611396263762497,-1.091842555602716,1.4161509638697158,-0.25534545284621146,0.6094233469056921,0.4910338870395648,0.014365183218102954
P0860,-0.3903324311324522,-2.591244899756352,-0.3521731558109718,-0.5129565647032626,-0.45192496086169703,0.08894363544553,-0.5871592626891504,-0.2536927360286839,0.6613379394642809,0.3937413160876723,0.38533148210260304
P0861,0.5334797960576713,-0.6826438587407978,-0.4774535145315488,0.6250282103135726,-0.7769377528318762,2.36786278557693,-1.507781717995336,-0.8320200936532653,0.3807638758849422,0.5832416241167243,0.12285508401904356
P0862,0.6931931500325683,-0.3713336105694069,-0.6141532244039261,0.07984837091409286,-0.19861288000862706,-0.8448811763759364,-0.7181551736251971,0.04386221024069854,0.21518042728523346,0.2119763143770308,0.007589729695474016
P0863,0.04111831973421687,0.1228415943230506,-0.025103199325567142,-0.8413159859309624,-0.021328887805692517,-1.4155556858832532,-0.9812310151884601,0.35250699757975706,0.29567789194432337,0.2952250366101934,0.04997068774711901
P0864,1.9165382020268664,-1.2277590938053273,1.6702205355855577,0.8609307374247908,0.8756644539109789,-1.14012557027865,0.14774624536661934,0.017710029873038956,0.21340562890132625,0.1537892452372072,0.009428978145197544
P0865,1.1235858079365861,0.22683906703930892,0.5298758042563771,-1.2190090234706492,-0.8884476737530075,-1.7979695285327677,-0.5212644522887071,-0.5501457479491801,1.0349570031523712,0.3472343666480198,0.033043127610288964
P0866,1.4778784394580065,0.33167909844055604,1.127825466774183,-0.08355280864975981,0.8038192721949444,1.1624642517742454,-0.08982060479831538,0.6542176556366835,0.6041077772991337,0.7617001442392826,0.09468812126520078
P0867,-0.20083525519036527,0.5928151227326599,0.07537669866972793,1.6811599582483812,2.1640827243427982,-0.8766471342148138,-0.7717888615766898,-0.8943505217626775,0.6788535405985829,0.31177680736228175,0.024487364168570953
P0868,-0.37718776242405616,-0.27786791051908405,-1.8497280629244983,-1.0214386360206449,-1.1019200367701805,-0.06348353457502728,-2.234081034823135,-0.5270377450082053,0.35569598587037854,0.3248572560905496,0.11619290852849139
P0869,0.6709500182665689,-0.6427777368262715,0.08926268745576506,-0.09921420989654953,-0.4401584801438432,1.419032047220809,-1.9346764940956473,-0.1277565450771478,0.2614137794974849,0.19541684757846206,0.046340688380090575
P0870,0.6057058338231947,1.1043265390625643,-1.0710116525140685,-1.008607804349774,-1.1731966176973236,-1.2271557976749519,-0.3863713015053003,-0.4199562300822819,0.07433226128962545,0.16203499593882886,0.039143316252743615
P0871,2.320915910008856,0.7064852143995516,1.5238455301417968,0.09641033305959802,1.1380804845101227,-0.06477035885325623,0.8028815811497646,-0.10319632350091291,0.537008966753626,0.0,0.09133289011314745
P0872,0.631436550494008,0.6246236176939451,0.5481186550417932,-0.5281855071473726,-0.6491909284261067,0.18250744591209533,-0.23762438494972118,0.054251817961239006,0.28364902983805607,0.40298129258465354,0.06096611541294983
P0873,1.1741499052418187,0.788330624401651,-0.09597308148356087,0.17029585573437792,-0.5207184698587611,0.24506101361306742,-0.21639006818630227,0.9140160425111703,0.16110176989546554,0.5981905698846897,0.021832309401177502
P0874,-1.078335236756228,1.3324009647234079,-0.9282392421617813,0.15466144525397257,-0.42882816056099304,-0.18069925455236543,-0.7692204315914426,1.2193626575849381,0.43588019627469765,0.24051335055330886,0.04525545536824081
P0875,0.5064515508300685,1.1179747542554208,1.0181723062861674,-0.7902126218539314,1.5677887601894172,0.5582590492127454,0.776277623738891,0.6754537774806731,0.43143234201992325,0.4436703108667062,0.27251992287369825
P0876,-0.04230336129930434,0.03586602234005,0.5240710787916385,-0.35064532785094643,-0.5996875911681467,-1.8461446307830724,0.5606816240297949,-0.6306152053069505,0.48210592563762805,0.23444864401695906,0.06697872240352407
P0877,-0.4802965583503228,-0.3609388707869674,1.0224573546843618,0.044746789128076454,-0.6181868272506649,0.058861842148347165,1.0194163344321787,0.8058182937398419,0.4443797871271881,0.23251836610754467,0.022290766753826567
P0878,-0.16025730426417784,-1.4891751505832511,-0.05821035243507144,-2.102854994931917,-0.5700748418190758,0.44566085261390725,-1.742624405568145,0.22380794907666673,0.30640554237639017,0.370571555823035,0.017451151557072983
P0879,-2.5227921006923166,-0.9248403399976495,-0.960717188869802,1.2298302550453,-0.5954026014639322,-0.47911444794835917,-0.07067003862942728,-0.910205754608943,0.8303064951069294,0.4154065891693337,0.04212168187050528
P0880,0.7536180523921856,1.7329346744879086,0.3314437932569174,1.8820805747830476,-0.09105776241432995,1.9036834823097124,-0.3456181743504324,0.894272103315125,0.4847598115769499,0.3057040152958864,0.061475433851212395
P0881,1.2105385048455248,-0.028886061808143074,0.6554600340492275,-0.7391759853615373,0.15439952994577116,0.04139178226519029,0.4524838502736086,-0.49675789145135496,0.3931994172665584,0.04981340186363181,0.005104138241161957
P0882,2.375385897148669,-0.9458731106075449,1.255562041518998,0.7511898346946081,0.5335538242341731,-1.0118607234452233,-0.19725452670325838,2.1549796723594428,0.6537196232935325,0.20271311263054692,0.3961816783736228
P0883,1.6905703178982372,-1.6050205591281896,-0.652180610549274,-1.3519345701942902,0.7240347990974434,-0.06539256630039363,0.24785275829449002,0.6060606655493885,0.5336905389098054,0.5128294252635777,0.014448762532998326
P0884,-0.3859952020627798,-0.6305809076096784,-1.6946251798304042,-0.8223558540446407,0.3944470563300642,-1.632805304446091,-0.17785713206646356,-0.2255636838945775,0.36540410897108044,0.16145190261654607,0.012735541430186905
P0885,-1.1178655564301927,0.5072708847418196,1.0659128386537648,-0.30814847870709133,0.4951558483487655,-1.1675111947566859,1.1354749261394073,0.5045734570085878,0.7329680771127476,0.43332025074098346,0.049322734354656714
P0886,1.0542391772678241,1.8431344509834138,0.17941425272778394,0.00769825666297015,-1.5162850982366234,2.299105798760356,-0.09683447361075401,0.815082559910931,0.2235958948599128,0.4131938808505985,0.030155155039657718
P0887,1.203532562817178,0.07516666773114082,0.5137567377233112,0.6227117354596433,1.5138301739193813,0.31951114269436326,-1.2102272586644904,-0.38089266550135903,0.5742896748470011,0.22219323418188355,0.06530404421818715
P0888,1.0220739376236365,-0.6320319827629408,-1.7815671529709174,0.33101877288059184,1.1229755012304419,-0.36765943192543843,0.5084394707795921,-0.9117308038658807,0.0,0.2057746250669776,0.013232109017725039
P0889,0.1241710342709127,0.37016109714793627,-0.2496366759005325,-1.320155500809264,0.5567154022322065,0.7177632194085384,0.3424296863487792,-0.8212825078359014,0.7362502415641341,0.06621659363122062,0.028800617162592315
P0890,1.834339939547585,2.127344795598738,1.271984379259279,0.6488606934820446,1.147924374449078,-0.8996070779293911,1.8380569041454964,-1.0223049672920537,0.6660777457756533,0.4702136406903718,0.04350089245057177
P0891,2.6197013752368554,0.7112117147161755,1.6277814237315902,0.939174580398505,2.501650981106097,-0.8117615634258678,2.2111762517990385,-0.43820941665574364,0.1376495890879474,0.6233676229042133,0.05211737400516578
P0892,0.34828823393640407,0.6761158611559593,-0.7616959515788585,-0.4435701630079608,-0.13847889186695628,-0.4071886021751823,-0.15759359110340473,-0.16699772171330968,0.0,0.5167105624246406,0.03362062547959545
P0893,1.273384729372773,0.6566503150952478,2.0390575680782526,1.0956687974786752,1.8734273053860349,-0.5279675732049993,-1.7206097665496942,-0.44764285867504444,0.4208442933481751,0.36004053886148624,0.005328100794279584
P0894,0.15106178871575615,-1.086107023159981,0.7358369306671183,1.2238399771477473,-0.30556300327597,1.4527963468704366,-3.0260791870090578,-0.09606673274407596,1.0313713119915537,0.04753842230319366,0.08770820961651953
P0895,1.2035259262179334,1.8960624621893154,1.2394988861631295,0.8616121044983331,0.7700716375435978,0.20146223628067475,0.05215950143098035,-1.6157884223709313,0.4912942610478208,0.19815091439545854,0.029666867145524144
P0896,1.131344523571209,-0.08009786974495825,0.17138820163219187,0.15351207513618553,0.32114965577860616,-2.6932057488180026,-0.3024796575170677,-1.0667628677706253,0.7402326792689068,0.45305499355520973,0.044832817396972625
P0897,-0.4155058362775014,-0.647821111260263,0.8155046284084155,0.1495205980025073,0.5310563840037863,-1.3339288123443356,-1.3218538487454716,-1.5296867275306691,0.3012959697849837,0.6042114826199863,0.03263247794161745
P0898,0.27969662531942563,-0.0393992801671624,-0.4791703901824849,-1.1286578734529853,-2.357431686450095,-0.7087866431405657,-0.13888201012787435,-0.7077333960556814,0.6868131894184485,0.7135710310149104,0.06203632961043888
P0899,1.81257096580576,-0.7676963677208474,-0.8925239765029138,-0.8448796930747727,0.2652380360892857,0.6978708595322698,-1.677835323601357,1.649836330670892,0.44502656591546547,0.17230665071099108,0.04908679297535128
P0900,0.35393775412449785,0.357010514447216,0.017616805023609152,0.08569577106131983,0.1513154532202727,-0.30181412327105084,-0.20389188998860067,-0.6335457694389587,0.2960856789339027,0.3374561924313444,0.007954604763618842
P0901,1.3203902643502508,1.6856738813830454,0.6532069267338401,-0.26631121993708595,-0.07968762898444143,1.3638777695701012,0.14620059353513887,0.22552677920587685,0.5436338199105448,0.36352050207839576,0.08223877120594782
P0902,0.0005842159554462212,0.10955317970944328,0.6811478722055259,0.12285398942493239,0.5107147047061926,-0.27432543198808107,-0.18735508273987603,-1.214495049234417,0.67377884198672,0.0009048562630032397,0.29051750637869656
P0903,1.044356523476488,0.8129181659306276,-0.03814976604152302,0.4677148439825262,-0.06788875118442973,-0.021636566591909597,-0.18765427632780005,0.3279980007151637,0.5961891232732103,0.4116341052264168,0.02721895501440846
P0904,0.8133930616088235,0.14895808876197983,1.120456075148319,0.14770335026756204,-0.8977456706477187,-0.6825599142136363,1.9175753889169067,-0.14950800199103062,0.07336164813375096,0.4874955651502417,0.027130944086728906
P0905,1.2091988114821692,-0.8808006077847826,-0.05423815103907922,-0.33625476500146423,0.5233440077105608,-0.9084598884731269,-1.4690087526175366,0.4050465073622471,0.45307715688244204,0.10046412003680355,0.006751222873292011
P0906,0.22394103356288786,-0.06026419014104725,-1.684903294634906,0.30690790184440203,-0.7187213139775133,0.09558705405906724,-0.700148175849322,-0.5581036494232334,0.5284044381024419,0.41358451701248244,0.08771026364266771
P0907,1.6830647793051958,-0.46455971004538327,0.841372635597901,0.4475988596366431,0.8518934855846564,0.8084534522935483,1.31666479490721,-0.7180417577836848,0.2217178293518338,0.20075600187872605,0.09646583723506874
P0908,1.0502519509965056,2.000487517935712,2.167584151172986,1.426203175759086,0.6824067198805499,1.7211533905905105,-0.12199075280252067,0.2534731662616112,0.7897569680610302,0.0,0.18434119111985284
P0909,0.8120334624636498,-0.7532772493457178,-0.8030824993991558,0.621511350990022,-0.17369942491462,-0.7080030495575584,-0.4909189114396683,0.5063549144707227,0.3861655545552406,0.7473537669295076,0.11506023393387478
P0910,1.3536384510828734,-0.03500525561356396,0.7437384761870705,0.7693623859911922,1.0132723792951772,-0.26198900657811186,-0.17362954592892482,0.2029067342749823,0.29330072783418887,0.5221966159031933,0.02192809731345316
P0911,0.24228936164043924,0.08307860719148621,-0.45738191714213616,-0.22663862121842035,1.2301128654945856,-0.33514926359871516,-0.4033119421618233,0.05784424445126836,0.2972381621555297,0.35823488368036693,0.012326981995214951
P0912,1.032410868884124,0.13041772334702253,1.5760638991780855,-1.237383505610112,1.9389091519287895,0.12558942213558438,-0.1256481922002794,0.6212594176912942,0.4351618893291393,0.3299777935389097,0.03209319806399752
P0913,0.2443019782891589,-1.4119300440067208,-0.8721716609797215,-1.4718294891084556,0.670712030837234,-0.00900061550258953,0.20135366788630865,-0.23302520129443882,0.3370674945328057,0.3566185865033413,0.06084496150611253
P0914,-0.36420202101066546,-0.8517188510199201,-0.3917870543607274,-1.3787660973166875,-1.6438305354116882,-0.4260764461539186,-0.020382493664020004,-0.22251805560549812,0.8004131606824396,0.0,0.030632537208485817
P0915,0.9477061252796681,0.22697085831404956,0.8934116679967103,-0.4895934869401929,-0.4512019964445755,0.540591189948474,0.30486772266741546,-0.24192493462552583,0.2374984748578099,0.45810013569090346,0.07305019079469957
P0916,0.32083064481065315,-0.2634627681681324,0.9148745462691528,0.47023752889058335,0.32269298665565566,0.9539380298832886,1.2284303566085029,0.3490613926985697,0.750989956530258,0.18092061314982708,0.016765783403537342
P0917,1.8930330065236256,0.6572207225412514,0.17656624863113107,0.1657824862006361,0.5521805793225527,0.9786088926785351,-0.37632134671322026,-0.20979682126124458,0.7579488324331796,0.4197716568963778,0.028455905889941003
P0918,1.2928624454921187,-0.4941155842487769,0.7009099388472132,-0.4002458626688342,-0.6001893092992712,-2.0082916519701146,-0.23083242614777807,-1.058848522296667,0.4960505337404452,0.3410724331765852,0.042006602147563264
P0919,1.7561619197277794,0.31196430455910934,1.2781072658629864,0.021037889639845576,-0.05411916281176508,0.07831902535157287,0.8524457415818539,-0.16295895027342405,0.4321716330829927,0.13445458049147815,0.004594196148451765
P0920,1.2927557433407,-0.6025933633923848,-0.438662282135501,0.12941241120757757,-1.1412944649482446,1.3878519070345625,0.09230154643592621,1.4297385090346606,0.7581915860118598,0.6375653406882706,0.06432222400996289
P0921,0.48388802352142607,-1.0451402625607487,0.16128834896558103,-0.008368842971078271,0.6385854039926921,-0.2822455173894712,-0.8576297945964335,-0.08394552542295729,0.5314747282065064,0.40179410069331967,0.04743306998187701
P0922,0.7583976223214648,1.8908940427577052,-0.1087362565017465,0.6797479383239305,0.6628166415371932,-0.46556161751816744,-1.8651951032488243,1.4688635882682028,0.5414251309516606,0.3628193143422184,0.021828833039263782
P0923,-0.3394821507943372,2.767548051623183,-0.7379663483747588,0.06808673357179978,-0.6584342550795964,1.5525463842943747,-1.7530539214981933,-0.47284643354521405,0.12553511119246807,0.2179984717126792,0.0923927032144422
P0924,0.5809595659726225,0.8828746490936658,-0.3644679005647417,0.26964123454216954,-1.2516491188214753,0.4227976268714487,0.379876929289227,0.7083534295951953,0.8253060844450053,0.2278497700645699,0.06668452285902754
P0925,-0.2879267315150461,-0.6099332629322625,-0.07367316060127968,-0.7826536717758728,0.1857181625635854,0.8160510188335525,-0.2288697468429738,-1.6335350593276678,0.47817708322027414,0.2828664431484078,0.12538201736018736
P0926,-0.9144119900559758,1.1337565537581935,-1.7861962976084038,-0.5260205515240347,-1.6766636987431052,-0.762021856907761,1.1978317383096677,-0.1939906863342073,0.15152527889837436,0.7988563553265067,0.019996139690941887
P0927,-0.526343584451055,-2.0008557900912263,-0.48531069290565165,-0.5286717483906597,-0.6926358109442748,-2.169790084528936,-0.7690189901318184,-0.45629652847060775,0.4971299315005765,0.2218999330310937,0.11837065082928191
P0928,1.4136074148662745,1.2103180912921208,-1.3927526101321732,-1.086124281355918,0.5702615015372121,-0.49975784375246995,1.1325327321632987,-0.5247989794354566,0.47974324455988243,0.0,0.2612403835844456
P0929,1.4986261391093243,-0.48459114368831535,-1.0112995721207374,0.16131008659473267,0.14423671211834868,0.11845028733448867,0.20167868309543682,0.2912214430603271,0.12033430219364533,0.0,0.011050219880424721
P0930,1.2035217223462722,-0.40032752704654023,0.32058452722340675,-0.389519391751419,0.08916896301496578,-0.37319168168465516,-0.8901544440613144,1.0366817554703762,0.26701216832852126,0.08993181465690475,0.08888173539201372
P0931,1.6226004551451167,1.2239866390709584,-0.2632998879678157,0.565622336888569,0.13354918762541293,-0.7752802701454817,0.07495316393778509,0.3386802059957237,0.5491735846776791,0.3454598910057382,0.011430867922957779
P0932,1.349188853282128,1.5221184395452942,-0.019507302729239583,-0.3153720891495535,0.07721247862022587,0.24725593033800095,0.3505292415232428,-1.1256218341905444,0.1506089210326632,0.16483492990846824,0.007878747728030067
P0933,1.6117003540002965,0.7913226528345438,-0.5763244466842513,0.317146082357643,-0.11003934655569045,0.521758955533244,1.0428205628212859,-0.805412345746436,0.3117013764945647,0.42073008715129734,0.06369265633808116
P0934,0.3724905626747214,1.2122634711557896,0.32661508777016907,0.9919295845588344,0.5795495615518157,1.338665863603629,1.3360961663506603,0.31190159678080265,0.1412410387757696,0.00921706082160767,0.046141901313502515
P0935,0.7258770611748904,1.2684870625137363,-0.35425174815402555,0.41548369877218244,1.874408711589213,0.4972007823591459,0.23678280544089977,0.07442399066204795,0.10177546096561801,0.14450003068042688,0.05280665849276451
P0936,0.7712542743266718,-0.9632726825182987,-1.3647051945245106,-2.38620750975553,-2.2738048452370725,-1.2643192693950744,0.9419475251304816,0.11104617439389548,0.15617916060576875,0.1818449674544568,0.10576766598463555
P0937,-0.00023508811202577196,0.42642817007270134,-0.29231835263571776,-0.20902504480435805,0.5135371774316603,0.42808928949819497,0.1353735772948401,0.8021260773335153,0.49747945031860036,0.0,0.05677849958879324
P0938,0.6778779939232189,-1.0247536385666907,-0.27097110629599436,0.3795237542376991,-1.367759633459317,-0.5531887502488425,-0.3425421677986724,-0.3076180994205258,0.48900800268483907,0.3548782128366577,0.019268838117710897
P0939,-1.475580347024212,-1.101126672286551,-2.271314020901185,-1.4340332244645813,-0.9536089876339261,-0.6377612965599206,-0.17279446150918684,1.5892131533656264,0.17177714995995852,0.6231525985139628,0.018051867426871142
P0940,1.5550759929876676,-0.16575615860509502,-2.1298111601285106,-1.4387001098518182,-1.2442874754004472,-2.247086980343583,-0.7703624589665841,-0.4299884766087265,0.4379540550252589,0.2470499218263924,0.02035563429800023
P0941,-0.2599481182282729,-0.2571092375993604,0.23922281981838694,-0.07142236592906488,0.21092717136857767,-0.592854016083118,-1.0141387565906275,-1.5483988734242107,0.16948314078387455,0.42061420071737343,0.08705786345194563
P0942,1.008436193623943,0.11559333784155111,0.2899885903397654,-1.593316921507171,-0.04555868298782457,-1.6533156118867138,1.0211926451182791,-1.9439856052140496,0.3488988957167382,0.469130431570745,0.05258535090147666
P0943,-0.7782253953547754,0.6653211934855265,-1.0611110936790493,-1.7716601138576056,-1.641104964898404,-0.06929354169409974,0.37162328245685416,-0.8223127323403583,0.0,0.028617632579744867,0.05425480598633104
P0944,2.241844775091348,-1.2462330768249201,-0.15883284514048476,1.2525527162825025,0.5946242460467636,0.9742763785357468,1.0794349143300714,0.7280539938012907,0.34364966536087505,0.43101036023876566,0.019843488373135657
P0945,1.3854186835766695,-0.5749200819364235,0.2511645798561052,0.49155477918790025,0.7831489668957948,0.6601094876697523,0.5025757733244921,-0.39417627467559746,0.5163863217977559,0.16970283570418562,0.033588310096915666
P0946,1.3233990433344545,-0.7050315220607493,-1.7145172272160858,-1.4123226446303958,-1.2413437065907924,-0.8705075901822794,-1.6526122756068387,-0.43486573613551693,0.0703646741340021,0.5121595654726661,0.040400928150971814
P0947,0.1668137095779908,-0.26296643482653154,0.5652383280474753,0.2896472724862501,-1.5084848450817265,0.020006544784522996,-0.13691059469951755,0.2557266306075252,0.4389753924129437,0.010389470146588864,0.041973959662670875
P0948,-0.14155705241389882,0.35469945503251166,-1.2279351259748679,-0.12583827445973095,0.6523452331716426,2.44651956493442,-0.1469502909280669,0.2868770220239082,0.0,0.4534264643392897,0.02650876841430512
P0949,-0.2483151416418855,-1.2678787566725664,0.3589288657865756,-1.8507003831636062,0.6470910464628379,0.6783227515345889,2.1332047470770332,0.8743835551902974,0.40972918875228687,0.07293583733957615,0.0555149690722971
P0950,1.2447253756850531,0.39496958585909925,-0.6022989358926859,0.5642996011055402,-0.4856656189100466,-1.488090244433262,0.45519610320688,0.3092767816297843,0.6654188063076304,0.13630066767359575,0.03281721268132717
P0951,1.4683494463743783,0.4139907075779223,-0.06118650956981228,0.7309895607709547,0.7013123770276901,0.3626686347851143,0.06757129750513743,-1.0707814320659323,0.7622222337639105,0.46055983897435193,0.09168925691883899
P0952,0.5640169949366274,-1.0372296005165744,-0.4340888178943888,0.41276393642833376,-0.15669982594838464,-0.040168837897401846,0.7205655691138844,0.49849155631826836,0.6040285816224779,0.49018678061930754,0.22744819261661395
P0953,1.2134410440815993,0.01695480791328744,-0.9048499014697291,-0.1952414776165838,-0.0007729835610023042,0.2164699310098,1.6926865925638754,-0.8551027686870434,0.5952134047310454,0.41549258313557386,0.01873700396298069
P0954,1.3697476818126426,0.7940183628286552,1.6190023122536796,0.7106860992180155,0.6237972246424807,-0.3277905616311138,-0.13034532731217605,0.18116124274574058,0.08786377749208318,0.3858251538416235,0.239080530321253
P0955,0.944105579056703,0.641880475487692,-0.5370454635145654,-0.6378654255731895,-0.03558782404770566,-0.029324124321984016,-0.8946060994113315,-1.1097912273067974,0.4104239399769424,0.42115523239966157,0.3213475294602258
P0956,0.6666228253693763,0.4962022256563568,-1.477911852748486,0.6846110898256316,0.07714804096952643,-0.9261658532913016,-0.47898706341875014,0.26234419677016957,1.072425318544517,0.30853390725835456,0.02736731698412835
P0957,1.642675908448779,-0.8844303862274379,1.2483529207419737,0.4100453545155849,2.06826270023461,-0.38321950185427966,1.049513753383363,0.06084976748664636,0.5704352816859098,0.0,0.01857146833894244
P0958,2.2680618319814023,-0.1720341973488433,0.3093362920775785,-0.990839738900417,0.4261234424005621,-1.8242249546834906,0.7746131814180879,-0.44270899060092417,0.22819760062434083,0.228819816101856,0.062299962755834104
P0959,2.0927427803834457,-0.19270574774691018,0.8777208267799892,0.4693072539550753,-0.6817236938238482,-0.7859828453280151,0.08978432881904025,-0.6851587350555518,0.1856383758774462,0.1841005327756092,0.01015193042960881
P0960,2.365909385118703,-1.107223526423288,0.8674446557860152,0.643652802514796,0.22055458838023262,0.626162808526894,1.6630250408506901,0.5980790339742236,0.29812984968540535,0.1851618786024117,0.42540442988933075
P0961,0.6262810218636277,0.22967971375073187,-1.852069559867954,-1.4071841813698098,-0.10124925779112316,-0.164529122066194,-1.3195248614976074,-0.4249067217174145,0.5314818559065607,0.5099992051640494,0.04537138803972844
P0962,1.145341628381276,0.7209859024884904,-0.030575888383201678,1.2185672889374786,-0.18415089923934477,-0.3461856780878185,-0.14731490150310458,-0.6982155357866338,0.13043119130581965,0.0,0.01798674267571596
P0963,0.12603770127218483,0.033959940600397524,0.8412548148389523,-0.023328356996426675,1.4827672561561165,-1.334462994011463,3.7123820231931424,0.28508834609625044,0.47027739696439524,0.18507612089300324,0.06661531775544774
P0964,0.9221570968150642,0.1346766692459399,-0.4480432647325762,1.139647934319741,-0.10437624454751898,0.609701107910518,1.9445986980363832,-0.14903295972461128,0.0,0.6277798632843109,0.021307531725097337
P0965,-0.5044112857961606,0.18514377252927278,-0.9525090249982375,-2.1642996038445452,0.17954887590430604,-0.6460168443969471,-0.09773208139884006,-0.41263180759367246,0.8291624410412671,0.37609876192335845,0.01489672686517249
P0966,2.0737413005721903,-0.23792602710057106,0.8339730597764379,1.2724929619408742,0.8872915067536069,0.5293027798375398,1.0277639752921213,0.021728007194111772,0.4611895314364499,0.24616021860221748,0.009044347575403023
P0967,-0.5592594994597625,-0.09396841734689133,-1.5032336782218885,-1.277991936514382,-0.24381028884392783,-0.41568370430489515,-0.17915202882382952,-0.9565987447021356,0.679054759672573,0.21199001186260052,0.27577266655458926
P0968,0.7195482443814679,0.34119673361079345,-0.1974228504035101,1.8398663022677912,0.10636809102091167,1.2912575875723273,-0.18995337013455613,0.10730673737131471,0.5190722042941044,0.33615697506357006,0.04085811740176589
P0969,1.078531009536815,0.5153317074001204,-0.7126624395119333,-0.4563757798902159,1.395235480155689,1.3163505356824545,1.9979175772887432,-0.49507361542155787,0.356844499163089,0.31257995787980575,0.11782214137806753
P0970,0.5621745340395582,0.37395911986254216,0.07119936761029076,-0.6043162235769416,-0.174788664971349,0.027333120511285645,0.46216976298808576,-0.8835861001135311,0.4368997573328207,0.4980184635880093,0.018899982090367896
P0971,0.9768446970456645,-1.7245211829452123,-0.30346411995205935,-0.9374751476634271,0.7989061387811132,-0.953918083701652,0.39039536395818475,-0.624110250723525,0.01721366419363274,0.31840366364858513,0.010722857032155572
P0972,1.4603676160939232,2.3175486832090737,0.34993913417099537,1.1721823829270013,-0.9392849983623424,0.6110895132798594,0.3813954336714437,1.9532123996749085,0.36718015625085815,0.4370803835696532,0.012343092930135094
P0973,1.3466670266430676,-0.6222670824668834,-0.6039876789022782,0.1470276766786576,0.21733136250447535,0.5837605810655898,0.18968196634467016,-0.41597957792947504,0.37831280185125066,0.7165025566896703,0.05230615806260726
P0974,1.609913532413243,0.7123837514968921,0.021628889830074525,0.22985461605788027,0.9430241234005126,1.6305899137926758,0.8688652961752215,0.7810345887553443,0.5030539230707813,0.3647887992868707,0.005806765686811502
P0975,1.3039876115460656,0.4113456382581951,0.7415649759639537,0.02336707171840141,0.9902973149906162,1.8465135447171874,-0.6718694044354049,1.6609927131586457,0.6662423528572844,0.5079582001083759,0.44617114967762095
P0976,1.3984656933001005,0.4476288168089287,0.019972616895032415,-0.16980181809699618,0.42385549495360264,-0.2513910695633194,-0.13709581579411775,-0.5745499566852431,0.3362244126788321,0.13895066325540645,0.05449007503074383
P0977,1.8580085109161573,0.018172866589313327,-0.06725709474612111,1.4555394487391633,2.697134971186407,0.61469798207496,-0.7327264306330546,-0.5525671488072641,0.3115148342015617,0.1351182719312275,0.01856563661794786
P0978,0.21066616943919225,0.7472433571166351,1.0727994258502622,0.3041190915638924,0.5103395540145276,1.193537298892495,-1.0778483363700562,0.7050041412586894,0.5286337533160923,0.12915077807263084,0.056905910091370714
P0979,0.2596667213127235,-0.8636502413850751,-0.7950291362981274,0.4642695299091408,-0.606064892395627,0.40067300463316075,-0.18313416821728903,0.5692784585607207,0.0,0.6992711373928737,0.020169534260379356
P0980,1.6154747192460102,1.9158053576396632,0.2365708222922712,0.9680460125730489,1.6526258982574942,-0.9474730135793102,0.4930561851719831,0.6209890291966301,0.9454081304260795,0.3195688191153937,0.023866937243163147
P0981,0.5851767797496525,-1.4438856714103712,-1.6781050965280375,-1.0165248626223968,0.9148925606164159,-0.664882117299628,0.9394183296157345,0.7138065429718005,0.283040758126106,0.37392691302970754,0.02116349528481504
P0982,-1.0329319786975493,0.1629141440774911,-0.206827104792356,-1.4762344462078185,1.5111104436851608,-0.8515830262365779,-2.598452076383729,2.2969986021052256,0.6193931176442306,0.3382672295603035,0.015990761699976697
P0983,-0.08437511423366983,0.13620787679262814,-1.1624178508341454,-1.2573275601836276,-1.5455723476023364,-1.2980402988281385,-0.3015029309982548,-0.9260259194144997,1.0796240298368796,0.3306619115237408,0.27700382022829784
P0984,-0.6542036709742641,0.6174994126159664,-0.9870855704834737,-1.3519071746068048,0.35485442723288085,-0.28108790132743394,-1.5777297095897507,0.029547314844790902,0.9445392825856653,0.0,0.029101297769083836
P0985,2.1896111851513265,-0.4739758755194836,-0.0959110529636105,-0.012527707902547121,0.46693661616593407,-1.34840940985295,-2.6625683491818757,0.1038139981185463,0.4351939250750467,0.296920038950021,0.028776475511062247
P0986,-0.07517788919558754,-0.8089258690883575,-0.28667937482430145,0.8328251410603097,-0.7601957260432614,-0.6056432622937065,-0.45810119853977493,-0.25055811828414665,0.5147905718794399,0.0,0.049525500228428894
P0987,1.0024262955406533,0.8828767014289919,1.5832223276970383,-1.1109734631879484,0.5133919837720371,-0.3909728264466444,1.002357886685597,1.0164938165056878,0.6356969184704098,0.2342489941386518,0.019231182207677392
P0988,-0.5554456768332962,-0.7591874546091095,-1.6443234956736665,0.07339995762666705,-1.2144109693195668,-0.48933431204085054,0.762312309688161,-0.9567329708937534,1.0195823383320048,0.3716149220891061,0.025863898410955988
P0989,0.20637644169756386,-1.1175341928533424,-0.7660361603028939,-0.34695105298563284,0.428593424611416,-0.3621440186058271,-0.8860606963153762,0.7915962821680766,0.27465549372862536,0.13905539431873226,0.06059140379287301
P0990,0.49282715629017765,0.6702503106987496,1.4133381183727034,0.3328995598249495,0.11661054342933294,1.0812748695917047,1.1656892145944329,-0.3268712353445755,0.6618214158531232,0.29517947261191785,0.0009484750231988384
P0991,1.3992079214877218,-0.7050391552512765,0.4883218439234087,-0.2987734825901216,1.1582599495873471,1.063828562913542,-0.41315279953897266,0.43541144968538964,0.0,0.1848430210485399,0.04883202153763238
P0992,1.3714486865839457,0.665464145446496,-0.19249507482535552,1.5071466315319795,-0.6649839194251261,-0.016248778410163936,1.0207662514960523,-0.31444196634319105,0.6664007481368739,0.5284723555747469,0.0644490033105769
P0993,0.6545821797950158,1.0625808102917413,-1.4095788950970471,-0.9545928616101593,-0.9099770363438965,1.090035523351569,0.7936970475528912,0.8616497425812766,0.4554128379257085,0.3824806328307385,0.033978339277242406
P0994,1.8659436458915244,-0.2094076851696251,0.5171728061691193,0.30890824047791,-0.4204858841586442,1.432121101416855,0.4917041397189301,0.1349736374590846,0.26610107276517614,0.31994462156654024,0.014473025272043397
P0995,2.309448414020342,2.9068795879162455,2.2148807849606547,0.8420182005722308,0.8626370660292422,0.394825229741026,1.1862816034727417,0.41389459791416794,0.6628927471066317,0.6288584129625282,0.03493424097588947
P0996,0.9020875403245204,0.651585154593594,-1.3904837248810413,-1.7104939613887349,-2.2465262481484474,-1.7679536120744057,1.1774139451363945,0.2558288520104889,0.7467949097395118,0.0,0.26772500519805875
P0997,-0.32826955756564835,-1.023056592173903,-2.205243912600061,-1.5021967348400678,-1.3016440566020564,-2.4404945600829366,-1.9660673342376143,-0.06643754427523321,0.18867143310525264,0.46848677490269736,0.04878076554023431
P0998,2.289571695885095,1.2107728632205137,0.06056420806706092,0.9561660185195019,-0.2181026759753592,0.752883274835156,1.7810554363355404,-0.019945371814063344,0.9976153261349179,0.28893448846566294,0.04731441703168673
P0999,1.9116217543955112,1.0261646044414021,0.5154635324809126,-0.20757406184097174,0.7996614921128641,0.616691736604223,1.0812517197323819,0.2657079110387739,0.456835036081421,0.37009154594027305,0.004337963002709908
P1000,1.6103384837571975,0.3821701654988333,1.2796878986729474,2.945198464151542,1.0617654358858186,0.21600751669493604,0.3491822486820441,0.6152805995031552,0.0,0.30533242081422746,0.01161861297102002
