participant_id,accuracy_total,true_item_accuracy,false_item_accuracy,dprime,criterion,mean_confidence,confidence_accuracy_gap,brier_score,share_rate,sharing_restraint_score,updating_success_rate,mean_appropriate_movement,verification_accuracy
P0001,0.575,1.0,0.15,1.013330830545578,-1.47408698137449,90.85375,0.33353749999999993,0.32094073425,0.1,0.9,0.6,0.14906000000000003,0.6
P0002,0.525,0.8,0.25,0.15415444678099743,-0.7145613843528759,81.86099999999999,0.2936099999999999,0.3251283455,0.3,0.7,0.7,0.037649999999999996,0.8
P0003,0.9,0.85,0.95,2.432655358787224,0.24890611329191098,84.092,-0.05908000000000002,0.08701560500000002,0.3,0.7,1.0,0.04826,0.5
P0004,0.525,0.75,0.3,0.1402835902808231,-0.5673423658219656,83.5155,0.31015499999999996,0.3244313165,0.275,0.725,0.5,0.14027,0.6
P0005,0.7,0.8,0.6,1.0326790016294014,-0.2752991069286739,80.46925000000002,0.10469250000000008,0.20570340324999997,0.25,0.75,1.0,0.09433,0.5
P0006,0.25,0.1,0.4,-1.420801511497888,0.4693603618629172,81.6385,0.566385,0.520760216,0.425,0.575,0.5,0.15751,0.1
P0007,0.45,0.65,0.25,-0.27137780416180735,-0.5017952588814735,84.16325,0.3916325,0.49098072075,0.6,0.4,0.4,0.08513000000000001,0.8
P0008,0.675,0.7,0.65,0.8633069274821237,-0.0655471069404922,79.96925,0.12469249999999998,0.23350612875000004,0.675,0.32499999999999996,0.5,0.020950000000000003,0.0
P0009,0.675,0.5,0.85,0.967421566101701,0.4837107830508505,81.07575,0.13575749999999998,0.21962551875000003,0.2,0.8,1.0,0.06856999999999999,0.4
P0010,0.925,1.0,0.85,2.94817396274898,-0.506665415272789,89.28200000000001,-0.032179999999999986,0.0648014085,0.35,0.65,1.0,0.06466,0.3
P0011,0.075,0.05,0.1,-2.644994910297384,0.1427363375368309,86.7325,0.792325,0.7480154370000001,0.55,0.44999999999999996,0.0,0.11503000000000001,0.0
P0012,0.775,0.65,0.9,1.545867474412431,0.4068273804056457,83.04275,0.055427500000000074,0.16070099325,0.725,0.275,0.9,0.02269,0.7
P0013,0.225,0.25,0.2,-1.4291227687057515,-0.07707722339049883,84.76050000000001,0.6226050000000001,0.6594612979999999,0.575,0.42500000000000004,0.0,0.04687,0.3
P0014,0.775,0.7,0.85,1.464622136783255,0.2351104977100735,81.23474999999999,0.03734749999999987,0.16707577875000001,0.675,0.32499999999999996,0.8,0.05473,0.2
P0015,0.65,0.8,0.5,0.7916386077433746,-0.3958193038716873,82.29275,0.17292750000000012,0.24877048825,0.55,0.44999999999999996,0.9,0.08411,0.8
P0016,0.7,0.95,0.45,1.3455856796456809,-0.7924409528626826,85.73675,0.15736750000000022,0.18744309525,0.35,0.65,0.9,0.08586999999999999,0.3
P0017,0.7,0.6,0.8,1.0326790016294014,0.2752991069286739,80.24475,0.10244750000000014,0.18942711475000001,0.225,0.775,1.0,0.07047,0.7
P0018,0.5,0.55,0.45,0.0,-0.11964811303984217,81.66999999999999,0.31669999999999976,0.322049991,0.075,0.925,0.8,0.11026,0.6
P0019,0.75,0.9,0.6,1.420801511497888,-0.4693603618629172,82.97475,0.07974749999999986,0.20292303425,0.65,0.35,1.0,0.08943999999999999,0.4
P0020,0.7,0.9,0.5,1.1797611176118612,-0.5898805588059306,81.98349999999999,0.11983500000000002,0.2433204235,0.35,0.65,1.0,0.06144000000000001,0.0
P0021,0.3,0.45,0.15,-1.087069679141543,-0.4238867265309295,86.04974999999999,0.5604974999999999,0.54415598375,0.3,0.7,0.6,0.18588,0.5
P0022,0.7,0.6,0.8,1.0326790016294014,0.2752991069286739,79.78,0.0978,0.18645568,0.375,0.625,0.7,0.08735000000000001,0.0
P0023,0.85,1.0,0.7,2.4779529673288327,-0.7417759129828624,86.31275000000001,0.01312750000000007,0.11215273175,0.2,0.8,0.9,-0.015460000000000002,0.6
P0024,0.35,0.25,0.45,-0.757132274002219,0.2589180239612674,82.54925,0.4754925,0.48192462024999994,0.625,0.375,0.8,0.19085000000000002,0.8
P0025,0.825,0.85,0.8,1.7590601738450755,-0.08789147917916323,81.47,-0.010299999999999976,0.11351526549999999,0.15,0.85,0.8,0.02636,0.4
P0026,0.875,0.9,0.85,2.147182683713562,-0.10616977575508008,84.671,-0.028289999999999815,0.08271959300000001,0.2,0.8,1.0,0.04371,0.5
P0027,0.75,0.75,0.75,1.274968321924754,-1.1102230246251565e-16,77.6855,0.026854999999999962,0.1850270045,0.775,0.22499999999999998,0.9,0.13387,0.4
P0028,0.7,0.95,0.45,1.3455856796456809,-0.7924409528626826,85.93525,0.1593525,0.18095055975,0.125,0.875,0.8,0.07712,0.6
P0029,0.525,0.95,0.1,0.2854726750736618,-1.322497455148692,91.469,0.38968999999999987,0.367412495,0.375,0.625,0.7,0.15026,0.2
P0030,0.575,0.9,0.25,0.542276956649484,-0.9086226392871192,83.46475000000001,0.25964750000000003,0.29646280625,0.575,0.42500000000000004,0.6,0.07376,0.7
P0031,0.375,0.6,0.15,-0.7263811722156742,-0.604230979993864,81.97549999999998,0.444755,0.4248411174999999,0.575,0.42500000000000004,0.6,0.06713,0.2
P0032,0.475,0.15,0.8,-0.17578295835832647,0.8795300869225378,87.29849999999999,0.3979849999999999,0.4396725665,0.275,0.725,0.5,0.07798000000000001,0.6
P0033,0.975,0.95,1.0,3.445986189332802,0.25775930198087793,88.66324999999999,-0.08836750000000004,0.024210371249999998,0.2,0.8,1.0,0.08507,0.7
P0034,0.675,0.95,0.4,1.2241933987994962,-0.8531370932857749,86.16799999999999,0.18668000000000007,0.22293046249999998,0.55,0.44999999999999996,0.9,0.06172,0.7
P0035,0.575,0.85,0.3,0.470220995420147,-0.7323110683916275,83.91600000000001,0.26416000000000006,0.2790456135,0.525,0.475,0.7,0.06417,0.2
P0036,0.95,1.0,0.9,3.16051351425914,-0.40049563951770883,90.03999999999999,-0.049599999999999866,0.034576900499999993,0.2,0.8,1.0,0.031729999999999994,1.0
P0037,0.9,0.95,0.85,2.432655358787224,-0.24890611329191098,87.95450000000001,-0.020455000000000112,0.071372731,0.6,0.4,0.9,0.03157,0.6
P0038,0.325,0.3,0.35,-0.8633069274821239,0.06554710694049212,84.596,0.5209599999999999,0.532761309,0.475,0.525,0.4,0.11238,0.7
P0039,0.775,0.85,0.7,1.464622136783255,-0.2351104977100735,85.98150000000001,0.08481499999999997,0.1365664655,0.3,0.7,1.0,0.03656,0.6
P0040,0.5,0.6,0.4,0.0,-0.24104039388602685,78.95875,0.2895874999999999,0.42621889225,0.7,0.30000000000000004,0.6,0.03368,0.6
P0041,0.725,0.95,0.5,1.465233792685523,-0.7326168963427615,82.63875,0.10138749999999985,0.21389129925,0.6,0.4,1.0,0.12936,0.7
P0042,0.15,0.3,0.0,-2.4779529673288327,-0.7417759129828624,87.0595,0.720595,0.70277193,0.725,0.275,0.2,0.061840000000000006,0.3
P0043,0.575,0.7,0.45,0.37755245764171186,-0.3084243418606981,82.39500000000001,0.24895,0.314127105,0.2,0.8,0.8,0.08402,0.4
P0044,0.675,0.8,0.55,0.9112867207832166,-0.3359952473517663,81.9025,0.14402500000000007,0.21907641849999998,0.2,0.8,0.9,0.10306,0.8
P0045,0.525,0.25,0.8,0.15415444678099766,0.7145613843528758,76.40350000000001,0.239035,0.355696073,0.65,0.35,0.5,0.05168999999999999,0.0
P0046,0.925,1.0,0.85,2.94817396274898,-0.506665415272789,89.88000000000001,-0.026200000000000112,0.05898405649999999,0.275,0.725,1.0,0.02508,0.7
P0047,0.9,0.95,0.85,2.432655358787224,-0.24890611329191098,85.07974999999999,-0.04920250000000004,0.08521013275,0.025,0.975,0.9,0.07391,0.1
P0048,0.45,0.15,0.75,-0.3299374051393241,0.8024528635320389,82.1455,0.3714549999999999,0.4062811075,0.375,0.625,0.5,0.07243000000000001,0.4
P0049,0.45,0.8,0.1,-0.3881225098684866,-0.9856998626776179,82.05550000000001,0.3705549999999999,0.40151413850000006,0.65,0.35,0.6,0.09918999999999999,0.4
P0050,0.95,1.0,0.9,3.16051351425914,-0.40049563951770883,91.4285,-0.03571499999999983,0.0359323905,0.25,0.75,1.0,0.09832,0.8
P0051,0.55,0.55,0.55,0.2392962260796842,-6.938893903907228e-17,80.8915,0.258915,0.292974143,0.5,0.5,1.0,0.19278,0.5
P0052,0.625,0.75,0.5,0.6374841609623771,-0.31874208048118857,80.3455,0.17845500000000014,0.2827492625,0.45,0.55,0.8,0.17079,0.2
P0053,0.775,0.95,0.6,1.7062741865715498,-0.6120966993997481,84.6715,0.07171499999999997,0.13132755550000003,0.3,0.7,1.0,0.06462999999999999,0.6
P0054,0.85,0.75,0.95,2.1027179536479004,0.41387481586157293,79.52475000000001,-0.05475249999999998,0.13407650075,0.575,0.42500000000000004,1.0,0.06339,0.8
P0055,0.125,0.15,0.1,-2.147182683713562,-0.10616977575508008,88.9595,0.7645950000000001,0.7274361879999999,0.125,0.875,0.3,0.23504,0.3
P0056,0.75,0.6,0.9,1.420801511497888,0.4693603618629172,85.83174999999999,0.10831750000000007,0.17826406575,0.575,0.42500000000000004,0.7,0.04475,0.3
P0057,0.375,0.2,0.55,-0.6719904947035326,0.4556433603916083,78.55575,0.4105575,0.39688157075,0.125,0.875,0.7,0.05725,0.1
P0058,0.75,0.95,0.55,1.5848819057253651,-0.6727928398228404,85.018,0.10017999999999994,0.17106854349999998,0.35,0.65,0.9,-0.000810000000000002,0.7
P0059,0.25,0.15,0.35,-1.3335279229022707,0.3006576046505656,83.381,0.5838099999999999,0.597931859,0.275,0.725,0.6,0.050350000000000006,0.2
P0060,0.475,0.35,0.6,-0.12506596291454278,0.30357337534329826,83.8335,0.3633350000000001,0.40610092699999994,0.15,0.85,0.5,0.12808999999999998,0.1
P0061,0.85,1.0,0.7,2.4779529673288327,-0.7417759129828624,86.1125,0.011125000000000163,0.09020636000000001,0.15,0.85,1.0,0.07633999999999999,0.7
P0062,0.925,0.95,0.9,2.644994910297384,-0.1427363375368309,87.10475000000001,-0.05395249999999996,0.06561837175,0.225,0.775,1.0,0.050749999999999997,0.7
P0063,0.55,0.75,0.35,0.27137780416180735,-0.5017952588814735,83.40650000000001,0.284065,0.3279618925,0.675,0.32499999999999996,0.7,0.04607,0.3
P0064,0.425,0.4,0.45,-0.360688506925869,0.06069614042309234,79.44149999999999,0.3694149999999999,0.37636669549999996,0.25,0.75,0.9,0.14995,0.0
P0065,0.275,0.1,0.45,-1.2994092306517033,0.5300565022860095,85.4875,0.5798750000000001,0.5775177805,0.5,0.5,0.2,0.02299,0.3
P0066,0.7,0.95,0.45,1.3455856796456809,-0.7924409528626826,83.77925,0.13779249999999998,0.17935375725,0.125,0.875,0.8,0.06294999999999999,0.5
P0067,1.0,1.0,1.0,3.9615047932945577,-0.0,95.92925,-0.0407074999999999,0.004614470250000001,0.475,0.525,1.0,0.031740000000000004,0.8
P0068,0.875,1.0,0.75,2.618236557609656,-0.671634117842451,88.97049999999999,0.014704999999999968,0.07523022399999998,0.65,0.35,1.0,0.03368999999999999,0.3
P0069,0.775,0.6,0.95,1.7062741865715498,0.6120966993997481,84.60974999999999,0.07109750000000015,0.18225652825,0.2,0.8,1.0,0.07707,0.9
P0070,0.875,0.8,0.95,2.2568724004288976,0.3367975924710742,81.296,-0.062039999999999984,0.07766074749999999,0.175,0.825,1.0,0.09140000000000001,0.7
P0071,0.325,0.55,0.1,-1.060113004572019,-0.6497046153258517,82.99024999999999,0.5049025,0.47749701074999995,0.075,0.925,0.8,0.13621,0.8
P0072,0.325,0.25,0.4,-0.8785245548484037,0.19822188353817505,81.71725,0.49217250000000007,0.49694764724999996,0.5,0.5,0.7,0.11274000000000002,0.7
P0073,0.8,0.95,0.65,1.8313401494860926,-0.5495637179424767,85.6815,0.05681499999999984,0.1147915105,0.125,0.875,1.0,0.09403,1.0
P0074,0.425,0.7,0.15,-0.470220995420147,-0.7323110683916275,83.8775,0.41377500000000006,0.4772246505,0.625,0.375,0.6,0.12969000000000003,0.8
P0075,0.5,0.55,0.45,0.0,-0.11964811303984217,80.475,0.30474999999999997,0.3535090375,0.525,0.475,0.9,0.07126,0.4
P0076,0.8,0.75,0.85,1.6049057270640783,0.16496870256966195,82.05699999999999,0.020569999999999977,0.14666236500000002,0.125,0.875,0.9,0.035289999999999995,0.2
P0077,0.9,0.9,0.9,2.3595222352237224,-0.0,85.9315,-0.04068500000000008,0.059016006999999995,0.325,0.675,0.9,0.054959999999999995,0.9
P0078,0.95,1.0,0.9,3.16051351425914,-0.40049563951770883,91.50574999999999,-0.03494249999999999,0.02656806525,0.325,0.675,1.0,0.06678,0.6
P0079,0.3,0.4,0.2,-1.0326790016294014,-0.2752991069286739,80.66,0.5066000000000002,0.4342312715,0.45,0.55,0.6,0.11592,0.4
P0080,0.675,1.0,0.35,1.614646039846709,-1.1734293767239243,85.225,0.17725000000000002,0.24519379150000004,0.225,0.775,0.9,0.11250000000000002,0.3
P0081,0.225,0.45,0.0,-2.100400509687121,-0.9305521418037184,84.54875,0.6204875,0.62719285875,0.275,0.725,0.6,0.09154,0.0
P0082,0.625,0.8,0.45,0.6719904947035324,-0.45564336039160835,78.41275,0.15912749999999998,0.27237215225,0.825,0.17500000000000004,0.5,0.007919999999999998,0.2
P0083,0.975,0.95,1.0,3.445986189332802,0.25775930198087793,95.404,-0.020959999999999757,0.011987416,0.05,0.95,1.0,0.036809999999999996,0.9
P0084,0.875,0.9,0.85,2.147182683713562,-0.10616977575508008,86.75125,-0.007487500000000091,0.08032938175000001,0.175,0.825,1.0,0.008290000000000002,0.6
P0085,0.575,0.95,0.2,0.6735951849421484,-1.1284362002144488,85.53725,0.2803725,0.31563373375000003,0.325,0.675,0.9,0.06314,0.5
P0086,0.175,0.2,0.15,-1.7590601738450755,-0.08789147917916323,82.46000000000001,0.6496,0.6042177155,0.325,0.675,0.4,0.03490999999999999,0.0
P0087,0.575,0.75,0.4,0.3964437670763503,-0.439262277424202,75.65025,0.18150250000000012,0.27446050624999996,0.1,0.9,0.7,-0.010459999999999994,0.1
P0088,0.65,0.95,0.35,1.0991274358849532,-0.9156700747430464,84.803,0.19802999999999993,0.25913437800000005,0.975,0.025000000000000022,1.0,0.13484000000000002,0.7
P0089,0.45,0.8,0.1,-0.3881225098684866,-0.9856998626776179,83.538,0.38538,0.41178944900000003,0.3,0.7,0.5,0.07457,0.6
P0090,0.65,0.6,0.7,0.7382409645675809,0.12808008839776358,79.95599999999999,0.14955999999999992,0.18705684000000003,0.15,0.85,0.8,0.09637,0.5
P0091,0.3,0.35,0.25,-1.0035905177629467,-0.13568890208090376,83.77325,0.5377325,0.61661594175,0.55,0.44999999999999996,0.7,0.10802,0.4
P0092,0.5,0.7,0.3,0.0,-0.49720057068155404,81.93924999999999,0.31939249999999997,0.37745803625,0.375,0.625,0.9,0.09766,0.5
P0093,0.7,1.0,0.4,1.739712002761252,-1.1108963952666528,87.14025000000001,0.1714025,0.24908880425,0.575,0.42500000000000004,0.9,0.08204,0.9
P0094,0.575,0.9,0.25,0.542276956649484,-0.9086226392871192,80.85525,0.23355249999999994,0.36192230824999994,0.225,0.775,0.5,0.12913999999999998,0.2
P0095,0.75,0.7,0.8,1.2888391784249287,0.14721901853091027,80.98125,0.059812499999999935,0.17311332325,0.9,0.09999999999999998,1.0,0.14978999999999995,0.8
P0096,0.625,0.8,0.45,0.6719904947035324,-0.45564336039160835,81.31325,0.18813250000000004,0.30826861725,0.3,0.7,0.8,0.09384,0.2
P0097,0.35,0.4,0.3,-0.7382409645675809,-0.12808008839776358,78.99375,0.4399375,0.4286638422499999,0.1,0.9,0.4,0.037680000000000005,0.4
P0098,0.65,0.8,0.5,0.7916386077433746,-0.3958193038716873,80.2275,0.15227500000000005,0.274678728,0.7,0.30000000000000004,0.7,-0.014390000000000003,0.3
P0099,0.6,0.95,0.25,0.8277496317231459,-1.0513589768239502,85.436,0.25436000000000003,0.29991219350000003,0.85,0.15000000000000002,0.8,0.05808,0.3
P0100,0.975,1.0,0.95,3.445986189332802,-0.25775930198087793,92.44125,-0.050587499999999896,0.028483731749999998,0.475,0.525,0.9,0.0001499999999999998,0.9
P0101,0.15,0.15,0.15,-1.934843132203402,-0.0,88.463,0.7346299999999999,0.7060248145000001,0.15,0.85,0.0,0.045649999999999996,0.3
P0102,0.65,0.35,0.95,1.0991274358849534,0.9156700747430463,85.11224999999999,0.20112249999999998,0.23831270775000002,0.5,0.5,0.7,0.0485,0.3
P0103,0.625,0.75,0.5,0.6374841609623771,-0.31874208048118857,78.37974999999999,0.15879750000000004,0.25192585975000004,0.525,0.475,0.9,0.06466,0.3
P0104,0.225,0.25,0.2,-1.4291227687057515,-0.07707722339049883,82.28524999999999,0.5978525000000001,0.55793516325,0.125,0.875,0.6,0.16856,0.5
P0105,0.925,1.0,0.85,2.94817396274898,-0.506665415272789,90.56099999999999,-0.01939000000000002,0.07533760950000001,0.25,0.75,1.0,0.02498,0.2
P0106,0.975,0.95,1.0,3.445986189332802,0.25775930198087793,92.963,-0.04536999999999991,0.015013896499999999,0.15,0.85,1.0,0.017970000000000003,0.8
P0107,0.7,0.45,0.95,1.3455856796456809,0.7924409528626826,83.31949999999999,0.13319499999999995,0.21798523199999997,0.55,0.44999999999999996,0.8,0.1005,0.4
P0108,0.425,0.55,0.3,-0.37755245764171186,-0.3084243418606981,82.2135,0.39713500000000007,0.36349087999999996,0.55,0.44999999999999996,0.9,0.15732,0.5
P0109,0.875,0.8,0.95,2.2568724004288976,0.3367975924710742,84.2465,-0.03253499999999998,0.072472338,0.275,0.725,1.0,-0.05023,0.6
P0110,0.2,0.2,0.2,-1.5832772154867492,-0.0,83.00550000000001,0.630055,0.5591214769999999,0.225,0.775,0.3,0.13715000000000002,0.1
P0111,0.725,0.6,0.85,1.208461959987728,0.3631905861078371,83.23975,0.10739750000000015,0.19409410425,0.375,0.625,1.0,0.02085,0.5
P0112,0.3,0.35,0.25,-1.0035905177629467,-0.13568890208090376,83.79599999999999,0.53796,0.5364973104999999,0.775,0.22499999999999998,0.8,0.24963000000000002,0.8
P0113,0.825,0.75,0.9,1.8172452785742383,0.271138478324742,84.3835,0.018835000000000046,0.12231170299999998,0.175,0.825,1.0,0.06954,0.6
P0114,0.375,0.05,0.7,-0.9680332220039689,0.9812171816835386,83.14525,0.4564524999999999,0.53843907925,0.325,0.675,0.3,0.03709,0.3
P0115,0.4,0.55,0.25,-0.517836047922535,-0.37856613700110964,80.29525,0.40295249999999994,0.45707877225000004,0.675,0.32499999999999996,0.3,0.08852999999999998,0.0
P0116,0.375,0.25,0.5,-0.6374841609623769,0.31874208048118846,82.87749999999998,0.45377500000000004,0.44430970700000005,0.1,0.9,1.0,0.17812,0.8
P0117,0.85,1.0,0.7,2.4779529673288327,-0.7417759129828624,86.51375,0.015137500000000137,0.12639798575,0.225,0.775,1.0,0.03467,0.6
P0118,0.9,1.0,0.8,2.7723910043906534,-0.5945568944519521,89.76875,-0.0023124999999998286,0.06224688075,0.7,0.30000000000000004,1.0,0.05763999999999999,0.1
P0119,0.65,0.85,0.45,0.8477734530618589,-0.5435348395707716,83.35974999999999,0.18359750000000008,0.29707452175000004,0.45,0.55,0.6,0.07649,0.8
P0120,0.45,0.2,0.7,-0.29443803706182053,0.6444195892124643,80.91775,0.3591775,0.38413964224999997,0.275,0.725,1.0,0.272,0.5
P0121,0.225,0.3,0.15,-1.464622136783255,-0.2351104977100735,82.1655,0.596655,0.5268892825,0.4,0.6,0.4,0.07207000000000001,0.4
P0122,0.875,0.95,0.8,2.2568724004288976,-0.3367975924710742,84.389,-0.03110999999999997,0.101219521,0.275,0.725,1.0,0.023159999999999997,0.6
P0123,0.8,0.65,0.95,1.8313401494860928,0.5495637179424766,87.17675,0.07176749999999998,0.14841049125,0.55,0.44999999999999996,0.7,0.06445,0.3
P0124,0.3,0.35,0.25,-1.0035905177629467,-0.13568890208090376,81.39750000000001,0.5139749999999998,0.4884102465,0.775,0.22499999999999998,0.4,0.007959999999999998,0.3
P0125,0.775,1.0,0.55,2.100400509687121,-0.9305521418037184,86.59375,0.0909375,0.15381808275,0.4,0.6,1.0,0.07849999999999999,0.8
P0126,0.625,0.85,0.4,0.7263811722156742,-0.604230979993864,80.54275,0.18042750000000007,0.30011283525,0.275,0.725,0.8,0.06365,0.5
P0127,0.375,0.2,0.55,-0.6719904947035326,0.4556433603916083,80.7895,0.4328949999999999,0.45084657550000007,0.125,0.875,0.7,0.15579,0.0
P0128,0.175,0.1,0.25,-1.8172452785742383,0.271138478324742,88.36600000000001,0.7086600000000001,0.6764347390000001,0.425,0.575,0.1,0.0981,0.0
P0129,0.6,0.75,0.45,0.517836047922535,-0.37856613700110964,78.01425,0.18014249999999998,0.22333295975,0.225,0.775,0.8,0.07356,0.0
P0130,0.25,0.4,0.1,-1.420801511497888,-0.4693603618629172,82.71875,0.5771875,0.62919117875,0.625,0.375,0.4,0.0187,0.1
P0131,0.5,0.45,0.55,0.0,0.11964811303984203,77.34225,0.2734225,0.33533058675,0.325,0.675,0.9,0.08844,0.3
P0132,0.6,0.9,0.3,0.6825605469303071,-0.8384808441467076,81.30050000000001,0.2130050000000001,0.29889310599999996,0.725,0.275,1.0,0.16635,0.3
P0133,0.575,0.8,0.35,0.4255322509428048,-0.5788724822719722,84.3315,0.2683150000000002,0.28425354550000004,0.775,0.22499999999999998,0.8,0.10459,0.1
P0134,0.9,0.8,1.0,2.7723910043906534,0.5945568944519521,84.15525,-0.0584475000000001,0.07549867925,0.125,0.875,1.0,-0.011780000000000002,0.8
P0135,0.45,0.2,0.7,-0.29443803706182053,0.6444195892124643,81.482,0.36481999999999987,0.453002909,0.85,0.15000000000000002,0.5,0.07703,0.1
P0136,0.35,0.6,0.1,-0.9387207237258344,-0.710400755748944,81.47825,0.4647825,0.49303084774999995,0.25,0.75,0.6,0.14943,0.6
P0137,0.725,0.55,0.9,1.2994092306517033,0.5300565022860095,81.38825,0.08888250000000009,0.21161726375,0.6,0.4,0.7,0.020040000000000002,0.1
P0138,0.275,0.25,0.3,-1.134684731643931,0.07014179514041144,82.99275,0.5549275000000001,0.5361339452499999,0.375,0.625,0.5,0.18154,0.5
P0139,0.925,0.95,0.9,2.644994910297384,-0.1427363375368309,83.03475,-0.09465250000000014,0.08453797175,0.275,0.725,1.0,0.05251,0.7
P0140,0.675,0.55,0.8,0.9112867207832167,0.3359952473517662,81.98949999999999,0.144895,0.269545359,0.075,0.925,0.9,0.11038,0.5
P0141,0.75,0.8,0.7,1.2888391784249287,-0.14721901853091027,83.564,0.08564000000000005,0.1627389945,0.425,0.575,1.0,0.10836000000000001,0.8
P0142,0.85,0.95,0.75,2.1027179536479,-0.41387481586157304,81.5965,-0.03403500000000004,0.13290209800000002,0.6,0.4,1.0,0.028909999999999998,0.2
P0143,0.525,0.75,0.3,0.1402835902808231,-0.5673423658219656,84.4565,0.319565,0.31402151850000004,0.7,0.30000000000000004,0.6,0.02359,0.3
P0144,0.775,0.9,0.65,1.5458674744124308,-0.4068273804056458,82.15975,0.04659749999999996,0.16728799125,0.25,0.75,1.0,0.02106,0.5
P0145,0.875,1.0,0.75,2.618236557609656,-0.671634117842451,88.86425000000001,0.01364249999999989,0.08567678475,0.325,0.675,1.0,0.04303,0.9
P0146,0.275,0.3,0.25,-1.1346847316439312,-0.07014179514041155,82.69775,0.5519774999999999,0.5686746677500001,0.475,0.525,0.4,0.047689999999999996,0.1
P0147,0.875,0.8,0.95,2.2568724004288976,0.3367975924710742,84.26575,-0.03234250000000005,0.10904149924999999,0.275,0.725,1.0,0.022699999999999994,1.0
P0148,0.6,0.85,0.35,0.6013152093011312,-0.6667639614511354,84.67825,0.24678250000000002,0.31334221475,0.65,0.35,0.7,0.06442,0.3
P0149,0.25,0.4,0.1,-1.420801511497888,-0.4693603618629172,84.8315,0.598315,0.6047827205,0.65,0.35,0.2,0.19722,0.4
P0150,0.575,0.5,0.65,0.36610635680056963,0.18305317840028482,82.24600000000001,0.2474599999999999,0.286087373,0.425,0.575,0.8,0.06714,0.3
P0151,0.425,0.75,0.1,-0.542276956649484,-0.9086226392871192,81.76675,0.3926675,0.46038434575,0.725,0.275,0.7,0.17343,0.3
P0152,0.6,0.9,0.3,0.6825605469303071,-0.8384808441467076,83.117,0.23117,0.30098448400000005,0.525,0.475,0.6,0.03548,0.4
P0153,0.6,0.7,0.5,0.49720057068155404,-0.24860028534077702,76.47875,0.16478749999999998,0.26286911475,0.55,0.44999999999999996,0.8,0.08314,0.9
P0154,0.85,0.9,0.8,1.9713997253552358,-0.1940612549342433,85.72075,0.007207500000000144,0.10359396174999999,0.025,0.975,1.0,0.047990000000000005,0.8
P0155,0.175,0.1,0.25,-1.8172452785742383,0.271138478324742,85.49525,0.6799525,0.68449103925,0.225,0.775,0.3,0.16918,0.4
P0156,0.45,0.45,0.45,-0.2392962260796842,-6.938893903907228e-17,81.17150000000001,0.36171500000000006,0.3820673885,0.1,0.9,0.9,0.03806,0.2
P0157,0.8,0.6,1.0,2.2217927905333057,0.869856001380626,81.172,0.011719999999999953,0.153396603,0.8,0.19999999999999996,1.0,0.08725,0.1
P0158,0.15,0.0,0.3,-2.4779529673288327,0.7417759129828624,86.72475,0.7172474999999998,0.67144867325,0.075,0.925,0.4,0.11301000000000001,0.4
P0159,0.65,0.4,0.9,0.9387207237258344,0.710400755748944,81.8765,0.16876500000000016,0.267468822,0.275,0.725,0.8,0.08993999999999999,0.1
P0160,0.4,0.6,0.2,-0.5505982138573478,-0.5163395008147007,82.5115,0.425115,0.4362228075,0.375,0.625,0.3,0.09344,0.4
P0161,0.85,0.85,0.85,1.934843132203402,-0.0,86.17724999999999,0.011772500000000075,0.062459906249999995,0.325,0.675,1.0,0.05982,0.7
P0162,0.775,1.0,0.55,2.100400509687121,-0.9305521418037184,87.70925,0.10209250000000003,0.17808037925000003,0.075,0.925,0.9,0.009379999999999998,0.7
P0163,0.575,0.25,0.9,0.5422769566494843,0.9086226392871191,86.0995,0.285995,0.33415933,0.3,0.7,1.0,0.06584999999999999,0.8
P0164,0.575,0.85,0.3,0.470220995420147,-0.7323110683916275,84.13125,0.2663125000000002,0.25804201075,0.45,0.55,0.8,0.046130000000000004,0.7
P0165,0.825,1.0,0.65,2.3468587534478487,-0.8073230199233546,88.20925,0.05709249999999999,0.15592595574999998,0.8,0.19999999999999996,0.9,0.0298,0.3
P0166,0.775,0.7,0.85,1.464622136783255,0.2351104977100735,81.93350000000001,0.04433500000000001,0.13692330049999998,0.475,0.525,1.0,0.13851,0.1
P0167,0.4,0.45,0.35,-0.4857544698404118,-0.12322912188036389,81.29325,0.41293250000000015,0.43062314374999994,0.45,0.55,0.9,0.10657000000000001,0.2
P0168,0.675,0.8,0.55,0.9112867207832166,-0.3359952473517663,80.98025,0.13480249999999994,0.19980062075000005,0.125,0.875,0.8,0.06382,0.3
P0169,0.7,0.85,0.55,1.087069679141543,-0.4238867265309295,85.6165,0.1561650000000001,0.20282336650000002,0.325,0.675,0.8,0.08863,0.8
P0170,0.7,0.65,0.75,1.0035905177629467,0.13568890208090356,81.3375,0.113375,0.19603700750000003,0.25,0.75,1.0,0.13809,0.6
P0171,0.85,0.9,0.8,1.9713997253552358,-0.1940612549342433,81.13924999999999,-0.03860750000000002,0.12107813024999999,0.4,0.6,1.0,0.14541999999999997,1.0
P0172,0.6,0.85,0.35,0.6013152093011312,-0.6667639614511354,78.92049999999999,0.18920500000000007,0.352576563,0.225,0.775,0.6,0.03171,0.1
P0173,0.75,0.85,0.65,1.3335279229022707,-0.3006576046505657,81.0235,0.06023500000000015,0.1864047505,0.45,0.55,0.7,0.01936,1.0
P0174,0.85,0.9,0.8,1.9713997253552358,-0.1940612549342433,89.75775,0.04757749999999994,0.08710368625,0.475,0.525,1.0,0.0332,0.8
P0175,0.625,0.75,0.5,0.6374841609623771,-0.31874208048118857,82.04475,0.1954475,0.22491527424999996,0.25,0.75,0.6,0.02195,0.0
P0176,0.6,0.8,0.4,0.5505982138573478,-0.5163395008147007,83.23225,0.2323225000000001,0.33551792824999993,0.425,0.575,0.7,0.14526,0.8
P0177,0.725,0.9,0.55,1.2994092306517033,-0.5300565022860095,81.26475,0.08764749999999999,0.17954603675,0.2,0.8,0.9,0.12261999999999999,0.4
P0178,0.175,0.35,0.0,-2.3468587534478487,-0.8073230199233546,89.881,0.7238099999999998,0.718253547,0.4,0.6,0.1,0.09877,0.3
P0179,0.275,0.25,0.3,-1.134684731643931,0.07014179514041144,83.4225,0.559225,0.525581865,0.5,0.5,0.6,0.07139999999999999,0.9
P0180,0.45,0.2,0.7,-0.29443803706182053,0.6444195892124643,80.25500000000001,0.35254999999999986,0.363244436,0.4,0.6,0.7,0.01925,0.5
P0181,0.95,1.0,0.9,3.16051351425914,-0.40049563951770883,88.7355,-0.06264499999999984,0.0512290425,0.3,0.7,1.0,0.027600000000000003,0.3
P0182,0.45,0.35,0.55,-0.2464582437607276,0.24287723492020583,82.105,0.37104999999999994,0.420413393,0.175,0.825,0.8,0.18494,0.3
P0183,0.45,0.6,0.3,-0.25616017679552716,-0.36912048228379046,79.01124999999999,0.3401125,0.32394196975,0.25,0.75,0.7,0.10511999999999999,0.2
P0184,0.675,0.6,0.75,0.8785245548484037,0.19822188353817505,80.20525,0.1270524999999999,0.27456705325,0.95,0.050000000000000044,0.7,0.07544000000000001,0.2
P0185,0.525,0.9,0.15,0.21233955151016015,-1.073591341856781,83.63250000000001,0.31132499999999985,0.313010094,0.5,0.5,0.7,0.10288000000000001,0.4
P0186,0.45,0.6,0.3,-0.25616017679552716,-0.36912048228379046,80.51375,0.35513750000000005,0.36447942725000004,0.45,0.55,0.6,0.0731,0.7
P0187,0.475,0.75,0.2,-0.15415444678099743,-0.7145613843528759,84.321,0.3682099999999998,0.40344153250000003,0.15,0.85,0.6,0.04481,0.7
P0188,0.725,1.0,0.45,1.8611042836074367,-1.0502002548435605,85.90775,0.13407750000000007,0.14986845825,0.05,0.95,1.0,0.025990000000000003,0.4
P0189,0.625,0.8,0.45,0.6719904947035324,-0.45564336039160835,83.09575,0.2059574999999999,0.30388644275,0.725,0.275,0.8,0.08903,0.0
P0190,0.25,0.05,0.45,-1.5848819057253651,0.6727928398228404,82.49549999999999,0.5749549999999999,0.517248422,0.45,0.55,0.4,0.21750000000000003,0.7
P0191,0.45,0.25,0.65,-0.2713778041618073,0.5017952588814732,80.61025,0.35610250000000004,0.37121897524999997,0.1,0.9,0.7,0.17742,0.3
P0192,0.625,0.4,0.85,0.7263811722156742,0.604230979993864,84.328,0.21828000000000003,0.24905129749999996,0.375,0.625,0.8,0.10414000000000001,0.1
P0193,0.6,0.45,0.75,0.5178360479225349,0.37856613700110947,83.57149999999999,0.23571500000000012,0.2925496195,0.6,0.4,0.9,0.06667,0.4
P0194,0.9,1.0,0.8,2.7723910043906534,-0.5945568944519521,83.9885,-0.06011500000000003,0.10940546300000001,0.525,0.475,0.9,0.10491999999999999,0.6
P0195,0.625,0.7,0.55,0.6168486837213961,-0.188776228820856,81.19800000000001,0.18698000000000015,0.22795018000000003,0.325,0.675,0.9,0.06035,0.9
P0196,0.675,0.6,0.75,0.8785245548484037,0.19822188353817505,78.89075,0.11390749999999994,0.17929641875,0.35,0.65,1.0,0.0945,0.2
P0197,0.25,0.3,0.2,-1.2888391784249287,-0.14721901853091027,82.72125,0.5772124999999999,0.5464466167500001,0.0,1.0,0.5,0.13783,0.2
P0198,0.625,0.8,0.45,0.6719904947035324,-0.45564336039160835,74.1255,0.116255,0.220498295,0.225,0.775,0.9,0.05406,0.5
P0199,0.825,0.95,0.7,1.962434363367077,-0.48401661100198445,84.5445,0.020445000000000157,0.1451657915,0.825,0.17500000000000004,0.7,-0.0002500000000000009,0.2
P0200,0.6,0.55,0.65,0.4857544698404118,0.12322912188036372,79.801,0.19801000000000002,0.2768878315,0.275,0.725,0.7,0.09842000000000001,0.4
P0201,0.75,1.0,0.5,1.9807523966472789,-0.9903761983236394,83.0475,0.08047500000000007,0.2163915715,0.1,0.9,0.9,0.07871000000000002,0.5
P0202,0.8,0.95,0.65,1.8313401494860926,-0.5495637179424767,84.312,0.04312000000000005,0.14201427049999998,0.075,0.925,0.8,0.06394999999999999,0.7
P0203,0.3,0.4,0.2,-1.0326790016294014,-0.2752991069286739,85.20750000000001,0.5520749999999999,0.5588757194999999,0.45,0.55,0.6,0.19937,0.6
P0204,0.6,0.8,0.4,0.5505982138573478,-0.5163395008147007,80.691,0.20690999999999993,0.23372172250000003,0.55,0.44999999999999996,0.8,0.07514000000000001,0.0
P0205,0.875,1.0,0.75,2.618236557609656,-0.671634117842451,86.52324999999999,-0.00976750000000004,0.08545743075,0.3,0.7,1.0,0.07168,0.4
P0206,0.2,0.2,0.2,-1.5832772154867492,-0.0,80.7005,0.607005,0.5876018789999999,0.45,0.55,0.5,0.18422,0.1
P0207,0.1,0.2,0.0,-2.7723910043906534,-0.5945568944519521,86.774,0.7677400000000001,0.7169174700000001,0.375,0.625,0.0,0.10696000000000001,0.1
P0208,0.65,0.9,0.4,0.9387207237258344,-0.710400755748944,80.074,0.15073999999999999,0.286533648,0.25,0.75,0.9,0.11951,0.7
P0209,0.55,0.65,0.45,0.2464582437607276,-0.242877234920206,69.51425,0.14514249999999995,0.29122600125,0.375,0.625,0.9,0.020999999999999998,0.4
P0210,0.4,0.3,0.5,-0.49720057068155404,0.24860028534077702,80.59925,0.4059925,0.41341169775,0.15,0.85,1.0,0.15516000000000002,0.3
P0211,0.75,1.0,0.5,1.9807523966472789,-0.9903761983236394,87.51875,0.12518749999999979,0.16325543825,0.4,0.6,1.0,0.12769,0.9
P0212,1.0,1.0,1.0,3.9615047932945577,-0.0,97.6895,-0.02310499999999993,0.0011211175,0.25,0.75,1.0,0.0268,0.8
P0213,0.3,0.1,0.5,-1.1797611176118612,0.5898805588059306,81.529,0.51529,0.5068430465,0.675,0.32499999999999996,0.6,0.08407,0.2
P0214,0.475,0.5,0.45,-0.11964811303984217,-0.059824056519921086,80.79475,0.33294750000000006,0.40139577825000006,0.325,0.675,0.8,0.11876,0.1
P0215,0.825,0.95,0.7,1.962434363367077,-0.48401661100198445,85.58875,0.030887500000000068,0.10158616775000003,0.2,0.8,1.0,0.011850000000000001,0.4
P0216,0.8,0.8,0.8,1.5832772154867492,-0.0,84.495,0.044950000000000045,0.133101007,0.175,0.825,1.0,0.07113,0.8
P0217,0.625,0.7,0.55,0.6168486837213961,-0.188776228820856,83.49449999999999,0.20994500000000005,0.2780692225,0.275,0.725,1.0,0.14019,0.8
P0218,0.775,0.95,0.6,1.7062741865715498,-0.6120966993997481,87.52324999999999,0.10023250000000006,0.17268358075,0.725,0.275,0.9,0.03556,0.5
P0219,0.625,0.4,0.85,0.7263811722156742,0.604230979993864,84.23474999999999,0.21734750000000003,0.24295729125000004,0.3,0.7,1.0,0.09863000000000001,0.8
P0220,0.9,1.0,0.8,2.7723910043906534,-0.5945568944519521,90.16325,0.0016325000000000367,0.08593834875000002,0.65,0.35,1.0,0.04514,0.6
P0221,0.65,0.6,0.7,0.7382409645675809,0.12808008839776358,81.5275,0.16527499999999995,0.24650297999999998,0.275,0.725,1.0,0.049969999999999994,0.1
P0222,0.8,0.8,0.8,1.5832772154867492,-0.0,80.38399999999999,0.0038399999999998435,0.16514549400000003,0.4,0.6,1.0,0.06910999999999999,0.7
P0223,0.35,0.25,0.45,-0.757132274002219,0.2589180239612674,83.11175,0.4811175000000001,0.48776298124999995,0.475,0.525,0.3,0.18516000000000005,0.4
P0224,0.55,0.7,0.4,0.25616017679552716,-0.36912048228379046,80.49100000000001,0.25490999999999986,0.328495698,0.4,0.6,0.4,0.10527,0.8
P0225,0.725,1.0,0.45,1.8611042836074367,-1.0502002548435605,87.10249999999999,0.14602499999999985,0.18887044050000004,0.825,0.17500000000000004,0.9,0.08264,0.6
P0226,0.85,0.8,0.9,1.9713997253552358,0.1940612549342433,82.31224999999999,-0.02687750000000011,0.09344988474999999,0.4,0.6,1.0,0.05574,0.0
P0227,0.675,1.0,0.35,1.614646039846709,-1.1734293767239243,83.53425,0.16034249999999994,0.21187526525,0.15,0.85,0.9,0.02098,0.5
P0228,0.525,0.5,0.55,0.11964811303984203,0.059824056519921016,83.0365,0.3053649999999999,0.32863671749999995,0.7,0.30000000000000004,0.9,0.08242,0.5
P0229,0.7,0.8,0.6,1.0326790016294014,-0.2752991069286739,79.2045,0.09204500000000004,0.188192597,0.45,0.55,0.9,0.07716999999999999,0.5
P0230,0.625,0.65,0.6,0.6071467506865966,-0.06253298145727147,73.16275,0.1066275000000001,0.19336458025,0.125,0.875,0.9,0.006000000000000002,1.0
P0231,0.675,0.5,0.85,0.967421566101701,0.4837107830508505,79.99249999999999,0.12492499999999995,0.20811296750000002,0.05,0.95,0.9,0.12691,0.4
P0232,0.45,0.7,0.2,-0.29443803706182053,-0.6444195892124643,80.44550000000001,0.35445500000000013,0.382713127,0.5,0.5,0.6,0.0514,0.7
P0233,0.575,0.55,0.6,0.360688506925869,0.06069614042309234,80.96325,0.23463250000000002,0.32031137275,0.5,0.5,0.5,0.01364,0.1
P0234,0.525,0.55,0.5,0.11964811303984217,-0.059824056519921086,81.2025,0.287025,0.284657349,0.675,0.32499999999999996,0.7,0.1061,0.6
P0235,0.8,0.75,0.85,1.6049057270640783,0.16496870256966195,82.03675,0.020367499999999872,0.16843974175,0.35,0.65,0.9,0.12312999999999999,0.4
P0236,0.575,0.9,0.25,0.542276956649484,-0.9086226392871192,86.12575,0.28625750000000005,0.32939817925000003,0.275,0.725,0.9,0.16989,0.9
P0237,0.35,0.6,0.1,-0.9387207237258344,-0.710400755748944,83.9075,0.48907500000000004,0.541584078,0.275,0.725,0.3,0.08282,0.2
P0238,0.475,0.85,0.1,-0.21233955151016015,-1.073591341856781,85.962,0.38461999999999996,0.46195517099999994,0.125,0.875,0.6,0.18667,0.1
P0239,0.8,1.0,0.6,2.2217927905333057,-0.869856001380626,83.296,0.03295999999999988,0.1486433575,0.575,0.42500000000000004,1.0,0.051980000000000005,0.8
P0240,0.675,0.5,0.85,0.967421566101701,0.4837107830508505,84.09275,0.1659275,0.19957454725,0.375,0.625,0.8,0.07316,0.1
P0241,0.5,0.55,0.45,0.0,-0.11964811303984217,78.1825,0.281825,0.359047487,0.4,0.6,0.9,0.08456,0.1
P0242,0.55,0.35,0.75,0.2713778041618073,0.5017952588814732,82.425,0.2742499999999999,0.346973686,0.575,0.42500000000000004,0.8,0.14213,0.7
P0243,0.675,0.9,0.45,1.060113004572019,-0.6497046153258517,82.075,0.14574999999999994,0.209541123,0.3,0.7,0.6,0.03742,0.5
P0244,0.65,0.8,0.5,0.7916386077433746,-0.3958193038716873,82.9815,0.17981499999999995,0.26730654200000004,0.075,0.925,0.9,0.021010000000000004,0.4
P0245,0.7,0.85,0.55,1.087069679141543,-0.4238867265309295,79.60425000000001,0.09604250000000014,0.23414776225000003,0.65,0.35,0.9,0.044149999999999995,0.3
P0246,0.875,0.85,0.9,2.147182683713562,0.10616977575508008,84.09,-0.03410000000000013,0.106058337,0.25,0.75,1.0,0.07982000000000002,0.0
P0247,0.825,1.0,0.65,2.3468587534478487,-0.8073230199233546,86.10600000000001,0.03605999999999998,0.1065316835,0.55,0.44999999999999996,0.9,0.021410000000000002,0.4
P0248,0.275,0.3,0.25,-1.1346847316439312,-0.07014179514041155,84.65125,0.5715125,0.63084438675,0.8,0.19999999999999996,0.1,0.0891,0.1
P0249,0.375,0.1,0.65,-0.8136547608112916,0.7729337372062154,82.99600000000001,0.45496000000000003,0.43897704649999997,0.4,0.6,0.7,0.08649,0.3
P0250,0.825,0.8,0.85,1.7590601738450755,0.08789147917916323,80.31174999999999,-0.021882499999999805,0.16548450875,0.125,0.875,1.0,0.05505000000000001,0.1
P0251,0.75,0.65,0.85,1.3335279229022707,0.3006576046505656,81.90350000000001,0.06903500000000007,0.19063542700000002,0.4,0.6,0.7,0.12223000000000002,0.3
P0252,0.975,1.0,0.95,3.445986189332802,-0.25775930198087793,90.73625,-0.06763750000000002,0.025379819750000004,0.2,0.8,1.0,0.004449999999999998,0.5
P0253,0.5,0.65,0.35,0.0,-0.3661063568005698,75.74725000000001,0.2574725,0.28476161925000004,0.4,0.6,0.8,0.08244,0.1
P0254,0.75,0.75,0.75,1.274968321924754,-1.1102230246251565e-16,81.8025,0.06802500000000011,0.171649767,0.2,0.8,0.8,0.12495,0.6
P0255,0.6,0.7,0.5,0.49720057068155404,-0.24860028534077702,82.26249999999999,0.22262500000000007,0.32973067549999996,0.4,0.6,1.0,0.04406,0.9
P0256,0.275,0.2,0.35,-1.1577449645439444,0.2127661254714024,80.3625,0.5286249999999999,0.5943598865,0.55,0.44999999999999996,0.3,0.23527,0.3
P0257,0.55,0.8,0.3,0.29443803706182053,-0.6444195892124643,80.93625,0.25936249999999994,0.37450709925,0.725,0.275,0.5,0.053200000000000004,0.4
P0258,0.425,0.65,0.2,-0.4255322509428048,-0.5788724822719722,83.80775000000001,0.41307750000000004,0.44496168625,0.2,0.8,0.7,0.20989999999999998,0.2
P0259,0.3,0.25,0.35,-1.0035905177629467,0.13568890208090356,78.94575,0.48945749999999993,0.5245213227500001,0.15,0.85,0.5,0.12338,0.0
P0260,0.675,0.95,0.4,1.2241933987994962,-0.8531370932857749,82.9935,0.15493500000000004,0.2197242385,0.725,0.275,0.7,0.04050999999999999,0.2
P0261,0.975,0.95,1.0,3.445986189332802,0.25775930198087793,94.17725,-0.033227499999999854,0.024030050750000004,0.7,0.30000000000000004,1.0,0.020429999999999997,0.8
P0262,0.425,0.2,0.65,-0.42553225094280495,0.5788724822719721,82.19025,0.3969025,0.40042758675000006,0.5,0.5,0.3,0.07028000000000001,0.2
P0263,0.3,0.45,0.15,-1.087069679141543,-0.4238867265309295,84.63125,0.5463125,0.55506570525,0.625,0.375,0.4,0.21715999999999996,0.5
P0264,0.975,1.0,0.95,3.445986189332802,-0.25775930198087793,92.97999999999999,-0.045199999999999796,0.021668014,0.35,0.65,1.0,0.011720000000000003,0.6
P0265,0.525,0.75,0.3,0.1402835902808231,-0.5673423658219656,78.85125000000001,0.2635124999999999,0.31328752775,0.1,0.9,1.0,0.07559,0.6
P0266,0.275,0.55,0.0,-1.8611042836074367,-1.0502002548435605,87.00675000000001,0.5950675,0.57711285525,0.2,0.8,0.4,0.10393999999999999,0.1
P0267,0.95,1.0,0.9,3.16051351425914,-0.40049563951770883,91.966,-0.030339999999999923,0.038030854499999996,0.7,0.30000000000000004,1.0,0.06390000000000001,0.5
P0268,0.425,0.6,0.25,-0.3964437670763503,-0.439262277424202,78.17525,0.3567525,0.39670630025000003,0.45,0.55,0.4,0.05513,0.3
P0269,0.325,0.5,0.15,-0.967421566101701,-0.4837107830508505,83.046,0.50546,0.491486852,0.55,0.44999999999999996,0.9,0.27502,0.6
P0270,0.825,1.0,0.65,2.3468587534478487,-0.8073230199233546,89.2655,0.06765500000000013,0.11178289699999999,0.55,0.44999999999999996,1.0,0.037349999999999994,0.3
P0271,0.725,0.75,0.7,1.1346847316439312,-0.07014179514041155,78.77025,0.0627025,0.26265921075,0.4,0.6,0.8,0.037950000000000005,0.3
P0272,0.475,0.55,0.4,-0.12139228084618468,-0.1803442534629345,79.81875,0.32318750000000007,0.34363799674999995,0.275,0.725,0.6,0.09395,0.2
P0273,0.325,0.4,0.25,-0.878524554848404,-0.19822188353817516,80.38,0.47880000000000006,0.4658132475,0.475,0.525,0.4,0.11340000000000001,0.5
P0274,0.375,0.5,0.25,-0.6374841609623771,-0.31874208048118857,80.3255,0.42825499999999983,0.47766205799999994,0.625,0.375,0.5,0.11429,0.0
P0275,0.825,0.85,0.8,1.7590601738450755,-0.08789147917916323,81.86575,-0.006342499999999807,0.12657777975,0.025,0.975,0.9,-0.02364,0.8
P0276,0.775,0.7,0.85,1.464622136783255,0.2351104977100735,82.05375,0.04553750000000001,0.15876418074999998,0.625,0.375,0.9,0.044390000000000006,0.2
P0277,0.5,0.75,0.25,0.0,-0.6374841609623771,82.45475000000002,0.3245474999999999,0.43467210675,0.125,0.875,0.5,0.13219,0.1
P0278,0.525,0.45,0.6,0.12139228084618482,0.18034425346293445,78.93325,0.26433249999999986,0.30694183775,0.3,0.7,0.8,0.06792000000000001,0.5
P0279,0.575,0.95,0.2,0.6735951849421484,-1.1284362002144488,84.78925,0.2728925000000001,0.35920978925,0.525,0.475,0.9,0.15966,0.3
P0280,0.525,0.1,0.95,0.2854726750736618,1.322497455148692,82.58075,0.3008075,0.32201548874999997,0.15,0.85,0.7,0.14344,0.7
P0281,0.1,0.15,0.05,-2.432655358787224,-0.24890611329191098,90.05350000000001,0.800535,0.7829043355000002,0.4,0.6,0.2,0.10176,0.1
P0282,0.375,0.25,0.5,-0.6374841609623769,0.31874208048118846,82.44375,0.44943749999999993,0.51789102875,0.25,0.75,0.5,0.13274999999999998,0.0
P0283,0.625,0.6,0.65,0.6071467506865965,0.06253298145727139,81.19425,0.18694250000000012,0.26322755175,0.025,0.975,0.8,0.14149000000000003,0.5
P0284,0.75,0.85,0.65,1.3335279229022707,-0.3006576046505657,81.94325,0.06943250000000012,0.16679571425,0.675,0.32499999999999996,1.0,0.16601,0.9
P0285,0.9,0.9,0.9,2.3595222352237224,-0.0,84.78775,-0.05212250000000018,0.08964288475,0.475,0.525,1.0,0.023139999999999997,0.4
P0286,0.425,0.3,0.55,-0.377552457641712,0.30842434186069806,84.79425,0.42294249999999994,0.47546874924999993,0.175,0.825,0.6,0.11850000000000001,0.4
P0287,0.875,1.0,0.75,2.618236557609656,-0.671634117842451,84.66024999999999,-0.028397499999999964,0.09756517625000001,0.65,0.35,0.9,0.02388,0.2
P0288,0.75,0.85,0.65,1.3335279229022707,-0.3006576046505657,82.05175,0.07051750000000001,0.16100162125,0.575,0.42500000000000004,0.8,0.09764999999999999,0.6
P0289,0.525,0.75,0.3,0.1402835902808231,-0.5673423658219656,81.42125000000001,0.2892125,0.35731608375,0.75,0.25,0.7,0.13562000000000002,0.6
P0290,0.475,0.35,0.6,-0.12506596291454278,0.30357337534329826,82.4885,0.3498849999999999,0.38932460450000006,0.35,0.65,0.9,0.041,0.6
P0291,0.925,0.95,0.9,2.644994910297384,-0.1427363375368309,83.19575,-0.09304250000000003,0.06151573024999999,0.3,0.7,1.0,0.030059999999999996,0.5
P0292,0.375,0.6,0.15,-0.7263811722156742,-0.604230979993864,83.3445,0.458445,0.503685801,0.7,0.30000000000000004,0.5,0.11549000000000001,0.3
P0293,0.9,0.9,0.9,2.3595222352237224,-0.0,85.06975,-0.049302499999999916,0.046025711250000004,0.775,0.22499999999999998,1.0,0.05745,0.3
P0294,0.475,0.55,0.4,-0.12139228084618468,-0.1803442534629345,82.11625,0.34616250000000015,0.39502125025,0.85,0.15000000000000002,0.6,0.08132999999999999,0.0
P0295,0.7,0.6,0.8,1.0326790016294014,0.2752991069286739,82.51050000000001,0.12510500000000002,0.20202984749999997,0.925,0.07499999999999996,0.9,0.08055999999999999,0.1
P0296,0.7,0.6,0.8,1.0326790016294014,0.2752991069286739,80.46624999999999,0.1046625000000001,0.22836124325,0.2,0.8,1.0,0.23033,0.6
P0297,0.775,0.9,0.65,1.5458674744124308,-0.4068273804056458,84.1095,0.0660949999999999,0.1710219285,0.7,0.30000000000000004,1.0,0.07311999999999999,0.3
P0298,0.775,0.8,0.75,1.4291227687057515,-0.07707722339049883,86.74749999999999,0.09247499999999997,0.15331802050000004,0.475,0.525,0.8,0.05444000000000001,0.2
P0299,0.75,0.9,0.6,1.420801511497888,-0.4693603618629172,81.365,0.06364999999999998,0.22833756750000003,0.35,0.65,0.9,0.06883,0.4
P0300,0.65,0.35,0.95,1.0991274358849534,0.9156700747430463,83.69975,0.18699750000000004,0.25914206824999997,0.2,0.8,1.0,0.08703999999999999,0.6
P0301,0.825,1.0,0.65,2.3468587534478487,-0.8073230199233546,84.26325,0.01763249999999994,0.12364164625,0.55,0.44999999999999996,1.0,0.07804000000000001,0.8
P0302,0.775,0.7,0.85,1.464622136783255,0.2351104977100735,83.31775,0.05817749999999999,0.14577053974999998,0.225,0.775,1.0,0.040470000000000006,0.5
P0303,0.325,0.6,0.05,-1.2241933987994962,-0.8531370932857749,83.52775,0.5102775000000002,0.52494646225,0.975,0.025000000000000022,0.4,0.11165,0.2
P0304,0.8,0.95,0.65,1.8313401494860926,-0.5495637179424767,86.523,0.06523000000000001,0.10474745300000002,0.45,0.55,1.0,0.11546999999999999,0.8
P0305,0.575,0.95,0.2,0.6735951849421484,-1.1284362002144488,88.7115,0.31211500000000003,0.34396640300000003,0.575,0.42500000000000004,0.8,0.10084,0.0
P0306,0.775,0.85,0.7,1.464622136783255,-0.2351104977100735,83.07249999999999,0.055724999999999913,0.1674935585,0.825,0.17500000000000004,1.0,0.03101,0.4
P0307,0.925,0.95,0.9,2.644994910297384,-0.1427363375368309,87.94125,-0.045587500000000114,0.05708414775,0.05,0.95,1.0,0.02248,0.5
P0308,0.85,0.85,0.85,1.934843132203402,-0.0,85.96600000000001,0.009660000000000113,0.12333209149999999,0.25,0.75,1.0,0.11989000000000001,0.4
P0309,0.425,0.2,0.65,-0.42553225094280495,0.5788724822719721,82.15775,0.3965775000000001,0.41793615524999994,0.65,0.35,0.8,0.16011000000000003,0.1
P0310,0.525,0.75,0.3,0.1402835902808231,-0.5673423658219656,82.9395,0.30439499999999986,0.345774217,0.525,0.475,0.5,0.12483,0.5
P0311,0.65,0.35,0.95,1.0991274358849534,0.9156700747430463,83.4835,0.18483499999999997,0.2811312015,0.15,0.85,0.7,0.11216,0.3
P0312,0.575,0.75,0.4,0.3964437670763503,-0.439262277424202,83.3,0.258,0.3122925835,0.4,0.6,0.7,0.010369999999999994,0.8
P0313,0.525,0.9,0.15,0.21233955151016015,-1.073591341856781,84.64025,0.3214024999999999,0.42505139424999994,0.125,0.875,0.4,0.07953999999999999,0.5
P0314,0.6,0.7,0.5,0.49720057068155404,-0.24860028534077702,81.499,0.2149899999999999,0.2909786715,0.775,0.22499999999999998,0.8,0.05053,0.8
P0315,0.925,1.0,0.85,2.94817396274898,-0.506665415272789,88.8555,-0.03644500000000006,0.0717863915,0.175,0.825,0.9,0.03252000000000001,0.6
P0316,0.825,0.75,0.9,1.8172452785742383,0.271138478324742,82.243,-0.00256999999999985,0.14932672349999998,0.125,0.875,0.8,0.10027,0.9
P0317,0.425,0.2,0.65,-0.42553225094280495,0.5788724822719721,87.279,0.44778999999999997,0.4672644760000001,0.275,0.725,0.7,0.14586,0.5
P0318,0.7,0.95,0.45,1.3455856796456809,-0.7924409528626826,83.48675,0.13486750000000003,0.21487269725,0.3,0.7,0.8,0.07581000000000002,0.4
P0319,0.275,0.5,0.05,-1.465233792685523,-0.7326168963427615,86.62825000000001,0.5912825000000002,0.63511760025,0.9,0.09999999999999998,0.2,0.032,0.4
P0320,0.2,0.2,0.2,-1.5832772154867492,-0.0,83.04025,0.6304025,0.58881307875,0.225,0.775,0.4,0.16105999999999998,0.0
P0321,0.45,0.4,0.5,-0.24104039388602685,0.12052019694301343,71.936,0.26936,0.403340511,0.1,0.9,0.4,0.04973000000000001,0.6
P0322,0.55,0.95,0.15,0.49781222658382196,-1.216327679393612,87.59049999999999,0.3259049999999998,0.33667327699999994,0.85,0.15000000000000002,0.7,0.08368,0.1
P0323,0.775,0.8,0.75,1.4291227687057515,-0.07707722339049883,82.5395,0.05039499999999997,0.123817098,0.2,0.8,0.9,0.08258,0.5
P0324,0.6,0.55,0.65,0.4857544698404118,0.12322912188036372,81.1515,0.211515,0.2811108085,0.175,0.825,0.9,0.10611,0.7
P0325,0.6,0.6,0.6,0.4820807877720537,-0.0,82.0675,0.22067499999999995,0.289474927,0.5,0.5,0.7,0.07841000000000001,0.7
P0326,0.775,0.95,0.6,1.7062741865715498,-0.6120966993997481,82.97675,0.05476749999999997,0.17730430475,0.575,0.42500000000000004,0.8,0.07325000000000001,0.6
P0327,0.45,0.55,0.35,-0.2464582437607276,-0.242877234920206,83.058,0.38058,0.36891529349999996,0.55,0.44999999999999996,1.0,0.11491,0.6
P0328,0.375,0.1,0.65,-0.8136547608112916,0.7729337372062154,78.96675,0.41466749999999997,0.4022666792499999,0.275,0.725,0.8,0.14686000000000002,0.3
P0329,0.55,0.4,0.7,0.25616017679552716,0.36912048228379046,82.66400000000002,0.27664,0.29216859400000006,0.575,0.42500000000000004,0.5,0.06111,0.4
P0330,0.125,0.15,0.1,-2.147182683713562,-0.10616977575508008,86.441,0.7394100000000001,0.713199637,0.85,0.15000000000000002,0.2,0.09162,0.0
P0331,0.95,1.0,0.9,3.16051351425914,-0.40049563951770883,89.83250000000001,-0.051674999999999915,0.033605382,0.425,0.575,1.0,0.058910000000000004,0.6
P0332,0.525,0.9,0.15,0.21233955151016015,-1.073591341856781,81.01075,0.2851075000000002,0.29475395025,0.3,0.7,0.7,0.09784,0.5
P0333,0.65,0.95,0.35,1.0991274358849532,-0.9156700747430464,81.1505,0.161505,0.30937494050000003,0.65,0.35,1.0,0.05277,0.5
P0334,0.55,0.55,0.55,0.2392962260796842,-6.938893903907228e-17,82.01275000000001,0.27012749999999985,0.28616026525000005,0.25,0.75,0.7,0.08026,0.3
P0335,0.425,0.65,0.2,-0.4255322509428048,-0.5788724822719722,83.39025000000001,0.4089025,0.42641658025000007,0.325,0.675,0.8,0.15503,0.8
P0336,0.775,0.6,0.95,1.7062741865715498,0.6120966993997481,84.79724999999999,0.0729725,0.10814937725,0.35,0.65,1.0,0.02707,0.6
P0337,0.75,0.95,0.55,1.5848819057253651,-0.6727928398228404,88.95675,0.13956750000000007,0.18886613224999999,0.3,0.7,1.0,0.08212,0.7
P0338,0.1,0.15,0.05,-2.432655358787224,-0.24890611329191098,85.8915,0.758915,0.6962564,0.7,0.30000000000000004,0.2,0.05641,0.2
P0339,0.775,1.0,0.55,2.100400509687121,-0.9305521418037184,85.7035,0.08203499999999997,0.1737631345,0.9,0.09999999999999998,1.0,0.13684000000000002,0.7
P0340,0.95,1.0,0.9,3.16051351425914,-0.40049563951770883,87.11325000000001,-0.07886750000000009,0.047024044249999994,0.25,0.75,1.0,0.03961,0.7
P0341,0.275,0.05,0.5,-1.465233792685523,0.7326168963427615,86.0145,0.5851449999999999,0.5740514885,0.225,0.775,0.4,0.10271999999999999,0.1
P0342,0.075,0.0,0.15,-2.94817396274898,0.506665415272789,85.95625,0.7845625,0.71100293325,0.35,0.65,0.4,0.12671,0.1
P0343,0.4,0.2,0.6,-0.5505982138573478,0.5163395008147007,81.35799999999999,0.41357999999999995,0.4163219045,0.7,0.30000000000000004,0.8,0.11656,0.8
P0344,0.7,0.7,0.7,0.9944011413631081,-0.0,81.71925000000002,0.11719250000000003,0.24740216525000003,0.675,0.32499999999999996,1.0,0.09398,0.2
P0345,0.8,1.0,0.6,2.2217927905333057,-0.869856001380626,79.6845,-0.00315500000000013,0.161565897,0.825,0.17500000000000004,0.8,-0.00048000000000000196,0.2
P0346,0.775,1.0,0.55,2.100400509687121,-0.9305521418037184,86.59375,0.0909374999999999,0.15341185225,0.25,0.75,1.0,0.05493999999999999,0.5
P0347,0.7,0.85,0.55,1.087069679141543,-0.4238867265309295,77.857,0.07857000000000003,0.22620510350000003,0.275,0.725,1.0,0.13821,0.6
P0348,0.775,0.95,0.6,1.7062741865715498,-0.6120966993997481,83.1635,0.05663499999999999,0.16060108950000002,0.325,0.675,0.7,0.03989,0.1
P0349,0.475,0.65,0.3,-0.13109421388098424,-0.43165346374106195,82.45975,0.3495975,0.3766305682500001,0.5,0.5,0.9,0.049870000000000005,0.2
P0350,0.275,0.45,0.1,-1.2994092306517033,-0.5300565022860095,84.3135,0.5681349999999998,0.5995864495000001,0.475,0.525,0.5,0.03795,0.0
P0351,0.575,0.3,0.85,0.470220995420147,0.7323110683916275,80.45075,0.2295075000000001,0.30789113475,0.775,0.22499999999999998,0.6,0.13765,0.5
P0352,0.325,0.35,0.3,-0.8633069274821237,-0.0655471069404922,82.26450000000001,0.49764499999999995,0.500167654,0.425,0.575,0.3,0.08668000000000001,0.1
P0353,0.725,0.9,0.55,1.2994092306517033,-0.5300565022860095,82.79225,0.10292250000000003,0.16160985825000002,0.65,0.35,1.0,0.06602,0.4
P0354,0.6,0.95,0.25,0.8277496317231459,-1.0513589768239502,87.52325,0.2752324999999999,0.32080417175,0.5,0.5,0.9,0.11173999999999999,0.5
P0355,0.55,0.55,0.55,0.2392962260796842,-6.938893903907228e-17,80.90525,0.2590524999999999,0.30406166175,0.475,0.525,1.0,0.05514,0.1
P0356,0.725,1.0,0.45,1.8611042836074367,-1.0502002548435605,85.1425,0.12642500000000012,0.2192206095,0.375,0.625,0.7,0.08094,0.7
P0357,0.375,0.2,0.55,-0.6719904947035326,0.4556433603916083,81.542,0.4404199999999999,0.49222993950000005,0.1,0.9,0.6,0.10756999999999999,0.0
P0358,0.525,0.25,0.8,0.15415444678099766,0.7145613843528758,81.54225,0.29042250000000003,0.29538739875,0.275,0.725,0.8,0.02842,0.2
P0359,0.4,0.65,0.15,-0.6013152093011312,-0.6667639614511354,82.78999999999999,0.42789999999999995,0.457000338,0.1,0.9,0.6,0.11165,0.7
P0360,0.425,0.7,0.15,-0.470220995420147,-0.7323110683916275,80.61975,0.3811975,0.43019930874999995,0.1,0.9,0.7,0.09355,0.4
P0361,0.975,1.0,0.95,3.445986189332802,-0.25775930198087793,89.9495,-0.07550500000000004,0.030444807,0.375,0.625,1.0,0.04875999999999999,0.7
P0362,0.625,0.9,0.35,0.8136547608112914,-0.7729337372062155,83.333,0.2083299999999999,0.29557356749999997,0.875,0.125,0.9,0.044590000000000005,0.3
P0363,0.625,0.35,0.9,0.8136547608112916,0.7729337372062154,83.574,0.21074000000000004,0.28271608800000003,0.25,0.75,0.5,0.048220000000000006,0.5
P0364,0.15,0.1,0.2,-1.9713997253552358,0.1940612549342433,86.11425,0.7111425,0.6560518287500001,0.45,0.55,0.3,0.10669999999999999,0.7
P0365,0.55,0.45,0.65,0.2464582437607276,0.24287723492020583,77.3365,0.22336499999999992,0.2921404485,0.0,1.0,0.9,0.0662,0.2
P0366,0.525,0.75,0.3,0.1402835902808231,-0.5673423658219656,84.081,0.3158099999999999,0.3278705035,0.675,0.32499999999999996,0.8,0.10478000000000001,0.0
P0367,0.725,0.75,0.7,1.1346847316439312,-0.07014179514041155,80.7445,0.08244499999999988,0.14412634500000002,0.1,0.9,1.0,0.06422,0.7
P0368,0.825,0.95,0.7,1.962434363367077,-0.48401661100198445,81.06625,-0.014337500000000003,0.12137333825,0.7,0.30000000000000004,1.0,0.03459,0.1
P0369,0.7,0.8,0.6,1.0326790016294014,-0.2752991069286739,80.57625,0.1057625000000002,0.23383781975,0.2,0.8,0.8,0.05902,0.3
P0370,0.95,1.0,0.9,3.16051351425914,-0.40049563951770883,91.4235,-0.035764999999999936,0.041717156000000005,0.3,0.7,1.0,0.01126,0.4
P0371,0.775,0.9,0.65,1.5458674744124308,-0.4068273804056458,80.44625,0.029462499999999947,0.18802425975,0.225,0.775,0.9,0.06793,0.3
P0372,0.325,0.15,0.5,-0.967421566101701,0.4837107830508505,77.61675,0.4511675,0.39151085825000004,0.475,0.525,0.8,0.14475999999999997,0.1
P0373,0.75,1.0,0.5,1.9807523966472789,-0.9903761983236394,81.52325,0.06523250000000014,0.15614995124999997,0.925,0.07499999999999996,0.9,0.06558,0.4
P0374,0.8,0.85,0.75,1.6049057270640779,-0.16496870256966206,80.41425000000001,0.004142499999999938,0.14927300324999998,0.3,0.7,0.9,0.05412,0.9
P0375,0.45,0.55,0.35,-0.2464582437607276,-0.242877234920206,80.82775,0.35827749999999997,0.38672639075,0.225,0.775,0.5,0.12735000000000002,0.2
P0376,0.775,0.55,1.0,2.100400509687121,0.9305521418037184,82.0525,0.04552499999999993,0.19271800899999997,0.35,0.65,1.0,0.06492999999999999,0.3
P0377,0.4,0.2,0.6,-0.5505982138573478,0.5163395008147007,77.83624999999999,0.37836249999999993,0.41638638675,0.075,0.925,0.9,0.08123,0.8
P0378,0.6,0.75,0.45,0.517836047922535,-0.37856613700110964,80.46875,0.20468750000000002,0.28670081225,0.175,0.825,1.0,0.07322999999999999,0.4
P0379,0.525,0.7,0.35,0.13109421388098424,-0.43165346374106195,79.881,0.2738099999999999,0.3868994205,0.4,0.6,0.7,0.04618,0.0
P0380,0.65,0.85,0.45,0.8477734530618589,-0.5435348395707716,82.0645,0.17064500000000005,0.26593310499999995,0.125,0.875,0.7,0.0377,0.5
P0381,0.9,0.95,0.85,2.432655358787224,-0.24890611329191098,86.94675,-0.030532499999999962,0.09468564925,0.175,0.825,1.0,0.02651,0.3
P0382,0.375,0.25,0.5,-0.6374841609623769,0.31874208048118846,74.9405,0.374405,0.438655857,0.3,0.7,0.5,-0.015220000000000001,0.2
P0383,0.35,0.15,0.55,-0.847773453061859,0.5435348395707715,80.60725,0.4560725,0.48372031275000005,0.375,0.625,0.6,0.05423,0.5
P0384,0.55,0.75,0.35,0.27137780416180735,-0.5017952588814735,77.53150000000001,0.22531499999999993,0.3303348165,0.575,0.42500000000000004,0.8,0.12171000000000001,0.6
P0385,0.75,0.65,0.85,1.3335279229022707,0.3006576046505656,79.82925,0.04829249999999996,0.18007503675,0.775,0.22499999999999998,0.7,0.053649999999999996,0.2
P0386,0.9,0.95,0.85,2.432655358787224,-0.24890611329191098,84.23875000000001,-0.057612499999999955,0.07309037425,0.675,0.32499999999999996,0.9,0.05021000000000001,0.1
P0387,0.45,0.4,0.5,-0.24104039388602685,0.12052019694301343,85.412,0.40412,0.4622760575,0.95,0.050000000000000044,0.6,0.16539,0.3
P0388,0.55,0.6,0.5,0.24104039388602685,-0.12052019694301343,76.7835,0.217835,0.2666653995,0.525,0.475,0.8,0.07867,0.4
P0389,0.8,0.85,0.75,1.6049057270640779,-0.16496870256966206,81.72925000000001,0.017292499999999933,0.12061794375000001,0.125,0.875,1.0,0.03637,0.5
P0390,0.425,0.55,0.3,-0.37755245764171186,-0.3084243418606981,78.99300000000001,0.36493000000000003,0.4337987375,0.7,0.30000000000000004,0.6,0.012320000000000003,0.2
P0391,0.85,0.85,0.85,1.934843132203402,-0.0,84.5525,-0.004475000000000007,0.083601394,0.325,0.675,0.9,0.009199999999999998,0.7
P0392,0.55,0.6,0.5,0.24104039388602685,-0.12052019694301343,80.52125,0.25521249999999995,0.29707837775,0.575,0.42500000000000004,0.8,0.19490999999999997,0.7
P0393,0.375,0.3,0.45,-0.6168486837213962,0.18877622882085593,79.55799999999999,0.42057999999999995,0.4744167624999999,0.475,0.525,0.5,0.09825999999999999,0.0
P0394,0.6,0.95,0.25,0.8277496317231459,-1.0513589768239502,86.63975,0.26639750000000006,0.32308701925,0.325,0.675,0.7,0.13337000000000002,0.6
P0395,0.9,1.0,0.8,2.7723910043906534,-0.5945568944519521,80.631,-0.09368999999999994,0.1353215305,0.825,0.17500000000000004,1.0,0.06098,0.5
P0396,0.5,0.45,0.55,0.0,0.11964811303984203,81.1425,0.31142500000000006,0.37757162499999997,0.725,0.275,0.8,0.08539999999999999,0.7
P0397,0.25,0.2,0.3,-1.2888391784249287,0.14721901853091027,85.16075,0.6016075000000001,0.59398734775,0.35,0.65,0.3,0.14415,0.2
P0398,0.45,0.55,0.35,-0.2464582437607276,-0.242877234920206,75.78075,0.30780749999999996,0.32121215625,0.125,0.875,0.6,0.061529999999999994,0.2
P0399,0.825,0.85,0.8,1.7590601738450755,-0.08789147917916323,82.76849999999999,0.0026850000000000485,0.14300790349999998,0.325,0.675,0.9,0.07572999999999999,0.4
P0400,0.8,0.85,0.75,1.6049057270640779,-0.16496870256966206,85.80574999999999,0.05805749999999987,0.15869060775000002,0.675,0.32499999999999996,0.9,0.0020900000000000003,0.8
P0401,0.975,1.0,0.95,3.445986189332802,-0.25775930198087793,92.61875,-0.048812500000000036,0.02133286325,0.4,0.6,1.0,0.04678,0.9
P0402,0.65,0.9,0.4,0.9387207237258344,-0.710400755748944,83.571,0.18570999999999993,0.2404913845,0.425,0.575,0.8,0.14065,0.3
P0403,0.825,0.95,0.7,1.962434363367077,-0.48401661100198445,81.76175,-0.0073824999999998475,0.09864478374999999,0.375,0.625,0.9,0.012099999999999996,0.9
P0404,0.775,0.9,0.65,1.5458674744124308,-0.4068273804056458,81.49249999999999,0.03992499999999988,0.15468927899999999,0.575,0.42500000000000004,1.0,0.04406,0.5
P0405,0.275,0.15,0.4,-1.208461959987728,0.3631905861078371,83.32875,0.5582874999999999,0.59347649425,0.675,0.32499999999999996,0.4,0.07525,0.3
P0406,1.0,1.0,1.0,3.9615047932945577,-0.0,91.61075,-0.08389249999999993,0.013904785250000001,0.4,0.6,1.0,0.03286,1.0
P0407,0.575,0.7,0.45,0.37755245764171186,-0.3084243418606981,78.928,0.21428000000000003,0.292407848,0.625,0.375,0.8,0.0618,0.3
P0408,0.275,0.4,0.15,-1.208461959987728,-0.3631905861078371,81.85425000000001,0.5435425,0.52339185225,0.65,0.35,0.7,0.0968,0.2
P0409,0.775,0.8,0.75,1.4291227687057515,-0.07707722339049883,85.0125,0.07512499999999989,0.158137291,0.15,0.85,0.9,0.03476,0.5
P0410,0.8,0.9,0.7,1.6769616882934153,-0.34128027346515355,78.88225,-0.011177500000000062,0.19077980474999995,0.325,0.675,0.9,0.02581,0.4
P0411,0.775,0.55,1.0,2.100400509687121,0.9305521418037184,84.8595,0.07359499999999985,0.1759456785,0.3,0.7,1.0,0.10046,0.4
P0412,0.45,0.3,0.6,-0.25616017679552716,0.36912048228379046,83.027,0.38027000000000016,0.394002586,0.15,0.85,0.6,0.11875,0.4
P0413,0.6,0.75,0.45,0.517836047922535,-0.37856613700110964,84.38025,0.24380250000000003,0.37010969375,0.75,0.25,0.6,0.07195,0.8
P0414,0.575,0.7,0.45,0.37755245764171186,-0.3084243418606981,79.82475,0.22324750000000015,0.27010743525,0.625,0.375,0.6,0.026390000000000004,0.5
P0415,0.425,0.6,0.25,-0.3964437670763503,-0.439262277424202,79.33225,0.36832250000000005,0.40931433075,0.575,0.42500000000000004,0.8,0.19444999999999996,0.4
P0416,0.4,0.45,0.35,-0.4857544698404118,-0.12322912188036389,78.63425,0.38634250000000003,0.42266965925,0.625,0.375,0.7,0.09216,0.2
P0417,0.425,0.55,0.3,-0.37755245764171186,-0.3084243418606981,79.87275,0.37372750000000005,0.42127005175,0.925,0.07499999999999996,0.6,0.04444,0.1
P0418,0.475,0.85,0.1,-0.21233955151016015,-1.073591341856781,85.75275,0.38252750000000013,0.41505745974999997,0.25,0.75,0.6,0.10025000000000002,0.5
P0419,0.325,0.15,0.5,-0.967421566101701,0.4837107830508505,82.20725,0.4970725,0.45256219225,0.3,0.7,0.7,0.13898,0.2
P0420,0.325,0.2,0.45,-0.9112867207832167,0.3359952473517662,81.36325000000001,0.48863249999999997,0.48265812775000005,0.075,0.925,0.4,0.027110000000000002,0.3
P0421,0.975,1.0,0.95,3.445986189332802,-0.25775930198087793,84.437,-0.13063000000000002,0.05062882949999999,0.325,0.675,1.0,0.040119999999999996,0.7
P0422,0.675,0.7,0.65,0.8633069274821237,-0.0655471069404922,82.09675,0.14596750000000003,0.22687161875,0.525,0.475,0.8,0.13418000000000002,0.7
P0423,0.525,0.9,0.15,0.21233955151016015,-1.073591341856781,85.00125,0.32501250000000004,0.41616016274999995,0.375,0.625,0.6,0.05302,0.5
P0424,0.6,0.9,0.3,0.6825605469303071,-0.8384808441467076,80.48375000000001,0.2048375,0.32305877875,0.45,0.55,0.6,0.02929,0.9
P0425,0.725,0.55,0.9,1.2994092306517033,0.5300565022860095,82.40475,0.09904750000000007,0.16739649974999998,0.6,0.4,1.0,0.11372,0.4
P0426,0.9,0.9,0.9,2.3595222352237224,-0.0,86.43275,-0.03567250000000011,0.04551620875000001,0.375,0.625,1.0,0.01609,0.8
P0427,0.55,0.8,0.3,0.29443803706182053,-0.6444195892124643,82.68775000000001,0.2768774999999999,0.32431454075,0.25,0.75,0.7,0.04573,0.4
P0428,0.425,0.55,0.3,-0.37755245764171186,-0.3084243418606981,82.013,0.39513000000000004,0.4274150855,0.25,0.75,0.9,0.2636,0.4
P0429,0.55,0.75,0.35,0.27137780416180735,-0.5017952588814735,80.83425,0.2583424999999999,0.32668235475000007,0.1,0.9,0.8,0.10757000000000001,0.3
P0430,0.15,0.25,0.05,-2.1027179536479,-0.41387481586157304,87.97025,0.7297025000000001,0.71757591925,1.0,0.0,0.3,0.13394,0.1
P0431,0.15,0.05,0.25,-2.1027179536479004,0.41387481586157293,84.97725,0.6997724999999999,0.68138329175,0.375,0.625,0.1,0.10132000000000001,0.2
P0432,0.975,1.0,0.95,3.445986189332802,-0.25775930198087793,89.881,-0.07619000000000009,0.030333673999999998,0.225,0.775,1.0,0.04964,0.2
P0433,0.6,0.8,0.4,0.5505982138573478,-0.5163395008147007,83.22375,0.2322375000000001,0.29808454225,0.35,0.65,0.8,0.12668,0.5
P0434,0.425,0.55,0.3,-0.37755245764171186,-0.3084243418606981,82.13699999999999,0.39636999999999994,0.484614789,0.7,0.30000000000000004,0.6,0.10067999999999999,0.3
P0435,0.7,1.0,0.4,1.739712002761252,-1.1108963952666528,86.85225,0.1685224999999999,0.20122546775,0.3,0.7,0.8,0.08317,0.2
P0436,0.475,0.45,0.5,-0.11964811303984203,0.059824056519921016,77.186,0.2968599999999999,0.38901627949999995,0.225,0.775,0.4,0.04636,0.2
P0437,0.95,1.0,0.9,3.16051351425914,-0.40049563951770883,94.437,-0.005630000000000024,0.031906322499999994,0.525,0.475,0.9,0.007239999999999998,0.9
P0438,0.65,0.65,0.65,0.7322127136011394,-8.326672684688674e-17,78.59675,0.13596750000000013,0.24024188974999997,0.175,0.825,1.0,0.11505000000000001,0.4
P0439,0.425,0.5,0.35,-0.3661063568005698,-0.1830531784002849,80.095,0.37595000000000006,0.40308093000000006,0.4,0.6,1.0,0.12828,0.2
P0440,0.975,1.0,0.95,3.445986189332802,-0.25775930198087793,93.93475000000001,-0.03565250000000009,0.015722042749999998,0.35,0.65,1.0,0.05550999999999999,0.8
P0441,0.825,0.8,0.85,1.7590601738450755,0.08789147917916323,84.10625,0.01606249999999998,0.12179163975000003,0.55,0.44999999999999996,0.8,0.01873,0.3
P0442,0.7,0.9,0.5,1.1797611176118612,-0.5898805588059306,82.82725,0.1282725,0.20136619525000002,0.3,0.7,0.8,0.05015000000000001,0.2
P0443,0.5,0.2,0.8,0.0,0.7916386077433746,82.9015,0.32901500000000006,0.36659037699999997,0.35,0.65,0.7,0.06688,0.2
P0444,0.6,0.85,0.35,0.6013152093011312,-0.6667639614511354,85.2595,0.25259500000000024,0.31004778499999996,0.55,0.44999999999999996,0.5,0.0437,0.4
P0445,0.725,0.85,0.6,1.208461959987728,-0.3631905861078371,82.7735,0.10273500000000002,0.1897107235,0.15,0.85,0.9,0.05945,0.2
P0446,1.0,1.0,1.0,3.9615047932945577,-0.0,94.3845,-0.056154999999999844,0.011821150499999999,0.1,0.9,1.0,0.05141,0.8
P0447,0.55,0.85,0.25,0.3299374051393239,-0.8024528635320392,80.1975,0.25197499999999995,0.330993811,0.85,0.15000000000000002,0.7,0.11935999999999998,0.6
P0448,0.675,0.95,0.4,1.2241933987994962,-0.8531370932857749,82.5135,0.1501349999999998,0.263801259,0.4,0.6,0.9,0.1042,0.8
P0449,0.3,0.25,0.35,-1.0035905177629467,0.13568890208090356,78.39925000000001,0.4839925000000001,0.51084315525,0.725,0.275,0.4,0.17972,0.4
P0450,0.675,0.95,0.4,1.2241933987994962,-0.8531370932857749,84.39025000000001,0.16890250000000007,0.24578839724999998,0.525,0.475,0.8,0.06460999999999999,0.5
P0451,0.85,1.0,0.7,2.4779529673288327,-0.7417759129828624,85.81125,0.008112500000000078,0.11809750274999997,0.45,0.55,1.0,0.02228,0.0
P0452,0.425,0.6,0.25,-0.3964437670763503,-0.439262277424202,80.4265,0.379265,0.38184777700000005,0.525,0.475,0.6,0.13688,0.2
P0453,0.625,0.7,0.55,0.6168486837213961,-0.188776228820856,83.18875,0.2068875,0.25934421575,0.1,0.9,1.0,0.12792,0.7
P0454,0.45,0.75,0.15,-0.3299374051393239,-0.8024528635320392,82.81625,0.3781624999999998,0.45446184375,0.85,0.15000000000000002,0.5,0.09924,0.3
P0455,0.225,0.3,0.15,-1.464622136783255,-0.2351104977100735,85.3295,0.6282949999999999,0.588423836,0.075,0.925,0.6,0.14250999999999997,0.3
P0456,0.425,0.75,0.1,-0.542276956649484,-0.9086226392871192,84.44875,0.41948749999999996,0.45255399374999994,0.425,0.575,0.6,0.16604000000000002,0.4
P0457,0.15,0.2,0.1,-1.9713997253552358,-0.1940612549342433,85.50675,0.7050674999999998,0.67360033475,0.525,0.475,0.3,0.1206,0.3
P0458,0.65,0.85,0.45,0.8477734530618589,-0.5435348395707716,81.988,0.16988000000000003,0.27746970649999997,0.5,0.5,0.9,0.09437,0.3
P0459,1.0,1.0,1.0,3.9615047932945577,-0.0,93.16274999999999,-0.06837250000000006,0.01282492275,0.375,0.625,1.0,0.038790000000000005,0.4
P0460,0.95,0.95,0.95,2.930467585371046,-0.0,85.061,-0.09938999999999998,0.0522281635,0.125,0.875,0.9,0.06061,0.2
P0461,0.65,0.65,0.65,0.7322127136011394,-8.326672684688674e-17,80.32975000000002,0.15329749999999998,0.17656119475,0.425,0.575,0.8,0.10095000000000001,0.6
P0462,0.175,0.35,0.0,-2.3468587534478487,-0.8073230199233546,90.6955,0.7319549999999999,0.7530922889999999,0.7,0.30000000000000004,0.5,0.03821,0.2
P0463,0.55,0.65,0.45,0.2464582437607276,-0.242877234920206,79.5235,0.24523499999999987,0.3333157765,0.175,0.825,0.8,0.06878,0.1
P0464,0.925,0.95,0.9,2.644994910297384,-0.1427363375368309,86.45275,-0.06047250000000004,0.06420733225,0.05,0.95,1.0,0.07358,0.6
P0465,0.875,0.85,0.9,2.147182683713562,0.10616977575508008,82.3625,-0.05137499999999995,0.0977927255,0.35,0.65,1.0,0.03111,0.6
P0466,0.45,0.3,0.6,-0.25616017679552716,0.36912048228379046,81.21700000000001,0.36217000000000005,0.3673533685,0.7,0.30000000000000004,1.0,0.26487000000000005,0.5
P0467,0.475,0.35,0.6,-0.12506596291454278,0.30357337534329826,81.68,0.3418000000000001,0.398749263,0.625,0.375,0.8,0.25701,0.8
P0468,0.75,0.65,0.85,1.3335279229022707,0.3006576046505656,81.57775000000001,0.06577750000000004,0.15702971524999998,0.225,0.775,0.7,0.06501,0.6
P0469,0.575,0.95,0.2,0.6735951849421484,-1.1284362002144488,85.1075,0.27607500000000007,0.3561301405,0.625,0.375,0.8,0.09145999999999999,0.4
P0470,0.725,0.95,0.5,1.465233792685523,-0.7326168963427615,82.68599999999999,0.10185999999999995,0.22594334499999996,0.075,0.925,1.0,0.027759999999999996,0.2
P0471,0.45,0.1,0.8,-0.3881225098684866,0.9856998626776179,85.2645,0.4026450000000001,0.4477638065000001,0.35,0.65,0.7,0.06846,0.8
P0472,0.6,0.9,0.3,0.6825605469303071,-0.8384808441467076,84.18175,0.24181750000000002,0.3394631437499999,0.95,0.050000000000000044,0.7,0.05629000000000001,0.3
P0473,0.875,1.0,0.75,2.618236557609656,-0.671634117842451,90.397,0.02896999999999994,0.08468691350000002,0.175,0.825,1.0,0.03999,0.5
P0474,0.125,0.05,0.2,-2.2568724004288976,0.3367975924710742,86.56675,0.7406675,0.68269949525,0.575,0.42500000000000004,0.0,0.04466,0.1
P0475,0.775,1.0,0.55,2.100400509687121,-0.9305521418037184,84.59175,0.07091749999999986,0.18212979325000003,0.525,0.475,1.0,0.07489000000000001,0.6
P0476,0.8,0.85,0.75,1.6049057270640779,-0.16496870256966206,80.96399999999998,0.009640000000000093,0.15700816300000003,0.425,0.575,1.0,0.04294999999999999,0.6
P0477,0.95,1.0,0.9,3.16051351425914,-0.40049563951770883,87.452,-0.07547999999999988,0.04350643650000001,0.275,0.725,1.0,0.017740000000000002,0.2
P0478,0.875,1.0,0.75,2.618236557609656,-0.671634117842451,86.6735,-0.008264999999999967,0.085225468,0.725,0.275,0.9,0.07654,0.5
P0479,0.5,0.35,0.65,0.0,0.36610635680056963,81.94725000000001,0.31947250000000005,0.35987590725,0.4,0.6,0.7,0.10685,0.8
P0480,0.9,0.9,0.9,2.3595222352237224,-0.0,85.63225,-0.04367750000000015,0.06673753774999999,0.325,0.675,1.0,0.008459999999999999,0.5
P0481,0.3,0.45,0.15,-1.087069679141543,-0.4238867265309295,84.775,0.5477500000000002,0.577650471,0.35,0.65,0.4,0.014910000000000001,0.1
P0482,0.575,0.8,0.35,0.4255322509428048,-0.5788724822719722,83.41375000000001,0.2591375,0.34357256725,0.55,0.44999999999999996,1.0,0.07750000000000001,0.8
P0483,0.625,0.65,0.6,0.6071467506865966,-0.06253298145727147,79.12525,0.16625249999999991,0.30183432475,0.525,0.475,0.7,0.07294999999999999,0.4
P0484,0.975,0.95,1.0,3.445986189332802,0.25775930198087793,88.23775,-0.09262250000000005,0.036725992750000006,0.3,0.7,1.0,0.06849000000000001,0.9
P0485,0.5,0.15,0.85,0.0,0.967421566101701,81.716,0.31716,0.3411360315,0.475,0.525,0.8,0.15690999999999997,0.8
P0486,0.125,0.2,0.05,-2.2568724004288976,-0.3367975924710742,81.27525,0.6877524999999999,0.61914067225,0.55,0.44999999999999996,0.3,0.17618,0.7
P0487,0.9,0.85,0.95,2.432655358787224,0.24890611329191098,84.80675,-0.05193250000000005,0.07412491275,0.1,0.9,0.9,0.02898,0.5
P0488,0.725,0.65,0.8,1.1577449645439444,0.2127661254714024,81.02725000000001,0.08527249999999997,0.20117450875000004,0.525,0.475,0.9,0.07335,0.2
P0489,0.75,0.65,0.85,1.3335279229022707,0.3006576046505656,86.2025,0.11202500000000004,0.17219519450000004,0.25,0.75,0.9,0.09605000000000001,0.2
P0490,0.425,0.65,0.2,-0.4255322509428048,-0.5788724822719722,80.67475,0.38174749999999996,0.37508731424999997,0.3,0.7,0.8,0.17897000000000002,0.2
P0491,0.775,0.65,0.9,1.545867474412431,0.4068273804056457,82.44675,0.04946750000000011,0.14097644625,0.05,0.95,0.9,0.11004,0.7
P0492,0.8,0.7,0.9,1.6769616882934153,0.34128027346515355,82.41425,0.024142499999999956,0.14111603375,0.725,0.275,1.0,0.036539999999999996,0.0
P0493,0.775,1.0,0.55,2.100400509687121,-0.9305521418037184,88.97774999999999,0.11477749999999987,0.13740895474999998,0.05,0.95,1.0,0.07919999999999999,0.4
P0494,0.55,0.7,0.4,0.25616017679552716,-0.36912048228379046,79.50475,0.24504749999999997,0.34903155225,0.85,0.15000000000000002,0.9,0.02017,0.3
P0495,0.875,0.9,0.85,2.147182683713562,-0.10616977575508008,84.5675,-0.029325000000000045,0.08235299700000001,0.725,0.275,0.9,0.06163,0.9
P0496,0.975,0.95,1.0,3.445986189332802,0.25775930198087793,94.0005,-0.034995,0.011347211500000001,0.35,0.65,1.0,0.0161,0.8
P0497,0.325,0.25,0.4,-0.8785245548484037,0.19822188353817505,78.20599999999999,0.45705999999999997,0.4063073575000001,0.45,0.55,0.5,0.08441,0.3
P0498,0.25,0.35,0.15,-1.3335279229022707,-0.3006576046505657,83.974,0.5897400000000002,0.5710803015,0.425,0.575,0.3,0.049980000000000004,0.2
P0499,0.725,0.55,0.9,1.2994092306517033,0.5300565022860095,80.8145,0.08314500000000002,0.17044074599999998,0.425,0.575,1.0,0.0857,0.4
P0500,0.675,1.0,0.35,1.614646039846709,-1.1734293767239243,84.36025,0.1686025,0.28288235375,0.5,0.5,0.7,0.13251,0.3
P0501,0.325,0.6,0.05,-1.2241933987994962,-0.8531370932857749,85.06275000000001,0.5256274999999999,0.51854154875,0.625,0.375,0.2,0.06627,0.1
P0502,0.55,1.0,0.1,0.8009912790354177,-1.58025675712957,90.52824999999999,0.35528249999999995,0.40423435525,0.325,0.675,0.5,0.10067,0.5
P0503,0.3,0.4,0.2,-1.0326790016294014,-0.2752991069286739,83.43325,0.5343325000000001,0.53923675475,0.15,0.85,0.6,0.1406,0.2
P0504,0.6,0.95,0.25,0.8277496317231459,-1.0513589768239502,83.599,0.23599000000000003,0.2923249635,0.775,0.22499999999999998,0.9,0.12358,0.3
P0505,0.375,0.6,0.15,-0.7263811722156742,-0.604230979993864,81.494,0.43994,0.43702322549999995,0.725,0.275,0.5,0.10917999999999999,0.2
P0506,0.95,0.9,1.0,3.16051351425914,0.40049563951770883,82.24575,-0.1275425,0.06974465175,0.55,0.44999999999999996,0.9,0.028170000000000008,0.4
P0507,0.9,1.0,0.8,2.7723910043906534,-0.5945568944519521,87.62325000000001,-0.02376749999999994,0.09915547025,0.325,0.675,1.0,0.055569999999999994,0.3
P0508,0.775,0.7,0.85,1.464622136783255,0.2351104977100735,81.464,0.03964000000000001,0.1367216285,0.15,0.85,1.0,0.02743,0.8
P0509,0.65,0.4,0.9,0.9387207237258344,0.710400755748944,83.12424999999999,0.18124250000000008,0.26558977624999996,0.6,0.4,0.7,0.12991999999999998,0.6
P0510,0.975,0.95,1.0,3.445986189332802,0.25775930198087793,89.4875,-0.08012499999999989,0.024566986000000006,0.525,0.475,1.0,0.01167,0.7
P0511,0.625,0.65,0.6,0.6071467506865966,-0.06253298145727147,81.93475,0.1943474999999999,0.24712046425,0.2,0.8,1.0,0.08629,0.7
P0512,0.575,0.7,0.45,0.37755245764171186,-0.3084243418606981,82.9645,0.254645,0.32646806149999996,0.125,0.875,1.0,0.07848,0.6
P0513,0.475,0.45,0.5,-0.11964811303984203,0.059824056519921016,78.79225,0.3129225,0.36766097275,0.45,0.55,0.9,0.047189999999999996,0.3
P0514,0.55,0.2,0.9,0.3881225098684866,0.9856998626776179,85.6495,0.30649499999999996,0.3769225895,0.55,0.44999999999999996,0.5,0.09776000000000001,0.3
P0515,0.8,0.9,0.7,1.6769616882934153,-0.34128027346515355,81.233,0.012329999999999952,0.10968590750000003,0.1,0.9,1.0,0.04797,0.6
P0516,0.25,0.25,0.25,-1.274968321924754,-1.1102230246251565e-16,79.90174999999999,0.5490174999999999,0.5069615437499999,0.5,0.5,0.7,0.12452999999999999,0.1
P0517,0.575,0.8,0.35,0.4255322509428048,-0.5788724822719722,78.42875000000001,0.20928750000000007,0.33056255475000007,0.4,0.6,1.0,0.043859999999999996,0.7
P0518,0.5,0.8,0.2,0.0,-0.7916386077433746,86.1955,0.361955,0.40450413100000004,0.4,0.6,0.4,0.14951,0.0
P0519,0.425,0.25,0.6,-0.3964437670763501,0.4392622774242019,80.95875000000001,0.3845874999999999,0.41260085274999997,0.725,0.275,0.5,0.08129,0.3
P0520,0.4,0.3,0.5,-0.49720057068155404,0.24860028534077702,81.27525,0.41275249999999986,0.42272035875,0.275,0.725,0.6,0.05516000000000001,0.0
P0521,0.325,0.5,0.15,-0.967421566101701,-0.4837107830508505,81.8235,0.4932349999999999,0.5107362435,0.5,0.5,0.5,0.0156,0.3
P0522,0.95,0.95,0.95,2.930467585371046,-0.0,92.2345,-0.027654999999999985,0.0242920735,0.65,0.35,1.0,0.04407,0.9
P0523,0.675,0.9,0.45,1.060113004572019,-0.6497046153258517,80.61600000000001,0.13115999999999994,0.2526835975,0.625,0.375,1.0,0.11427999999999998,0.7
P0524,0.675,0.95,0.4,1.2241933987994962,-0.8531370932857749,86.94149999999999,0.194415,0.25434496749999996,0.4,0.6,0.7,0.11196000000000002,0.0
P0525,0.6,0.4,0.8,0.5505982138573478,0.5163395008147007,75.04275,0.15042750000000005,0.24240547325,0.175,0.825,0.9,0.04939999999999999,0.7
P0526,0.85,0.95,0.75,2.1027179536479,-0.41387481586157304,87.675,0.02675000000000005,0.09238617900000001,0.35,0.65,1.0,0.09541000000000001,0.7
P0527,0.65,0.65,0.65,0.7322127136011394,-8.326672684688674e-17,73.63525000000001,0.08635249999999994,0.24956285375,0.325,0.675,0.9,0.17750000000000002,0.6
P0528,0.575,1.0,0.15,1.013330830545578,-1.47408698137449,90.15650000000001,0.3265650000000001,0.32583779049999995,0.475,0.525,0.9,0.2102,0.8
P0529,0.975,1.0,0.95,3.445986189332802,-0.25775930198087793,90.11675,-0.07383249999999997,0.031201639250000014,0.55,0.44999999999999996,1.0,0.01598,0.4
P0530,0.575,0.45,0.7,0.377552457641712,0.30842434186069806,77.78975,0.20289750000000006,0.26800153725000003,0.375,0.625,0.8,0.06568,0.1
P0531,1.0,1.0,1.0,3.9615047932945577,-0.0,93.38900000000001,-0.06610999999999989,0.008188165,0.3,0.7,1.0,0.028090000000000004,0.4
P0532,0.6,0.85,0.35,0.6013152093011312,-0.6667639614511354,83.8515,0.23851499999999992,0.2781425115,0.725,0.275,0.9,0.0736,0.2
P0533,0.35,0.15,0.55,-0.847773453061859,0.5435348395707715,80.61225,0.4561225000000001,0.45419194775000005,0.3,0.7,0.3,0.00592,0.5
P0534,0.775,0.6,0.95,1.7062741865715498,0.6120966993997481,82.14725000000001,0.04647250000000014,0.15732515425,0.275,0.725,1.0,0.10711999999999999,0.4
P0535,0.525,0.85,0.2,0.17578295835832647,-0.8795300869225378,82.7785,0.3027850000000001,0.3651371255,0.75,0.25,0.5,0.06788000000000001,0.5
P0536,0.275,0.45,0.1,-1.2994092306517033,-0.5300565022860095,84.20175,0.5670175000000001,0.5166654807500001,0.475,0.525,0.4,0.16123,0.6
P0537,0.5,0.6,0.4,0.0,-0.24104039388602685,77.137,0.2713699999999999,0.2956657295,0.1,0.9,0.6,0.03048,0.7
P0538,0.625,0.35,0.9,0.8136547608112916,0.7729337372062154,85.49,0.2299,0.31264441649999997,0.35,0.65,0.8,0.17858000000000002,0.7
P0539,0.65,0.8,0.5,0.7916386077433746,-0.3958193038716873,81.45675,0.1645675000000001,0.21621583225,0.25,0.75,0.9,0.08818000000000001,0.8
P0540,0.9,0.85,0.95,2.432655358787224,0.24890611329191098,85.50825,-0.044917500000000055,0.06305484075,0.3,0.7,1.0,0.040260000000000004,0.7
P0541,0.25,0.3,0.2,-1.2888391784249287,-0.14721901853091027,82.8585,0.578585,0.5802395905000001,0.45,0.55,0.1,0.0607,0.0
P0542,0.7,0.85,0.55,1.087069679141543,-0.4238867265309295,83.7285,0.137285,0.2119914055,0.375,0.625,1.0,0.05356000000000001,0.5
P0543,0.625,0.35,0.9,0.8136547608112916,0.7729337372062154,80.44624999999999,0.17946249999999997,0.32260262224999997,0.25,0.75,0.8,0.07078,0.4
P0544,0.2,0.4,0.0,-2.2217927905333057,-0.869856001380626,86.21,0.6620999999999999,0.6687251555,0.675,0.32499999999999996,0.2,0.046450000000000005,0.1
P0545,0.625,0.6,0.65,0.6071467506865965,0.06253298145727139,81.36775,0.18867750000000005,0.27802491875,0.675,0.32499999999999996,0.8,0.17549,0.4
P0546,0.4,0.6,0.2,-0.5505982138573478,-0.5163395008147007,81.67025,0.41670249999999986,0.46688231724999996,0.55,0.44999999999999996,0.4,0.07554999999999999,0.4
P0547,0.625,0.95,0.3,0.9680332220039689,-0.9812171816835386,85.74575,0.23245749999999998,0.27782819225,0.725,0.275,0.9,0.04793,0.8
P0548,0.35,0.15,0.55,-0.847773453061859,0.5435348395707715,86.22850000000001,0.512285,0.590989759,0.525,0.475,0.1,0.05904,0.0
P0549,0.275,0.15,0.4,-1.208461959987728,0.3631905861078371,75.00825,0.47508249999999996,0.49297780375,0.425,0.575,0.5,0.10294,0.5
P0550,0.9,0.85,0.95,2.432655358787224,0.24890611329191098,85.14599999999999,-0.04854000000000003,0.08034749599999999,0.0,1.0,1.0,0.04658,0.6
P0551,0.875,0.9,0.85,2.147182683713562,-0.10616977575508008,86.423,-0.010769999999999946,0.09887100450000001,0.075,0.925,1.0,0.0415,0.7
P0552,0.475,0.3,0.65,-0.1310942138809844,0.43165346374106184,78.12899999999999,0.30629000000000006,0.3221924295,0.875,0.125,0.5,0.06599,0.3
P0553,0.975,1.0,0.95,3.445986189332802,-0.25775930198087793,95.4135,-0.0208649999999998,0.023515906000000003,0.2,0.8,1.0,0.02591,1.0
P0554,0.6,0.8,0.4,0.5505982138573478,-0.5163395008147007,76.12450000000001,0.16124499999999997,0.23307280500000002,0.325,0.675,0.8,-0.015849999999999996,0.2
P0555,0.8,0.9,0.7,1.6769616882934153,-0.34128027346515355,85.10225,0.05102249999999997,0.13451868075,0.575,0.42500000000000004,1.0,0.04811,0.5
P0556,0.275,0.3,0.25,-1.1346847316439312,-0.07014179514041155,79.60050000000001,0.521005,0.486451663,0.3,0.7,0.4,0.08105,0.2
P0557,0.525,0.65,0.4,0.12506596291454294,-0.3035733753432983,80.54724999999999,0.2804725000000001,0.35989950775,0.3,0.7,0.8,0.06820999999999999,0.4
P0558,0.75,0.6,0.9,1.420801511497888,0.4693603618629172,79.48975,0.044897500000000035,0.21132342775000001,0.075,0.925,1.0,0.05501,0.5
P0559,0.125,0.15,0.1,-2.147182683713562,-0.10616977575508008,87.42,0.7492000000000001,0.70873891,0.325,0.675,0.3,0.09564999999999999,0.5
P0560,0.875,0.95,0.8,2.2568724004288976,-0.3367975924710742,83.5845,-0.03915500000000005,0.101096945,0.5,0.5,1.0,0.046740000000000004,0.1
P0561,0.35,0.2,0.5,-0.7916386077433746,0.3958193038716873,82.7855,0.4778549999999999,0.46225388200000006,0.65,0.35,0.3,0.089,0.2
P0562,0.65,0.8,0.5,0.7916386077433746,-0.3958193038716873,78.77825,0.13778249999999992,0.25117551125,0.675,0.32499999999999996,0.9,0.11812,0.6
P0563,0.475,0.3,0.65,-0.1310942138809844,0.43165346374106184,78.57975,0.31079749999999995,0.35669398925,0.225,0.775,0.7,0.12187,0.4
P0564,0.25,0.1,0.4,-1.420801511497888,0.4693603618629172,85.24050000000001,0.6024050000000001,0.5819246650000001,0.675,0.32499999999999996,0.4,0.05412,0.0
P0565,0.5,0.25,0.75,0.0,0.6374841609623769,83.44125000000001,0.3344125,0.38391418625,0.625,0.375,1.0,0.12177999999999997,0.5
P0566,0.5,0.5,0.5,0.0,-0.0,80.42875,0.30428750000000004,0.32635167624999994,0.15,0.85,0.8,0.06309000000000001,0.6
P0567,0.125,0.15,0.1,-2.147182683713562,-0.10616977575508008,88.20075,0.7570074999999999,0.74558574925,0.825,0.17500000000000004,0.2,0.06865000000000002,0.0
P0568,0.2,0.15,0.25,-1.6049057270640783,0.16496870256966195,86.987,0.66987,0.670460077,0.275,0.725,0.4,0.13481,0.4
P0569,0.525,0.5,0.55,0.11964811303984203,0.059824056519921016,81.82225,0.29322250000000005,0.32426860724999995,0.05,0.95,0.9,0.12327999999999999,0.3
P0570,0.725,0.65,0.8,1.1577449645439444,0.2127661254714024,82.07124999999999,0.0957125000000002,0.15791421474999998,0.2,0.8,0.9,0.05747000000000001,0.5
P0571,0.775,0.95,0.6,1.7062741865715498,-0.6120966993997481,81.79275,0.04292750000000001,0.17953745725,0.075,0.925,1.0,0.03935000000000001,0.2
P0572,0.85,0.95,0.75,2.1027179536479,-0.41387481586157304,88.30325,0.03303250000000002,0.08065658425,0.875,0.125,1.0,0.039880000000000006,0.7
P0573,0.25,0.05,0.45,-1.5848819057253651,0.6727928398228404,83.97175,0.5897174999999999,0.59110387125,0.4,0.6,0.3,0.09830000000000001,0.2
P0574,0.5,0.45,0.55,0.0,0.11964811303984203,77.69149999999999,0.276915,0.35477360449999995,0.5,0.5,0.7,0.09602,0.6
P0575,0.625,0.85,0.4,0.7263811722156742,-0.604230979993864,78.353,0.15853000000000006,0.315759101,0.35,0.65,0.7,0.10527999999999997,0.1
P0576,0.25,0.3,0.2,-1.2888391784249287,-0.14721901853091027,74.05274999999999,0.4905275,0.52102873675,0.725,0.275,0.1,0.0006600000000000023,0.3
P0577,0.775,0.9,0.65,1.5458674744124308,-0.4068273804056458,82.3455,0.048454999999999804,0.1383332125,0.125,0.875,1.0,0.07913,0.6
P0578,0.775,0.9,0.65,1.5458674744124308,-0.4068273804056458,83.73025,0.06230250000000004,0.16696873925,0.575,0.42500000000000004,1.0,0.025439999999999997,0.3
P0579,0.625,0.65,0.6,0.6071467506865966,-0.06253298145727147,80.937,0.18437000000000014,0.23259989399999997,0.375,0.625,0.8,0.02672,0.7
P0580,0.325,0.3,0.35,-0.8633069274821239,0.06554710694049212,79.98375,0.47483749999999997,0.45644911824999995,0.55,0.44999999999999996,0.4,0.03307,0.3
P0581,0.55,0.25,0.85,0.3299374051393241,0.8024528635320389,84.51975,0.2951975,0.35013846475,0.725,0.275,0.5,0.07585,0.2
P0582,0.475,0.2,0.75,-0.15415444678099766,0.7145613843528758,84.3045,0.36804500000000007,0.4320635395,0.175,0.825,0.6,0.09876,0.0
P0583,0.925,0.9,0.95,2.644994910297384,0.1427363375368309,85.2625,-0.07237499999999997,0.052289261499999996,0.375,0.625,1.0,0.037820000000000006,0.5
P0584,0.65,0.65,0.65,0.7322127136011394,-8.326672684688674e-17,81.2115,0.162115,0.2132854435,0.05,0.95,1.0,0.09066,0.6
P0585,0.575,0.7,0.45,0.37755245764171186,-0.3084243418606981,81.6645,0.2416450000000001,0.31237305949999994,0.3,0.7,0.9,0.03162,0.6
P0586,0.2,0.15,0.25,-1.6049057270640783,0.16496870256966195,86.71950000000001,0.667195,0.658380779,0.3,0.7,0.2,0.14010999999999998,0.3
P0587,0.65,0.8,0.5,0.7916386077433746,-0.3958193038716873,84.913,0.19912999999999992,0.22227436100000003,0.175,0.825,0.9,0.12916,0.4
P0588,0.7,0.7,0.7,0.9944011413631081,-0.0,81.02074999999999,0.11020750000000001,0.19323360875,0.4,0.6,1.0,0.09838,0.4
P0589,0.85,0.9,0.8,1.9713997253552358,-0.1940612549342433,81.51675,-0.034832500000000044,0.10559453875,0.5,0.5,1.0,0.08594,0.6
P0590,0.825,0.65,1.0,2.3468587534478487,0.8073230199233545,82.362,-0.0013799999999999368,0.1354837325,0.75,0.25,0.8,0.04585,0.3
P0591,0.65,0.65,0.65,0.7322127136011394,-8.326672684688674e-17,82.33375000000001,0.17333750000000003,0.25207720024999997,0.35,0.65,0.6,0.09147,0.4
P0592,0.8,0.95,0.65,1.8313401494860926,-0.5495637179424767,85.13825,0.05138249999999989,0.13309560825000002,0.025,0.975,1.0,0.04345,0.7
P0593,0.7,0.5,0.9,1.1797611176118612,0.5898805588059306,82.546,0.12546000000000002,0.19733785349999997,0.2,0.8,0.9,0.14405,1.0
P0594,0.175,0.0,0.35,-2.3468587534478487,0.8073230199233545,89.06625,0.7156625000000001,0.73638806175,0.35,0.65,0.1,0.06591,0.1
P0595,0.725,0.5,0.95,1.465233792685523,0.7326168963427615,81.95175000000002,0.09451750000000014,0.24288800925,0.5,0.5,0.8,0.0819,0.9
P0596,0.125,0.0,0.25,-2.618236557609656,0.6716341178424509,86.05850000000001,0.735585,0.6886037585,0.7,0.30000000000000004,0.0,0.12191,0.3
P0597,0.525,0.4,0.65,0.12506596291454278,0.30357337534329826,78.70225,0.26202249999999994,0.33153303525,0.175,0.825,0.8,0.06258999999999999,0.2
P0598,0.8,0.65,0.95,1.8313401494860928,0.5495637179424766,84.34675,0.04346749999999977,0.17054742625000002,0.175,0.825,0.9,0.04605,0.6
P0599,0.875,1.0,0.75,2.618236557609656,-0.671634117842451,86.86525,-0.006347500000000061,0.08849152824999999,0.7,0.30000000000000004,1.0,0.013000000000000001,0.6
P0600,0.5,0.75,0.25,0.0,-0.6374841609623771,82.31800000000001,0.32318,0.34903118600000005,0.35,0.65,0.7,0.13538999999999998,0.2
P0601,0.8,0.75,0.85,1.6049057270640783,0.16496870256966195,81.23575,0.0123574999999998,0.14426187975,0.075,0.925,0.9,0.022310000000000003,0.1
P0602,0.45,0.45,0.45,-0.2392962260796842,-6.938893903907228e-17,79.6085,0.3460849999999999,0.35471838000000006,0.15,0.85,0.4,0.07572999999999999,0.1
P0603,0.65,0.7,0.6,0.7382409645675809,-0.12808008839776358,82.53575,0.17535749999999972,0.26662366574999996,0.775,0.22499999999999998,0.9,0.04315,0.3
P0604,0.625,0.7,0.55,0.6168486837213961,-0.188776228820856,81.5525,0.19052499999999983,0.2543597375,0.475,0.525,1.0,0.21057,0.9
P0605,0.575,0.9,0.25,0.542276956649484,-0.9086226392871192,85.32000000000001,0.2782,0.35327528150000004,0.7,0.30000000000000004,0.7,0.09445,0.6
P0606,0.175,0.1,0.25,-1.8172452785742383,0.271138478324742,81.9085,0.644085,0.6231642295,0.15,0.85,1.0,0.27514000000000005,0.6
P0607,0.725,0.9,0.55,1.2994092306517033,-0.5300565022860095,83.7045,0.11204500000000006,0.17937127199999997,0.3,0.7,0.9,0.05275,0.9
P0608,0.65,0.5,0.8,0.7916386077433746,0.3958193038716873,80.77574999999999,0.15775749999999988,0.22511066524999998,0.275,0.725,0.8,0.08307,0.7
P0609,1.0,1.0,1.0,3.9615047932945577,-0.0,93.154,-0.06845999999999997,0.0091467125,0.475,0.525,1.0,0.04103,0.5
P0610,0.25,0.15,0.35,-1.3335279229022707,0.3006576046505656,80.29499999999999,0.55295,0.524457841,0.375,0.625,0.7,0.21753,0.9
P0611,0.65,0.85,0.45,0.8477734530618589,-0.5435348395707716,80.2655,0.15265499999999999,0.1808970175,0.3,0.7,0.7,-0.01477,0.1
P0612,0.725,0.7,0.75,1.134684731643931,0.07014179514041144,75.10350000000001,0.02603500000000014,0.157733693,0.4,0.6,0.8,0.02994,0.4
P0613,0.875,0.8,0.95,2.2568724004288976,0.3367975924710742,87.44325,-0.0005675000000000541,0.10622341575000001,0.325,0.675,0.7,0.009360000000000004,0.3
P0614,0.85,0.9,0.8,1.9713997253552358,-0.1940612549342433,83.8095,-0.011905000000000165,0.1180494,0.625,0.375,1.0,0.10731000000000002,0.6
P0615,0.375,0.3,0.45,-0.6168486837213962,0.18877622882085593,81.83600000000001,0.44335999999999987,0.4584317755000001,0.45,0.55,0.8,0.12916,0.0
P0616,0.625,1.0,0.25,1.3432682356849017,-1.309118278804828,87.59275,0.2509275000000001,0.28945803875,0.65,0.35,0.8,0.10028,0.3
P0617,0.25,0.25,0.25,-1.274968321924754,-1.1102230246251565e-16,84.8065,0.5980650000000001,0.5682514750000001,0.075,0.925,0.6,0.25347,0.4
P0618,0.65,0.85,0.45,0.8477734530618589,-0.5435348395707716,82.095,0.17095000000000005,0.2325414335,0.225,0.775,0.7,0.09638999999999999,0.1
P0619,0.2,0.3,0.1,-1.6769616882934153,-0.34128027346515355,84.09825,0.6409825000000002,0.61805712275,0.825,0.17500000000000004,0.4,0.07608999999999999,0.2
P0620,0.55,0.85,0.25,0.3299374051393239,-0.8024528635320392,80.54675,0.25546749999999996,0.30764924325,0.125,0.875,0.9,0.13567,0.0
P0621,0.825,0.8,0.85,1.7590601738450755,0.08789147917916323,83.27825,0.0077825000000001365,0.10425818475,0.1,0.9,1.0,0.07375999999999999,0.4
P0622,0.775,0.9,0.65,1.5458674744124308,-0.4068273804056458,83.0135,0.055135000000000045,0.19344889950000002,0.4,0.6,0.8,0.040130000000000006,0.0
P0623,0.95,1.0,0.9,3.16051351425914,-0.40049563951770883,84.49249999999999,-0.10507500000000003,0.058331103000000016,0.425,0.575,1.0,0.02494,0.2
P0624,0.75,1.0,0.5,1.9807523966472789,-0.9903761983236394,85.66275,0.1066275000000001,0.16612642174999998,0.325,0.675,1.0,0.09587000000000001,0.8
P0625,0.95,0.95,0.95,2.930467585371046,-0.0,90.971,-0.04029000000000005,0.0247581285,0.25,0.75,0.9,-0.026119999999999997,0.9
P0626,0.85,0.9,0.8,1.9713997253552358,-0.1940612549342433,83.08924999999999,-0.019107499999999944,0.10403389074999998,0.45,0.55,1.0,0.06985,0.5
P0627,0.8,1.0,0.6,2.2217927905333057,-0.869856001380626,89.41024999999999,0.09410249999999998,0.13716466524999998,0.25,0.75,1.0,0.06994,0.8
P0628,0.825,0.9,0.75,1.8172452785742381,-0.27113847832474214,85.55550000000001,0.03055500000000011,0.10938597400000001,0.325,0.675,1.0,0.10674999999999998,0.6
P0629,0.725,0.6,0.85,1.208461959987728,0.3631905861078371,80.59400000000001,0.08094000000000001,0.1718741825,0.175,0.825,1.0,0.11359,0.6
P0630,0.6,0.55,0.65,0.4857544698404118,0.12322912188036372,82.06825,0.2206825,0.29847834925,0.35,0.65,0.8,0.14777,0.6
P0631,0.375,0.2,0.55,-0.6719904947035326,0.4556433603916083,81.74100000000001,0.44240999999999997,0.49486311299999997,0.2,0.8,0.5,0.052559999999999996,0.0
P0632,0.125,0.25,0.0,-2.618236557609656,-0.671634117842451,87.00800000000001,0.7450800000000001,0.688344702,0.375,0.625,0.4,0.05321,0.0
P0633,0.3,0.2,0.4,-1.0326790016294014,0.2752991069286739,84.09375,0.5409375000000001,0.52707487125,0.625,0.375,0.3,0.10454,0.5
P0634,0.35,0.25,0.45,-0.757132274002219,0.2589180239612674,80.80025,0.4580025,0.45853789375,0.35,0.65,0.7,0.23288000000000003,0.7
P0635,0.375,0.4,0.35,-0.6071467506865966,-0.06253298145727147,82.12174999999999,0.44621750000000004,0.47721346075,0.4,0.6,0.4,0.08043,0.4
P0636,0.55,0.4,0.7,0.25616017679552716,0.36912048228379046,78.61775,0.23617750000000004,0.32863267575,0.1,0.9,1.0,0.15478999999999998,0.5
P0637,0.475,0.45,0.5,-0.11964811303984203,0.059824056519921016,82.8135,0.353135,0.359318375,0.4,0.6,0.8,0.09187,0.8
P0638,0.55,0.5,0.6,0.24104039388602685,0.12052019694301343,80.91624999999999,0.25916249999999996,0.28363105925,0.7,0.30000000000000004,1.0,0.05249,0.2
P0639,0.825,0.65,1.0,2.3468587534478487,0.8073230199233545,83.2775,0.007775000000000087,0.164704283,0.2,0.8,0.9,0.03881,0.4
P0640,0.75,1.0,0.5,1.9807523966472789,-0.9903761983236394,85.0285,0.10028499999999985,0.17244273799999998,0.375,0.625,1.0,0.10982,0.7
P0641,0.65,0.75,0.55,0.7571322740022192,-0.25891802396126756,77.5245,0.12524499999999994,0.2568897275,0.55,0.44999999999999996,0.6,0.06659999999999999,0.6
P0642,0.625,0.85,0.4,0.7263811722156742,-0.604230979993864,80.79249999999999,0.182925,0.313136938,0.625,0.375,0.9,0.08057,0.4
P0643,0.325,0.2,0.45,-0.9112867207832167,0.3359952473517662,82.59075,0.5009075000000001,0.4942862847500001,0.55,0.44999999999999996,0.4,0.06261000000000001,0.6
P0644,0.375,0.35,0.4,-0.6071467506865965,0.06253298145727139,84.64450000000001,0.4714449999999999,0.46355297650000005,0.375,0.625,0.4,0.15204999999999996,0.1
P0645,0.425,0.65,0.2,-0.4255322509428048,-0.5788724822719722,81.17925,0.38679249999999993,0.46768577225,0.75,0.25,0.9,0.20476,0.0
P0646,0.875,0.9,0.85,2.147182683713562,-0.10616977575508008,80.42125000000001,-0.0707875,0.09816315874999998,0.025,0.975,1.0,0.0019300000000000012,0.0
P0647,0.475,0.45,0.5,-0.11964811303984203,0.059824056519921016,72.02875,0.2452875,0.32037152625000004,0.5,0.5,0.8,0.12586999999999998,0.6
P0648,0.9,1.0,0.8,2.7723910043906534,-0.5945568944519521,88.309,-0.01691000000000009,0.0580316045,0.15,0.85,1.0,0.0038300000000000014,0.7
P0649,0.85,0.95,0.75,2.1027179536479,-0.41387481586157304,87.457,0.02456999999999998,0.109375692,0.15,0.85,1.0,0.11875999999999998,0.8
P0650,1.0,1.0,1.0,3.9615047932945577,-0.0,97.36949999999999,-0.026305000000000023,0.00133428,0.5,0.5,1.0,0.02364,0.9
P0651,0.675,0.75,0.6,0.878524554848404,-0.19822188353817516,72.7255,0.05225499999999994,0.26051441249999996,0.55,0.44999999999999996,0.5,0.06348999999999999,0.4
P0652,0.8,1.0,0.6,2.2217927905333057,-0.869856001380626,85.23275000000001,0.05232749999999997,0.13181336475,0.175,0.825,1.0,0.042109999999999995,0.7
P0653,0.925,1.0,0.85,2.94817396274898,-0.506665415272789,88.59224999999999,-0.03907749999999999,0.04056974875,0.45,0.55,1.0,0.06446,0.7
P0654,0.65,0.8,0.5,0.7916386077433746,-0.3958193038716873,82.235,0.17235000000000011,0.23239224099999997,0.45,0.55,1.0,0.12159,0.3
P0655,0.525,0.35,0.7,0.1310942138809844,0.43165346374106184,79.66749999999999,0.271675,0.3274870795,0.45,0.55,0.6,0.10030000000000001,0.3
P0656,0.675,0.45,0.9,1.060113004572019,0.6497046153258517,83.34675,0.15846749999999998,0.19738699075000002,0.3,0.7,1.0,0.11565,0.7
P0657,0.7,1.0,0.4,1.739712002761252,-1.1108963952666528,85.2515,0.15251500000000007,0.20711038449999997,0.525,0.475,1.0,0.07157,0.5
P0658,0.85,0.8,0.9,1.9713997253552358,0.1940612549342433,87.205,0.022050000000000125,0.0751968015,0.675,0.32499999999999996,1.0,0.09198999999999999,0.9
P0659,0.95,0.9,1.0,3.16051351425914,0.40049563951770883,87.52950000000001,-0.07470499999999991,0.044385096,0.175,0.825,1.0,0.034600000000000006,0.6
P0660,0.775,1.0,0.55,2.100400509687121,-0.9305521418037184,91.27450000000002,0.1377449999999999,0.1751340505,0.375,0.625,1.0,0.047409999999999994,0.4
P0661,0.225,0.35,0.1,-1.5458674744124308,-0.4068273804056458,87.065,0.6456500000000001,0.686264794,0.2,0.8,0.6,0.23239,0.6
P0662,0.25,0.45,0.05,-1.5848819057253651,-0.6727928398228404,85.11224999999999,0.6011225,0.58959097075,0.875,0.125,0.2,0.039939999999999996,0.1
P0663,0.925,0.95,0.9,2.644994910297384,-0.1427363375368309,87.58775,-0.04912250000000007,0.07490527624999999,0.325,0.675,1.0,0.06958,0.5
P0664,0.6,0.5,0.7,0.49720057068155404,0.24860028534077702,79.6905,0.196905,0.28273015,0.75,0.25,0.9,0.07353,0.0
P0665,0.7,0.9,0.5,1.1797611176118612,-0.5898805588059306,84.207,0.14207000000000003,0.22473875349999997,0.125,0.875,0.8,0.03497,0.1
P0666,0.925,0.9,0.95,2.644994910297384,0.1427363375368309,83.2115,-0.0928850000000001,0.082071335,0.15,0.85,0.8,0.07483,0.2
P0667,0.975,0.95,1.0,3.445986189332802,0.25775930198087793,92.20025000000001,-0.05299750000000003,0.019414934750000005,0.375,0.625,1.0,0.048299999999999996,0.7
P0668,0.65,0.8,0.5,0.7916386077433746,-0.3958193038716873,74.83925,0.0983925,0.21879985624999998,0.6,0.4,0.8,0.02595,0.2
P0669,0.725,0.55,0.9,1.2994092306517033,0.5300565022860095,78.7045,0.06204500000000002,0.19151935199999998,0.375,0.625,1.0,0.03694,0.2
P0670,0.7,0.95,0.45,1.3455856796456809,-0.7924409528626826,81.03175,0.11031750000000007,0.26038196975,0.675,0.32499999999999996,1.0,0.15417999999999998,0.6
P0671,0.8,1.0,0.6,2.2217927905333057,-0.869856001380626,81.23150000000001,0.012314999999999854,0.1193800765,0.175,0.825,0.9,0.055720000000000006,1.0
P0672,0.725,0.7,0.75,1.134684731643931,0.07014179514041144,81.80199999999999,0.09301999999999999,0.180007174,0.375,0.625,1.0,0.01068,0.6
P0673,0.475,0.6,0.35,-0.12506596291454294,-0.3035733753432983,81.37625,0.33876249999999997,0.41628608924999994,0.65,0.35,0.9,0.06569,0.2
P0674,0.775,0.65,0.9,1.545867474412431,0.4068273804056457,82.93325,0.054332499999999895,0.18182077375,0.1,0.9,1.0,0.06373999999999999,0.6
P0675,0.525,0.5,0.55,0.11964811303984203,0.059824056519921016,77.051,0.24551,0.31846401999999996,0.25,0.75,0.7,0.055700000000000006,0.1
P0676,0.875,0.95,0.8,2.2568724004288976,-0.3367975924710742,82.72049999999999,-0.04779500000000003,0.09532581600000001,0.6,0.4,1.0,0.06037,0.5
P0677,0.775,0.7,0.85,1.464622136783255,0.2351104977100735,81.332,0.03832000000000002,0.124477914,0.25,0.75,1.0,0.05493,0.5
P0678,0.85,0.7,1.0,2.4779529673288327,0.7417759129828624,87.771,0.0277099999999999,0.08521074749999999,0.5,0.5,0.9,0.040139999999999995,0.9
P0679,0.775,1.0,0.55,2.100400509687121,-0.9305521418037184,84.704,0.0720400000000001,0.2033866755,0.775,0.22499999999999998,0.9,0.08209999999999999,0.5
P0680,0.8,0.7,0.9,1.6769616882934153,0.34128027346515355,79.60875,-0.0039125000000000965,0.10230856524999998,0.475,0.525,1.0,0.024329999999999997,0.7
P0681,0.625,0.65,0.6,0.6071467506865966,-0.06253298145727147,77.40525,0.14905250000000003,0.25864982224999994,0.175,0.825,0.9,0.05473,0.2
P0682,0.75,0.7,0.8,1.2888391784249287,0.14721901853091027,79.098,0.040980000000000016,0.1666246045,0.5,0.5,0.9,0.11096999999999999,0.2
P0683,0.425,0.75,0.1,-0.542276956649484,-0.9086226392871192,83.546,0.41046,0.45940436949999996,0.675,0.32499999999999996,0.7,0.17134,0.4
P0684,0.2,0.3,0.1,-1.6769616882934153,-0.34128027346515355,81.36625000000001,0.6136624999999998,0.5878707927500001,0.775,0.22499999999999998,0.6,0.019750000000000004,0.4
P0685,0.15,0.15,0.15,-1.934843132203402,-0.0,88.02074999999999,0.7302075,0.7150551272500001,0.3,0.7,0.2,0.06608,0.0
P0686,0.975,0.95,1.0,3.445986189332802,0.25775930198087793,90.43025,-0.07069749999999997,0.027954385749999998,0.25,0.75,1.0,0.08671999999999999,0.5
P0687,0.875,0.8,0.95,2.2568724004288976,0.3367975924710742,86.1765,-0.013235000000000108,0.0663269135,0.85,0.15000000000000002,1.0,0.12412000000000001,0.7
P0688,0.6,0.6,0.6,0.4820807877720537,-0.0,79.31025,0.19310250000000007,0.24408520975,0.35,0.65,0.9,0.0633,0.8
P0689,0.525,0.65,0.4,0.12506596291454294,-0.3035733753432983,80.99725,0.28497249999999996,0.36003156675,0.1,0.9,0.9,0.15489999999999998,0.6
P0690,0.275,0.35,0.2,-1.1577449645439442,-0.21276612547140247,83.88050000000001,0.563805,0.5277302395,0.7,0.30000000000000004,0.3,0.16594000000000003,0.1
P0691,0.9,0.8,1.0,2.7723910043906534,0.5945568944519521,84.7885,-0.05211500000000002,0.092292279,0.375,0.625,1.0,0.05123000000000001,0.9
P0692,0.675,0.95,0.4,1.2241933987994962,-0.8531370932857749,86.354,0.18854000000000004,0.2446703345,0.1,0.9,1.0,0.11751,0.2
P0693,0.35,0.15,0.55,-0.847773453061859,0.5435348395707715,82.19149999999999,0.4719150000000001,0.48415954400000005,0.2,0.8,0.7,0.08697999999999999,0.0
P0694,0.95,1.0,0.9,3.16051351425914,-0.40049563951770883,86.2085,-0.08791499999999985,0.048164333000000004,0.45,0.55,0.9,0.024270000000000003,0.3
P0695,0.5,0.9,0.1,0.0,-1.1797611176118612,84.6375,0.3463750000000001,0.391897636,0.65,0.35,0.8,0.10354999999999999,0.8
P0696,0.65,0.7,0.6,0.7382409645675809,-0.12808008839776358,77.80725,0.12807250000000003,0.26120965925,0.075,0.925,0.7,0.0017400000000000007,0.3
P0697,0.75,0.95,0.55,1.5848819057253651,-0.6727928398228404,83.8445,0.0884450000000001,0.16561162899999998,0.15,0.85,0.8,0.05504,0.3
P0698,0.3,0.3,0.3,-0.9944011413631081,-0.0,81.44675,0.5144674999999999,0.56630337675,0.825,0.17500000000000004,0.4,0.20465999999999998,0.3
P0699,0.525,0.75,0.3,0.1402835902808231,-0.5673423658219656,82.86475,0.30364749999999996,0.38524036725000005,0.8,0.19999999999999996,1.0,0.0863,0.2
P0700,0.825,0.95,0.7,1.962434363367077,-0.48401661100198445,81.5795,-0.009205000000000019,0.16312276999999997,0.1,0.9,0.9,0.06398999999999999,0.8
P0701,0.525,0.5,0.55,0.11964811303984203,0.059824056519921016,81.236,0.28735999999999995,0.3435746655,0.3,0.7,0.5,0.11634000000000003,0.2
P0702,0.8,0.9,0.7,1.6769616882934153,-0.34128027346515355,83.40775,0.03407749999999998,0.19155830175,0.675,0.32499999999999996,0.9,0.03297,0.3
P0703,0.575,0.45,0.7,0.377552457641712,0.30842434186069806,77.64525,0.20145250000000003,0.30844133725,0.4,0.6,0.8,0.03153,0.3
P0704,0.825,0.75,0.9,1.8172452785742383,0.271138478324742,84.84075,0.023407500000000137,0.10346957625,0.125,0.875,0.9,0.06988000000000001,0.7
P0705,0.125,0.1,0.15,-2.147182683713562,0.10616977575508008,86.12525,0.7362525000000002,0.72383369625,0.45,0.55,0.3,0.08441000000000001,0.3
P0706,0.575,0.75,0.4,0.3964437670763503,-0.439262277424202,76.65525,0.19155250000000001,0.26040420175,0.725,0.275,0.5,0.08120999999999999,0.4
P0707,0.775,1.0,0.55,2.100400509687121,-0.9305521418037184,88.05375000000001,0.10553749999999995,0.14598449125,0.8,0.19999999999999996,0.9,0.02203,0.3
P0708,0.2,0.0,0.4,-2.2217927905333057,0.869856001380626,84.547,0.64547,0.5983466565000001,0.075,0.925,0.2,0.06722,0.2
P0709,0.725,0.95,0.5,1.465233792685523,-0.7326168963427615,87.491,0.14990999999999988,0.199952584,0.575,0.42500000000000004,0.7,0.03426,1.0
P0710,0.9,0.85,0.95,2.432655358787224,0.24890611329191098,84.98125,-0.05018750000000005,0.07950788574999999,0.475,0.525,1.0,0.03372,0.1
P0711,0.575,0.95,0.2,0.6735951849421484,-1.1284362002144488,85.98,0.28479999999999994,0.3204098395,0.55,0.44999999999999996,0.6,0.08702000000000001,0.6
P0712,0.375,0.6,0.15,-0.7263811722156742,-0.604230979993864,83.1155,0.4561550000000001,0.47203537250000005,0.2,0.8,0.8,0.19491,0.2
P0713,0.875,0.95,0.8,2.2568724004288976,-0.3367975924710742,85.60999999999999,-0.018900000000000028,0.10385357850000002,0.65,0.35,1.0,0.051370000000000006,0.1
P0714,0.775,0.95,0.6,1.7062741865715498,-0.6120966993997481,83.911,0.06411,0.1665869935,0.625,0.375,1.0,0.028250000000000004,0.5
P0715,0.55,0.85,0.25,0.3299374051393239,-0.8024528635320392,82.7465,0.2774650000000001,0.3228544285,0.15,0.85,1.0,0.10951999999999999,0.9
P0716,0.075,0.05,0.1,-2.644994910297384,0.1427363375368309,87.32324999999999,0.7982325,0.73307373675,0.35,0.65,0.1,0.17514,0.5
P0717,0.2,0.4,0.0,-2.2217927905333057,-0.869856001380626,84.811,0.6481100000000002,0.6037739805,0.15,0.85,0.4,0.08255,0.0
P0718,0.475,0.45,0.5,-0.11964811303984203,0.059824056519921016,80.527,0.33026999999999995,0.344754628,0.2,0.8,0.8,0.2121,0.6
P0719,0.65,0.6,0.7,0.7382409645675809,0.12808008839776358,79.74725,0.1474724999999999,0.27772451625,0.625,0.375,0.9,0.06187,0.3
P0720,0.825,0.85,0.8,1.7590601738450755,-0.08789147917916323,83.0305,0.005304999999999893,0.098205325,0.575,0.42500000000000004,0.8,0.023530000000000002,0.4
P0721,0.2,0.3,0.1,-1.6769616882934153,-0.34128027346515355,83.13925,0.6313925,0.58559252525,0.275,0.725,0.3,0.10927,0.2
P0722,1.0,1.0,1.0,3.9615047932945577,-0.0,92.67625000000001,-0.07323749999999996,0.01062874175,0.1,0.9,1.0,0.017460000000000003,0.7
P0723,0.1,0.1,0.1,-2.3595222352237224,-0.0,84.8715,0.748715,0.702585063,0.7,0.30000000000000004,0.5,0.25911,0.1
P0724,0.5,0.8,0.2,0.0,-0.7916386077433746,80.00575,0.3000575,0.39484874075,0.9,0.09999999999999998,0.7,0.05421,0.0
P0725,0.95,0.95,0.95,2.930467585371046,-0.0,90.59124999999999,-0.044087499999999835,0.05327308775,0.25,0.75,1.0,0.044680000000000004,0.9
P0726,1.0,1.0,1.0,3.9615047932945577,-0.0,98.65375,-0.013462499999999933,0.00021380424999999982,0.175,0.825,1.0,0.02973,0.5
P0727,0.475,0.65,0.3,-0.13109421388098424,-0.43165346374106195,82.22549999999998,0.347255,0.42848376099999996,0.15,0.85,0.7,0.10966000000000001,0.6
P0728,0.775,1.0,0.55,2.100400509687121,-0.9305521418037184,84.15575000000001,0.06655750000000005,0.14891040225,0.175,0.825,1.0,0.09191,0.7
P0729,0.625,0.7,0.55,0.6168486837213961,-0.188776228820856,80.71849999999999,0.18218499999999993,0.274775442,0.7,0.30000000000000004,0.9,0.09443,0.5
P0730,0.725,0.55,0.9,1.2994092306517033,0.5300565022860095,84.81225,0.12312250000000002,0.18211451425,0.725,0.275,1.0,0.06351,0.5
P0731,0.5,0.4,0.6,0.0,0.24104039388602685,79.19749999999999,0.2919750000000001,0.27393632349999997,0.725,0.275,0.8,0.06798,0.5
P0732,0.85,0.9,0.8,1.9713997253552358,-0.1940612549342433,79.52950000000001,-0.054705000000000004,0.1560535035,0.175,0.825,1.0,0.06436,0.3
P0733,0.975,1.0,0.95,3.445986189332802,-0.25775930198087793,87.958,-0.09541999999999995,0.0453312355,0.225,0.775,1.0,0.07396,0.9
P0734,0.15,0.3,0.0,-2.4779529673288327,-0.7417759129828624,90.572,0.75572,0.7443407820000001,0.65,0.35,0.2,0.08730999999999998,0.0
P0735,0.925,0.95,0.9,2.644994910297384,-0.1427363375368309,88.908,-0.035920000000000174,0.039919887499999994,0.175,0.825,1.0,0.055970000000000006,0.4
P0736,0.975,1.0,0.95,3.445986189332802,-0.25775930198087793,91.70725,-0.05792749999999991,0.03234218325,0.275,0.725,1.0,0.025789999999999997,0.7
P0737,0.825,1.0,0.65,2.3468587534478487,-0.8073230199233546,86.62375,0.04123750000000015,0.12043245875,0.275,0.725,1.0,0.015539999999999998,0.8
P0738,0.85,0.95,0.75,2.1027179536479,-0.41387481586157304,86.01599999999999,0.010160000000000169,0.080461282,0.475,0.525,1.0,0.021429999999999998,0.1
P0739,0.6,0.85,0.35,0.6013152093011312,-0.6667639614511354,82.16725,0.22167250000000005,0.33269837674999997,0.575,0.42500000000000004,0.9,0.11677,0.5
P0740,0.875,0.8,0.95,2.2568724004288976,0.3367975924710742,85.32275,-0.021772500000000194,0.10385778074999999,0.5,0.5,1.0,0.11185,0.7
P0741,0.825,1.0,0.65,2.3468587534478487,-0.8073230199233546,85.3655,0.028655000000000208,0.12592744000000003,0.4,0.6,0.8,0.06437999999999999,0.5
P0742,0.075,0.0,0.15,-2.94817396274898,0.506665415272789,92.00675000000001,0.8450675000000001,0.82004948475,0.575,0.42500000000000004,0.0,0.09314,0.0
P0743,0.05,0.05,0.05,-2.930467585371046,-0.0,89.42425,0.8442425,0.77341665725,0.825,0.17500000000000004,0.0,0.09375,0.2
P0744,0.5,0.4,0.6,0.0,0.24104039388602685,81.92124999999999,0.3192125000000001,0.32389962225,0.5,0.5,0.5,0.10012000000000001,0.0
P0745,0.4,0.55,0.25,-0.517836047922535,-0.37856613700110964,81.668,0.41668000000000005,0.47598286500000003,0.675,0.32499999999999996,0.5,0.09646,0.1
P0746,0.725,1.0,0.45,1.8611042836074367,-1.0502002548435605,83.9875,0.11487499999999995,0.20028444299999998,0.175,0.825,1.0,0.09451,0.4
P0747,0.7,0.45,0.95,1.3455856796456809,0.7924409528626826,83.38175,0.13381750000000003,0.19142562575,0.325,0.675,1.0,0.09704,0.3
P0748,0.6,0.65,0.55,0.4857544698404118,-0.12322912188036389,80.5485,0.20548500000000025,0.35571024100000004,0.925,0.07499999999999996,0.7,0.11966999999999998,0.5
P0749,0.75,0.7,0.8,1.2888391784249287,0.14721901853091027,79.923,0.049229999999999885,0.165488405,0.225,0.775,1.0,0.06812,0.7
P0750,0.5,0.45,0.55,0.0,0.11964811303984203,81.874,0.31874,0.3616660385,0.35,0.65,0.9,0.15694,0.4
P0751,0.7,1.0,0.4,1.739712002761252,-1.1108963952666528,86.18225,0.16182249999999998,0.20013899275,0.325,0.675,0.8,0.081,0.3
P0752,0.4,0.55,0.25,-0.517836047922535,-0.37856613700110964,77.5735,0.37573500000000004,0.43138168799999993,0.725,0.275,0.4,0.16832,0.1
P0753,0.925,1.0,0.85,2.94817396274898,-0.506665415272789,91.52025,-0.009797500000000237,0.06106885824999999,0.15,0.85,1.0,0.04362,0.9
P0754,0.95,0.95,0.95,2.930467585371046,-0.0,89.8435,-0.05156500000000008,0.04495494800000001,0.3,0.7,1.0,0.025699999999999994,0.6
P0755,0.575,0.9,0.25,0.542276956649484,-0.9086226392871192,84.16425,0.2666425000000001,0.34620216824999994,0.425,0.575,0.9,0.23344,0.8
P0756,0.8,0.65,0.95,1.8313401494860928,0.5495637179424766,83.69275,0.03692749999999978,0.12294211225,0.7,0.30000000000000004,1.0,0.06905000000000001,0.4
P0757,0.8,1.0,0.6,2.2217927905333057,-0.869856001380626,84.23949999999999,0.04239500000000007,0.1421108145,0.8,0.19999999999999996,1.0,0.05907,0.9
P0758,0.4,0.35,0.45,-0.4857544698404118,0.12322912188036372,81.21475,0.4121475,0.43151748875000007,0.675,0.32499999999999996,0.3,0.14892,0.2
P0759,0.45,0.25,0.65,-0.2713778041618073,0.5017952588814732,79.72175,0.3472175,0.36884811475,0.5,0.5,0.7,0.10606,0.6
P0760,0.85,0.85,0.85,1.934843132203402,-0.0,83.351,-0.016489999999999894,0.092233184,0.1,0.9,0.9,0.05708,0.7
P0761,0.2,0.4,0.0,-2.2217927905333057,-0.869856001380626,88.45649999999999,0.6845649999999999,0.691453128,0.225,0.775,0.5,0.03171,0.1
P0762,0.85,0.85,0.85,1.934843132203402,-0.0,81.3365,-0.036635000000000084,0.109152497,0.1,0.9,1.0,0.0679,0.7
P0763,0.575,0.9,0.25,0.542276956649484,-0.9086226392871192,84.32000000000001,0.2682000000000001,0.30559400449999996,0.375,0.625,0.5,0.05073999999999999,0.5
P0764,0.275,0.2,0.35,-1.1577449645439444,0.2127661254714024,82.924,0.5542399999999998,0.5308677145,0.225,0.775,0.4,0.18109999999999998,0.4
P0765,0.675,0.7,0.65,0.8633069274821237,-0.0655471069404922,81.3,0.138,0.23314541000000003,0.25,0.75,0.9,0.03838,0.4
P0766,0.2,0.1,0.3,-1.6769616882934153,0.34128027346515355,84.83900000000001,0.64839,0.6047358365,0.525,0.475,0.5,0.12626,0.4
P0767,0.525,0.55,0.5,0.11964811303984217,-0.059824056519921086,82.374,0.2987400000000001,0.383172387,0.225,0.775,0.7,0.05302,0.8
P0768,0.5,0.9,0.1,0.0,-1.1797611176118612,86.88374999999999,0.36883750000000004,0.4402843322500001,0.625,0.375,0.5,0.11419000000000001,0.3
P0769,0.925,1.0,0.85,2.94817396274898,-0.506665415272789,84.07525000000001,-0.08424750000000003,0.08084919725000002,0.45,0.55,1.0,0.029820000000000003,0.6
P0770,0.1,0.15,0.05,-2.432655358787224,-0.24890611329191098,88.151,0.7815100000000001,0.747962252,0.35,0.65,0.2,0.08847000000000001,0.0
P0771,0.825,0.85,0.8,1.7590601738450755,-0.08789147917916323,81.32925,-0.011707499999999982,0.14905846024999997,0.275,0.725,0.8,0.03089,0.2
P0772,0.4,0.5,0.3,-0.49720057068155404,-0.24860028534077702,74.519,0.34519,0.4189492345,0.625,0.375,0.2,-0.007339999999999995,0.2
P0773,0.775,0.9,0.65,1.5458674744124308,-0.4068273804056458,80.86949999999999,0.03369499999999992,0.1427441175,0.475,0.525,1.0,0.05023,1.0
P0774,0.5,1.0,0.0,0.0,-1.9807523966472789,93.377,0.4337700000000002,0.45802866350000004,0.775,0.22499999999999998,0.5,0.08804,0.7
P0775,0.625,0.8,0.45,0.6719904947035324,-0.45564336039160835,80.4315,0.1793150000000001,0.27401048299999997,0.35,0.65,0.7,0.10245,0.4
P0776,0.75,0.8,0.7,1.2888391784249287,-0.14721901853091027,80.68924999999999,0.05689250000000001,0.18494494275,0.725,0.275,1.0,0.05706,0.7
P0777,0.675,0.55,0.8,0.9112867207832167,0.3359952473517662,79.77475,0.12274750000000001,0.23854238175000003,0.125,0.875,1.0,0.07554999999999999,0.4
P0778,0.825,0.95,0.7,1.962434363367077,-0.48401661100198445,86.29974999999999,0.03799750000000024,0.10335967325000002,0.85,0.15000000000000002,0.9,0.012809999999999998,0.2
P0779,0.45,0.45,0.45,-0.2392962260796842,-6.938893903907228e-17,78.637,0.33637,0.3306396675,0.3,0.7,0.6,0.08132999999999999,0.2
P0780,0.875,0.9,0.85,2.147182683713562,-0.10616977575508008,83.39375,-0.0410625,0.09902659475,0.15,0.85,1.0,0.04751,0.8
P0781,0.475,0.4,0.55,-0.12139228084618482,0.18034425346293445,84.609,0.37109000000000003,0.41710131950000007,0.2,0.8,0.7,0.15587,0.4
P0782,0.125,0.15,0.1,-2.147182683713562,-0.10616977575508008,85.2785,0.7277850000000001,0.68647112,0.075,0.925,0.0,0.11343999999999999,0.3
P0783,0.525,0.65,0.4,0.12506596291454294,-0.3035733753432983,79.1495,0.2664949999999999,0.350784974,0.55,0.44999999999999996,0.8,0.14233,0.1
P0784,0.225,0.4,0.05,-1.7062741865715498,-0.6120966993997481,89.322,0.6682200000000001,0.6719450665,0.025,0.975,0.5,0.06903000000000001,0.2
P0785,0.6,0.75,0.45,0.517836047922535,-0.37856613700110964,84.50825,0.24508249999999998,0.31882345074999996,0.275,0.725,0.9,0.19035000000000002,0.8
P0786,0.275,0.35,0.2,-1.1577449645439442,-0.21276612547140247,80.806,0.5330599999999999,0.5122978039999999,0.025,0.975,0.6,0.15860000000000002,0.6
P0787,0.425,0.55,0.3,-0.37755245764171186,-0.3084243418606981,77.365,0.34864999999999996,0.3467586045,0.475,0.525,0.9,0.04936,0.0
P0788,0.65,1.0,0.3,1.4835518259657248,-1.2389764836644164,89.82025000000002,0.2482025,0.26503029975,0.275,0.725,0.9,0.17166,0.2
P0789,0.625,0.4,0.85,0.7263811722156742,0.604230979993864,78.65350000000001,0.16153499999999998,0.32568787600000004,0.5,0.5,1.0,0.19596,0.9
P0790,0.725,0.9,0.55,1.2994092306517033,-0.5300565022860095,85.7165,0.13216499999999998,0.168569755,0.325,0.675,1.0,0.13409,0.8
P0791,0.625,0.6,0.65,0.6071467506865965,0.06253298145727139,81.0205,0.18520500000000006,0.28146110249999995,0.6,0.4,0.7,0.12995,0.3
P0792,0.75,0.95,0.55,1.5848819057253651,-0.6727928398228404,85.41725,0.1041725,0.14275158175,0.5,0.5,0.8,0.06559,0.8
P0793,0.25,0.4,0.1,-1.420801511497888,-0.4693603618629172,80.77625,0.5577624999999999,0.53105575925,0.075,0.925,0.5,0.16793000000000002,0.4
P0794,0.7,0.9,0.5,1.1797611176118612,-0.5898805588059306,85.4505,0.154505,0.20608504749999995,0.15,0.85,0.7,0.0067599999999999995,0.1
P0795,0.8,0.95,0.65,1.8313401494860926,-0.5495637179424767,87.22800000000001,0.0722799999999999,0.1499696795,0.25,0.75,1.0,0.11854,0.6
P0796,0.95,0.95,0.95,2.930467585371046,-0.0,92.51,-0.02489999999999981,0.038495147,0.6,0.4,1.0,0.01585,0.6
P0797,0.25,0.2,0.3,-1.2888391784249287,0.14721901853091027,84.4005,0.5940049999999999,0.621163751,0.825,0.17500000000000004,0.2,0.07236000000000001,0.0
P0798,0.875,0.75,1.0,2.618236557609656,0.6716341178424509,88.553,0.010529999999999928,0.0637021535,0.475,0.525,1.0,0.07988999999999999,0.6
P0799,0.725,1.0,0.45,1.8611042836074367,-1.0502002548435605,87.96,0.15459999999999996,0.21853764,0.95,0.050000000000000044,0.9,0.059050000000000005,0.5
P0800,0.425,0.55,0.3,-0.37755245764171186,-0.3084243418606981,81.00625,0.38506250000000014,0.46318953175,0.7,0.30000000000000004,0.5,0.14723999999999998,0.6
P0801,0.35,0.5,0.2,-0.7916386077433746,-0.3958193038716873,81.4585,0.4645849999999999,0.484157025,0.875,0.125,0.4,0.0289,0.3
P0802,0.15,0.0,0.3,-2.4779529673288327,0.7417759129828624,86.95775,0.7195775000000001,0.67198050125,0.725,0.275,0.6,0.19672,0.4
P0803,0.55,0.9,0.2,0.3881225098684866,-0.9856998626776179,86.58025,0.3158025,0.38913335475,0.775,0.22499999999999998,0.9,0.03881,0.2
P0804,0.575,0.85,0.3,0.470220995420147,-0.7323110683916275,80.53475,0.23034749999999993,0.37184549874999995,0.425,0.575,0.6,0.10741999999999999,0.4
P0805,0.4,0.4,0.4,-0.4820807877720537,-0.0,80.16900000000001,0.40169,0.4440931365,0.55,0.44999999999999996,0.7,0.07622999999999999,0.5
P0806,0.45,0.6,0.3,-0.25616017679552716,-0.36912048228379046,77.446,0.32446,0.40237930549999995,0.575,0.42500000000000004,1.0,0.23546,0.4
P0807,0.675,0.7,0.65,0.8633069274821237,-0.0655471069404922,81.14175,0.13641749999999986,0.22184039025,0.6,0.4,0.9,0.09742999999999999,0.7
P0808,0.525,0.9,0.15,0.21233955151016015,-1.073591341856781,86.3235,0.33823499999999984,0.341817455,0.925,0.07499999999999996,0.5,0.03799,0.2
P0809,0.95,0.9,1.0,3.16051351425914,0.40049563951770883,88.67075,-0.06329249999999997,0.04438452225,0.475,0.525,1.0,0.04972,1.0
P0810,0.525,0.85,0.2,0.17578295835832647,-0.8795300869225378,82.032,0.2953199999999999,0.313275012,0.675,0.32499999999999996,0.6,0.07522,0.1
P0811,0.5,0.8,0.2,0.0,-0.7916386077433746,79.25325000000001,0.2925325,0.41746925724999995,0.475,0.525,0.5,0.11248,0.3
P0812,0.225,0.15,0.3,-1.464622136783255,0.2351104977100735,84.34525000000001,0.6184525000000001,0.59234074175,0.75,0.25,0.1,0.03485,0.1
P0813,0.55,0.8,0.3,0.29443803706182053,-0.6444195892124643,80.36775,0.2536775,0.38732647374999996,0.225,0.775,0.5,0.16017,0.7
P0814,0.85,1.0,0.7,2.4779529673288327,-0.7417759129828624,84.131,-0.008689999999999976,0.09140918099999999,0.325,0.675,1.0,0.10089,0.4
P0815,0.125,0.2,0.05,-2.2568724004288976,-0.3367975924710742,85.78174999999999,0.7328175,0.70275960725,0.35,0.65,0.1,0.19113,0.1
P0816,0.925,0.95,0.9,2.644994910297384,-0.1427363375368309,88.81649999999999,-0.03683499999999995,0.060104466,0.65,0.35,1.0,0.040029999999999996,0.8
P0817,0.625,0.85,0.4,0.7263811722156742,-0.604230979993864,80.709,0.18208999999999997,0.251694751,0.55,0.44999999999999996,0.8,0.04307999999999999,0.4
P0818,0.6,0.85,0.35,0.6013152093011312,-0.6667639614511354,73.6105,0.13610500000000003,0.2528492355,0.275,0.725,0.9,0.09867999999999999,0.3
P0819,0.875,0.75,1.0,2.618236557609656,0.6716341178424509,84.09075,-0.03409249999999986,0.09589613275,0.2,0.8,0.9,0.12830999999999998,0.8
P0820,0.25,0.1,0.4,-1.420801511497888,0.4693603618629172,83.68175,0.5868175000000001,0.53613718775,0.225,0.775,0.4,0.21738,0.5
P0821,0.125,0.05,0.2,-2.2568724004288976,0.3367975924710742,85.4255,0.729255,0.6626769525,0.525,0.475,0.3,0.14440999999999998,0.1
P0822,0.95,0.95,0.95,2.930467585371046,-0.0,83.92575000000001,-0.11074249999999985,0.06516862075,0.4,0.6,1.0,0.020679999999999997,0.6
P0823,0.7,0.85,0.55,1.087069679141543,-0.4238867265309295,79.9905,0.09990500000000013,0.227885803,0.525,0.475,1.0,0.05325,0.6
P0824,0.575,0.65,0.5,0.3661063568005698,-0.1830531784002849,74.5895,0.17089500000000002,0.3126012485,0.5,0.5,0.6,0.07439,0.2
P0825,0.675,0.65,0.7,0.8633069274821239,0.06554710694049212,80.196,0.12695999999999996,0.19422349649999998,0.225,0.775,1.0,0.10547,0.9
P0826,0.15,0.1,0.2,-1.9713997253552358,0.1940612549342433,84.52325,0.6952325,0.66122997875,0.375,0.625,0.4,0.22808,0.5
P0827,0.425,0.1,0.75,-0.5422769566494843,0.9086226392871191,84.52575,0.4202575,0.40839778875,0.3,0.7,1.0,0.23900000000000002,0.3
P0828,0.7,0.55,0.85,1.0870696791415433,0.42388672653092946,82.50375,0.1250374999999999,0.18097127724999998,0.55,0.44999999999999996,0.8,0.08016,0.4
P0829,0.575,0.75,0.4,0.3964437670763503,-0.439262277424202,78.60400000000001,0.21104000000000012,0.23729469649999996,0.2,0.8,0.8,0.10483,0.1
P0830,0.4,0.45,0.35,-0.4857544698404118,-0.12322912188036389,79.912,0.3991199999999999,0.43454652950000006,0.375,0.625,0.7,0.10352999999999998,0.2
P0831,0.9,0.95,0.85,2.432655358787224,-0.24890611329191098,81.49749999999999,-0.0850249999999999,0.1080019045,0.1,0.9,0.9,0.04161,0.3
P0832,0.625,0.35,0.9,0.8136547608112916,0.7729337372062154,83.231,0.20731,0.27809830199999996,0.4,0.6,0.8,0.11128,0.7
P0833,0.325,0.4,0.25,-0.878524554848404,-0.19822188353817516,82.37049999999999,0.498705,0.47279469399999996,0.575,0.42500000000000004,0.8,0.08652000000000001,0.0
P0834,0.35,0.65,0.05,-1.0991274358849532,-0.9156700747430464,83.33325,0.48333249999999983,0.5339336832500001,0.125,0.875,0.3,0.17173,0.4
P0835,0.95,1.0,0.9,3.16051351425914,-0.40049563951770883,88.47825,-0.06521749999999993,0.05029945525,0.45,0.55,1.0,0.03769,0.7
P0836,0.625,0.65,0.6,0.6071467506865966,-0.06253298145727147,68.56800000000001,0.060679999999999956,0.23052129949999997,0.85,0.15000000000000002,0.8,0.04168,0.2
P0837,0.6,0.8,0.4,0.5505982138573478,-0.5163395008147007,81.263,0.2126300000000001,0.2771393785,0.35,0.65,0.9,0.14245,0.5
P0838,0.65,0.8,0.5,0.7916386077433746,-0.3958193038716873,80.061,0.15061000000000002,0.22954934100000002,0.325,0.675,1.0,0.05737,0.2
P0839,0.425,0.65,0.2,-0.4255322509428048,-0.5788724822719722,85.3135,0.428135,0.456370696,0.425,0.575,0.4,0.21405,0.6
P0840,0.775,0.85,0.7,1.464622136783255,-0.2351104977100735,83.60350000000001,0.06103500000000006,0.1386537155,0.725,0.275,1.0,0.055080000000000004,0.0
P0841,0.725,0.75,0.7,1.1346847316439312,-0.07014179514041155,78.6755,0.061755000000000004,0.195407317,0.475,0.525,0.9,0.06631,0.2
P0842,0.525,0.75,0.3,0.1402835902808231,-0.5673423658219656,79.90725,0.27407249999999994,0.3921204482499999,0.175,0.825,0.9,0.11806000000000001,0.7
P0843,0.675,0.9,0.45,1.060113004572019,-0.6497046153258517,84.44425,0.16944250000000005,0.24304674925,0.7,0.30000000000000004,0.5,0.059219999999999995,0.2
P0844,0.8,0.7,0.9,1.6769616882934153,0.34128027346515355,85.58875,0.05588749999999998,0.12945163275,0.55,0.44999999999999996,0.8,0.045790000000000004,0.3
P0845,0.925,0.9,0.95,2.644994910297384,0.1427363375368309,86.55,-0.05950000000000011,0.061090149999999996,0.275,0.725,1.0,0.025129999999999996,0.7
P0846,0.35,0.5,0.2,-0.7916386077433746,-0.3958193038716873,80.45025000000001,0.4545024999999999,0.4337453567500001,0.8,0.19999999999999996,0.7,0.13784999999999997,0.4
P0847,0.9,1.0,0.8,2.7723910043906534,-0.5945568944519521,88.10775000000001,-0.018922500000000064,0.07130208575000001,0.5,0.5,1.0,0.07533999999999999,0.9
P0848,0.85,0.9,0.8,1.9713997253552358,-0.1940612549342433,85.2135,0.002134999999999887,0.0773950135,0.475,0.525,1.0,0.052489999999999995,1.0
P0849,0.125,0.15,0.1,-2.147182683713562,-0.10616977575508008,86.106,0.7360599999999999,0.675540755,0.725,0.275,0.2,0.08739000000000001,0.1
P0850,0.425,0.7,0.15,-0.470220995420147,-0.7323110683916275,84.54325,0.42043250000000004,0.49741188975000006,0.35,0.65,0.8,0.042300000000000004,0.3
P0851,0.8,0.75,0.85,1.6049057270640783,0.16496870256966195,80.55525,0.005552500000000071,0.15131414575,0.775,0.22499999999999998,1.0,0.03276,0.6
P0852,0.525,0.65,0.4,0.12506596291454294,-0.3035733753432983,81.58624999999999,0.2908625,0.36552115975,0.625,0.375,0.6,0.07743,0.2
P0853,0.625,0.4,0.85,0.7263811722156742,0.604230979993864,79.357,0.1685700000000001,0.26700732999999993,0.4,0.6,0.8,0.12077,0.4
P0854,0.8,0.6,1.0,2.2217927905333057,0.869856001380626,85.846,0.05846000000000018,0.125740882,0.475,0.525,0.9,0.03426,0.4
P0855,0.575,0.55,0.6,0.360688506925869,0.06069614042309234,71.649,0.14149000000000012,0.27207662050000003,0.35,0.65,0.4,-0.023200000000000002,0.5
P0856,0.35,0.3,0.4,-0.7382409645675809,0.12808008839776358,82.11449999999999,0.4711449999999999,0.49413567900000005,0.675,0.32499999999999996,0.5,0.2002,0.2
P0857,0.625,0.65,0.6,0.6071467506865966,-0.06253298145727147,78.94524999999999,0.1644525,0.25933433074999995,0.725,0.275,1.0,0.05066999999999999,0.8
P0858,0.425,0.35,0.5,-0.36610635680056963,0.18305317840028482,82.47375,0.3997375,0.42105004525,0.225,0.775,0.7,0.18514,0.6
P0859,0.875,0.9,0.85,2.147182683713562,-0.10616977575508008,83.1425,-0.04357500000000003,0.10266613699999998,0.725,0.275,0.9,0.06834,0.1
P0860,0.25,0.15,0.35,-1.3335279229022707,0.3006576046505656,77.37049999999999,0.5237050000000001,0.509580189,0.425,0.575,0.2,0.09438000000000002,0.1
P0861,0.475,0.3,0.65,-0.1310942138809844,0.43165346374106184,84.16975,0.3666974999999999,0.43281718874999997,0.05,0.95,0.9,0.08034,0.4
P0862,0.6,0.7,0.5,0.49720057068155404,-0.24860028534077702,81.73275000000001,0.2173275,0.30247191875,0.675,0.32499999999999996,0.7,0.11255,0.6
P0863,0.4,0.65,0.15,-0.6013152093011312,-0.6667639614511354,83.01675,0.4301674999999999,0.47832401275,0.725,0.275,0.6,0.053880000000000004,0.2
P0864,0.9,1.0,0.8,2.7723910043906534,-0.5945568944519521,83.79100000000001,-0.06209000000000009,0.0974079295,0.725,0.275,1.0,0.03721,0.5
P0865,0.6,0.55,0.65,0.4857544698404118,0.12322912188036372,81.35475,0.2135475,0.26845283725,0.75,0.25,0.7,0.05186999999999999,0.1
P0866,0.8,1.0,0.6,2.2217927905333057,-0.869856001380626,81.00474999999999,0.010047499999999876,0.16383143475,0.25,0.75,1.0,0.06603,0.7
P0867,0.375,0.25,0.5,-0.6374841609623769,0.31874208048118846,83.287,0.4578700000000001,0.458787752,0.6,0.4,0.7,0.30806,0.9
P0868,0.2,0.05,0.35,-1.8313401494860928,0.5495637179424766,79.48925,0.5948925,0.56951334925,0.35,0.65,0.3,0.07343000000000001,0.0
P0869,0.5,0.5,0.5,0.0,-0.0,78.95325,0.28953249999999997,0.37362559025000003,0.15,0.85,0.8,0.05023,0.3
P0870,0.5,0.6,0.4,0.0,-0.24104039388602685,81.54775,0.3154775000000001,0.33143495575000004,0.675,0.32499999999999996,0.8,0.06786,0.0
P0871,0.975,1.0,0.95,3.445986189332802,-0.25775930198087793,90.26175,-0.0723824999999999,0.031390313749999996,0.375,0.625,1.0,0.041069999999999995,0.7
P0872,0.5,0.55,0.45,0.0,-0.11964811303984217,80.21675,0.3021674999999998,0.33742382675,0.325,0.675,0.9,0.07733000000000001,0.0
P0873,0.65,1.0,0.3,1.4835518259657248,-1.2389764836644164,84.85675,0.1985675,0.24707689874999997,0.35,0.65,0.9,0.06892000000000001,0.1
P0874,0.175,0.3,0.05,-1.962434363367077,-0.48401661100198445,86.132,0.6863199999999998,0.638313629,0.55,0.44999999999999996,0.6,0.12593,0.4
P0875,0.475,0.75,0.2,-0.15415444678099743,-0.7145613843528759,78.2635,0.307635,0.31038971150000005,0.25,0.75,0.9,0.06641,0.8
P0876,0.475,0.35,0.6,-0.12506596291454278,0.30357337534329826,78.80199999999999,0.31301999999999996,0.3637507075,0.875,0.125,0.7,0.14222,0.4
P0877,0.425,0.65,0.2,-0.4255322509428048,-0.5788724822719722,81.11675,0.38616750000000005,0.43571619525000005,0.425,0.575,0.5,0.23308,0.4
P0878,0.275,0.35,0.2,-1.1577449645439442,-0.21276612547140247,86.6895,0.5918949999999998,0.6114593380000001,0.35,0.65,0.4,0.06849999999999999,0.3
P0879,0.025,0.0,0.05,-3.445986189332802,0.25775930198087793,92.31025,0.8981024999999999,0.83813144975,0.45,0.55,0.4,0.32155,0.4
P0880,0.6,0.85,0.35,0.6013152093011312,-0.6667639614511354,81.85175,0.21851749999999992,0.27270682675,0.125,0.875,0.9,0.13379,0.1
P0881,0.725,0.65,0.8,1.1577449645439444,0.2127661254714024,80.99475,0.08494750000000006,0.17678719525000003,0.375,0.625,0.8,0.08215999999999998,0.7
P0882,0.5,0.7,0.3,0.0,-0.49720057068155404,78.98825,0.28988249999999993,0.29003062074999997,0.8,0.19999999999999996,0.8,0.07821,0.5
P0883,0.725,0.9,0.55,1.2994092306517033,-0.5300565022860095,82.70424999999999,0.10204249999999992,0.19717733575000002,0.45,0.55,0.8,0.02586,0.5
P0884,0.25,0.2,0.3,-1.2888391784249287,0.14721901853091027,84.69125,0.5969125,0.58724875825,0.825,0.17500000000000004,0.3,0.08338,0.3
P0885,0.2,0.4,0.0,-2.2217927905333057,-0.869856001380626,84.3295,0.643295,0.59866978,0.625,0.375,0.3,0.16925,0.5
P0886,0.65,0.95,0.35,1.0991274358849532,-0.9156700747430464,85.66075000000001,0.20660749999999994,0.22091188675000004,0.025,0.975,1.0,0.052129999999999996,0.1
P0887,0.65,0.6,0.7,0.7382409645675809,0.12808008839776358,82.417,0.17416999999999994,0.26613877649999995,0.325,0.675,1.0,0.06987000000000002,0.8
P0888,0.675,0.4,0.95,1.2241933987994962,0.8531370932857749,81.87349999999999,0.14373499999999984,0.23411435899999997,0.4,0.6,1.0,0.07688999999999999,0.4
P0889,0.4,0.25,0.55,-0.5178360479225349,0.37856613700110947,82.50425,0.4250425,0.43560276225,0.15,0.85,0.7,0.059530000000000007,0.8
P0890,0.875,0.75,1.0,2.618236557609656,0.6716341178424509,87.64824999999999,0.0014825000000000532,0.07322865525,0.575,0.42500000000000004,0.9,0.13879999999999998,0.8
P0891,0.975,1.0,0.95,3.445986189332802,-0.25775930198087793,94.02074999999999,-0.034792500000000004,0.018828558249999995,0.575,0.42500000000000004,1.0,0.05297999999999999,1.0
P0892,0.525,0.5,0.55,0.11964811303984203,0.059824056519921016,80.78824999999999,0.28288250000000004,0.35819344775,0.425,0.575,0.6,0.0691,0.3
P0893,0.7,0.55,0.85,1.0870696791415433,0.42388672653092946,83.52025,0.1352025,0.19019070125,0.575,0.42500000000000004,1.0,0.11596,1.0
P0894,0.225,0.25,0.2,-1.4291227687057515,-0.07707722339049883,86.46324999999999,0.6396325000000002,0.6296041782499999,0.15,0.85,0.9,0.14152,0.2
P0895,0.55,0.15,0.95,0.49781222658382196,1.216327679393612,84.58374999999998,0.2958375,0.27397533775000005,0.325,0.675,1.0,0.12776,0.7
P0896,0.5,0.25,0.75,0.0,0.6374841609623769,84.33125,0.3433125,0.35998525875,0.925,0.07499999999999996,0.6,0.11986000000000001,0.6
P0897,0.35,0.1,0.6,-0.9387207237258344,0.710400755748944,83.38825,0.4838825,0.49059171475,0.675,0.32499999999999996,0.5,0.14825000000000002,0.5
P0898,0.375,0.3,0.45,-0.6168486837213962,0.18877622882085593,81.2855,0.4378550000000001,0.4239596015,0.55,0.44999999999999996,0.6,0.04511,0.0
P0899,0.65,1.0,0.3,1.4835518259657248,-1.2389764836644164,89.4405,0.2444050000000001,0.28329646150000004,0.325,0.675,0.8,0.057609999999999995,0.6
P0900,0.425,0.35,0.5,-0.36610635680056963,0.18305317840028482,78.5735,0.360735,0.37982331,0.525,0.475,0.8,0.13521,0.6
P0901,0.85,0.9,0.8,1.9713997253552358,-0.1940612549342433,87.10049999999998,0.02100499999999994,0.087758598,0.125,0.875,0.9,0.06271,0.6
P0902,0.5,0.35,0.65,0.0,0.36610635680056963,74.97650000000002,0.24976500000000001,0.382200003,0.35,0.65,0.5,0.09402,0.5
P0903,0.675,0.85,0.5,0.967421566101701,-0.4837107830508505,83.497,0.15996999999999983,0.2060191555,0.425,0.575,0.8,0.09212000000000001,0.6
P0904,0.775,0.7,0.85,1.464622136783255,0.2351104977100735,83.89075,0.0639075,0.16881038475000001,0.575,0.42500000000000004,1.0,0.13883,0.6
P0905,0.675,0.95,0.4,1.2241933987994962,-0.8531370932857749,85.464,0.1796399999999998,0.2482412005,0.75,0.25,0.9,0.041850000000000005,0.3
P0906,0.45,0.35,0.55,-0.2464582437607276,0.24287723492020583,75.91274999999999,0.30912749999999994,0.38587604075000004,0.3,0.7,0.6,0.12747,0.1
P0907,0.85,0.75,0.95,2.1027179536479004,0.41387481586157293,80.8355,-0.04164500000000004,0.1523592245,0.175,0.825,1.0,0.11438999999999999,0.7
P0908,0.7,0.8,0.6,1.0326790016294014,-0.2752991069286739,78.11625,0.08116250000000003,0.19121016975,0.125,0.875,1.0,0.15517999999999998,0.6
P0909,0.575,0.75,0.4,0.3964437670763503,-0.439262277424202,77.66175,0.2016175,0.30976226775,0.65,0.35,0.9,0.07359,0.2
P0910,0.725,0.8,0.65,1.1577449645439442,-0.21276612547140247,83.04225,0.10542250000000009,0.18640268875,0.4,0.6,1.0,0.08655,0.9
P0911,0.475,0.5,0.45,-0.11964811303984217,-0.059824056519921086,80.30499999999999,0.32805000000000006,0.35001567850000004,0.375,0.625,0.6,0.07816000000000001,0.7
P0912,0.575,0.9,0.25,0.542276956649484,-0.9086226392871192,82.19775,0.24697750000000007,0.28735941775,0.25,0.75,0.8,0.04403,0.8
P0913,0.45,0.4,0.5,-0.24104039388602685,0.12052019694301343,83.43325,0.3843325,0.45476237625000004,0.475,0.525,0.3,0.05876,0.6
P0914,0.25,0.3,0.2,-1.2888391784249287,-0.14721901853091027,82.13375,0.5713374999999999,0.5790154267500001,0.575,0.42500000000000004,0.4,0.08257,0.2
P0915,0.675,0.75,0.6,0.878524554848404,-0.19822188353817516,80.52674999999999,0.13026749999999998,0.23643358175,0.125,0.875,0.9,0.09069999999999999,0.4
P0916,0.65,0.85,0.45,0.8477734530618589,-0.5435348395707716,84.4245,0.1942450000000001,0.284091965,0.3,0.7,0.8,0.19133,0.6
P0917,0.85,0.85,0.85,1.934843132203402,-0.0,84.00250000000001,-0.009974999999999956,0.080126181,0.225,0.775,1.0,0.05013000000000001,0.5
P0918,0.75,0.6,0.9,1.420801511497888,0.4693603618629172,83.74875,0.08748749999999994,0.19737592875,0.8,0.19999999999999996,1.0,0.05817,0.4
P0919,0.9,0.95,0.85,2.432655358787224,-0.24890611329191098,85.85650000000001,-0.04143499999999989,0.0781755355,0.375,0.625,1.0,0.041999999999999996,0.5
P0920,0.675,1.0,0.35,1.614646039846709,-1.1734293767239243,87.63074999999999,0.20130749999999997,0.25532685775,0.225,0.775,0.6,0.08214999999999999,0.3
P0921,0.5,0.6,0.4,0.0,-0.24104039388602685,77.58425,0.2758425000000001,0.34451180025,0.35,0.65,0.9,0.11321999999999999,0.7
P0922,0.575,1.0,0.15,1.013330830545578,-1.47408698137449,88.50874999999999,0.31008749999999985,0.33204897825,0.775,0.22499999999999998,0.7,0.12262000000000002,0.5
P0923,0.25,0.2,0.3,-1.2888391784249287,0.14721901853091027,79.82775000000001,0.5482775,0.48662879925,0.075,0.925,0.7,0.1061,0.2
P0924,0.45,0.65,0.25,-0.27137780416180735,-0.5017952588814735,82.5645,0.37564500000000006,0.3732882885,0.225,0.775,0.9,0.08712,0.0
P0925,0.325,0.05,0.6,-1.2241933987994962,0.8531370932857749,83.22774999999999,0.5072775,0.5151326607500001,0.2,0.8,0.4,0.04390999999999999,0.4
P0926,0.325,0.4,0.25,-0.878524554848404,-0.19822188353817516,79.545,0.47045,0.453111557,0.55,0.44999999999999996,0.2,0.13118,0.0
P0927,0.175,0.1,0.25,-1.8172452785742383,0.271138478324742,83.35975,0.6585975,0.62979387925,0.925,0.07499999999999996,0.3,0.12719,0.5
P0928,0.675,0.7,0.65,0.8633069274821237,-0.0655471069404922,79.86075000000001,0.12360749999999998,0.18068050525,0.5,0.5,1.0,0.020749999999999998,0.4
P0929,0.825,1.0,0.65,2.3468587534478487,-0.8073230199233546,83.85025,0.013502500000000084,0.12217389424999998,0.4,0.6,0.9,0.06151000000000001,0.3
P0930,0.65,0.95,0.35,1.0991274358849532,-0.9156700747430464,82.02775,0.17027749999999986,0.24488760525000003,0.6,0.4,0.8,0.08779,0.4
P0931,0.85,1.0,0.7,2.4779529673288327,-0.7417759129828624,86.5685,0.015684999999999838,0.11046213100000002,0.55,0.44999999999999996,1.0,0.04192,0.5
P0932,0.7,0.45,0.95,1.3455856796456809,0.7924409528626826,85.4025,0.15402500000000008,0.192340605,0.425,0.575,1.0,0.06824,0.6
P0933,0.875,0.75,1.0,2.618236557609656,0.6716341178424509,85.0965,-0.024034999999999918,0.08893251199999999,0.25,0.75,0.8,0.09434000000000001,0.4
P0934,0.7,0.9,0.5,1.1797611176118612,-0.5898805588059306,81.60675,0.11606749999999999,0.19333031024999997,0.15,0.85,0.8,0.13771,0.7
P0935,0.575,0.65,0.5,0.3661063568005698,-0.1830531784002849,81.57374999999999,0.24073750000000005,0.26393012275,0.35,0.65,1.0,0.09267,1.0
P0936,0.65,0.75,0.55,0.7571322740022192,-0.25891802396126756,79.25925,0.1425924999999999,0.23194728925,0.775,0.22499999999999998,0.7,0.035820000000000005,0.2
P0937,0.475,0.8,0.15,-0.17578295835832647,-0.8795300869225378,85.7525,0.3825250000000001,0.38079509050000004,0.275,0.725,0.6,0.10036,0.6
P0938,0.575,0.55,0.6,0.360688506925869,0.06069614042309234,80.23875000000001,0.22738750000000008,0.33484983325,0.475,0.525,0.9,0.08096,0.1
P0939,0.25,0.5,0.0,-1.9807523966472789,-0.9903761983236394,87.65074999999999,0.6265075,0.6524455167500001,0.7,0.30000000000000004,0.4,0.03982,0.0
P0940,0.7,0.8,0.6,1.0326790016294014,-0.2752991069286739,81.39349999999999,0.11393500000000012,0.187003928,0.975,0.025000000000000022,1.0,0.02089,0.1
P0941,0.35,0.15,0.55,-0.847773453061859,0.5435348395707715,83.41324999999999,0.4841325000000002,0.51555832075,0.425,0.575,0.5,0.09605,0.2
P0942,0.7,0.4,1.0,1.739712002761252,1.1108963952666528,86.82199999999999,0.16822000000000004,0.21409022000000003,0.875,0.125,0.5,0.06695,0.5
P0943,0.4,0.2,0.6,-0.5505982138573478,0.5163395008147007,82.7285,0.427285,0.4749947690000001,0.375,0.625,0.1,0.02962,0.2
P0944,0.95,0.95,0.95,2.930467585371046,-0.0,85.889,-0.09111000000000002,0.049295520999999995,0.2,0.8,1.0,0.043719999999999995,0.6
P0945,0.875,0.85,0.9,2.147182683713562,0.10616977575508008,82.8255,-0.046744999999999925,0.105958947,0.1,0.9,1.0,0.10657999999999998,0.6
P0946,0.7,0.65,0.75,1.0035905177629467,0.13568890208090356,79.899,0.09899000000000002,0.19969876250000002,0.675,0.32499999999999996,0.9,0.02463,0.3
P0947,0.525,0.75,0.3,0.1402835902808231,-0.5673423658219656,82.436,0.29936000000000007,0.352147495,0.4,0.6,0.7,0.16576,0.0
P0948,0.425,0.65,0.2,-0.4255322509428048,-0.5788724822719722,80.412,0.37911999999999996,0.40832384699999996,0.05,0.95,0.6,0.07269999999999999,0.2
P0949,0.525,0.85,0.2,0.17578295835832647,-0.8795300869225378,84.21875,0.31718749999999996,0.41192686675,0.425,0.575,0.4,0.08223,0.7
P0950,0.75,0.9,0.6,1.420801511497888,-0.4693603618629172,85.92375,0.1092375000000001,0.15475902825,0.8,0.19999999999999996,1.0,0.032490000000000005,0.2
P0951,0.725,0.55,0.9,1.2994092306517033,0.5300565022860095,80.90299999999999,0.08402999999999994,0.17219732250000003,0.25,0.75,1.0,0.0789,0.8
P0952,0.55,0.8,0.3,0.29443803706182053,-0.6444195892124643,76.094,0.2109399999999999,0.3145752655,0.425,0.575,0.7,0.06755,0.2
P0953,0.875,0.8,0.95,2.2568724004288976,0.3367975924710742,84.3335,-0.03166499999999994,0.090416002,0.25,0.75,0.9,0.06552,0.5
P0954,0.6,0.65,0.55,0.4857544698404118,-0.12322912188036389,78.066,0.18065999999999993,0.2156772355,0.5,0.5,1.0,0.06813,0.7
P0955,0.575,0.25,0.9,0.5422769566494843,0.9086226392871191,79.95675,0.22456750000000003,0.27445211025,0.375,0.625,0.6,0.08135,0.1
P0956,0.7,0.85,0.55,1.087069679141543,-0.4238867265309295,81.42,0.11419999999999997,0.20616337150000003,0.775,0.22499999999999998,0.9,0.12698,0.3
P0957,0.9,0.95,0.85,2.432655358787224,-0.24890611329191098,82.18825000000001,-0.07811750000000017,0.08933777625,0.375,0.625,1.0,0.04949,1.0
P0958,0.95,0.95,0.95,2.930467585371046,-0.0,88.4635,-0.0653649999999999,0.0407892095,0.825,0.17500000000000004,1.0,0.010600000000000002,0.6
P0959,0.925,0.9,0.95,2.644994910297384,0.1427363375368309,88.95075,-0.03549250000000004,0.05967606925,0.525,0.475,1.0,0.04704,0.2
P0960,0.875,0.8,0.95,2.2568724004288976,0.3367975924710742,76.658,-0.10841999999999996,0.11029479599999999,0.325,0.675,0.9,-0.006689999999999999,0.5
P0961,0.475,0.4,0.55,-0.12139228084618482,0.18034425346293445,78.91624999999999,0.3141625,0.33999299374999997,0.45,0.55,0.6,0.046490000000000004,0.5
P0962,0.725,0.6,0.85,1.208461959987728,0.3631905861078371,82.75525,0.10255250000000005,0.19886931474999997,0.425,0.575,0.9,0.07007000000000001,0.4
P0963,0.6,0.7,0.5,0.49720057068155404,-0.24860028534077702,81.54325,0.21543250000000003,0.25924470525,0.7,0.30000000000000004,0.8,0.22359999999999997,0.9
P0964,0.825,0.8,0.85,1.7590601738450755,0.08789147917916323,79.47825,-0.030217500000000008,0.12656920575,0.25,0.75,0.9,0.10940000000000001,0.7
P0965,0.325,0.3,0.35,-0.8633069274821239,0.06554710694049212,81.83149999999999,0.4933150000000001,0.4933078850000001,0.55,0.44999999999999996,0.3,0.05342,0.4
P0966,0.975,1.0,0.95,3.445986189332802,-0.25775930198087793,86.87375,-0.10626250000000004,0.03859536975000001,0.2,0.8,1.0,0.04786,0.6
P0967,0.4,0.25,0.55,-0.5178360479225349,0.37856613700110947,78.62525000000001,0.3862525,0.40982018475000004,0.6,0.4,0.5,0.08228,0.4
P0968,0.7,0.7,0.7,0.9944011413631081,-0.0,84.31649999999999,0.143165,0.226314538,0.175,0.825,0.9,0.09154,0.2
P0969,0.775,0.7,0.85,1.464622136783255,0.2351104977100735,82.53625,0.05036249999999998,0.15705596175,0.15,0.85,1.0,0.04473,0.9
P0970,0.675,0.55,0.8,0.9112867207832167,0.3359952473517662,82.36524999999999,0.14865249999999997,0.23779751175000002,0.325,0.675,0.8,0.093,0.4
P0971,0.7,0.6,0.8,1.0326790016294014,0.2752991069286739,80.48899999999999,0.10489000000000004,0.253516402,0.725,0.275,0.9,0.06624,0.9
P0972,0.6,1.0,0.2,1.1891137889039043,-1.3861955021953267,89.56025,0.2956025000000001,0.27362296975,0.275,0.725,0.8,0.13016999999999998,0.3
P0973,0.825,0.75,0.9,1.8172452785742383,0.271138478324742,82.9525,0.004525000000000001,0.13805875350000002,0.125,0.875,0.9,0.06915,0.4
P0974,0.825,1.0,0.65,2.3468587534478487,-0.8073230199233546,87.926,0.054260000000000086,0.10885896449999999,0.175,0.825,0.9,0.10124,1.0
P0975,0.65,0.85,0.45,0.8477734530618589,-0.5435348395707716,78.971,0.13971,0.24829608700000003,0.05,0.95,0.5,0.08898999999999999,0.5
P0976,0.775,0.7,0.85,1.464622136783255,0.2351104977100735,83.5605,0.06060499999999991,0.1735032415,0.475,0.525,0.9,0.07631,0.5
P0977,0.85,0.75,0.95,2.1027179536479004,0.41387481586157293,83.71775,-0.01282250000000007,0.12810475425,0.25,0.75,1.0,0.0786,1.0
P0978,0.45,0.7,0.2,-0.29443803706182053,-0.6444195892124643,79.70025000000001,0.34700250000000005,0.38802359475000003,0.15,0.85,0.8,0.13437000000000002,0.6
P0979,0.5,0.75,0.25,0.0,-0.6374841609623771,80.36449999999999,0.30364499999999983,0.34807990749999995,0.5,0.5,0.7,0.12951,0.1
P0980,0.825,1.0,0.65,2.3468587534478487,-0.8073230199233546,89.49725000000001,0.06997249999999999,0.12282472375000002,0.75,0.25,1.0,0.08241000000000001,0.9
P0981,0.675,1.0,0.35,1.614646039846709,-1.1734293767239243,80.28725,0.12787249999999994,0.30297489925,0.55,0.44999999999999996,0.7,0.030930000000000003,0.7
P0982,0.275,0.45,0.1,-1.2994092306517033,-0.5300565022860095,85.78275000000001,0.5828274999999999,0.60362593025,0.75,0.25,0.4,0.06064000000000001,0.9
P0983,0.375,0.25,0.5,-0.6374841609623769,0.31874208048118846,76.35675,0.38856749999999995,0.41041554825000004,0.625,0.375,0.4,-0.00401,0.1
P0984,0.2,0.3,0.1,-1.6769616882934153,-0.34128027346515355,83.042,0.63042,0.5772098824999999,0.425,0.575,0.3,0.07049,0.3
P0985,0.825,0.85,0.8,1.7590601738450755,-0.08789147917916323,84.024,0.015240000000000031,0.1301038545,0.8,0.19999999999999996,1.0,0.025369999999999997,0.6
P0986,0.475,0.55,0.4,-0.12139228084618468,-0.1803442534629345,79.13074999999999,0.3163075000000001,0.40892071375,0.575,0.42500000000000004,0.8,0.14739,0.4
P0987,0.675,0.95,0.4,1.2241933987994962,-0.8531370932857749,86.1425,0.18642499999999984,0.236965359,0.6,0.4,0.7,0.026739999999999996,0.8
P0988,0.25,0.1,0.4,-1.420801511497888,0.4693603618629172,84.84525,0.5984525000000002,0.57977783625,0.475,0.525,0.3,0.14832,0.3
P0989,0.4,0.6,0.2,-0.5505982138573478,-0.5163395008147007,80.038,0.40037999999999996,0.4589718855,0.475,0.525,0.6,0.05961000000000001,0.5
P0990,0.625,0.65,0.6,0.6071467506865966,-0.06253298145727147,82.747,0.20246999999999993,0.24077037949999996,0.1,0.9,1.0,0.11305000000000001,0.5
P0991,0.775,0.95,0.6,1.7062741865715498,-0.6120966993997481,82.8305,0.053304999999999936,0.1859524465,0.225,0.775,1.0,0.04296,0.9
P0992,0.9,1.0,0.8,2.7723910043906534,-0.5945568944519521,81.67474999999999,-0.08325250000000006,0.08927517224999999,0.375,0.625,1.0,0.08388999999999999,0.4
P0993,0.625,0.95,0.3,0.9680332220039689,-0.9812171816835386,82.08725,0.19587250000000012,0.24139820075000004,0.05,0.95,0.7,0.03387,0.2
P0994,0.875,0.9,0.85,2.147182683713562,-0.10616977575508008,83.12100000000001,-0.04379000000000011,0.11141150650000001,0.2,0.8,1.0,0.04164000000000001,0.1
P0995,0.925,1.0,0.85,2.94817396274898,-0.506665415272789,92.576,0.0007599999999999829,0.046145553000000006,0.3,0.7,1.0,0.07874,0.8
P0996,0.65,0.75,0.55,0.7571322740022192,-0.25891802396126756,78.51599999999999,0.13515999999999995,0.20161762750000004,0.8,0.19999999999999996,0.9,0.02969,0.0
P0997,0.375,0.3,0.45,-0.6168486837213962,0.18877622882085593,81.57000000000001,0.4407,0.5013463135,0.9,0.09999999999999998,0.4,0.052570000000000006,0.0
P0998,0.975,0.95,1.0,3.445986189332802,0.25775930198087793,92.83624999999999,-0.04663749999999989,0.012780271749999999,0.3,0.7,1.0,0.03658,0.3
P0999,0.875,0.95,0.8,2.2568724004288976,-0.3367975924710742,89.12100000000001,0.016209999999999836,0.0746695965,0.275,0.725,1.0,0.07000999999999999,0.8
P1000,0.775,1.0,0.55,2.100400509687121,-0.9305521418037184,84.99375,0.07493749999999999,0.15041271174999998,0.425,0.575,1.0,0.23479999999999998,0.5
