participant_id,item_id,truth_status,initial_truth_probability,initial_correct,evidence_strength,evidence_complexity,comprehension_correct,post_truth_probability,post_correct,appropriate_movement,careless_trial
P0001,U001,0,0.8588,0,1.335,0.745,1,0.5127,0,0.3461,0
P0001,U002,1,0.9974,1,1.433,0.533,0,0.9638,1,0.0335,0
P0001,U003,1,0.9904,1,1.196,0.069,1,0.9649,1,0.0255,0
P0001,U004,0,0.381,1,1.362,0.587,1,0.2387,1,0.1423,0
P0001,U005,0,0.7918,0,0.842,0.753,0,0.5598,0,0.232,0
P0001,U006,0,0.9575,0,1.511,0.645,1,0.6049,0,0.3525,0
P0001,U007,1,0.9753,1,1.157,0.452,1,0.9472,1,0.0282,0
P0001,U008,1,0.9512,1,1.341,0.834,1,0.9393,1,0.0119,0
P0001,U009,0,0.9825,0,0.919,0.94,1,0.6919,0,0.2906,0
P0001,U010,1,0.9995,1,1.29,0.376,0,0.9715,1,0.028,0
P0002,U001,0,0.7663,0,1.335,0.745,1,0.6478,0,0.1186,0
P0002,U002,1,0.9489,1,1.433,0.533,0,0.9412,1,0.0077,0
P0002,U003,1,0.9689,1,1.196,0.069,1,0.9549,1,0.014,0
P0002,U004,0,0.4101,1,1.362,0.587,0,0.3279,1,0.0822,0
P0002,U005,0,0.2593,1,0.842,0.753,1,0.22,1,0.0393,0
P0002,U006,0,0.5858,0,1.511,0.645,0,0.5279,0,0.0578,0
P0002,U007,1,0.9402,1,1.157,0.452,1,0.9388,1,0.0013,0
P0002,U008,1,0.9118,1,1.341,0.834,0,0.913,1,0.0012,0
P0002,U009,0,0.5826,0,0.919,0.94,1,0.5381,0,0.0445,0
P0002,U010,1,0.9706,1,1.29,0.376,1,0.9607,1,0.0099,0
P0003,U001,0,0.0966,1,1.335,0.745,0,0.09,1,0.0066,0
P0003,U002,1,0.8393,1,1.433,0.533,0,0.8735,1,0.0342,0
P0003,U003,1,0.946,1,1.196,0.069,1,0.9344,1,0.0115,0
P0003,U004,0,0.092,1,1.362,0.587,0,0.0876,1,0.0043,0
P0003,U005,0,0.0938,1,0.842,0.753,1,0.0885,1,0.0053,0
P0003,U006,0,0.0939,1,1.511,0.645,1,0.0893,1,0.0046,0
P0003,U007,1,0.4581,0,1.157,0.452,1,0.5965,1,0.1384,0
P0003,U008,1,0.9192,1,1.341,0.834,1,0.9196,1,0.0003,0
P0003,U009,0,0.3072,1,0.919,0.94,1,0.2117,1,0.0955,0
P0003,U010,1,0.494,0,1.29,0.376,0,0.6759,1,0.1819,0
P0004,U001,0,0.5402,0,1.335,0.745,0,0.3088,1,0.2313,0
P0004,U002,1,0.9298,1,1.433,0.533,1,0.9263,1,0.0034,0
P0004,U003,1,0.8171,1,1.196,0.069,0,0.8538,1,0.0367,0
P0004,U004,0,0.8305,0,1.362,0.587,1,0.5601,0,0.2704,0
P0004,U005,0,0.3488,1,0.842,0.753,1,0.2845,1,0.0643,0
P0004,U006,0,0.9537,0,1.511,0.645,0,0.6204,0,0.3332,0
P0004,U007,1,0.9016,1,1.157,0.452,0,0.9065,1,0.005,0
P0004,U008,1,0.2538,0,1.341,0.834,0,0.4198,0,0.166,0
P0004,U009,0,0.8967,0,0.919,0.94,0,0.8307,0,0.066,0
P0004,U010,1,0.1675,0,1.29,0.376,0,0.3939,0,0.2264,0
P0005,U001,0,0.1355,1,1.335,0.745,1,0.1138,1,0.0217,0
P0005,U002,1,0.8966,1,1.433,0.533,0,0.9079,1,0.0114,0
P0005,U003,1,0.8322,1,1.196,0.069,0,0.8803,1,0.0482,0
P0005,U004,0,0.6064,0,1.362,0.587,0,0.322,1,0.2845,0
P0005,U005,0,0.2219,1,0.842,0.753,0,0.1737,1,0.0482,0
P0005,U006,0,0.4626,1,1.511,0.645,1,0.2856,1,0.177,0
P0005,U007,1,0.8313,1,1.157,0.452,1,0.8703,1,0.0391,0
P0005,U008,1,0.7348,1,1.341,0.834,1,0.829,1,0.0942,0
P0005,U009,0,0.4702,1,0.919,0.94,1,0.3804,1,0.0899,0
P0005,U010,1,0.6309,1,1.29,0.376,1,0.76,1,0.1291,0
P0006,U001,0,0.4503,1,1.335,0.745,0,0.3259,1,0.1244,0
P0006,U002,1,0.073,0,1.433,0.533,0,0.3535,0,0.2805,0
P0006,U003,1,0.4799,0,1.196,0.069,1,0.6491,1,0.1692,0
P0006,U004,0,0.3834,1,1.362,0.587,0,0.2825,1,0.1008,0
P0006,U005,0,0.0631,1,0.842,0.753,1,0.0668,1,0.0037,0
P0006,U006,0,0.1691,1,1.511,0.645,0,0.1356,1,0.0335,0
P0006,U007,1,0.1626,0,1.157,0.452,0,0.4703,0,0.3077,0
P0006,U008,1,0.2603,0,1.341,0.834,1,0.4886,0,0.2284,0
P0006,U009,0,0.7798,0,0.919,0.94,0,0.6625,0,0.1173,0
P0006,U010,1,0.1538,0,1.29,0.376,0,0.3634,0,0.2096,0
P0007,U001,0,0.9608,0,1.335,0.745,0,0.8139,0,0.1469,0
P0007,U002,1,0.7682,1,1.433,0.533,0,0.8063,1,0.0381,0
P0007,U003,1,0.9585,1,1.196,0.069,0,0.9484,1,0.0101,0
P0007,U004,0,0.7728,0,1.362,0.587,0,0.6616,0,0.1112,0
P0007,U005,0,0.676,0,0.842,0.753,0,0.5244,0,0.1516,0
P0007,U006,0,0.6092,0,1.511,0.645,0,0.5186,0,0.0906,0
P0007,U007,1,0.2704,0,1.157,0.452,0,0.4348,0,0.1644,0
P0007,U008,1,0.8631,1,1.341,0.834,1,0.8772,1,0.0142,0
P0007,U009,0,0.962,0,0.919,0.94,0,0.8797,0,0.0823,0
P0007,U010,1,0.7543,1,1.29,0.376,0,0.7962,1,0.0419,0
P0008,U001,0,0.657,0,1.335,0.745,1,0.6415,0,0.0155,0
P0008,U002,1,0.8945,1,1.433,0.533,0,0.8975,1,0.003,0
P0008,U003,1,0.4247,0,1.196,0.069,0,0.471,0,0.0463,0
P0008,U004,0,0.1803,1,1.362,0.587,1,0.1771,1,0.0033,0
P0008,U005,0,0.2354,1,0.842,0.753,0,0.2292,1,0.0063,0
P0008,U006,0,0.2482,1,1.511,0.645,0,0.2261,1,0.0221,0
P0008,U007,1,0.4891,0,1.157,0.452,0,0.5175,1,0.0284,0
P0008,U008,1,0.3939,0,1.341,0.834,0,0.4704,0,0.0765,0
P0008,U009,0,0.6352,0,0.919,0.94,0,0.6255,0,0.0097,0
P0008,U010,1,0.3012,0,1.29,0.376,0,0.2995,0,-0.0016,0
P0009,U001,0,0.1856,1,1.335,0.745,0,0.1435,1,0.0421,0
P0009,U002,1,0.8885,1,1.433,0.533,1,0.9034,1,0.0149,0
P0009,U003,1,0.7788,1,1.196,0.069,0,0.845,1,0.0662,0
P0009,U004,0,0.4173,1,1.362,0.587,1,0.2601,1,0.1572,0
P0009,U005,0,0.0819,1,0.842,0.753,0,0.01,1,-0.0681,1
P0009,U006,0,0.0985,1,1.511,0.645,1,0.0918,1,0.0067,0
P0009,U007,1,0.7549,1,1.157,0.452,1,0.8286,1,0.0737,0
P0009,U008,1,0.4913,0,1.341,0.834,1,0.6165,1,0.1252,0
P0009,U009,0,0.3267,1,0.919,0.94,0,0.2456,1,0.0811,0
P0009,U010,1,0.3894,0,1.29,0.376,1,0.5761,1,0.1867,0
P0010,U001,0,0.2558,1,1.335,0.745,1,0.1883,1,0.0676,0
P0010,U002,1,0.9472,1,1.433,0.533,1,0.9332,1,0.014,0
P0010,U003,1,0.7157,1,1.196,0.069,1,0.8105,1,0.0947,0
P0010,U004,0,0.302,1,1.362,0.587,1,0.198,1,0.104,0
P0010,U005,0,0.0162,1,0.842,0.753,1,0.0458,1,0.0296,0
P0010,U006,0,0.2908,1,1.511,0.645,1,0.2014,1,0.0895,0
P0010,U007,1,0.5962,1,1.157,0.452,1,0.7421,1,0.1459,0
P0010,U008,1,0.9329,1,1.341,0.834,0,0.929,1,0.0038,0
P0010,U009,0,0.4544,1,0.919,0.94,0,0.3848,1,0.0696,0
P0010,U010,1,0.8504,1,1.29,0.376,1,0.8782,1,0.0279,0
P0011,U001,0,0.71,0,1.335,0.745,0,0.6626,0,0.0474,0
P0011,U002,1,0.1529,0,1.433,0.533,0,0.2947,0,0.1418,0
P0011,U003,1,0.1761,0,1.196,0.069,1,0.3145,0,0.1384,0
P0011,U004,0,0.8648,0,1.362,0.587,1,0.836,0,0.0288,0
P0011,U005,0,0.8306,0,0.842,0.753,0,0.7669,0,0.0637,0
P0011,U006,0,0.963,0,1.511,0.645,0,0.8248,0,0.1381,0
P0011,U007,1,0.3371,0,1.157,0.452,1,0.4732,0,0.1361,0
P0011,U008,1,0.0178,0,1.341,0.834,0,0.1681,0,0.1503,0
P0011,U009,0,0.8898,0,0.919,0.94,1,0.8392,0,0.0506,0
P0011,U010,1,0.0392,0,1.29,0.376,0,0.2943,0,0.2551,0
P0012,U001,0,0.165,1,1.335,0.745,1,0.1284,1,0.0365,0
P0012,U002,1,0.6937,1,1.433,0.533,0,0.7611,1,0.0674,0
P0012,U003,1,0.7967,1,1.196,0.069,1,0.838,1,0.0414,0
P0012,U004,0,0.0665,1,1.362,0.587,1,0.0604,1,-0.0061,1
P0012,U005,0,0.0064,1,0.842,0.753,0,0.1506,1,0.003,1
P0012,U006,0,0.2276,1,1.511,0.645,1,0.162,1,0.0656,0
P0012,U007,1,0.7706,1,1.157,0.452,0,0.8211,1,0.0505,0
P0012,U008,1,0.4138,0,1.341,0.834,0,0.2348,0,-0.179,1
P0012,U009,0,0.1945,1,0.919,0.94,0,0.1813,1,0.0132,0
P0012,U010,1,0.62,1,1.29,0.376,0,0.7544,1,0.1344,0
P0013,U001,0,0.7911,0,1.335,0.745,0,0.7106,0,0.0806,0
P0013,U002,1,0.1417,0,1.433,0.533,0,0.0908,0,-0.0509,0
P0013,U003,1,0.42,0,1.196,0.069,0,0.4399,0,0.0198,0
P0013,U004,0,0.6716,0,1.362,0.587,1,0.5625,0,0.1091,0
P0013,U005,0,0.8066,0,0.842,0.753,0,0.8114,0,-0.0047,0
P0013,U006,0,0.9215,0,1.511,0.645,0,0.9436,0,-0.022,0
P0013,U007,1,0.3366,0,1.157,0.452,0,0.3916,0,0.055,0
P0013,U008,1,0.2305,0,1.341,0.834,0,0.2147,0,-0.0158,0
P0013,U009,0,0.9423,0,0.919,0.94,1,0.8675,0,0.0748,0
P0013,U010,1,0.0077,0,1.29,0.376,0,0.2306,0,0.2228,0
P0014,U001,0,0.1648,1,1.335,0.745,1,0.1417,1,0.0232,0
P0014,U002,1,0.6122,1,1.433,0.533,1,0.697,1,0.0848,0
P0014,U003,1,0.7527,1,1.196,0.069,0,0.8135,1,0.0609,0
P0014,U004,0,0.5868,0,1.362,0.587,0,0.5105,0,0.0763,0
P0014,U005,0,0.0228,1,0.842,0.753,0,0.0266,1,0.0038,0
P0014,U006,0,0.6433,0,1.511,0.645,0,0.55,0,0.0933,0
P0014,U007,1,0.7548,1,1.157,0.452,0,0.7801,1,0.0253,0
P0014,U008,1,0.6962,1,1.341,0.834,0,0.7236,1,0.0275,0
P0014,U009,0,0.319,1,0.919,0.94,1,0.2871,1,0.0319,0
P0014,U010,1,0.4086,0,1.29,0.376,0,0.5289,1,0.1203,0
P0015,U001,0,0.1054,1,1.335,0.745,0,0.1004,1,0.005,0
P0015,U002,1,0.454,0,1.433,0.533,0,0.5969,1,0.1429,0
P0015,U003,1,0.4425,0,1.196,0.069,1,0.5828,1,0.1404,0
P0015,U004,0,0.4524,1,1.362,0.587,0,0.354,1,0.0984,0
P0015,U005,0,0.3184,1,0.842,0.753,1,0.01,1,0.1684,1
P0015,U006,0,0.045,1,1.511,0.645,1,0.0553,1,0.0103,0
P0015,U007,1,0.607,1,1.157,0.452,0,0.6782,1,0.0711,0
P0015,U008,1,0.1291,0,1.341,0.834,0,0.1912,0,0.0621,0
P0015,U009,0,0.5398,0,0.919,0.94,0,0.4375,1,0.1024,0
P0015,U010,1,0.6509,1,1.29,0.376,0,0.691,1,0.0401,0
P0016,U001,0,0.288,1,1.335,0.745,1,0.1628,1,0.1252,0
P0016,U002,1,0.8772,1,1.433,0.533,0,0.8964,1,0.0192,0
P0016,U003,1,0.8728,1,1.196,0.069,0,0.8972,1,0.0244,0
P0016,U004,0,0.1756,1,1.362,0.587,0,0.1312,1,0.0444,0
P0016,U005,0,0.1588,1,0.842,0.753,1,0.1315,1,0.0273,0
P0016,U006,0,0.5447,0,1.511,0.645,0,0.3276,1,0.2171,0
P0016,U007,1,0.8618,1,1.157,0.452,1,0.8885,1,0.0267,0
P0016,U008,1,0.802,1,1.341,0.834,0,0.8508,1,0.0488,0
P0016,U009,0,0.8895,0,0.919,0.94,0,0.584,0,0.3056,0
P0016,U010,1,0.9609,1,1.29,0.376,0,0.941,1,0.02,0
P0017,U001,0,0.4808,1,1.335,0.745,1,0.2377,1,0.2432,0
P0017,U002,1,0.8804,1,1.433,0.533,1,0.9041,1,0.0237,0
P0017,U003,1,0.8283,1,1.196,0.069,1,0.8545,1,0.0262,0
P0017,U004,0,0.4056,1,1.362,0.587,0,0.3233,1,0.0824,0
P0017,U005,0,0.0548,1,0.842,0.753,0,0.0645,1,0.0096,0
P0017,U006,0,0.4273,1,1.511,0.645,0,0.2235,1,0.2038,0
P0017,U007,1,0.9486,1,1.157,0.452,1,0.9381,1,0.0106,0
P0017,U008,1,0.4779,0,1.341,0.834,1,0.6368,1,0.1588,0
P0017,U009,0,0.1648,1,0.919,0.94,1,0.3168,1,-0.152,1
P0017,U010,1,0.7302,1,1.29,0.376,1,0.8287,1,0.0984,0
P0018,U001,0,0.6954,0,1.335,0.745,0,0.5294,0,0.166,0
P0018,U002,1,0.8133,1,1.433,0.533,0,0.8545,1,0.0412,0
P0018,U003,1,0.8774,1,1.196,0.069,1,0.8947,1,0.0173,0
P0018,U004,0,0.6049,0,1.362,0.587,1,0.4262,1,0.1787,0
P0018,U005,0,0.0521,1,0.842,0.753,1,0.0602,1,0.0081,0
P0018,U006,0,0.4316,1,1.511,0.645,1,0.3075,1,0.1241,0
P0018,U007,1,0.5378,1,1.157,0.452,1,0.7216,1,0.1838,0
P0018,U008,1,0.9021,1,1.341,0.834,1,0.9077,1,0.0056,0
P0018,U009,0,0.7007,0,0.919,0.94,1,0.5017,0,0.199,0
P0018,U010,1,0.4299,0,1.29,0.376,0,0.6087,1,0.1788,0
P0019,U001,0,0.1529,1,1.335,0.745,1,0.1104,1,0.0425,0
P0019,U002,1,0.9034,1,1.433,0.533,0,0.9109,1,0.0075,0
P0019,U003,1,0.9298,1,1.196,0.069,1,0.9241,1,0.0057,0
P0019,U004,0,0.5674,0,1.362,0.587,1,0.3451,1,0.2223,0
P0019,U005,0,0.2645,1,0.842,0.753,0,0.1851,1,0.0793,0
P0019,U006,0,0.3202,1,1.511,0.645,0,0.2112,1,0.109,0
P0019,U007,1,0.8171,1,1.157,0.452,1,0.8756,1,0.0585,0
P0019,U008,1,0.7464,1,1.341,0.834,0,0.8343,1,0.0879,0
P0019,U009,0,0.6338,0,0.919,0.94,0,0.4055,1,0.2283,0
P0019,U010,1,0.7746,1,1.29,0.376,1,0.828,1,0.0534,0
P0020,U001,0,0.4504,1,1.335,0.745,0,0.3719,1,0.0786,0
P0020,U002,1,0.8911,1,1.433,0.533,0,0.8984,1,0.0074,0
P0020,U003,1,0.6337,1,1.196,0.069,0,0.713,1,0.0793,0
P0020,U004,0,0.4661,1,1.362,0.587,0,0.3704,1,0.0957,0
P0020,U005,0,0.204,1,0.842,0.753,0,0.1728,1,0.0312,0
P0020,U006,0,0.4803,1,1.511,0.645,0,0.3722,1,0.1081,0
P0020,U007,1,0.6294,1,1.157,0.452,1,0.696,1,0.0666,0
P0020,U008,1,0.6949,1,1.341,0.834,0,0.7309,1,0.036,0
P0020,U009,0,0.485,1,0.919,0.94,0,0.4165,1,0.0685,0
P0020,U010,1,0.7759,1,1.29,0.376,0,0.8188,1,0.043,0
P0021,U001,0,0.6645,0,1.335,0.745,0,0.5107,0,0.1538,0
P0021,U002,1,0.3888,0,1.433,0.533,0,0.578,1,0.1892,0
P0021,U003,1,0.448,0,1.196,0.069,1,0.6039,1,0.1559,0
P0021,U004,0,0.4925,1,1.362,0.587,0,0.3424,1,0.1501,0
P0021,U005,0,0.7763,0,0.842,0.753,0,0.5633,0,0.213,0
P0021,U006,0,0.882,0,1.511,0.645,0,0.5441,0,0.3379,0
P0021,U007,1,0.5365,1,1.157,0.452,0,0.6263,1,0.0898,0
P0021,U008,1,0.3539,0,1.341,0.834,0,0.5534,1,0.1995,0
P0021,U009,0,0.8783,0,0.919,0.94,0,0.6159,0,0.2624,0
P0021,U010,1,0.5574,1,1.29,0.376,1,0.6646,1,0.1072,0
P0022,U001,0,0.3732,1,1.335,0.745,0,0.3331,1,0.0401,0
P0022,U002,1,0.3496,0,1.433,0.533,0,0.4533,0,0.1037,0
P0022,U003,1,0.4905,0,1.196,0.069,0,0.6405,1,0.15,0
P0022,U004,0,0.0913,1,1.362,0.587,0,0.01,1,-0.0587,1
P0022,U005,0,0.0235,1,0.842,0.753,1,0.0277,1,0.0042,0
P0022,U006,0,0.2992,1,1.511,0.645,0,0.1304,1,0.1688,1
P0022,U007,1,0.1248,0,1.157,0.452,1,0.2944,0,0.1696,0
P0022,U008,1,0.1668,0,1.341,0.834,0,0.3342,0,0.1674,0
P0022,U009,0,0.0892,1,0.919,0.94,1,0.0695,1,-0.0013,1
P0022,U010,1,0.4183,0,1.29,0.376,0,0.548,1,0.1297,0
P0023,U001,0,0.4934,1,1.335,0.745,0,0.4717,1,0.0218,0
P0023,U002,1,0.9304,1,1.433,0.533,0,0.9281,1,0.0022,0
P0023,U003,1,0.9877,1,1.196,0.069,1,0.9665,1,0.0213,0
P0023,U004,0,0.1666,1,1.362,0.587,0,0.1403,1,0.0263,0
P0023,U005,0,0.0719,1,0.842,0.753,0,0.0747,1,0.0028,0
P0023,U006,0,0.2406,1,1.511,0.645,0,0.2134,1,0.0272,0
P0023,U007,1,0.8289,1,1.157,0.452,0,0.844,1,0.0151,0
P0023,U008,1,0.9499,1,1.341,0.834,0,0.942,1,0.0079,0
P0023,U009,0,0.4589,1,0.919,0.94,1,0.7406,0,-0.2817,1
P0023,U010,1,0.9273,1,1.29,0.376,0,0.9248,1,0.0025,0
P0024,U001,0,0.7892,0,1.335,0.745,1,0.5198,0,0.2694,0
P0024,U002,1,0.2772,0,1.433,0.533,0,0.5128,1,0.2356,0
P0024,U003,1,0.5348,1,1.196,0.069,1,0.7003,1,0.1655,0
P0024,U004,0,0.6368,0,1.362,0.587,1,0.4839,1,0.1528,0
P0024,U005,0,0.1553,1,0.842,0.753,0,0.1233,1,0.0319,0
P0024,U006,0,0.3926,1,1.511,0.645,0,0.2643,1,0.1283,0
P0024,U007,1,0.7055,1,1.157,0.452,1,0.7829,1,0.0775,0
P0024,U008,1,0.3578,0,1.341,0.834,0,0.6168,1,0.259,0
P0024,U009,0,0.7108,0,0.919,0.94,1,0.4823,1,0.2285,0
P0024,U010,1,0.0937,0,1.29,0.376,1,0.4537,0,0.36,0
P0025,U001,0,0.5078,0,1.335,0.745,1,0.4526,1,0.0552,0
P0025,U002,1,0.7156,1,1.433,0.533,0,0.7505,1,0.0349,0
P0025,U003,1,0.9479,1,1.196,0.069,1,0.9451,1,0.0029,0
P0025,U004,0,0.0493,1,1.362,0.587,0,0.061,1,0.0117,0
P0025,U005,0,0.0215,1,0.842,0.753,0,0.01,1,-0.0115,1
P0025,U006,0,0.6228,0,1.511,0.645,0,0.5678,0,0.055,0
P0025,U007,1,0.7271,1,1.157,0.452,0,0.7301,1,0.003,0
P0025,U008,1,0.2835,0,1.341,0.834,1,0.3454,0,0.0619,0
P0025,U009,0,0.3972,1,0.919,0.94,0,0.3732,1,0.024,0
P0025,U010,1,0.6629,1,1.29,0.376,1,0.6894,1,0.0265,0
P0026,U001,0,0.0675,1,1.335,0.745,0,0.0745,1,0.007,0
P0026,U002,1,0.9031,1,1.433,0.533,0,0.911,1,0.0078,0
P0026,U003,1,0.8067,1,1.196,0.069,0,0.8616,1,0.0549,0
P0026,U004,0,0.1322,1,1.362,0.587,1,0.1044,1,0.0279,0
P0026,U005,0,0.0393,1,0.842,0.753,0,0.0538,1,0.0146,0
P0026,U006,0,0.0891,1,1.511,0.645,0,0.0838,1,0.0053,0
P0026,U007,1,0.7469,1,1.157,0.452,1,0.8417,1,0.0947,0
P0026,U008,1,0.8011,1,1.341,0.834,0,0.8523,1,0.0511,0
P0026,U009,0,0.2134,1,0.919,0.94,0,0.1372,1,0.0762,0
P0026,U010,1,0.7716,1,1.29,0.376,0,0.8692,1,0.0976,0
P0027,U001,0,0.0326,1,1.335,0.745,1,0.0547,1,0.022,0
P0027,U002,1,0.3387,0,1.433,0.533,0,0.5475,1,0.2087,0
P0027,U003,1,0.3311,0,1.196,0.069,1,0.5862,1,0.2551,0
P0027,U004,0,0.4304,1,1.362,0.587,1,0.2893,1,0.1411,0
P0027,U005,0,0.1905,1,0.842,0.753,1,0.1521,1,0.0384,0
P0027,U006,0,0.292,1,1.511,0.645,0,0.2121,1,0.0799,0
P0027,U007,1,0.4789,0,1.157,0.452,1,0.6501,1,0.1712,0
P0027,U008,1,0.7384,1,1.341,0.834,0,0.8201,1,0.0817,0
P0027,U009,0,0.1063,1,0.919,0.94,0,0.0999,1,0.0064,0
P0027,U010,1,0.0793,0,1.29,0.376,0,0.4135,0,0.3342,0
P0028,U001,0,0.6778,0,1.335,0.745,1,0.4739,1,0.2038,0
P0028,U002,1,0.9515,1,1.433,0.533,1,0.9372,1,0.0142,0
P0028,U003,1,0.9616,1,1.196,0.069,0,0.9484,1,0.0132,0
P0028,U004,0,0.416,1,1.362,0.587,1,0.3071,1,0.1089,0
P0028,U005,0,0.5862,0,0.842,0.753,0,0.5021,0,0.0842,0
P0028,U006,0,0.288,1,1.511,0.645,1,0.2207,1,0.0672,0
P0028,U007,1,0.6251,1,1.157,0.452,0,0.7359,1,0.1108,0
P0028,U008,1,0.8955,1,1.341,0.834,1,0.9048,1,0.0092,0
P0028,U009,0,0.6815,0,0.919,0.94,0,0.5384,0,0.1431,0
P0028,U010,1,0.9648,1,1.29,0.376,0,0.9482,1,0.0166,0
P0029,U001,0,0.4996,1,1.335,0.745,1,0.3063,1,0.1933,0
P0029,U002,1,0.9915,1,1.433,0.533,0,0.9738,1,0.0176,0
P0029,U003,1,0.9748,1,1.196,0.069,0,0.9618,1,0.013,0
P0029,U004,0,0.9887,0,1.362,0.587,1,0.5772,0,0.4115,0
P0029,U005,0,0.48,1,0.842,0.753,0,0.1826,1,0.2974,1
P0029,U006,0,0.9146,0,1.511,0.645,0,0.701,0,0.2136,0
P0029,U007,1,0.8789,1,1.157,0.452,0,0.8895,1,0.0106,0
P0029,U008,1,0.9787,1,1.341,0.834,1,0.9543,1,0.0245,0
P0029,U009,0,0.9855,0,0.919,0.94,0,0.6854,0,0.3001,0
P0029,U010,1,0.9975,1,1.29,0.376,0,0.9765,1,0.021,0
P0030,U001,0,0.7988,0,1.335,0.745,0,0.557,0,0.2418,0
P0030,U002,1,0.9726,1,1.433,0.533,1,0.9497,1,0.0229,0
P0030,U003,1,0.8634,1,1.196,0.069,1,0.8806,1,0.0171,0
P0030,U004,0,0.4082,1,1.362,0.587,0,0.5237,0,-0.1154,1
P0030,U005,0,0.2017,1,0.842,0.753,0,0.1648,1,0.0369,0
P0030,U006,0,0.7228,0,1.511,0.645,0,0.5233,0,0.1995,0
P0030,U007,1,0.7302,1,1.157,0.452,0,0.7719,1,0.0417,0
P0030,U008,1,0.4807,0,1.341,0.834,1,0.5962,1,0.1156,0
P0030,U009,0,0.7854,0,0.919,0.94,0,0.6127,0,0.1727,0
P0030,U010,1,0.9,1,1.29,0.376,0,0.9049,1,0.0048,0
P0031,U001,0,0.5702,0,1.335,0.745,1,0.4672,1,0.103,0
P0031,U002,1,0.8086,1,1.433,0.533,0,0.8239,1,0.0154,0
P0031,U003,1,0.7888,1,1.196,0.069,1,0.8146,1,0.0258,0
P0031,U004,0,0.8746,0,1.362,0.587,0,0.8109,0,0.0637,0
P0031,U005,0,0.7679,0,0.842,0.753,1,0.6148,0,0.1531,0
P0031,U006,0,0.4134,1,1.511,0.645,1,0.3414,1,0.0721,0
P0031,U007,1,0.728,1,1.157,0.452,0,0.753,1,0.0249,0
P0031,U008,1,0.5938,1,1.341,0.834,0,0.6042,1,0.0104,0
P0031,U009,0,0.8805,0,0.919,0.94,0,0.8166,0,0.0639,0
P0031,U010,1,0.2505,0,1.29,0.376,0,0.3895,0,0.139,0
P0032,U001,0,0.0717,1,1.335,0.745,0,0.0732,1,0.0015,0
P0032,U002,1,0.0332,0,1.433,0.533,0,0.2097,0,0.1765,0
P0032,U003,1,0.0856,0,1.196,0.069,1,0.227,0,0.1413,0
P0032,U004,0,0.1951,1,1.362,0.587,0,0.1617,1,0.0335,0
P0032,U005,0,0.0531,1,0.842,0.753,0,0.0623,1,0.0092,0
P0032,U006,0,0.2128,1,1.511,0.645,0,0.1589,1,0.0539,0
P0032,U007,1,0.1132,0,1.157,0.452,1,0.01,0,-0.1032,1
P0032,U008,1,0.0283,0,1.341,0.834,0,0.2516,0,0.2233,1
P0032,U009,0,0.3343,1,0.919,0.94,0,0.2367,1,0.0976,0
P0032,U010,1,0.0182,0,1.29,0.376,0,0.1644,0,0.1462,0
P0033,U001,0,0.4427,1,1.335,0.745,1,0.2703,1,0.1724,0
P0033,U002,1,0.9153,1,1.433,0.533,0,0.9172,1,0.002,0
P0033,U003,1,0.8829,1,1.196,0.069,0,0.9008,1,0.0179,0
P0033,U004,0,0.0183,1,1.362,0.587,1,0.0508,1,0.0325,0
P0033,U005,0,0.0418,1,0.842,0.753,1,0.0531,1,0.0113,0
P0033,U006,0,0.4304,1,1.511,0.645,0,0.3045,1,0.1259,0
P0033,U007,1,0.4847,0,1.157,0.452,0,0.6655,1,0.1809,0
P0033,U008,1,0.4939,0,1.341,0.834,0,0.6573,1,0.1634,0
P0033,U009,0,0.3877,1,0.919,0.94,1,0.2772,1,0.1105,0
P0033,U010,1,0.8312,1,1.29,0.376,1,0.8651,1,0.0339,0
P0034,U001,0,0.119,1,1.335,0.745,0,0.1098,1,0.0092,0
P0034,U002,1,0.9821,1,1.433,0.533,1,0.9614,1,0.0207,0
P0034,U003,1,0.8656,1,1.196,0.069,1,0.8843,1,0.0186,0
P0034,U004,0,0.1594,1,1.362,0.587,0,0.1305,1,0.0289,0
P0034,U005,0,0.5541,0,0.842,0.753,1,0.434,1,0.1201,0
P0034,U006,0,0.2452,1,1.511,0.645,0,0.1946,1,0.0506,0
P0034,U007,1,0.7732,1,1.157,0.452,0,0.8186,1,0.0454,0
P0034,U008,1,0.4362,0,1.341,0.834,1,0.5672,1,0.131,0
P0034,U009,0,0.8027,0,0.919,0.94,0,0.6133,0,0.1894,0
P0034,U010,1,0.9118,1,1.29,0.376,1,0.9151,1,0.0033,0
P0035,U001,0,0.5314,0,1.335,0.745,0,0.4212,1,0.1102,0
P0035,U002,1,0.8381,1,1.433,0.533,0,0.8668,1,0.0287,0
P0035,U003,1,0.9407,1,1.196,0.069,0,0.9391,1,0.0015,0
P0035,U004,0,0.9203,0,1.362,0.587,0,0.8323,0,0.0881,0
P0035,U005,0,0.471,1,0.842,0.753,0,0.4076,1,0.0634,0
P0035,U006,0,0.8819,0,1.511,0.645,0,0.7486,0,0.1333,0
P0035,U007,1,0.3485,0,1.157,0.452,0,0.455,0,0.1065,0
P0035,U008,1,0.646,1,1.341,0.834,0,0.6786,1,0.0326,0
P0035,U009,0,0.4555,1,0.919,0.94,0,0.4073,1,0.0482,0
P0035,U010,1,0.7188,1,1.29,0.376,0,0.7479,1,0.0292,0
P0036,U001,0,0.0726,1,1.335,0.745,1,0.0777,1,0.0051,0
P0036,U002,1,0.9882,1,1.433,0.533,1,0.9407,1,0.0475,0
P0036,U003,1,0.96,1,1.196,0.069,1,0.9337,1,0.0263,0
P0036,U004,0,0.0341,1,1.362,0.587,0,0.0645,1,0.0304,1
P0036,U005,0,0.0065,1,0.842,0.753,1,0.0436,1,0.0371,0
P0036,U006,0,0.2157,1,1.511,0.645,1,0.116,1,0.0996,1
P0036,U007,1,0.9397,1,1.157,0.452,1,0.9306,1,0.0092,0
P0036,U008,1,0.7614,1,1.341,0.834,1,0.774,1,0.0126,1
P0036,U009,0,0.123,1,0.919,0.94,1,0.0982,1,0.0249,0
P0036,U010,1,0.9663,1,1.29,0.376,0,0.9417,1,0.0246,0
P0037,U001,0,0.5894,0,1.335,0.745,0,0.5175,0,0.0719,0
P0037,U002,1,0.9928,1,1.433,0.533,1,0.9589,1,0.0338,0
P0037,U003,1,0.9649,1,1.196,0.069,0,0.99,1,-0.0251,1
P0037,U004,0,0.1777,1,1.362,0.587,1,0.1533,1,0.0244,0
P0037,U005,0,0.0073,1,0.842,0.753,0,0.0259,1,0.0186,0
P0037,U006,0,0.3021,1,1.511,0.645,0,0.2525,1,0.0496,0
P0037,U007,1,0.9193,1,1.157,0.452,0,0.9195,1,0.0002,0
P0037,U008,1,0.8145,1,1.341,0.834,0,0.8347,1,0.0201,0
P0037,U009,0,0.5407,0,0.919,0.94,1,0.4316,1,0.1091,0
P0037,U010,1,0.9841,1,1.29,0.376,1,0.971,1,0.0131,0
P0038,U001,0,0.4039,1,1.335,0.745,0,0.3453,1,0.0586,0
P0038,U002,1,0.2915,0,1.433,0.533,1,0.354,0,0.0625,0
P0038,U003,1,0.36,0,1.196,0.069,1,0.4373,0,0.0773,0
P0038,U004,0,0.9464,0,1.362,0.587,0,0.7215,0,0.2249,0
P0038,U005,0,0.1922,1,0.842,0.753,1,0.1681,1,0.0241,0
P0038,U006,0,0.436,1,1.511,0.645,0,0.3759,1,0.0601,0
P0038,U007,1,0.5276,1,1.157,0.452,0,0.5675,1,0.0399,0
P0038,U008,1,0.2108,0,1.341,0.834,0,0.3333,0,0.1225,0
P0038,U009,0,0.8872,0,0.919,0.94,1,0.7187,0,0.1685,0
P0038,U010,1,0.1187,0,1.29,0.376,0,0.4041,0,0.2854,0
P0039,U001,0,0.2336,1,1.335,0.745,0,0.1905,1,0.0432,0
P0039,U002,1,0.9909,1,1.433,0.533,0,0.9766,1,0.0143,0
P0039,U003,1,0.9741,1,1.196,0.069,1,0.9528,1,0.0213,0
P0039,U004,0,0.1408,1,1.362,0.587,0,0.119,1,0.0217,0
P0039,U005,0,0.1013,1,0.842,0.753,0,0.0969,1,0.0045,0
P0039,U006,0,0.2579,1,1.511,0.645,1,0.1833,1,0.0746,0
P0039,U007,1,0.6635,1,1.157,0.452,1,0.7617,1,0.0982,0
P0039,U008,1,0.9558,1,1.341,0.834,1,0.9433,1,0.0125,0
P0039,U009,0,0.4227,1,0.919,0.94,0,0.3779,1,0.0448,0
P0039,U010,1,0.7604,1,1.29,0.376,1,0.7909,1,0.0305,0
P0040,U001,0,0.299,1,1.335,0.745,1,0.2899,1,0.0091,0
P0040,U002,1,0.6998,1,1.433,0.533,0,0.757,1,0.0572,0
P0040,U003,1,0.8935,1,1.196,0.069,0,0.8984,1,0.0048,0
P0040,U004,0,0.6316,0,1.362,0.587,0,0.6063,0,0.0253,0
P0040,U005,0,0.462,1,0.842,0.753,0,0.449,1,0.013,0
P0040,U006,0,0.7523,0,1.511,0.645,1,0.6998,0,0.0525,0
P0040,U007,1,0.613,1,1.157,0.452,0,0.6165,1,0.0035,0
P0040,U008,1,0.7043,1,1.341,0.834,0,0.7087,1,0.0044,0
P0040,U009,0,0.7064,0,0.919,0.94,0,0.5697,0,0.1366,0
P0040,U010,1,0.2504,0,1.29,0.376,0,0.2807,0,0.0304,0
P0041,U001,0,0.5611,0,1.335,0.745,1,0.3536,1,0.2075,0
P0041,U002,1,0.9454,1,1.433,0.533,1,0.9276,1,0.0178,0
P0041,U003,1,0.8159,1,1.196,0.069,0,0.8649,1,0.049,0
P0041,U004,0,0.1607,1,1.362,0.587,0,0.1182,1,0.0425,0
P0041,U005,0,0.1213,1,0.842,0.753,1,0.0993,1,0.022,0
P0041,U006,0,0.6483,0,1.511,0.645,1,0.3673,1,0.2809,0
P0041,U007,1,0.3648,0,1.157,0.452,1,0.6402,1,0.2754,0
P0041,U008,1,0.9701,1,1.341,0.834,0,0.9546,1,0.0156,0
P0041,U009,0,0.7484,0,0.919,0.94,1,0.3908,1,0.3576,0
P0041,U010,1,0.8596,1,1.29,0.376,0,0.885,1,0.0253,0
P0042,U001,0,0.954,0,1.335,0.745,0,0.9298,0,0.0242,0
P0042,U002,1,0.3118,0,1.433,0.533,0,0.3997,0,0.088,0
P0042,U003,1,0.2555,0,1.196,0.069,0,0.3042,0,0.0487,0
P0042,U004,0,0.8722,0,1.362,0.587,0,0.8377,0,0.0346,0
P0042,U005,0,0.756,0,0.842,0.753,0,0.7264,0,0.0296,0
P0042,U006,0,0.9442,0,1.511,0.645,0,0.8694,0,0.0748,0
P0042,U007,1,0.4626,0,1.157,0.452,1,0.5142,1,0.0516,0
P0042,U008,1,0.3317,0,1.341,0.834,0,0.4252,0,0.0935,0
P0042,U009,0,0.9576,0,0.919,0.94,0,0.8303,0,0.1274,0
P0042,U010,1,0.5334,1,1.29,0.376,0,0.5794,1,0.046,0
P0043,U001,0,0.0674,1,1.335,0.745,0,0.0703,1,0.0029,0
P0043,U002,1,0.8275,1,1.433,0.533,0,0.8895,1,0.062,1
P0043,U003,1,0.5188,1,1.196,0.069,0,0.5767,1,0.0578,0
P0043,U004,0,0.54,0,1.362,0.587,1,0.4114,1,0.1285,0
P0043,U005,0,0.496,1,0.842,0.753,0,0.4313,1,0.0648,0
P0043,U006,0,0.6845,0,1.511,0.645,1,0.5775,0,0.107,0
P0043,U007,1,0.3775,0,1.157,0.452,0,0.5112,1,0.1337,0
P0043,U008,1,0.3311,0,1.341,0.834,0,0.496,0,0.1649,0
P0043,U009,0,0.4502,1,0.919,0.94,0,0.3672,1,0.083,0
P0043,U010,1,0.6533,1,1.29,0.376,0,0.6889,1,0.0356,0
P0044,U001,0,0.441,1,1.335,0.745,1,0.2659,1,0.1751,0
P0044,U002,1,0.8775,1,1.433,0.533,1,0.8954,1,0.018,0
P0044,U003,1,0.8892,1,1.196,0.069,0,0.9021,1,0.0129,0
P0044,U004,0,0.8476,0,1.362,0.587,0,0.6303,0,0.2173,0
P0044,U005,0,0.1567,1,0.842,0.753,1,0.1354,1,0.0213,0
P0044,U006,0,0.268,1,1.511,0.645,1,0.4188,1,-0.1508,1
P0044,U007,1,0.59,1,1.157,0.452,0,0.7354,1,0.1454,0
P0044,U008,1,0.5156,1,1.341,0.834,1,0.6658,1,0.1502,0
P0044,U009,0,0.5907,0,0.919,0.94,1,0.3521,1,0.2387,0
P0044,U010,1,0.5073,1,1.29,0.376,1,0.7097,1,0.2025,0
P0045,U001,0,0.1548,1,1.335,0.745,0,0.1461,1,0.0087,0
P0045,U002,1,0.0929,0,1.433,0.533,0,0.2779,0,0.1849,0
P0045,U003,1,0.2662,0,1.196,0.069,1,0.3761,0,0.1099,0
P0045,U004,0,0.2124,1,1.362,0.587,0,0.4614,1,-0.249,1
P0045,U005,0,0.032,1,0.842,0.753,0,0.0386,1,0.0067,0
P0045,U006,0,0.284,1,1.511,0.645,1,0.501,0,-0.217,1
P0045,U007,1,0.0701,0,1.157,0.452,0,0.1511,0,0.081,0
P0045,U008,1,0.3782,0,1.341,0.834,0,0.5484,1,0.1702,0
P0045,U009,0,0.2899,1,0.919,0.94,1,0.0552,1,0.1851,1
P0045,U010,1,0.0312,0,1.29,0.376,0,0.2675,0,0.2364,0
P0046,U001,0,0.1951,1,1.335,0.745,0,0.1243,1,0.0708,0
P0046,U002,1,0.8985,1,1.433,0.533,1,0.9119,1,0.0134,0
P0046,U003,1,0.944,1,1.196,0.069,1,0.93,1,0.014,0
P0046,U004,0,0.1166,1,1.362,0.587,1,0.0963,1,0.0203,0
P0046,U005,0,0.0437,1,0.842,0.753,1,0.0565,1,0.0127,0
P0046,U006,0,0.1056,1,1.511,0.645,1,0.0892,1,0.0163,0
P0046,U007,1,0.7682,1,1.157,0.452,1,0.8401,1,0.0718,0
P0046,U008,1,0.8916,1,1.341,0.834,1,0.9083,1,0.0167,0
P0046,U009,0,0.0936,1,0.919,0.94,1,0.0874,1,0.0062,0
P0046,U010,1,0.9407,1,1.29,0.376,1,0.9321,1,0.0086,0
P0047,U001,0,0.2687,1,1.335,0.745,0,0.2137,1,0.0549,0
P0047,U002,1,0.8567,1,1.433,0.533,1,0.8862,1,0.0295,0
P0047,U003,1,0.7815,1,1.196,0.069,0,0.8382,1,0.0568,0
P0047,U004,0,0.4699,1,1.362,0.587,0,0.349,1,0.1209,0
P0047,U005,0,0.0616,1,0.842,0.753,0,0.0668,1,0.0052,0
P0047,U006,0,0.3189,1,1.511,0.645,0,0.2449,1,0.074,0
P0047,U007,1,0.7997,1,1.157,0.452,0,0.8249,1,0.0253,0
P0047,U008,1,0.8512,1,1.341,0.834,0,0.8606,1,0.0093,0
P0047,U009,0,0.7089,0,0.919,0.94,0,0.578,0,0.1309,0
P0047,U010,1,0.3015,0,1.29,0.376,0,0.5338,1,0.2323,0
P0048,U001,0,0.4839,1,1.335,0.745,1,0.5121,0,-0.0281,1
P0048,U002,1,0.2494,0,1.433,0.533,1,0.3704,0,0.1209,0
P0048,U003,1,0.3239,0,1.196,0.069,0,0.3427,0,0.0188,0
P0048,U004,0,0.2286,1,1.362,0.587,0,0.1863,1,0.0423,0
P0048,U005,0,0.1166,1,0.842,0.753,0,0.1148,1,0.0019,0
P0048,U006,0,0.4085,1,1.511,0.645,0,0.3431,1,0.0654,0
P0048,U007,1,0.3672,0,1.157,0.452,0,0.5597,1,0.1925,0
P0048,U008,1,0.3555,0,1.341,0.834,0,0.5099,1,0.1544,0
P0048,U009,0,0.7628,0,0.919,0.94,0,0.6327,0,0.1301,0
P0048,U010,1,0.2999,0,1.29,0.376,0,0.326,0,0.0261,0
P0049,U001,0,0.8152,0,1.335,0.745,0,0.6206,0,0.1946,0
P0049,U002,1,0.6166,1,1.433,0.533,0,0.6866,1,0.07,0
P0049,U003,1,0.8441,1,1.196,0.069,0,0.8553,1,0.0111,0
P0049,U004,0,0.2598,1,1.362,0.587,0,0.2093,1,0.0506,0
P0049,U005,0,0.9516,0,0.842,0.753,1,0.7738,0,0.1778,0
P0049,U006,0,0.8843,0,1.511,0.645,0,0.7252,0,0.1592,0
P0049,U007,1,0.8189,1,1.157,0.452,0,0.8432,1,0.0243,0
P0049,U008,1,0.3913,0,1.341,0.834,1,0.5028,1,0.1115,0
P0049,U009,0,0.6903,0,0.919,0.94,0,0.5926,0,0.0977,0
P0049,U010,1,0.6496,1,1.29,0.376,0,0.7447,1,0.0951,0
P0050,U001,0,0.5698,0,1.335,0.745,1,0.3228,1,0.247,0
P0050,U002,1,0.9761,1,1.433,0.533,0,0.9473,1,0.0287,0
P0050,U003,1,0.9464,1,1.196,0.069,1,0.9318,1,0.0146,0
P0050,U004,0,0.0437,1,1.362,0.587,1,0.0603,1,0.0166,0
P0050,U005,0,0.0536,1,0.842,0.753,1,0.0618,1,0.0082,0
P0050,U006,0,0.0873,1,1.511,0.645,1,0.0829,1,0.0044,0
P0050,U007,1,0.6701,1,1.157,0.452,1,0.7871,1,0.1171,0
P0050,U008,1,0.3619,0,1.341,0.834,1,0.6691,1,0.3072,0
P0050,U009,0,0.4803,1,0.919,0.94,1,0.2571,1,0.2233,0
P0050,U010,1,0.8876,1,1.29,0.376,0,0.9036,1,0.0161,0
P0051,U001,0,0.8874,0,1.335,0.745,1,0.4854,1,0.402,0
P0051,U002,1,0.5054,1,1.433,0.533,0,0.6938,1,0.1884,0
P0051,U003,1,0.858,1,1.196,0.069,1,0.8905,1,0.0325,0
P0051,U004,0,0.4934,1,1.362,0.587,0,0.3146,1,0.1788,0
P0051,U005,0,0.2585,1,0.842,0.753,0,0.1727,1,0.0858,0
P0051,U006,0,0.3804,1,1.511,0.645,1,0.2008,1,0.1796,0
P0051,U007,1,0.3665,0,1.157,0.452,0,0.7438,1,0.3773,1
P0051,U008,1,0.6798,1,1.341,0.834,0,0.7791,1,0.0993,0
P0051,U009,0,0.5893,0,0.919,0.94,0,0.4086,1,0.1807,0
P0051,U010,1,0.4488,0,1.29,0.376,0,0.6522,1,0.2034,0
P0052,U001,0,0.824,0,1.335,0.745,1,0.4952,1,0.3288,0
P0052,U002,1,0.8854,1,1.433,0.533,1,0.8981,1,0.0126,0
P0052,U003,1,0.7348,1,1.196,0.069,0,0.8063,1,0.0715,0
P0052,U004,0,0.8608,0,1.362,0.587,1,0.5815,0,0.2793,0
P0052,U005,0,0.7347,0,0.842,0.753,1,0.4413,1,0.2934,0
P0052,U006,0,0.6838,0,1.511,0.645,0,0.4162,1,0.2676,0
P0052,U007,1,0.9035,1,1.157,0.452,1,0.9101,1,0.0066,0
P0052,U008,1,0.6211,1,1.341,0.834,0,0.724,1,0.103,0
P0052,U009,0,0.7566,0,0.919,0.94,0,0.6167,0,0.1399,0
P0052,U010,1,0.3369,0,1.29,0.376,1,0.5421,1,0.2052,0
P0053,U001,0,0.2602,1,1.335,0.745,0,0.165,1,0.0952,0
P0053,U002,1,0.9695,1,1.433,0.533,0,0.987,1,-0.0175,1
P0053,U003,1,0.976,1,1.196,0.069,0,0.9475,1,0.0285,0
P0053,U004,0,0.0838,1,1.362,0.587,1,0.0821,1,0.0017,0
P0053,U005,0,0.0438,1,0.842,0.753,0,0.0564,1,0.0127,0
P0053,U006,0,0.455,1,1.511,0.645,0,0.3049,1,0.15,0
P0053,U007,1,0.709,1,1.157,0.452,1,0.7838,1,0.0748,0
P0053,U008,1,0.9785,1,1.341,0.834,0,0.9498,1,0.0287,0
P0053,U009,0,0.2621,1,0.919,0.94,1,0.1967,1,0.0654,0
P0053,U010,1,0.572,1,1.29,0.376,0,0.7789,1,0.2068,0
P0054,U001,0,0.1054,1,1.335,0.745,0,0.0969,1,0.0085,0
P0054,U002,1,0.7763,1,1.433,0.533,1,0.8486,1,0.0722,0
P0054,U003,1,0.8544,1,1.196,0.069,0,0.8854,1,0.031,0
P0054,U004,0,0.3609,1,1.362,0.587,1,0.2262,1,0.1347,0
P0054,U005,0,0.0076,1,0.842,0.753,0,0.0287,1,0.0211,0
P0054,U006,0,0.1185,1,1.511,0.645,1,0.1021,1,0.0165,0
P0054,U007,1,0.8852,1,1.157,0.452,0,0.9017,1,0.0165,0
P0054,U008,1,0.7362,1,1.341,0.834,1,0.844,1,0.1078,0
P0054,U009,0,0.3123,1,0.919,0.94,0,0.2064,1,0.1059,0
P0054,U010,1,0.6437,1,1.29,0.376,1,0.7634,1,0.1197,0
P0055,U001,0,0.7621,0,1.335,0.745,1,0.5659,0,0.1961,0
P0055,U002,1,0.1765,0,1.433,0.533,0,0.5008,1,0.3243,0
P0055,U003,1,0.097,0,1.196,0.069,0,0.3683,0,0.2714,0
P0055,U004,0,0.9736,0,1.362,0.587,0,0.7126,0,0.261,0
P0055,U005,0,0.9365,0,0.842,0.753,1,0.7108,0,0.2257,0
P0055,U006,0,0.5694,0,1.511,0.645,0,0.4256,1,0.1437,0
P0055,U007,1,0.3244,0,1.157,0.452,0,0.4356,0,0.1112,0
P0055,U008,1,0.213,0,1.341,0.834,0,0.4953,0,0.2824,0
P0055,U009,0,0.97,0,0.919,0.94,0,0.7168,0,0.2532,0
P0055,U010,1,0.2588,0,1.29,0.376,1,0.5402,1,0.2814,0
P0056,U001,0,0.148,1,1.335,0.745,0,0.1451,1,0.0029,0
P0056,U002,1,0.8177,1,1.433,0.533,0,0.8296,1,0.0119,0
P0056,U003,1,0.3288,0,1.196,0.069,0,0.4425,0,0.1137,0
P0056,U004,0,0.0427,1,1.362,0.587,0,0.0497,1,0.007,0
P0056,U005,0,0.0161,1,0.842,0.753,0,0.0255,1,0.0095,0
P0056,U006,0,0.0637,1,1.511,0.645,0,0.0658,1,0.0021,0
P0056,U007,1,0.7185,1,1.157,0.452,1,0.7551,1,0.0366,0
P0056,U008,1,0.229,0,1.341,0.834,0,0.3457,0,0.1167,0
P0056,U009,0,0.1342,1,0.919,0.94,0,0.1245,1,0.0097,0
P0056,U010,1,0.1633,0,1.29,0.376,1,0.3007,0,0.1374,0
P0057,U001,0,0.158,1,1.335,0.745,1,0.1454,1,0.0125,0
P0057,U002,1,0.324,0,1.433,0.533,0,0.4301,0,0.1061,0
P0057,U003,1,0.4835,0,1.196,0.069,0,0.5612,1,0.0777,0
P0057,U004,0,0.5026,0,1.362,0.587,0,0.3992,1,0.1034,0
P0057,U005,0,0.0471,1,0.842,0.753,1,0.2544,1,-0.1415,1
P0057,U006,0,0.2964,1,1.511,0.645,0,0.2695,1,0.0268,0
P0057,U007,1,0.736,1,1.157,0.452,0,0.7592,1,0.0232,0
P0057,U008,1,0.3703,0,1.341,0.834,0,0.4778,0,0.1075,0
P0057,U009,0,0.3938,1,0.919,0.94,0,0.346,1,0.0478,0
P0057,U010,1,0.0318,0,1.29,0.376,0,0.2408,0,0.209,0
P0058,U001,0,0.5637,0,1.335,0.745,0,0.3646,1,0.1992,0
P0058,U002,1,0.9867,1,1.433,0.533,0,0.9579,1,0.0288,0
P0058,U003,1,0.9788,1,1.196,0.069,1,0.9603,1,0.0185,0
P0058,U004,0,0.0394,1,1.362,0.587,1,0.0574,1,0.018,0
P0058,U005,0,0.1223,1,0.842,0.753,0,0.1149,1,0.0074,0
P0058,U006,0,0.0948,1,1.511,0.645,0,0.092,1,0.0027,0
P0058,U007,1,0.9832,1,1.157,0.452,1,0.9569,1,0.0263,0
P0058,U008,1,0.9652,1,1.341,0.834,1,0.99,1,-0.0248,1
P0058,U009,0,0.5842,0,0.919,0.94,1,0.8707,0,-0.2865,1
P0058,U010,1,0.929,1,1.29,0.376,0,0.9267,1,0.0023,0
P0059,U001,0,0.2959,1,1.335,0.745,0,0.2878,1,0.008,0
P0059,U002,1,0.6883,1,1.433,0.533,0,0.7373,1,0.049,0
P0059,U003,1,0.6207,1,1.196,0.069,1,0.6649,1,0.0442,0
P0059,U004,0,0.1686,1,1.362,0.587,0,0.1508,1,0.0178,0
P0059,U005,0,0.3388,1,0.842,0.753,1,0.3078,1,0.031,0
P0059,U006,0,0.9195,0,1.511,0.645,0,0.9604,0,-0.0409,0
P0059,U007,1,0.4953,0,1.157,0.452,0,0.539,1,0.0437,0
P0059,U008,1,0.2746,0,1.341,0.834,0,0.3403,0,0.0657,0
P0059,U009,0,0.9128,0,0.919,0.94,0,0.7535,0,0.1593,0
P0059,U010,1,0.046,0,1.29,0.376,0,0.1717,0,0.1257,0
P0060,U001,0,0.3676,1,1.335,0.745,0,0.2716,1,0.096,0
P0060,U002,1,0.7734,1,1.433,0.533,1,0.8216,1,0.0482,0
P0060,U003,1,0.5834,1,1.196,0.069,1,0.6767,1,0.0933,0
P0060,U004,0,0.3388,1,1.362,0.587,1,0.4547,1,-0.1159,1
P0060,U005,0,0.2232,1,0.842,0.753,1,0.1927,1,0.0305,0
P0060,U006,0,0.798,0,1.511,0.645,1,0.5926,0,0.2054,0
P0060,U007,1,0.2759,0,1.157,0.452,1,0.4427,0,0.1669,0
P0060,U008,1,0.1216,0,1.341,0.834,0,0.3453,0,0.2237,0
P0060,U009,0,0.7426,0,0.919,0.94,0,0.5105,0,0.2321,0
P0060,U010,1,0.1641,0,1.29,0.376,0,0.4648,0,0.3007,0
P0061,U001,0,0.1631,1,1.335,0.745,0,0.1359,1,0.0272,0
P0061,U002,1,0.7736,1,1.433,0.533,0,0.8341,1,0.0605,0
P0061,U003,1,0.8646,1,1.196,0.069,0,0.8776,1,0.0129,0
P0061,U004,0,0.5906,0,1.362,0.587,0,0.4228,1,0.1678,0
P0061,U005,0,0.0319,1,0.842,0.753,0,0.0446,1,0.0127,0
P0061,U006,0,0.3309,1,1.511,0.645,1,0.2042,1,0.1267,0
P0061,U007,1,0.5984,1,1.157,0.452,0,0.7374,1,0.139,0
P0061,U008,1,0.8542,1,1.341,0.834,0,0.99,1,-0.0042,1
P0061,U009,0,0.3065,1,0.919,0.94,0,0.2649,1,0.0416,0
P0061,U010,1,0.4251,0,1.29,0.376,0,0.6043,1,0.1792,0
P0062,U001,0,0.522,0,1.335,0.745,0,0.3252,1,0.1969,0
P0062,U002,1,0.9403,1,1.433,0.533,0,0.8635,1,-0.0362,1
P0062,U003,1,0.8958,1,1.196,0.069,1,0.909,1,0.0132,0
P0062,U004,0,0.206,1,1.362,0.587,1,0.1449,1,0.0612,0
P0062,U005,0,0.0299,1,0.842,0.753,0,0.0469,1,0.017,0
P0062,U006,0,0.1848,1,1.511,0.645,0,0.1298,1,0.0551,0
P0062,U007,1,0.735,1,1.157,0.452,0,0.8139,1,0.0789,0
P0062,U008,1,0.9564,1,1.341,0.834,1,0.9427,1,0.0136,0
P0062,U009,0,0.3118,1,0.919,0.94,1,0.2343,1,0.0775,0
P0062,U010,1,0.8662,1,1.29,0.376,1,0.8964,1,0.0303,0
P0063,U001,0,0.5932,0,1.335,0.745,1,0.5389,0,0.0543,0
P0063,U002,1,0.8219,1,1.433,0.533,0,0.8366,1,0.0147,0
P0063,U003,1,0.8525,1,1.196,0.069,1,0.8645,1,0.0119,0
P0063,U004,0,0.2694,1,1.362,0.587,0,0.2515,1,0.0179,0
P0063,U005,0,0.1875,1,0.842,0.753,0,0.1739,1,0.0136,0
P0063,U006,0,0.6075,0,1.511,0.645,1,0.5433,0,0.0642,0
P0063,U007,1,0.947,1,1.157,0.452,0,0.9392,1,0.0078,0
P0063,U008,1,0.751,1,1.341,0.834,0,0.771,1,0.02,0
P0063,U009,0,0.7359,0,0.919,0.94,0,0.5047,0,0.2312,0
P0063,U010,1,0.7548,1,1.29,0.376,0,0.7799,1,0.0251,0
P0064,U001,0,0.3524,1,1.335,0.745,1,0.2586,1,0.0938,0
P0064,U002,1,0.5188,1,1.433,0.533,0,0.7096,1,0.1908,0
P0064,U003,1,0.5664,1,1.196,0.069,1,0.7244,1,0.158,0
P0064,U004,0,0.3189,1,1.362,0.587,1,0.1982,1,0.1207,0
P0064,U005,0,0.0238,1,0.842,0.753,1,0.0404,1,0.0166,0
P0064,U006,0,0.4305,1,1.511,0.645,0,0.2418,1,0.1887,0
P0064,U007,1,0.2467,0,1.157,0.452,0,0.4584,0,0.2117,0
P0064,U008,1,0.2658,0,1.341,0.834,0,0.536,1,0.2702,0
P0064,U009,0,0.4189,1,0.919,0.94,0,0.3171,1,0.1018,0
P0064,U010,1,0.4765,0,1.29,0.376,0,0.6237,1,0.1472,0
P0065,U001,0,0.8162,0,1.335,0.745,0,0.8506,0,-0.0344,0
P0065,U002,1,0.1988,0,1.433,0.533,0,0.1422,0,-0.0566,0
P0065,U003,1,0.3245,0,1.196,0.069,0,0.3091,0,-0.0154,0
P0065,U004,0,0.2606,1,1.362,0.587,0,0.2443,1,0.0162,0
P0065,U005,0,0.0664,1,0.842,0.753,0,0.0671,1,0.0007,0
P0065,U006,0,0.6953,0,1.511,0.645,0,0.6082,0,0.0871,0
P0065,U007,1,0.2448,0,1.157,0.452,0,0.2969,0,0.0521,0
P0065,U008,1,0.0748,0,1.341,0.834,0,0.1422,0,0.0674,0
P0065,U009,0,0.784,0,0.919,0.94,0,0.705,0,0.079,0
P0065,U010,1,0.0422,0,1.29,0.376,0,0.076,0,0.0338,0
P0066,U001,0,0.2902,1,1.335,0.745,0,0.2221,1,0.0681,0
P0066,U002,1,0.9907,1,1.433,0.533,1,0.9674,1,0.0232,0
P0066,U003,1,0.9722,1,1.196,0.069,0,0.953,1,0.0192,0
P0066,U004,0,0.8693,0,1.362,0.587,1,0.5059,0,0.3634,0
P0066,U005,0,0.4258,1,0.842,0.753,0,0.2887,1,0.1371,0
P0066,U006,0,0.5606,0,1.511,0.645,0,0.3408,1,0.2198,0
P0066,U007,1,0.747,1,1.157,0.452,1,0.4757,0,-0.2713,1
P0066,U008,1,0.8501,1,1.341,0.834,0,0.8655,1,0.0154,0
P0066,U009,0,0.2567,1,0.919,0.94,0,0.2113,1,0.0454,0
P0066,U010,1,0.8758,1,1.29,0.376,1,0.8851,1,0.0092,0
P0067,U001,0,0.0063,1,1.335,0.745,1,0.0414,1,0.0351,0
P0067,U002,1,0.9948,1,1.433,0.533,0,0.9562,1,0.0386,0
P0067,U003,1,0.943,1,1.196,0.069,1,0.9316,1,0.0114,0
P0067,U004,0,0.0128,1,1.362,0.587,1,0.0417,1,0.0289,0
P0067,U005,0,0.0011,1,0.842,0.753,1,0.027,1,0.0259,0
P0067,U006,0,0.0126,1,1.511,0.645,1,0.0513,1,0.0388,0
P0067,U007,1,0.8257,1,1.157,0.452,1,0.8745,1,0.0487,0
P0067,U008,1,0.9643,1,1.341,0.834,0,0.9362,1,0.0281,0
P0067,U009,0,0.0042,1,0.919,0.94,1,0.0384,1,0.0342,0
P0067,U010,1,0.9882,1,1.29,0.376,1,0.9605,1,0.0277,0
P0068,U001,0,0.5418,0,1.335,0.745,0,0.2882,1,0.2536,0
P0068,U002,1,0.9911,1,1.433,0.533,1,0.9597,1,0.0314,0
P0068,U003,1,0.992,1,1.196,0.069,1,0.961,1,0.031,0
P0068,U004,0,0.2661,1,1.362,0.587,0,0.4858,1,-0.2197,1
P0068,U005,0,0.0395,1,0.842,0.753,0,0.0567,1,0.0172,1
P0068,U006,0,0.3274,1,1.511,0.645,1,0.2686,1,0.0587,1
P0068,U007,1,0.9399,1,1.157,0.452,0,0.9675,1,-0.0276,1
P0068,U008,1,0.992,1,1.341,0.834,0,0.9631,1,0.0288,0
P0068,U009,0,0.3035,1,0.919,0.94,1,0.1609,1,0.1426,1
P0068,U010,1,0.9965,1,1.29,0.376,1,0.9756,1,0.0209,0
P0069,U001,0,0.1815,1,1.335,0.745,1,0.1505,1,0.031,0
P0069,U002,1,0.5288,1,1.433,0.533,1,0.5952,1,0.0664,0
P0069,U003,1,0.922,1,1.196,0.069,1,0.9213,1,0.0007,0
P0069,U004,0,0.1281,1,1.362,0.587,1,0.1082,1,0.0199,0
P0069,U005,0,0.01,1,0.842,0.753,0,0.01,1,-0.0,1
P0069,U006,0,0.0204,1,1.511,0.645,1,0.0494,1,0.029,0
P0069,U007,1,0.5967,1,1.157,0.452,0,0.7105,1,0.1138,0
P0069,U008,1,0.4431,0,1.341,0.834,1,0.6077,1,0.1645,0
P0069,U009,0,0.1019,1,0.919,0.94,0,0.0956,1,0.0063,0
P0069,U010,1,0.1821,0,1.29,0.376,1,0.5212,1,0.3391,0
P0070,U001,0,0.1409,1,1.335,0.745,0,0.1168,1,0.0241,0
P0070,U002,1,0.9295,1,1.433,0.533,0,0.9256,1,0.0039,0
P0070,U003,1,0.4339,0,1.196,0.069,1,0.6268,1,0.1929,0
P0070,U004,0,0.1406,1,1.362,0.587,0,0.1117,1,0.0289,0
P0070,U005,0,0.0415,1,0.842,0.753,0,0.0517,1,0.0102,0
P0070,U006,0,0.3582,1,1.511,0.645,1,0.2143,1,0.1438,0
P0070,U007,1,0.5984,1,1.157,0.452,1,0.7436,1,0.1452,0
P0070,U008,1,0.7619,1,1.341,0.834,0,0.8201,1,0.0582,0
P0070,U009,0,0.5139,0,0.919,0.94,1,0.3227,1,0.1912,0
P0070,U010,1,0.6322,1,1.29,0.376,0,0.7478,1,0.1156,0
P0071,U001,0,0.527,0,1.335,0.745,1,0.3572,1,0.1698,0
P0071,U002,1,0.8682,1,1.433,0.533,1,0.895,1,0.0268,0
P0071,U003,1,0.8987,1,1.196,0.069,0,0.9081,1,0.0094,0
P0071,U004,0,0.1281,1,1.362,0.587,1,0.1089,1,0.0192,0
P0071,U005,0,0.6506,0,0.842,0.753,0,0.4897,1,0.1609,0
P0071,U006,0,0.825,0,1.511,0.645,0,0.5852,0,0.2398,0
P0071,U007,1,0.736,1,1.157,0.452,0,0.792,1,0.056,0
P0071,U008,1,0.6912,1,1.341,0.834,1,0.8165,1,0.1253,0
P0071,U009,0,0.893,0,0.919,0.94,1,0.5844,0,0.3086,0
P0071,U010,1,0.3441,0,1.29,0.376,0,0.5905,1,0.2463,0
P0072,U001,0,0.7947,0,1.335,0.745,0,0.4992,1,0.2955,0
P0072,U002,1,0.3715,0,1.433,0.533,1,0.01,0,-0.3615,1
P0072,U003,1,0.8309,1,1.196,0.069,0,0.859,1,0.028,0
P0072,U004,0,0.5207,0,1.362,0.587,0,0.3859,1,0.1348,0
P0072,U005,0,0.3651,1,0.842,0.753,0,0.263,1,0.1022,0
P0072,U006,0,0.4782,1,1.511,0.645,1,0.3237,1,0.1545,0
P0072,U007,1,0.1307,0,1.157,0.452,1,0.3643,0,0.2335,0
P0072,U008,1,0.4812,0,1.341,0.834,1,0.6416,1,0.1604,0
P0072,U009,0,0.888,0,0.919,0.94,1,0.681,0,0.2071,0
P0072,U010,1,0.4935,0,1.29,0.376,1,0.6664,1,0.1729,0
P0073,U001,0,0.6268,0,1.335,0.745,1,0.392,1,0.2348,0
P0073,U002,1,0.9761,1,1.433,0.533,0,0.947,1,0.0291,0
P0073,U003,1,0.9694,1,1.196,0.069,1,0.9363,1,0.033,0
P0073,U004,0,0.2587,1,1.362,0.587,1,0.1472,1,0.1115,0
P0073,U005,0,0.0517,1,0.842,0.753,0,0.063,1,0.0113,0
P0073,U006,0,0.5115,0,1.511,0.645,0,0.2379,1,0.2736,0
P0073,U007,1,0.8558,1,1.157,0.452,1,0.8888,1,0.033,0
P0073,U008,1,0.8163,1,1.341,0.834,0,0.8898,1,0.0735,0
P0073,U009,0,0.4508,1,0.919,0.94,1,0.3436,1,0.1072,0
P0073,U010,1,0.9774,1,1.29,0.376,1,0.9442,1,0.0333,0
P0074,U001,0,0.8375,0,1.335,0.745,1,0.6673,0,0.1702,0
P0074,U002,1,0.9839,1,1.433,0.533,0,0.9584,1,0.0255,0
P0074,U003,1,0.951,1,1.196,0.069,1,0.9387,1,0.0123,0
P0074,U004,0,0.4427,1,1.362,0.587,0,0.2871,1,0.1556,0
P0074,U005,0,0.987,0,0.842,0.753,0,0.7652,0,0.2218,0
P0074,U006,0,0.8774,0,1.511,0.645,1,0.5426,0,0.3349,0
P0074,U007,1,0.8582,1,1.157,0.452,1,0.8781,1,0.0199,0
P0074,U008,1,0.7721,1,1.341,0.834,0,0.8282,1,0.0561,0
P0074,U009,0,0.8869,0,0.919,0.94,0,0.5875,0,0.2994,0
P0074,U010,1,0.9154,1,1.29,0.376,1,0.9165,1,0.0012,0
P0075,U001,0,0.4823,1,1.335,0.745,0,0.3398,1,0.1425,0
P0075,U002,1,0.644,1,1.433,0.533,1,0.7213,1,0.0772,0
P0075,U003,1,0.6233,1,1.196,0.069,0,0.6514,1,0.0281,0
P0075,U004,0,0.1501,1,1.362,0.587,0,0.1403,1,0.0099,0
P0075,U005,0,0.1476,1,0.842,0.753,0,0.1353,1,0.0123,0
P0075,U006,0,0.3779,1,1.511,0.645,0,0.3344,1,0.0435,0
P0075,U007,1,0.3264,0,1.157,0.452,1,0.5004,1,0.174,0
P0075,U008,1,0.3555,0,1.341,0.834,0,0.4901,0,0.1346,0
P0075,U009,0,0.2758,1,0.919,0.94,0,0.2457,1,0.0301,0
P0075,U010,1,0.4717,0,1.29,0.376,0,0.5321,1,0.0604,0
P0076,U001,0,0.1206,1,1.335,0.745,1,0.0936,1,0.027,0
P0076,U002,1,0.9223,1,1.433,0.533,0,0.9213,1,0.001,0
P0076,U003,1,0.9438,1,1.196,0.069,1,0.935,1,0.0087,0
P0076,U004,0,0.0407,1,1.362,0.587,1,0.6145,0,-0.4952,1
P0076,U005,0,0.0099,1,0.842,0.753,0,0.0364,1,0.0266,0
P0076,U006,0,0.3409,1,1.511,0.645,1,0.1994,1,0.1415,0
P0076,U007,1,0.2879,0,1.157,0.452,1,0.675,1,0.3871,0
P0076,U008,1,0.8644,1,1.341,0.834,1,0.8966,1,0.0323,0
P0076,U009,0,0.3401,1,0.919,0.94,0,0.201,1,0.1391,0
P0076,U010,1,0.7748,1,1.29,0.376,1,0.8596,1,0.0848,0
P0077,U001,0,0.2088,1,1.335,0.745,0,0.166,1,0.0428,0
P0077,U002,1,0.7144,1,1.433,0.533,0,0.7657,1,0.0513,0
P0077,U003,1,0.8354,1,1.196,0.069,1,0.8585,1,0.0231,0
P0077,U004,0,0.6327,0,1.362,0.587,1,0.5352,0,0.0975,0
P0077,U005,0,0.0682,1,0.842,0.753,1,0.07,1,0.0019,0
P0077,U006,0,0.5453,0,1.511,0.645,0,0.3362,1,0.2091,0
P0077,U007,1,0.6857,1,1.157,0.452,0,0.7314,1,0.0458,0
P0077,U008,1,0.8143,1,1.341,0.834,1,0.874,1,0.0597,1
P0077,U009,0,0.168,1,0.919,0.94,0,0.1504,1,0.0176,0
P0077,U010,1,0.9219,1,1.29,0.376,1,0.9212,1,0.0008,0
P0078,U001,0,0.0376,1,1.335,0.745,0,0.051,1,0.0134,0
P0078,U002,1,0.9574,1,1.433,0.533,1,0.9402,1,0.0172,0
P0078,U003,1,0.98,1,1.196,0.069,1,0.9601,1,0.0198,1
P0078,U004,0,0.4748,1,1.362,0.587,0,0.3079,1,0.1669,0
P0078,U005,0,0.4688,1,0.842,0.753,1,0.3189,1,0.1499,0
P0078,U006,0,0.4191,1,1.511,0.645,1,0.256,1,0.1632,0
P0078,U007,1,0.6177,1,1.157,0.452,0,0.7188,1,0.1011,0
P0078,U008,1,0.9584,1,1.341,0.834,0,0.99,1,-0.0316,1
P0078,U009,0,0.1825,1,0.919,0.94,0,0.1482,1,0.0343,0
P0078,U010,1,0.9815,1,1.29,0.376,1,0.9479,1,0.0336,0
P0079,U001,0,0.2884,1,1.335,0.745,0,0.2612,1,0.0272,0
P0079,U002,1,0.2637,0,1.433,0.533,0,0.445,0,0.1813,0
P0079,U003,1,0.3541,0,1.196,0.069,0,0.5113,1,0.1573,0
P0079,U004,0,0.4853,1,1.362,0.587,0,0.4725,1,0.0128,0
P0079,U005,0,0.4533,1,0.842,0.753,1,0.342,1,0.1112,0
P0079,U006,0,0.6976,0,1.511,0.645,1,0.503,0,0.1945,0
P0079,U007,1,0.4892,0,1.157,0.452,0,0.596,1,0.1068,0
P0079,U008,1,0.5067,1,1.341,0.834,0,0.5861,1,0.0794,0
P0079,U009,0,0.9809,0,0.919,0.94,1,0.8046,0,0.1764,0
P0079,U010,1,0.0231,0,1.29,0.376,0,0.1354,0,0.1123,0
P0080,U001,0,0.6996,0,1.335,0.745,0,0.4361,1,0.2635,0
P0080,U002,1,0.9452,1,1.433,0.533,0,0.9338,1,0.0114,0
P0080,U003,1,0.9922,1,1.196,0.069,0,0.9619,1,0.0304,0
P0080,U004,0,0.3965,1,1.362,0.587,0,0.2817,1,0.1148,0
P0080,U005,0,0.7475,0,0.842,0.753,1,0.4855,1,0.262,0
P0080,U006,0,0.3205,1,1.511,0.645,1,0.1998,1,0.1207,0
P0080,U007,1,0.9718,1,1.157,0.452,1,0.954,1,0.0178,0
P0080,U008,1,0.868,1,1.341,0.834,1,0.8878,1,0.0198,0
P0080,U009,0,0.8971,0,0.919,0.94,1,0.6581,0,0.239,0
P0080,U010,1,0.8391,1,1.29,0.376,0,0.8847,1,0.0456,0
P0081,U001,0,0.7727,0,1.335,0.745,1,0.6588,0,0.1138,0
P0081,U002,1,0.7899,1,1.433,0.533,1,0.8366,1,0.0467,0
P0081,U003,1,0.4642,0,1.196,0.069,0,0.5343,1,0.0701,0
P0081,U004,0,0.9611,0,1.362,0.587,0,0.7357,0,0.2254,0
P0081,U005,0,0.6013,0,0.842,0.753,0,0.5323,0,0.069,0
P0081,U006,0,0.4259,1,1.511,0.645,0,0.3823,1,0.0436,0
P0081,U007,1,0.5505,1,1.157,0.452,0,0.6358,1,0.0853,0
P0081,U008,1,0.5943,1,1.341,0.834,0,0.6427,1,0.0483,0
P0081,U009,0,0.8074,0,0.919,0.94,0,0.7139,0,0.0934,0
P0081,U010,1,0.4014,0,1.29,0.376,0,0.5212,1,0.1198,0
P0082,U001,0,0.7092,0,1.335,0.745,0,0.6039,0,0.1052,0
P0082,U002,1,0.9735,1,1.433,0.533,0,0.9558,1,0.0176,0
P0082,U003,1,0.7342,1,1.196,0.069,0,0.99,1,0.1158,1
P0082,U004,0,0.7599,0,1.362,0.587,1,0.941,0,-0.1811,1
P0082,U005,0,0.4411,1,0.842,0.753,0,0.6849,0,-0.2438,1
P0082,U006,0,0.7223,0,1.511,0.645,0,0.8101,0,-0.0878,1
P0082,U007,1,0.6435,1,1.157,0.452,0,0.7145,1,0.0711,0
P0082,U008,1,0.7116,1,1.341,0.834,0,0.7456,1,0.0339,0
P0082,U009,0,0.9285,0,0.919,0.94,0,0.7734,0,0.1552,1
P0082,U010,1,0.5249,1,1.29,0.376,1,0.618,1,0.0931,0
P0083,U001,0,0.1182,1,1.335,0.745,1,0.0971,1,0.0211,0
P0083,U002,1,0.9729,1,1.433,0.533,1,0.9424,1,0.0306,0
P0083,U003,1,0.9875,1,1.196,0.069,0,0.9466,1,0.0409,0
P0083,U004,0,0.0403,1,1.362,0.587,1,0.0602,1,0.0199,0
P0083,U005,0,0.0021,1,0.842,0.753,1,0.0489,1,0.0468,0
P0083,U006,0,0.2353,1,1.511,0.645,0,0.1357,1,0.0996,0
P0083,U007,1,0.962,1,1.157,0.452,1,0.9406,1,0.0213,0
P0083,U008,1,0.9631,1,1.341,0.834,1,0.9404,1,0.0228,0
P0083,U009,0,0.032,1,0.919,0.94,1,0.0563,1,0.0244,0
P0083,U010,1,0.983,1,1.29,0.376,1,0.9423,1,0.0407,0
P0084,U001,0,0.1262,1,1.335,0.745,1,0.0971,1,0.0291,0
P0084,U002,1,0.857,1,1.433,0.533,1,0.8929,1,0.0359,0
P0084,U003,1,0.9396,1,1.196,0.069,1,0.929,1,0.0106,0
P0084,U004,0,0.0451,1,1.362,0.587,1,0.0634,1,0.0183,0
P0084,U005,0,0.0428,1,0.842,0.753,0,0.2902,1,-0.173,1
P0084,U006,0,0.0796,1,1.511,0.645,1,0.0799,1,0.0002,0
P0084,U007,1,0.7773,1,1.157,0.452,0,0.8568,1,0.0795,0
P0084,U008,1,0.8947,1,1.341,0.834,0,0.9108,1,0.0161,0
P0084,U009,0,0.1424,1,0.919,0.94,0,0.1122,1,0.0302,0
P0084,U010,1,0.8466,1,1.29,0.376,1,0.8826,1,0.036,0
P0085,U001,0,0.6265,0,1.335,0.745,1,0.4111,1,0.2154,0
P0085,U002,1,0.9871,1,1.433,0.533,1,0.9589,1,0.0282,0
P0085,U003,1,0.9687,1,1.196,0.069,1,0.9501,1,0.0186,0
P0085,U004,0,0.5178,0,1.362,0.587,0,0.4141,1,0.1037,0
P0085,U005,0,0.3488,1,0.842,0.753,1,0.2643,1,0.0845,0
P0085,U006,0,0.5598,0,1.511,0.645,1,0.4434,1,0.1164,0
P0085,U007,1,0.9098,1,1.157,0.452,0,0.914,1,0.0042,0
P0085,U008,1,0.9144,1,1.341,0.834,1,0.9168,1,0.0024,0
P0085,U009,0,0.8203,0,0.919,0.94,0,0.815,0,0.0053,1
P0085,U010,1,0.7851,1,1.29,0.376,1,0.8378,1,0.0527,0
P0086,U001,0,0.3608,1,1.335,0.745,0,0.7705,0,-0.4097,1
P0086,U002,1,0.2399,0,1.433,0.533,0,0.039,0,-0.2009,1
P0086,U003,1,0.7345,1,1.196,0.069,0,0.7795,1,0.0449,0
P0086,U004,0,0.352,1,1.362,0.587,1,0.3419,1,0.01,0
P0086,U005,0,0.5478,0,0.842,0.753,1,0.47,1,0.0778,0
P0086,U006,0,0.7824,0,1.511,0.645,0,0.6799,0,0.1024,0
P0086,U007,1,0.1165,0,1.157,0.452,1,0.358,0,0.2415,0
P0086,U008,1,0.5116,1,1.341,0.834,0,0.5768,1,0.0652,0
P0086,U009,0,0.7388,0,0.919,0.94,0,0.549,0,0.1897,0
P0086,U010,1,0.0904,0,1.29,0.376,0,0.3186,0,0.2282,0
P0087,U001,0,0.3063,1,1.335,0.745,1,0.1845,1,0.1218,0
P0087,U002,1,0.9397,1,1.433,0.533,0,0.99,1,-0.0503,1
P0087,U003,1,0.7768,1,1.196,0.069,0,0.8393,1,0.0625,0
P0087,U004,0,0.5515,0,1.362,0.587,0,0.9199,0,-0.3684,1
P0087,U005,0,0.4245,1,0.842,0.753,1,0.5004,0,-0.0759,1
P0087,U006,0,0.7617,0,1.511,0.645,1,0.4131,1,0.3486,0
P0087,U007,1,0.8599,1,1.157,0.452,1,0.99,1,-0.0099,1
P0087,U008,1,0.8518,1,1.341,0.834,0,0.8773,1,0.0255,0
P0087,U009,0,0.8755,0,0.919,0.94,0,0.99,0,-0.1145,1
P0087,U010,1,0.946,1,1.29,0.376,1,0.99,1,-0.044,1
P0088,U001,0,0.2402,1,1.335,0.745,1,0.1694,1,0.0708,0
P0088,U002,1,0.984,1,1.433,0.533,1,0.9488,1,0.0352,0
P0088,U003,1,0.9253,1,1.196,0.069,1,0.924,1,0.0013,0
P0088,U004,0,0.4294,1,1.362,0.587,1,0.247,1,0.1824,0
P0088,U005,0,0.2034,1,0.842,0.753,1,0.1629,1,0.0404,0
P0088,U006,0,0.8042,0,1.511,0.645,1,0.3116,1,0.4926,0
P0088,U007,1,0.9714,1,1.157,0.452,1,0.9452,1,0.0262,0
P0088,U008,1,0.9706,1,1.341,0.834,1,0.99,1,-0.0194,1
P0088,U009,0,0.8456,0,0.919,0.94,0,0.4777,1,0.3679,0
P0088,U010,1,0.6887,1,1.29,0.376,0,0.8397,1,0.151,0
P0089,U001,0,0.7447,0,1.335,0.745,1,0.8342,0,-0.0895,1
P0089,U002,1,0.855,1,1.433,0.533,0,0.8862,1,0.0312,0
P0089,U003,1,0.6504,1,1.196,0.069,0,0.7118,1,0.0614,0
P0089,U004,0,0.711,0,1.362,0.587,0,0.6509,0,0.0602,0
P0089,U005,0,0.4287,1,0.842,0.753,0,0.3283,1,0.1004,0
P0089,U006,0,0.8422,0,1.511,0.645,0,0.5859,0,0.2563,0
P0089,U007,1,0.764,1,1.157,0.452,0,0.8181,1,0.0542,0
P0089,U008,1,0.8929,1,1.341,0.834,0,0.9002,1,0.0073,0
P0089,U009,0,0.9359,0,0.919,0.94,0,0.8207,0,0.1151,0
P0089,U010,1,0.2122,0,1.29,0.376,0,0.3612,0,0.1491,0
P0090,U001,0,0.8059,0,1.335,0.745,1,0.5529,0,0.253,0
P0090,U002,1,0.7595,1,1.433,0.533,1,0.8131,1,0.0536,0
P0090,U003,1,0.5509,1,1.196,0.069,0,0.6142,1,0.0633,0
P0090,U004,0,0.3004,1,1.362,0.587,0,0.2675,1,0.0328,0
P0090,U005,0,0.4136,1,0.842,0.753,1,0.3394,1,0.0742,0
P0090,U006,0,0.313,1,1.511,0.645,1,0.23,1,0.0829,0
P0090,U007,1,0.8202,1,1.157,0.452,1,0.8505,1,0.0302,0
P0090,U008,1,0.8337,1,1.341,0.834,0,0.8646,1,0.0309,0
P0090,U009,0,0.8315,0,0.919,0.94,1,0.6788,0,0.1528,0
P0090,U010,1,0.4069,0,1.29,0.376,1,0.597,1,0.19,0
P0091,U001,0,0.6626,0,1.335,0.745,0,0.5052,0,0.1573,0
P0091,U002,1,0.4696,0,1.433,0.533,0,0.6116,1,0.142,0
P0091,U003,1,0.9208,1,1.196,0.069,0,0.9205,1,0.0003,0
P0091,U004,0,0.2218,1,1.362,0.587,0,0.192,1,0.0298,0
P0091,U005,0,0.4391,1,0.842,0.753,1,0.3765,1,0.0626,0
P0091,U006,0,0.5724,0,1.511,0.645,0,0.4246,1,0.1478,0
P0091,U007,1,0.4814,0,1.157,0.452,1,0.5835,1,0.1022,0
P0091,U008,1,0.6453,1,1.341,0.834,1,0.6929,1,0.0476,0
P0091,U009,0,0.9359,0,0.919,0.94,0,0.7151,0,0.2208,0
P0091,U010,1,0.118,0,1.29,0.376,1,0.2878,0,0.1698,1
P0092,U001,0,0.5837,0,1.335,0.745,0,0.4647,1,0.119,0
P0092,U002,1,0.7934,1,1.433,0.533,1,0.8506,1,0.0573,0
P0092,U003,1,0.4812,0,1.196,0.069,1,0.6631,1,0.1819,0
P0092,U004,0,0.3738,1,1.362,0.587,1,0.3104,1,0.0634,0
P0092,U005,0,0.2754,1,0.842,0.753,0,0.2291,1,0.0463,0
P0092,U006,0,0.5345,0,1.511,0.645,1,0.4511,1,0.0834,0
P0092,U007,1,0.3979,0,1.157,0.452,1,0.611,1,0.2131,0
P0092,U008,1,0.8055,1,1.341,0.834,1,0.8433,1,0.0378,0
P0092,U009,0,0.8809,0,0.919,0.94,1,0.7539,0,0.127,0
P0092,U010,1,0.7447,1,1.29,0.376,0,0.7921,1,0.0474,0
P0093,U001,0,0.3825,1,1.335,0.745,1,0.2678,1,0.1147,0
P0093,U002,1,0.976,1,1.433,0.533,1,0.9532,1,0.0228,0
P0093,U003,1,0.9289,1,1.196,0.069,1,0.9253,1,0.0037,0
P0093,U004,0,0.3942,1,1.362,0.587,1,0.2759,1,0.1183,0
P0093,U005,0,0.4355,1,0.842,0.753,1,0.3055,1,0.1301,0
P0093,U006,0,0.2957,1,1.511,0.645,1,0.2049,1,0.0908,0
P0093,U007,1,0.9885,1,1.157,0.452,1,0.9703,1,0.0183,0
P0093,U008,1,0.9002,1,1.341,0.834,1,0.9094,1,0.0092,0
P0093,U009,0,0.8867,0,0.919,0.94,0,0.5874,0,0.2993,0
P0093,U010,1,0.9697,1,1.29,0.376,0,0.9565,1,0.0132,0
P0094,U001,0,0.8186,0,1.335,0.745,0,0.5792,0,0.2395,0
P0094,U002,1,0.5763,1,1.433,0.533,1,0.651,1,0.0747,0
P0094,U003,1,0.8942,1,1.196,0.069,0,0.903,1,0.0088,0
P0094,U004,0,0.8085,0,1.362,0.587,0,0.5294,0,0.2792,0
P0094,U005,0,0.3831,1,0.842,0.753,0,0.2903,1,0.0928,0
P0094,U006,0,0.7586,0,1.511,0.645,1,0.6429,0,0.1157,0
P0094,U007,1,0.4205,0,1.157,0.452,0,0.5429,1,0.1225,0
P0094,U008,1,0.1832,0,1.341,0.834,1,0.3442,0,0.161,0
P0094,U009,0,0.8607,0,0.919,0.94,0,0.7052,0,0.1556,0
P0094,U010,1,0.8181,1,1.29,0.376,0,0.8597,1,0.0416,0
P0095,U001,0,0.1754,1,1.335,0.745,0,0.1344,1,0.0411,0
P0095,U002,1,0.3433,0,1.433,0.533,1,0.5977,1,0.2544,0
P0095,U003,1,0.7164,1,1.196,0.069,0,0.8288,1,0.1124,0
P0095,U004,0,0.491,1,1.362,0.587,1,0.3538,1,0.1372,0
P0095,U005,0,0.0862,1,0.842,0.753,0,0.084,1,0.0023,0
P0095,U006,0,0.3677,1,1.511,0.645,0,0.2063,1,0.1614,0
P0095,U007,1,0.6044,1,1.157,0.452,1,0.7694,1,0.165,0
P0095,U008,1,0.6568,1,1.341,0.834,1,0.7934,1,0.1366,0
P0095,U009,0,0.5312,0,0.919,0.94,1,0.3412,1,0.19,0
P0095,U010,1,0.3789,0,1.29,0.376,0,0.6765,1,0.2975,0
P0096,U001,0,0.5635,0,1.335,0.745,0,0.3586,1,0.2049,0
P0096,U002,1,0.9394,1,1.433,0.533,0,0.9339,1,0.0055,0
P0096,U003,1,0.3481,0,1.196,0.069,1,0.5231,1,0.175,0
P0096,U004,0,0.5967,0,1.362,0.587,0,0.4091,1,0.1876,0
P0096,U005,0,0.4448,1,0.842,0.753,0,0.3787,1,0.0661,0
P0096,U006,0,0.3185,1,1.511,0.645,0,0.2445,1,0.074,0
P0096,U007,1,0.631,1,1.157,0.452,0,0.7467,1,0.1156,0
P0096,U008,1,0.8973,1,1.341,0.834,1,0.9072,1,0.01,0
P0096,U009,0,0.8277,0,0.919,0.94,0,0.6713,0,0.1564,0
P0096,U010,1,0.294,0,1.29,0.376,0,0.2373,0,-0.0567,1
P0097,U001,0,0.7732,0,1.335,0.745,1,0.6977,0,0.0755,0
P0097,U002,1,0.0939,0,1.433,0.533,0,0.3971,0,0.3032,0
P0097,U003,1,0.4985,0,1.196,0.069,0,0.627,1,0.1285,0
P0097,U004,0,0.1658,1,1.362,0.587,1,0.1389,1,0.0269,0
P0097,U005,0,0.3642,1,0.842,0.753,0,0.3078,1,0.0564,0
P0097,U006,0,0.1956,1,1.511,0.645,0,0.5611,0,-0.3655,1
P0097,U007,1,0.4187,0,1.157,0.452,0,0.5406,1,0.1218,0
P0097,U008,1,0.2562,0,1.341,0.834,0,0.4529,0,0.1967,0
P0097,U009,0,0.4519,1,0.919,0.94,0,0.8201,0,-0.3682,1
P0097,U010,1,0.1102,0,1.29,0.376,0,0.3117,0,0.2015,0
P0098,U001,0,0.4233,1,1.335,0.745,1,0.9673,0,-0.544,1
P0098,U002,1,0.9029,1,1.433,0.533,0,0.9088,1,0.0059,0
P0098,U003,1,0.8917,1,1.196,0.069,1,0.8975,1,0.0057,0
P0098,U004,0,0.6688,0,1.362,0.587,0,0.5083,0,0.1605,0
P0098,U005,0,0.4041,1,0.842,0.753,0,0.3246,1,0.0795,0
P0098,U006,0,0.3901,1,1.511,0.645,0,0.2775,1,0.1126,0
P0098,U007,1,0.8308,1,1.157,0.452,1,0.8643,1,0.0335,0
P0098,U008,1,0.8363,1,1.341,0.834,0,0.8597,1,0.0234,0
P0098,U009,0,0.4808,1,0.919,0.94,0,0.5793,0,-0.0985,1
P0098,U010,1,0.6599,1,1.29,0.376,1,0.7374,1,0.0775,0
P0099,U001,0,0.6973,0,1.335,0.745,0,0.6099,0,0.0874,0
P0099,U002,1,0.9323,1,1.433,0.533,1,0.9292,1,0.0031,0
P0099,U003,1,0.975,1,1.196,0.069,1,0.9554,1,0.0196,0
P0099,U004,0,0.2279,1,1.362,0.587,1,0.1999,1,0.028,0
P0099,U005,0,0.3166,1,0.842,0.753,0,0.2652,1,0.0513,0
P0099,U006,0,0.5748,0,1.511,0.645,1,0.4127,1,0.1622,0
P0099,U007,1,0.8514,1,1.157,0.452,1,0.8726,1,0.0212,0
P0099,U008,1,0.6707,1,1.341,0.834,1,0.713,1,0.0422,0
P0099,U009,0,0.6909,0,0.919,0.94,0,0.5256,0,0.1653,0
P0099,U010,1,0.9166,1,1.29,0.376,1,0.9172,1,0.0005,0
P0100,U001,0,0.4864,1,1.335,0.745,0,0.4256,1,0.0608,0
P0100,U002,1,0.9969,1,1.433,0.533,0,0.9691,1,0.0278,0
P0100,U003,1,0.9816,1,1.196,0.069,1,0.9492,1,0.0324,0
P0100,U004,0,0.4325,1,1.362,0.587,0,0.66,0,-0.2275,1
P0100,U005,0,0.1002,1,0.842,0.753,0,0.0936,1,0.0065,0
P0100,U006,0,0.0846,1,1.511,0.645,0,0.083,1,0.0016,0
P0100,U007,1,0.803,1,1.157,0.452,0,0.8366,1,0.0336,0
P0100,U008,1,0.9679,1,1.341,0.834,0,0.9459,1,0.022,0
P0100,U009,0,0.1203,1,0.919,0.94,0,0.1076,1,0.0127,0
P0100,U010,1,0.9916,1,1.29,0.376,0,0.96,1,0.0316,0
P0101,U001,0,0.5621,0,1.335,0.745,0,0.5161,0,0.046,0
P0101,U002,1,0.0675,0,1.433,0.533,0,0.1216,0,0.0541,0
P0101,U003,1,0.2204,0,1.196,0.069,0,0.1927,0,-0.0278,0
P0101,U004,0,0.6363,0,1.362,0.587,0,0.6179,0,0.0184,0
P0101,U005,0,0.8766,0,0.842,0.753,0,0.8339,0,0.0428,0
P0101,U006,0,0.9186,0,1.511,0.645,0,0.7628,0,0.1558,0
P0101,U007,1,0.1797,0,1.157,0.452,0,0.2178,0,0.0381,0
P0101,U008,1,0.1784,0,1.341,0.834,0,0.2377,0,0.0593,0
P0101,U009,0,0.9726,0,0.919,0.94,0,0.8892,0,0.0834,0
P0101,U010,1,0.0246,0,1.29,0.376,0,0.011,0,-0.0136,0
P0102,U001,0,0.3606,1,1.335,0.745,0,0.3139,1,0.0466,0
P0102,U002,1,0.5479,1,1.433,0.533,0,0.5791,1,0.0312,0
P0102,U003,1,0.2944,0,1.196,0.069,1,0.4043,0,0.11,0
P0102,U004,0,0.0589,1,1.362,0.587,0,0.0645,1,0.0056,0
P0102,U005,0,0.0204,1,0.842,0.753,1,0.0324,1,0.012,0
P0102,U006,0,0.0288,1,1.511,0.645,1,0.0364,1,0.0075,0
P0102,U007,1,0.4851,0,1.157,0.452,1,0.5628,1,0.0777,0
P0102,U008,1,0.2153,0,1.341,0.834,1,0.314,0,0.0986,0
P0102,U009,0,0.0734,1,0.919,0.94,0,0.0737,1,0.0003,0
P0102,U010,1,0.023,0,1.29,0.376,0,0.1185,0,0.0955,0
P0103,U001,0,0.1633,1,1.335,0.745,1,0.1446,1,0.0187,0
P0103,U002,1,0.6039,1,1.433,0.533,0,0.6642,1,0.0603,0
P0103,U003,1,0.4409,0,1.196,0.069,0,0.5509,1,0.11,0
P0103,U004,0,0.2205,1,1.362,0.587,1,0.01,1,0.0705,1
P0103,U005,0,0.2409,1,0.842,0.753,0,0.226,1,0.0149,0
P0103,U006,0,0.4038,1,1.511,0.645,1,0.3276,1,0.0762,0
P0103,U007,1,0.5824,1,1.157,0.452,1,0.6349,1,0.0525,0
P0103,U008,1,0.6937,1,1.341,0.834,1,0.7704,1,0.0767,0
P0103,U009,0,0.8965,0,0.919,0.94,0,0.8006,0,0.0959,0
P0103,U010,1,0.5394,1,1.29,0.376,1,0.6104,1,0.0709,0
P0104,U001,0,0.6798,0,1.335,0.745,0,0.5299,0,0.1498,0
P0104,U002,1,0.2256,0,1.433,0.533,1,0.5065,1,0.2809,0
P0104,U003,1,0.4315,0,1.196,0.069,1,0.5716,1,0.1401,0
P0104,U004,0,0.351,1,1.362,0.587,1,0.2481,1,0.1029,0
P0104,U005,0,0.406,1,0.842,0.753,0,0.3667,1,0.0393,0
P0104,U006,0,0.7525,0,1.511,0.645,0,0.5037,0,0.2488,0
P0104,U007,1,0.5098,1,1.157,0.452,0,0.6153,1,0.1055,0
P0104,U008,1,0.1566,0,1.341,0.834,1,0.3272,0,0.1706,0
P0104,U009,0,0.7,0,0.919,0.94,0,0.4989,1,0.2011,0
P0104,U010,1,0.0481,0,1.29,0.376,0,0.2946,0,0.2466,0
P0105,U001,0,0.2032,1,1.335,0.745,1,0.1619,1,0.0413,0
P0105,U002,1,0.8621,1,1.433,0.533,1,0.8705,1,0.0084,0
P0105,U003,1,0.9345,1,1.196,0.069,0,0.9315,1,0.0031,0
P0105,U004,0,0.5426,0,1.362,0.587,0,0.4276,1,0.115,0
P0105,U005,0,0.0791,1,0.842,0.753,0,0.0793,1,0.0002,0
P0105,U006,0,0.2275,1,1.511,0.645,0,0.217,1,0.0105,0
P0105,U007,1,0.8366,1,1.157,0.452,1,0.8483,1,0.0117,0
P0105,U008,1,0.9332,1,1.341,0.834,0,0.9303,1,0.0029,0
P0105,U009,0,0.231,1,0.919,0.94,0,0.1818,1,0.0492,0
P0105,U010,1,0.8773,1,1.29,0.376,1,0.8848,1,0.0075,0
P0106,U001,0,0.0513,1,1.335,0.745,0,0.01,1,-0.0413,1
P0106,U002,1,0.9973,1,1.433,0.533,1,0.9534,1,0.0439,0
P0106,U003,1,0.9894,1,1.196,0.069,1,0.9532,1,0.0362,0
P0106,U004,0,0.0581,1,1.362,0.587,0,0.0671,1,0.0089,0
P0106,U005,0,0.0047,1,0.842,0.753,1,0.0379,1,0.0332,0
P0106,U006,0,0.0484,1,1.511,0.645,1,0.0649,1,0.0165,0
P0106,U007,1,0.9669,1,1.157,0.452,1,0.9464,1,0.0204,0
P0106,U008,1,0.9685,1,1.341,0.834,0,0.9466,1,0.0218,0
P0106,U009,0,0.1133,1,0.919,0.94,1,0.0898,1,0.0236,0
P0106,U010,1,0.9516,1,1.29,0.376,1,0.9351,1,0.0165,0
P0107,U001,0,0.1927,1,1.335,0.745,0,0.1523,1,0.0404,0
P0107,U002,1,0.4527,0,1.433,0.533,0,0.623,1,0.1703,0
P0107,U003,1,0.8016,1,1.196,0.069,1,0.8293,1,0.0276,0
P0107,U004,0,0.0911,1,1.362,0.587,0,0.088,1,0.0031,0
P0107,U005,0,0.0115,1,0.842,0.753,1,0.0427,1,0.0312,0
P0107,U006,0,0.1486,1,1.511,0.645,1,0.1295,1,0.0191,0
P0107,U007,1,0.2867,0,1.157,0.452,1,0.4608,0,0.1741,0
P0107,U008,1,0.6153,1,1.341,0.834,0,0.7278,1,0.1125,0
P0107,U009,0,0.6155,0,0.919,0.94,0,0.4522,1,0.1633,0
P0107,U010,1,0.2166,0,1.29,0.376,1,0.48,0,0.2634,0
P0108,U001,0,0.8351,0,1.335,0.745,0,0.5706,0,0.2645,0
P0108,U002,1,0.7268,1,1.433,0.533,1,0.8519,1,0.1252,0
P0108,U003,1,0.7747,1,1.196,0.069,1,0.8581,1,0.0834,0
P0108,U004,0,0.6672,0,1.362,0.587,1,0.3858,1,0.2814,0
P0108,U005,0,0.1477,1,0.842,0.753,1,0.1214,1,0.0263,0
P0108,U006,0,0.1606,1,1.511,0.645,0,0.1146,1,0.0461,0
P0108,U007,1,0.6436,1,1.157,0.452,0,0.7371,1,0.0935,0
P0108,U008,1,0.2611,0,1.341,0.834,1,0.5409,1,0.2799,0
P0108,U009,0,0.2761,1,0.919,0.94,0,0.205,1,0.0711,0
P0108,U010,1,0.3592,0,1.29,0.376,0,0.661,1,0.3018,0
P0109,U001,0,0.0257,1,1.335,0.745,0,0.0406,1,0.0149,0
P0109,U002,1,0.9771,1,1.433,0.533,0,0.803,1,-0.0599,1
P0109,U003,1,0.9443,1,1.196,0.069,1,0.937,1,0.0074,0
P0109,U004,0,0.0483,1,1.362,0.587,0,0.0579,1,0.0096,0
P0109,U005,0,0.0081,1,0.842,0.753,1,0.0325,1,0.0243,0
P0109,U006,0,0.2185,1,1.511,0.645,0,0.176,1,0.0425,0
P0109,U007,1,0.5538,1,1.157,0.452,0,0.5587,1,0.005,1
P0109,U008,1,0.7966,1,1.341,0.834,1,0.5431,1,-0.2535,1
P0109,U009,0,0.0423,1,0.919,0.94,1,0.0555,1,0.0132,0
P0109,U010,1,0.8726,1,1.29,0.376,1,0.5668,1,-0.3058,1
P0110,U001,0,0.6666,0,1.335,0.745,0,0.5909,0,0.0757,0
P0110,U002,1,0.3854,0,1.433,0.533,1,0.5177,1,0.1323,0
P0110,U003,1,0.3848,0,1.196,0.069,0,0.4909,0,0.1061,0
P0110,U004,0,0.7123,0,1.362,0.587,0,0.5596,0,0.1527,0
P0110,U005,0,0.3075,1,0.842,0.753,0,0.2521,1,0.0555,0
P0110,U006,0,0.8132,0,1.511,0.645,0,0.5419,0,0.2712,0
P0110,U007,1,0.4503,0,1.157,0.452,0,0.5526,1,0.1023,0
P0110,U008,1,0.1813,0,1.341,0.834,0,0.3292,0,0.1479,0
P0110,U009,0,0.8382,0,0.919,0.94,0,0.686,0,0.1521,0
P0110,U010,1,0.0973,0,1.29,0.376,0,0.273,0,0.1757,0
P0111,U001,0,0.076,1,1.335,0.745,1,0.0766,1,0.0006,0
P0111,U002,1,0.9028,1,1.433,0.533,1,0.9062,1,0.0034,0
P0111,U003,1,0.6189,1,1.196,0.069,0,0.6722,1,0.0533,0
P0111,U004,0,0.0752,1,1.362,0.587,0,0.0759,1,0.0007,0
P0111,U005,0,0.0303,1,0.842,0.753,0,0.0458,1,0.0155,0
P0111,U006,0,0.1289,1,1.511,0.645,0,0.1171,1,0.0118,0
P0111,U007,1,0.4965,0,1.157,0.452,0,0.5588,1,0.0623,0
P0111,U008,1,0.7151,1,1.341,0.834,0,0.7431,1,0.028,0
P0111,U009,0,0.2282,1,0.919,0.94,0,0.2001,1,0.028,0
P0111,U010,1,0.901,1,1.29,0.376,1,0.9059,1,0.0049,0
P0112,U001,0,0.5179,0,1.335,0.745,0,0.2739,1,0.244,0
P0112,U002,1,0.4202,0,1.433,0.533,0,0.7123,1,0.2921,0
P0112,U003,1,0.3652,0,1.196,0.069,0,0.6155,1,0.2503,0
P0112,U004,0,0.5541,0,1.362,0.587,0,0.352,1,0.2021,0
P0112,U005,0,0.7056,0,0.842,0.753,1,0.4528,1,0.2529,0
P0112,U006,0,0.668,0,1.511,0.645,0,0.4341,1,0.2339,0
P0112,U007,1,0.6396,1,1.157,0.452,1,0.7602,1,0.1206,0
P0112,U008,1,0.4417,0,1.341,0.834,0,0.6343,1,0.1926,0
P0112,U009,0,0.852,0,0.919,0.94,0,0.5464,0,0.3056,0
P0112,U010,1,0.0379,0,1.29,0.376,0,0.4401,0,0.4022,0
P0113,U001,0,0.1124,1,1.335,0.745,1,0.0962,1,0.0162,0
P0113,U002,1,0.7681,1,1.433,0.533,1,0.877,1,0.1089,0
P0113,U003,1,0.7515,1,1.196,0.069,1,0.8226,1,0.071,0
P0113,U004,0,0.0328,1,1.362,0.587,0,0.0565,1,0.0237,0
P0113,U005,0,0.0188,1,0.842,0.753,1,0.0473,1,0.0286,0
P0113,U006,0,0.0648,1,1.511,0.645,1,0.0737,1,0.0089,0
P0113,U007,1,0.5529,1,1.157,0.452,0,0.719,1,0.166,0
P0113,U008,1,0.9042,1,1.341,0.834,1,0.9115,1,0.0074,0
P0113,U009,0,0.1354,1,0.919,0.94,1,0.1068,1,0.0286,0
P0113,U010,1,0.4638,0,1.29,0.376,1,0.6999,1,0.2361,0
P0114,U001,0,0.198,1,1.335,0.745,0,0.1918,1,0.0062,0
P0114,U002,1,0.091,0,1.433,0.533,1,0.1733,0,0.0824,0
P0114,U003,1,0.0321,0,1.196,0.069,0,0.01,0,-0.0221,0
P0114,U004,0,0.089,1,1.362,0.587,0,0.0889,1,0.0001,0
P0114,U005,0,0.0785,1,0.842,0.753,0,0.0786,1,0.0001,0
P0114,U006,0,0.6879,0,1.511,0.645,0,0.6957,0,-0.0078,0
P0114,U007,1,0.2853,0,1.157,0.452,0,0.3731,0,0.0877,0
P0114,U008,1,0.0527,0,1.341,0.834,0,0.1952,0,0.1426,0
P0114,U009,0,0.6696,0,0.919,0.94,0,0.6248,0,0.0448,0
P0114,U010,1,0.0575,0,1.29,0.376,0,0.0944,0,0.0369,0
P0115,U001,0,0.7307,0,1.335,0.745,0,0.6306,0,0.1001,0
P0115,U002,1,0.4291,0,1.433,0.533,0,0.55,1,0.1209,0
P0115,U003,1,0.6861,1,1.196,0.069,0,0.7358,1,0.0497,0
P0115,U004,0,0.6734,0,1.362,0.587,1,0.6107,0,0.0628,0
P0115,U005,0,0.5717,0,0.842,0.753,0,0.5214,0,0.0503,0
P0115,U006,0,0.5389,0,1.511,0.645,1,0.4505,1,0.0884,0
P0115,U007,1,0.2487,0,1.157,0.452,0,0.3789,0,0.1301,0
P0115,U008,1,0.3864,0,1.341,0.834,1,0.4328,0,0.0464,0
P0115,U009,0,0.7455,0,0.919,0.94,0,0.6604,0,0.0851,0
P0115,U010,1,0.0725,0,1.29,0.376,1,0.224,0,0.1515,0
P0116,U001,0,0.2123,1,1.335,0.745,0,0.1425,1,0.0699,0
P0116,U002,1,0.3254,0,1.433,0.533,1,0.5972,1,0.2717,0
P0116,U003,1,0.7078,1,1.196,0.069,0,0.8019,1,0.0941,0
P0116,U004,0,0.192,1,1.362,0.587,0,0.1402,1,0.0518,0
P0116,U005,0,0.0482,1,0.842,0.753,1,0.0596,1,0.0114,0
P0116,U006,0,0.282,1,1.511,0.645,1,0.1726,1,0.1093,0
P0116,U007,1,0.4817,0,1.157,0.452,0,0.6735,1,0.1919,0
P0116,U008,1,0.3818,0,1.341,0.834,0,0.6187,1,0.237,0
P0116,U009,0,0.7322,0,0.919,0.94,1,0.4815,1,0.2507,0
P0116,U010,1,0.0365,0,1.29,0.376,1,0.5299,1,0.4934,0
P0117,U001,0,0.0768,1,1.335,0.745,0,0.0782,1,0.0014,0
P0117,U002,1,0.9522,1,1.433,0.533,1,0.9449,1,0.0072,0
P0117,U003,1,0.9865,1,1.196,0.069,0,0.982,1,0.0045,0
P0117,U004,0,0.4939,1,1.362,0.587,0,0.335,1,0.1589,0
P0117,U005,0,0.1035,1,0.842,0.753,1,0.0968,1,0.0067,0
P0117,U006,0,0.3286,1,1.511,0.645,0,0.2764,1,0.0522,0
P0117,U007,1,0.8554,1,1.157,0.452,0,0.8734,1,0.0179,0
P0117,U008,1,0.8636,1,1.341,0.834,0,0.8783,1,0.0147,0
P0117,U009,0,0.3603,1,0.919,0.94,1,0.2854,1,0.0749,0
P0117,U010,1,0.9854,1,1.29,0.376,0,0.9771,1,0.0083,0
P0118,U001,0,0.1981,1,1.335,0.745,1,0.1619,1,0.0362,0
P0118,U002,1,0.9997,1,1.433,0.533,0,0.9539,1,0.0458,1
P0118,U003,1,0.981,1,1.196,0.069,1,0.9517,1,0.0293,0
P0118,U004,0,0.1359,1,1.362,0.587,1,0.1149,1,0.021,0
P0118,U005,0,0.2167,1,0.842,0.753,1,0.1631,1,0.0536,0
P0118,U006,0,0.4363,1,1.511,0.645,0,0.2634,1,0.1729,0
P0118,U007,1,0.9358,1,1.157,0.452,1,0.929,1,0.0068,0
P0118,U008,1,0.973,1,1.341,0.834,0,0.9541,1,0.0189,0
P0118,U009,0,0.449,1,0.919,0.94,0,0.2964,1,0.1526,0
P0118,U010,1,0.9985,1,1.29,0.376,1,0.9592,1,0.0393,0
P0119,U001,0,0.9302,0,1.335,0.745,0,0.7775,0,0.1527,0
P0119,U002,1,0.8304,1,1.433,0.533,0,0.8392,1,0.0088,0
P0119,U003,1,0.8974,1,1.196,0.069,0,0.9029,1,0.0055,0
P0119,U004,0,0.6715,0,1.362,0.587,0,0.4615,1,0.21,0
P0119,U005,0,0.6725,0,0.842,0.753,1,0.5516,0,0.1209,0
P0119,U006,0,0.5389,0,1.511,0.645,0,0.4568,1,0.0821,0
P0119,U007,1,0.5615,1,1.157,0.452,0,0.5928,1,0.0313,0
P0119,U008,1,0.8712,1,1.341,0.834,0,0.8804,1,0.0092,0
P0119,U009,0,0.6915,0,0.919,0.94,0,0.6128,0,0.0787,0
P0119,U010,1,0.405,0,1.29,0.376,0,0.4707,0,0.0657,0
P0120,U001,0,0.2291,1,1.335,0.745,1,0.1404,1,0.0887,0
P0120,U002,1,0.0992,0,1.433,0.533,0,0.5298,1,0.4307,0
P0120,U003,1,0.1496,0,1.196,0.069,1,0.5787,1,0.4291,0
P0120,U004,0,0.3758,1,1.362,0.587,1,0.1779,1,0.1979,0
P0120,U005,0,0.1134,1,0.842,0.753,1,0.1013,1,0.0121,0
P0120,U006,0,0.4121,1,1.511,0.645,1,0.201,1,0.2112,0
P0120,U007,1,0.0619,0,1.157,0.452,1,0.5447,1,0.4828,0
P0120,U008,1,0.4266,0,1.341,0.834,0,0.7487,1,0.3221,0
P0120,U009,0,0.2468,1,0.919,0.94,0,0.1577,1,0.0891,0
P0120,U010,1,0.0452,0,1.29,0.376,1,0.5015,1,0.4563,0
P0121,U001,0,0.4166,1,1.335,0.745,1,0.3462,1,0.0704,0
P0121,U002,1,0.7725,1,1.433,0.533,0,0.7841,1,0.0116,0
P0121,U003,1,0.6304,1,1.196,0.069,0,0.6737,1,0.0433,0
P0121,U004,0,0.6551,0,1.362,0.587,0,0.5782,0,0.0768,0
P0121,U005,0,0.2345,1,0.842,0.753,0,0.2177,1,0.0168,0
P0121,U006,0,0.5945,0,1.511,0.645,0,0.5142,0,0.0803,0
P0121,U007,1,0.2289,0,1.157,0.452,0,0.3497,0,0.1208,0
P0121,U008,1,0.2891,0,1.341,0.834,0,0.3704,0,0.0813,0
P0121,U009,0,0.6863,0,0.919,0.94,0,0.6217,0,0.0646,0
P0121,U010,1,0.2371,0,1.29,0.376,0,0.3919,0,0.1548,0
P0122,U001,0,0.0933,1,1.335,0.745,1,0.0872,1,0.0061,0
P0122,U002,1,0.9639,1,1.433,0.533,0,0.9421,1,0.0219,0
P0122,U003,1,0.8415,1,1.196,0.069,1,0.8759,1,0.0344,0
P0122,U004,0,0.2075,1,1.362,0.587,1,0.1677,1,0.0398,0
P0122,U005,0,0.0638,1,0.842,0.753,1,0.0669,1,0.0031,0
P0122,U006,0,0.1584,1,1.511,0.645,1,0.1306,1,0.0278,0
P0122,U007,1,0.9033,1,1.157,0.452,0,0.9078,1,0.0045,0
P0122,U008,1,0.9263,1,1.341,0.834,0,0.923,1,0.0034,0
P0122,U009,0,0.2449,1,0.919,0.94,1,0.1765,1,0.0684,0
P0122,U010,1,0.9749,1,1.29,0.376,0,0.9527,1,0.0222,0
P0123,U001,0,0.0258,1,1.335,0.745,1,0.0423,1,0.0165,0
P0123,U002,1,0.2505,0,1.433,0.533,1,0.453,0,0.2025,0
P0123,U003,1,0.9367,1,1.196,0.069,0,0.9308,1,0.0059,0
P0123,U004,0,0.0125,1,1.362,0.587,1,0.0393,1,0.0269,0
P0123,U005,0,0.0033,1,0.842,0.753,1,0.0179,1,0.0146,0
P0123,U006,0,0.0466,1,1.511,0.645,1,0.0577,1,0.0111,0
P0123,U007,1,0.1896,0,1.157,0.452,0,0.3204,0,0.1308,0
P0123,U008,1,0.9365,1,1.341,0.834,0,0.9314,1,0.0051,0
P0123,U009,0,0.0254,1,0.919,0.94,0,0.0407,1,0.0153,0
P0123,U010,1,0.2407,0,1.29,0.376,0,0.4565,0,0.2158,0
P0124,U001,0,0.9231,0,1.335,0.745,0,0.99,0,-0.0669,1
P0124,U002,1,0.2714,0,1.433,0.533,0,0.3419,0,0.0705,0
P0124,U003,1,0.3135,0,1.196,0.069,1,0.455,0,0.1415,0
P0124,U004,0,0.085,1,1.362,0.587,0,0.0839,1,0.0011,0
P0124,U005,0,0.0938,1,0.842,0.753,1,0.0925,1,0.0014,0
P0124,U006,0,0.9588,0,1.511,0.645,0,0.8882,0,0.0706,0
P0124,U007,1,0.5417,1,1.157,0.452,0,0.2949,0,-0.2468,1
P0124,U008,1,0.8432,1,1.341,0.834,1,0.8624,1,0.0191,0
P0124,U009,0,0.8495,0,0.919,0.94,0,0.7708,0,0.0787,0
P0124,U010,1,0.8656,1,1.29,0.376,0,0.876,1,0.0104,0
P0125,U001,0,0.1374,1,1.335,0.745,1,0.1068,1,0.0306,0
P0125,U002,1,0.84,1,1.433,0.533,1,0.8802,1,0.0402,0
P0125,U003,1,0.9485,1,1.196,0.069,0,0.9356,1,0.0129,0
P0125,U004,0,0.6509,0,1.362,0.587,0,0.3737,1,0.2772,0
P0125,U005,0,0.1804,1,0.842,0.753,1,0.1385,1,0.042,0
P0125,U006,0,0.1819,1,1.511,0.645,1,0.1303,1,0.0516,0
P0125,U007,1,0.7577,1,1.157,0.452,1,0.845,1,0.0873,0
P0125,U008,1,0.6931,1,1.341,0.834,1,0.8212,1,0.1281,0
P0125,U009,0,0.3362,1,0.919,0.94,0,0.2455,1,0.0908,0
P0125,U010,1,0.9777,1,1.29,0.376,1,0.9534,1,0.0243,0
P0126,U001,0,0.2167,1,1.335,0.745,0,0.1854,1,0.0313,0
P0126,U002,1,0.9066,1,1.433,0.533,1,0.9109,1,0.0043,0
P0126,U003,1,0.9172,1,1.196,0.069,1,0.9185,1,0.0013,0
P0126,U004,0,0.3163,1,1.362,0.587,1,0.2438,1,0.0725,0
P0126,U005,0,0.2276,1,0.842,0.753,1,0.1627,1,0.0649,0
P0126,U006,0,0.6881,0,1.511,0.645,0,0.5168,0,0.1714,0
P0126,U007,1,0.9365,1,1.157,0.452,0,0.9306,1,0.0059,0
P0126,U008,1,0.8615,1,1.341,0.834,0,0.8795,1,0.018,0
P0126,U009,0,0.7108,0,0.919,0.94,1,0.5679,0,0.1429,0
P0126,U010,1,0.5646,1,1.29,0.376,0,0.6885,1,0.124,0
P0127,U001,0,0.4757,1,1.335,0.745,0,0.3251,1,0.1506,0
P0127,U002,1,0.3242,0,1.433,0.533,1,0.5293,1,0.2051,0
P0127,U003,1,0.7936,1,1.196,0.069,0,0.8366,1,0.043,0
P0127,U004,0,0.5319,0,1.362,0.587,0,0.4309,1,0.101,0
P0127,U005,0,0.115,1,0.842,0.753,0,0.1041,1,0.0108,0
P0127,U006,0,0.8724,0,1.511,0.645,0,0.5788,0,0.2936,0
P0127,U007,1,0.2388,0,1.157,0.452,1,0.4208,0,0.182,0
P0127,U008,1,0.4051,0,1.341,0.834,0,0.5663,1,0.1612,0
P0127,U009,0,0.5606,0,0.919,0.94,0,0.4493,1,0.1113,0
P0127,U010,1,0.0871,0,1.29,0.376,0,0.3864,0,0.2993,0
P0128,U001,0,0.5593,0,1.335,0.745,0,0.4866,1,0.0727,0
P0128,U002,1,0.1207,0,1.433,0.533,0,0.2034,0,0.0828,0
P0128,U003,1,0.1771,0,1.196,0.069,0,0.3521,0,0.175,0
P0128,U004,0,0.6842,0,1.362,0.587,0,0.6812,0,0.0029,0
P0128,U005,0,0.6217,0,0.842,0.753,1,0.534,0,0.0877,0
P0128,U006,0,0.8539,0,1.511,0.645,0,0.6541,0,0.1998,0
P0128,U007,1,0.256,0,1.157,0.452,0,0.388,0,0.132,0
P0128,U008,1,0.3557,0,1.341,0.834,1,0.3969,0,0.0412,0
P0128,U009,0,0.9744,0,0.919,0.94,0,0.8992,0,0.0752,0
P0128,U010,1,0.019,0,1.29,0.376,0,0.1307,0,0.1117,0
P0129,U001,0,0.6003,0,1.335,0.745,0,0.3948,1,0.2054,0
P0129,U002,1,0.8831,1,1.433,0.533,1,0.99,1,-0.0331,1
P0129,U003,1,0.5518,1,1.196,0.069,1,0.7279,1,0.1761,0
P0129,U004,0,0.3518,1,1.362,0.587,0,0.2421,1,0.1097,0
P0129,U005,0,0.4916,1,0.842,0.753,0,0.638,0,-0.1464,1
P0129,U006,0,0.7867,0,1.511,0.645,0,0.6005,0,0.1863,0
P0129,U007,1,0.7287,1,1.157,0.452,1,0.7962,1,0.0675,0
P0129,U008,1,0.9129,1,1.341,0.834,0,0.99,1,-0.0629,1
P0129,U009,0,0.6264,0,0.919,0.94,0,0.4207,1,0.2057,0
P0129,U010,1,0.8425,1,1.29,0.376,1,0.8698,1,0.0273,0
P0130,U001,0,0.742,0,1.335,0.745,0,0.703,0,0.0389,0
P0130,U002,1,0.9205,1,1.433,0.533,0,0.9205,1,0.0,0
P0130,U003,1,0.8444,1,1.196,0.069,0,0.8415,1,-0.0029,0
P0130,U004,0,0.8217,0,1.362,0.587,0,0.8426,0,-0.0209,0
P0130,U005,0,0.7733,0,0.842,0.753,0,0.7364,0,0.0369,0
P0130,U006,0,0.7679,0,1.511,0.645,0,0.8017,0,-0.0338,0
P0130,U007,1,0.3291,0,1.157,0.452,1,0.406,0,0.077,0
P0130,U008,1,0.5695,1,1.341,0.834,0,0.5987,1,0.0292,0
P0130,U009,0,0.9509,0,0.919,0.94,0,0.99,0,-0.0391,0
P0130,U010,1,0.4514,0,1.29,0.376,0,0.5531,1,0.1017,0
P0131,U001,0,0.2505,1,1.335,0.745,0,0.2224,1,0.0281,0
P0131,U002,1,0.4932,0,1.433,0.533,0,0.5959,1,0.1026,0
P0131,U003,1,0.692,1,1.196,0.069,1,0.7471,1,0.0551,0
P0131,U004,0,0.5568,0,1.362,0.587,0,0.453,1,0.1038,0
P0131,U005,0,0.2417,1,0.842,0.753,0,0.1992,1,0.0425,0
P0131,U006,0,0.1712,1,1.511,0.645,0,0.1438,1,0.0275,0
P0131,U007,1,0.5649,1,1.157,0.452,0,0.6965,1,0.1316,0
P0131,U008,1,0.343,0,1.341,0.834,0,0.5051,1,0.1621,0
P0131,U009,0,0.7364,0,0.919,0.94,0,0.5784,0,0.158,0
P0131,U010,1,0.57,1,1.29,0.376,0,0.6432,1,0.0731,0
P0132,U001,0,0.5693,0,1.335,0.745,0,0.3232,1,0.2461,0
P0132,U002,1,0.9798,1,1.433,0.533,0,0.9426,1,0.0372,0
P0132,U003,1,0.8642,1,1.196,0.069,0,0.8895,1,0.0252,0
P0132,U004,0,0.5853,0,1.362,0.587,0,0.4447,1,0.1406,1
P0132,U005,0,0.4307,1,0.842,0.753,0,0.3039,1,0.1268,0
P0132,U006,0,0.6468,0,1.511,0.645,0,0.371,1,0.2759,0
P0132,U007,1,0.7842,1,1.157,0.452,0,0.9239,1,0.1318,1
P0132,U008,1,0.5205,1,1.341,0.834,1,0.7745,1,0.2539,0
P0132,U009,0,0.5015,0,0.919,0.94,0,0.3233,1,0.1782,0
P0132,U010,1,0.445,0,1.29,0.376,0,0.6929,1,0.2478,0
P0133,U001,0,0.5458,0,1.335,0.745,0,0.4116,1,0.1341,0
P0133,U002,1,0.5696,1,1.433,0.533,1,0.6806,1,0.111,0
P0133,U003,1,0.7496,1,1.196,0.069,0,0.7948,1,0.0451,0
P0133,U004,0,0.1126,1,1.362,0.587,1,0.1022,1,0.0105,0
P0133,U005,0,0.4508,1,0.842,0.753,1,0.3032,1,0.1476,0
P0133,U006,0,0.7235,0,1.511,0.645,1,0.5416,0,0.1818,0
P0133,U007,1,0.8635,1,1.157,0.452,0,0.8787,1,0.0153,0
P0133,U008,1,0.4937,0,1.341,0.834,1,0.6731,1,0.1794,0
P0133,U009,0,0.8751,0,0.919,0.94,0,0.6918,0,0.1833,0
P0133,U010,1,0.6485,1,1.29,0.376,0,0.6863,1,0.0378,0
P0134,U001,0,0.0863,1,1.335,0.745,0,0.0845,1,0.0018,0
P0134,U002,1,0.8698,1,1.433,0.533,0,0.8808,1,0.011,0
P0134,U003,1,0.8934,1,1.196,0.069,0,0.99,1,-0.0434,1
P0134,U004,0,0.0898,1,1.362,0.587,0,0.0478,1,-0.0224,1
P0134,U005,0,0.0423,1,0.842,0.753,0,0.0484,1,0.0061,0
P0134,U006,0,0.0277,1,1.511,0.645,0,0.0431,1,0.0154,0
P0134,U007,1,0.8672,1,1.157,0.452,1,0.9169,1,0.0497,1
P0134,U008,1,0.8462,1,1.341,0.834,0,0.7044,1,-0.1418,1
P0134,U009,0,0.0891,1,0.919,0.94,1,0.0875,1,0.0016,0
P0134,U010,1,0.8808,1,1.29,0.376,0,0.8851,1,0.0042,0
P0135,U001,0,0.5362,0,1.335,0.745,1,0.437,1,0.0993,0
P0135,U002,1,0.0303,0,1.433,0.533,0,0.2019,0,0.1717,0
P0135,U003,1,0.0192,0,1.196,0.069,0,0.1568,0,0.1376,0
P0135,U004,0,0.6005,0,1.362,0.587,0,0.5922,0,0.0082,0
P0135,U005,0,0.0578,1,0.842,0.753,0,0.0612,1,0.0034,0
P0135,U006,0,0.529,0,1.511,0.645,0,0.4881,1,0.0409,0
P0135,U007,1,0.5364,1,1.157,0.452,1,0.6312,1,0.0949,0
P0135,U008,1,0.2735,0,1.341,0.834,0,0.2848,0,0.0113,0
P0135,U009,0,0.3397,1,0.919,0.94,0,0.309,1,0.0307,0
P0135,U010,1,0.1353,0,1.29,0.376,0,0.3076,0,0.1723,0
P0136,U001,0,0.31,1,1.335,0.745,1,0.2106,1,0.0994,0
P0136,U002,1,0.8056,1,1.433,0.533,0,0.8415,1,0.0359,0
P0136,U003,1,0.9534,1,1.196,0.069,1,0.9415,1,0.012,0
P0136,U004,0,0.8105,0,1.362,0.587,0,0.5388,0,0.2718,0
P0136,U005,0,0.9072,0,0.842,0.753,0,0.6262,0,0.281,0
P0136,U006,0,0.8176,0,1.511,0.645,0,0.6128,0,0.2048,0
P0136,U007,1,0.5595,1,1.157,0.452,1,0.7114,1,0.1519,0
P0136,U008,1,0.9054,1,1.341,0.834,1,0.9113,1,0.0059,0
P0136,U009,0,0.97,0,0.919,0.94,0,0.6293,0,0.3406,0
P0136,U010,1,0.6127,1,1.29,0.376,0,0.7038,1,0.091,0
P0137,U001,0,0.2316,1,1.335,0.745,0,0.2079,1,0.0237,0
P0137,U002,1,0.9267,1,1.433,0.533,0,0.9254,1,0.0013,0
P0137,U003,1,0.4975,0,1.196,0.069,0,0.3845,0,-0.1131,1
P0137,U004,0,0.1895,1,1.362,0.587,0,0.1812,1,0.0083,0
P0137,U005,0,0.0422,1,0.842,0.753,1,0.0469,1,0.0047,0
P0137,U006,0,0.0452,1,1.511,0.645,0,0.0524,1,0.0072,0
P0137,U007,1,0.6814,1,1.157,0.452,0,0.7002,1,0.0188,0
P0137,U008,1,0.0719,0,1.341,0.834,0,0.1639,0,0.092,0
P0137,U009,0,0.0501,1,0.919,0.94,1,0.0561,1,0.0059,0
P0137,U010,1,0.201,0,1.29,0.376,0,0.3525,0,0.1516,0
P0138,U001,0,0.9032,0,1.335,0.745,0,0.6813,0,0.2219,0
P0138,U002,1,0.4109,0,1.433,0.533,1,0.4967,0,0.0858,0
P0138,U003,1,0.5485,1,1.196,0.069,1,0.6709,1,0.1224,0
P0138,U004,0,0.5471,0,1.362,0.587,0,0.4142,1,0.1329,0
P0138,U005,0,0.6554,0,0.842,0.753,1,0.461,1,0.1945,0
P0138,U006,0,0.6964,0,1.511,0.645,1,0.4809,1,0.2155,0
P0138,U007,1,0.0725,0,1.157,0.452,0,0.3526,0,0.28,0
P0138,U008,1,0.4289,0,1.341,0.834,0,0.5497,1,0.1208,0
P0138,U009,0,0.9645,0,0.919,0.94,0,0.6716,0,0.2928,0
P0138,U010,1,0.2615,0,1.29,0.376,0,0.4103,0,0.1488,0
P0139,U001,0,0.2093,1,1.335,0.745,0,0.1774,1,0.0319,0
P0139,U002,1,0.937,1,1.433,0.533,0,0.9302,1,0.0068,0
P0139,U003,1,0.8932,1,1.196,0.069,1,0.9047,1,0.0115,0
P0139,U004,0,0.3232,1,1.362,0.587,1,0.2065,1,0.1166,0
P0139,U005,0,0.0573,1,0.842,0.753,0,0.0648,1,0.0075,0
P0139,U006,0,0.2378,1,1.511,0.645,1,0.1839,1,0.0539,0
P0139,U007,1,0.8411,1,1.157,0.452,0,0.872,1,0.0309,0
P0139,U008,1,0.4737,0,1.341,0.834,0,0.6374,1,0.1637,0
P0139,U009,0,0.3084,1,0.919,0.94,0,0.2478,1,0.0606,0
P0139,U010,1,0.8212,1,1.29,0.376,0,0.8629,1,0.0417,0
P0140,U001,0,0.0957,1,1.335,0.745,0,0.0889,1,0.0069,0
P0140,U002,1,0.6922,1,1.433,0.533,0,0.7486,1,0.0564,0
P0140,U003,1,0.3563,0,1.196,0.069,0,0.541,1,0.1848,0
P0140,U004,0,0.2307,1,1.362,0.587,0,0.1424,1,0.0883,0
P0140,U005,0,0.043,1,0.842,0.753,0,0.0592,1,0.0162,0
P0140,U006,0,0.0742,1,1.511,0.645,0,0.0768,1,0.0027,0
P0140,U007,1,0.4467,0,1.157,0.452,0,0.6354,1,0.1887,0
P0140,U008,1,0.5406,1,1.341,0.834,1,0.6963,1,0.1557,0
P0140,U009,0,0.4835,1,0.919,0.94,1,0.3774,1,0.1061,0
P0140,U010,1,0.1462,0,1.29,0.376,1,0.4442,0,0.298,0
P0141,U001,0,0.4542,1,1.335,0.745,0,0.3365,1,0.1176,0
P0141,U002,1,0.781,1,1.433,0.533,0,0.8187,1,0.0377,0
P0141,U003,1,0.5927,1,1.196,0.069,0,0.7207,1,0.128,0
P0141,U004,0,0.3197,1,1.362,0.587,1,0.2582,1,0.0615,0
P0141,U005,0,0.0529,1,0.842,0.753,0,0.0616,1,0.0087,0
P0141,U006,0,0.2818,1,1.511,0.645,1,0.2121,1,0.0698,0
P0141,U007,1,0.2456,0,1.157,0.452,0,0.5544,1,0.3088,0
P0141,U008,1,0.8589,1,1.341,0.834,0,0.8777,1,0.0189,0
P0141,U009,0,0.0639,1,0.919,0.94,0,0.0698,1,0.0058,0
P0141,U010,1,0.218,0,1.29,0.376,1,0.5448,1,0.3268,0
P0142,U001,0,0.2191,1,1.335,0.745,0,0.1677,1,0.0514,0
P0142,U002,1,0.7618,1,1.433,0.533,0,0.815,1,0.0532,0
P0142,U003,1,0.9798,1,1.196,0.069,0,0.9705,1,0.0093,0
P0142,U004,0,0.0279,1,1.362,0.587,0,0.0383,1,0.0104,0
P0142,U005,0,0.0459,1,0.842,0.753,0,0.0516,1,0.0057,0
P0142,U006,0,0.2234,1,1.511,0.645,0,0.175,1,0.0484,0
P0142,U007,1,0.8514,1,1.157,0.452,1,0.874,1,0.0227,0
P0142,U008,1,0.821,1,1.341,0.834,0,0.8387,1,0.0177,0
P0142,U009,0,0.0738,1,0.919,0.94,0,0.0753,1,0.0016,0
P0142,U010,1,0.6979,1,1.29,0.376,1,0.7666,1,0.0687,0
P0143,U001,0,0.4209,1,1.335,0.745,0,0.4233,1,-0.0024,0
P0143,U002,1,0.8575,1,1.433,0.533,0,0.8605,1,0.003,0
P0143,U003,1,0.8535,1,1.196,0.069,0,0.8569,1,0.0034,0
P0143,U004,0,0.6112,0,1.362,0.587,0,0.5789,0,0.0323,0
P0143,U005,0,0.7737,0,0.842,0.753,0,0.662,0,0.1118,0
P0143,U006,0,0.7002,0,1.511,0.645,1,0.6097,0,0.0905,0
P0143,U007,1,0.869,1,1.157,0.452,0,0.8728,1,0.0038,0
P0143,U008,1,0.6162,1,1.341,0.834,0,0.6182,1,0.002,0
P0143,U009,0,0.924,0,0.919,0.94,0,0.9421,0,-0.018,0
P0143,U010,1,0.8648,1,1.29,0.376,0,0.8742,1,0.0095,0
P0144,U001,0,0.4697,1,1.335,0.745,0,0.3937,1,0.076,0
P0144,U002,1,0.9602,1,1.433,0.533,0,0.953,1,0.0073,0
P0144,U003,1,0.9929,1,1.196,0.069,0,0.9737,1,0.0192,0
P0144,U004,0,0.2247,1,1.362,0.587,1,0.1894,1,0.0353,0
P0144,U005,0,0.0379,1,0.842,0.753,0,0.0462,1,0.0083,0
P0144,U006,0,0.0828,1,1.511,0.645,1,0.1336,1,-0.0509,1
P0144,U007,1,0.8363,1,1.157,0.452,0,0.8617,1,0.0254,0
P0144,U008,1,0.9119,1,1.341,0.834,0,0.9136,1,0.0016,0
P0144,U009,0,0.4848,1,0.919,0.94,1,0.4064,1,0.0785,0
P0144,U010,1,0.863,1,1.29,0.376,0,0.8729,1,0.0099,0
P0145,U001,0,0.1178,1,1.335,0.745,1,0.1041,1,0.0137,0
P0145,U002,1,0.9514,1,1.433,0.533,1,0.937,1,0.0144,0
P0145,U003,1,0.9857,1,1.196,0.069,1,0.9628,1,0.0229,0
P0145,U004,0,0.1566,1,1.362,0.587,1,0.1242,1,0.0323,0
P0145,U005,0,0.0158,1,0.842,0.753,1,0.0389,1,0.0231,0
P0145,U006,0,0.1021,1,1.511,0.645,0,0.0944,1,0.0077,0
P0145,U007,1,0.5092,1,1.157,0.452,1,0.6843,1,0.1751,0
P0145,U008,1,0.9114,1,1.341,0.834,0,0.9148,1,0.0033,0
P0145,U009,0,0.4436,1,0.919,0.94,1,0.3108,1,0.1328,0
P0145,U010,1,0.941,1,1.29,0.376,1,0.9359,1,0.005,0
P0146,U001,0,0.1621,1,1.335,0.745,0,0.1535,1,0.0086,0
P0146,U002,1,0.1737,0,1.433,0.533,0,0.2938,0,0.1201,0
P0146,U003,1,0.6321,1,1.196,0.069,0,0.6453,1,0.0133,0
P0146,U004,0,0.2936,1,1.362,0.587,0,0.3009,1,-0.0073,0
P0146,U005,0,0.3616,1,0.842,0.753,0,0.3328,1,0.0288,0
P0146,U006,0,0.9801,0,1.511,0.645,1,0.9204,0,0.0597,0
P0146,U007,1,0.3294,0,1.157,0.452,0,0.401,0,0.0716,0
P0146,U008,1,0.0668,0,1.341,0.834,1,0.0591,0,-0.0078,0
P0146,U009,0,0.9079,0,0.919,0.94,0,0.7958,0,0.112,0
P0146,U010,1,0.1158,0,1.29,0.376,0,0.1937,0,0.0779,0
P0147,U001,0,0.0495,1,1.335,0.745,1,0.0588,1,0.0093,0
P0147,U002,1,0.9098,1,1.433,0.533,0,0.604,1,-0.3058,1
P0147,U003,1,0.8805,1,1.196,0.069,1,0.8963,1,0.0158,0
P0147,U004,0,0.0275,1,1.362,0.587,0,0.0514,1,0.0239,0
P0147,U005,0,0.0034,1,0.842,0.753,0,0.0294,1,0.0261,0
P0147,U006,0,0.0314,1,1.511,0.645,1,0.0525,1,0.0211,0
P0147,U007,1,0.782,1,1.157,0.452,1,0.8273,1,0.0454,0
P0147,U008,1,0.6266,1,1.341,0.834,0,0.761,1,0.1344,0
P0147,U009,0,0.3291,1,0.919,0.94,1,0.276,1,0.0532,0
P0147,U010,1,0.3084,0,1.29,0.376,1,0.512,1,0.2036,0
P0148,U001,0,0.8974,0,1.335,0.745,0,0.8103,0,0.087,0
P0148,U002,1,0.9252,1,1.433,0.533,0,0.9237,1,0.0016,0
P0148,U003,1,0.8183,1,1.196,0.069,0,0.8379,1,0.0196,0
P0148,U004,0,0.5625,0,1.362,0.587,0,0.4366,1,0.1259,0
P0148,U005,0,0.6696,0,0.842,0.753,0,0.574,0,0.0955,0
P0148,U006,0,0.3537,1,1.511,0.645,0,0.2766,1,0.0771,0
P0148,U007,1,0.8621,1,1.157,0.452,0,0.8728,1,0.0107,0
P0148,U008,1,0.975,1,1.341,0.834,0,0.9598,1,0.0152,0
P0148,U009,0,0.8615,0,0.919,0.94,0,0.6512,0,0.2102,0
P0148,U010,1,0.9245,1,1.29,0.376,0,0.9231,1,0.0014,0
P0149,U001,0,0.8852,0,1.335,0.745,1,0.711,0,0.1741,0
P0149,U002,1,0.0897,0,1.433,0.533,0,0.3858,0,0.296,0
P0149,U003,1,0.0766,0,1.196,0.069,0,0.0126,0,-0.064,1
P0149,U004,0,0.8,0,1.362,0.587,1,0.457,1,0.343,0
P0149,U005,0,0.4977,1,0.842,0.753,0,0.4236,1,0.0741,0
P0149,U006,0,0.8732,0,1.511,0.645,0,0.5721,0,0.3011,0
P0149,U007,1,0.13,0,1.157,0.452,1,0.4243,0,0.2943,0
P0149,U008,1,0.3119,0,1.341,0.834,0,0.4768,0,0.165,0
P0149,U009,0,0.9368,0,0.919,0.94,1,0.7798,0,0.157,0
P0149,U010,1,0.185,0,1.29,0.376,1,0.4166,0,0.2316,0
P0150,U001,0,0.6054,0,1.335,0.745,0,0.4574,1,0.148,0
P0150,U002,1,0.2043,0,1.433,0.533,0,0.2391,0,0.0348,0
P0150,U003,1,0.6368,1,1.196,0.069,1,0.6959,1,0.0591,0
P0150,U004,0,0.1994,1,1.362,0.587,0,0.1824,1,0.0171,0
P0150,U005,0,0.0536,1,0.842,0.753,0,0.0584,1,0.0047,0
P0150,U006,0,0.3764,1,1.511,0.645,0,0.2923,1,0.0841,0
P0150,U007,1,0.837,1,1.157,0.452,1,0.8512,1,0.0142,0
P0150,U008,1,0.5888,1,1.341,0.834,0,0.6628,1,0.074,0
P0150,U009,0,0.2569,1,0.919,0.94,1,0.2139,1,0.043,0
P0150,U010,1,0.1516,0,1.29,0.376,0,0.3439,0,0.1924,0
P0151,U001,0,0.8577,0,1.335,0.745,0,0.6092,0,0.2485,0
P0151,U002,1,0.9133,1,1.433,0.533,0,0.916,1,0.0027,0
P0151,U003,1,0.905,1,1.196,0.069,1,0.9093,1,0.0043,0
P0151,U004,0,0.689,0,1.362,0.587,1,0.4098,1,0.2792,0
P0151,U005,0,0.8409,0,0.842,0.753,1,0.53,0,0.3108,0
P0151,U006,0,0.7953,0,1.511,0.645,1,0.4785,1,0.3168,0
P0151,U007,1,0.5969,1,1.157,0.452,1,0.6996,1,0.1027,0
P0151,U008,1,0.6111,1,1.341,0.834,1,0.7005,1,0.0895,0
P0151,U009,0,0.9575,0,0.919,0.94,0,0.7091,0,0.2484,0
P0151,U010,1,0.607,1,1.29,0.376,0,0.7384,1,0.1314,0
P0152,U001,0,0.6288,0,1.335,0.745,0,0.5414,0,0.0875,0
P0152,U002,1,0.9377,1,1.433,0.533,0,0.9346,1,0.0031,0
P0152,U003,1,0.9832,1,1.196,0.069,0,0.9788,1,0.0043,0
P0152,U004,0,0.5,0,1.362,0.587,0,0.4395,1,0.0605,0
P0152,U005,0,0.8656,0,0.842,0.753,1,0.7789,0,0.0867,0
P0152,U006,0,0.8076,0,1.511,0.645,1,0.7185,0,0.089,0
P0152,U007,1,0.8817,1,1.157,0.452,0,0.8841,1,0.0024,0
P0152,U008,1,0.8834,1,1.341,0.834,0,0.8868,1,0.0034,0
P0152,U009,0,0.8606,0,0.919,0.94,0,0.8502,0,0.0104,0
P0152,U010,1,0.8679,1,1.29,0.376,0,0.8754,1,0.0075,0
P0153,U001,0,0.5567,0,1.335,0.745,0,0.4577,1,0.0991,1
P0153,U002,1,0.7994,1,1.433,0.533,0,0.8222,1,0.0228,0
P0153,U003,1,0.6213,1,1.196,0.069,0,0.7238,1,0.1026,0
P0153,U004,0,0.4779,1,1.362,0.587,0,0.4029,1,0.075,0
P0153,U005,0,0.1588,1,0.842,0.753,1,0.1427,1,0.016,0
P0153,U006,0,0.5288,0,1.511,0.645,0,0.3648,1,0.164,0
P0153,U007,1,0.4013,0,1.157,0.452,0,0.4215,0,0.0202,0
P0153,U008,1,0.5775,1,1.341,0.834,0,0.6594,1,0.0819,0
P0153,U009,0,0.8309,0,0.919,0.94,0,0.6714,0,0.1595,0
P0153,U010,1,0.615,1,1.29,0.376,0,0.7053,1,0.0903,0
P0154,U001,0,0.113,1,1.335,0.745,1,0.0992,1,0.0138,0
P0154,U002,1,0.8505,1,1.433,0.533,0,0.8871,1,0.0366,0
P0154,U003,1,0.9887,1,1.196,0.069,0,0.9585,1,0.0301,0
P0154,U004,0,0.021,1,1.362,0.587,0,0.0436,1,0.0226,0
P0154,U005,0,0.0546,1,0.842,0.753,0,0.0625,1,0.008,0
P0154,U006,0,0.146,1,1.511,0.645,0,0.116,1,0.03,0
P0154,U007,1,0.7332,1,1.157,0.452,0,0.8119,1,0.0788,0
P0154,U008,1,0.5255,1,1.341,0.834,0,0.6568,1,0.1312,0
P0154,U009,0,0.5126,0,0.919,0.94,1,0.4184,1,0.0942,0
P0154,U010,1,0.8181,1,1.29,0.376,0,0.8526,1,0.0346,0
P0155,U001,0,0.3921,1,1.335,0.745,0,0.3503,1,0.0418,0
P0155,U002,1,0.0534,0,1.433,0.533,1,0.3015,0,0.2481,0
P0155,U003,1,0.0384,0,1.196,0.069,0,0.2266,0,0.1882,0
P0155,U004,0,0.7657,0,1.362,0.587,0,0.6287,0,0.137,0
P0155,U005,0,0.2947,1,0.842,0.753,0,0.2551,1,0.0395,0
P0155,U006,0,0.7771,0,1.511,0.645,0,0.5641,0,0.213,0
P0155,U007,1,0.2172,0,1.157,0.452,0,0.4079,0,0.1907,0
P0155,U008,1,0.0837,0,1.341,0.834,0,0.3288,0,0.2451,0
P0155,U009,0,0.6424,0,0.919,0.94,0,0.4917,1,0.1507,0
P0155,U010,1,0.0291,0,1.29,0.376,0,0.2668,0,0.2377,0
P0156,U001,0,0.2921,1,1.335,0.745,0,0.2689,1,0.0233,0
P0156,U002,1,0.6378,1,1.433,0.533,0,0.666,1,0.0282,0
P0156,U003,1,0.5777,1,1.196,0.069,0,0.6347,1,0.057,0
P0156,U004,0,0.3991,1,1.362,0.587,0,0.3601,1,0.039,0
P0156,U005,0,0.0753,1,0.842,0.753,1,0.0757,1,0.0004,0
P0156,U006,0,0.3349,1,1.511,0.645,1,0.2863,1,0.0486,0
P0156,U007,1,0.3371,0,1.157,0.452,0,0.426,0,0.0889,0
P0156,U008,1,0.6355,1,1.341,0.834,0,0.6752,1,0.0397,0
P0156,U009,0,0.1341,1,0.919,0.94,0,0.1343,1,-0.0003,0
P0156,U010,1,0.5368,1,1.29,0.376,1,0.5926,1,0.0558,0
P0157,U001,0,0.221,1,1.335,0.745,0,0.1665,1,0.0545,0
P0157,U002,1,0.5862,1,1.433,0.533,0,0.7228,1,0.1367,0
P0157,U003,1,0.5813,1,1.196,0.069,0,0.7164,1,0.135,0
P0157,U004,0,0.2688,1,1.362,0.587,0,0.1982,1,0.0707,0
P0157,U005,0,0.0122,1,0.842,0.753,0,0.0266,1,0.0144,0
P0157,U006,0,0.3769,1,1.511,0.645,0,0.2505,1,0.1264,0
P0157,U007,1,0.668,1,1.157,0.452,0,0.7277,1,0.0597,0
P0157,U008,1,0.832,1,1.341,0.834,1,0.8594,1,0.0274,0
P0157,U009,0,0.5063,0,0.919,0.94,0,0.4152,1,0.0911,0
P0157,U010,1,0.5591,1,1.29,0.376,0,0.7157,1,0.1566,0
P0158,U001,0,0.558,0,1.335,0.745,0,0.5044,0,0.0536,0
P0158,U002,1,0.0188,0,1.433,0.533,0,0.2341,0,0.2154,0
P0158,U003,1,0.0844,0,1.196,0.069,0,0.1938,0,0.1094,0
P0158,U004,0,0.2636,1,1.362,0.587,0,0.23,1,0.0336,0
P0158,U005,0,0.1924,1,0.842,0.753,0,0.176,1,0.0164,0
P0158,U006,0,0.4974,1,1.511,0.645,1,0.3916,1,0.1058,0
P0158,U007,1,0.4282,0,1.157,0.452,0,0.5451,1,0.1169,0
P0158,U008,1,0.0277,0,1.341,0.834,0,0.2326,0,0.2049,0
P0158,U009,0,0.7041,0,0.919,0.94,0,0.5933,0,0.1108,0
P0158,U010,1,0.0125,0,1.29,0.376,0,0.1757,0,0.1633,0
P0159,U001,0,0.0396,1,1.335,0.745,1,0.0537,1,0.0141,0
P0159,U002,1,0.5955,1,1.433,0.533,0,0.6723,1,0.0767,0
P0159,U003,1,0.7419,1,1.196,0.069,0,0.7922,1,0.0503,0
P0159,U004,0,0.1221,1,1.362,0.587,1,0.1059,1,0.0162,0
P0159,U005,0,0.0502,1,0.842,0.753,1,0.0603,1,0.0102,0
P0159,U006,0,0.1612,1,1.511,0.645,0,0.1306,1,0.0307,0
P0159,U007,1,0.3441,0,1.157,0.452,1,0.4973,0,0.1532,0
P0159,U008,1,0.4419,0,1.341,0.834,1,0.5854,1,0.1436,0
P0159,U009,0,0.2567,1,0.919,0.94,0,0.1933,1,0.0634,0
P0159,U010,1,0.1353,0,1.29,0.376,1,0.4763,0,0.341,0
P0160,U001,0,0.9163,0,1.335,0.745,1,0.6804,0,0.2358,0
P0160,U002,1,0.5245,1,1.433,0.533,1,0.6326,1,0.1081,0
P0160,U003,1,0.9099,1,1.196,0.069,0,0.8377,1,-0.0722,1
P0160,U004,0,0.9727,0,1.362,0.587,0,0.8435,0,0.1292,0
P0160,U005,0,0.4818,1,0.842,0.753,0,0.3714,1,0.1104,0
P0160,U006,0,0.7862,0,1.511,0.645,0,0.5851,0,0.2012,0
P0160,U007,1,0.2692,0,1.157,0.452,1,0.1215,0,-0.1477,1
P0160,U008,1,0.3711,0,1.341,0.834,0,0.4819,0,0.1108,0
P0160,U009,0,0.9773,0,0.919,0.94,0,0.8096,0,0.1677,0
P0160,U010,1,0.3794,0,1.29,0.376,0,0.4706,0,0.0911,0
P0161,U001,0,0.0681,1,1.335,0.745,0,0.075,1,0.0069,0
P0161,U002,1,0.8,1,1.433,0.533,0,0.8448,1,0.0448,0
P0161,U003,1,0.7153,1,1.196,0.069,1,0.8022,1,0.0869,0
P0161,U004,0,0.0213,1,1.362,0.587,1,0.0543,1,0.033,0
P0161,U005,0,0.0004,1,0.842,0.753,1,0.0429,1,0.0425,0
P0161,U006,0,0.0306,1,1.511,0.645,0,0.0586,1,0.028,1
P0161,U007,1,0.4891,0,1.157,0.452,1,0.7473,1,0.2582,0
P0161,U008,1,0.8107,1,1.341,0.834,0,0.869,1,0.0583,0
P0161,U009,0,0.0317,1,0.919,0.94,1,0.0471,1,0.0154,0
P0161,U010,1,0.8832,1,1.29,0.376,1,0.9075,1,0.0242,0
P0162,U001,0,0.3537,1,1.335,0.745,0,0.2411,1,0.1126,0
P0162,U002,1,0.9942,1,1.433,0.533,0,0.9684,1,0.0258,0
P0162,U003,1,0.9856,1,1.196,0.069,0,0.9667,1,0.0189,0
P0162,U004,0,0.2866,1,1.362,0.587,1,0.2416,1,0.045,0
P0162,U005,0,0.4428,1,0.842,0.753,1,0.3865,1,0.0563,0
P0162,U006,0,0.2737,1,1.511,0.645,1,0.5771,0,-0.3033,1
P0162,U007,1,0.9847,1,1.157,0.452,1,0.9691,1,0.0156,0
P0162,U008,1,0.8708,1,1.341,0.834,0,0.8847,1,0.0139,0
P0162,U009,0,0.3777,1,0.919,0.94,0,0.2887,1,0.089,0
P0162,U010,1,0.9813,1,1.29,0.376,0,0.9613,1,0.02,0
P0163,U001,0,0.2035,1,1.335,0.745,0,0.1767,1,0.0267,0
P0163,U002,1,0.3404,0,1.433,0.533,0,0.5186,1,0.1782,0
P0163,U003,1,0.7482,1,1.196,0.069,1,0.8072,1,0.059,0
P0163,U004,0,0.0451,1,1.362,0.587,0,0.0534,1,0.0083,0
P0163,U005,0,0.0461,1,0.842,0.753,1,0.0554,1,0.0093,0
P0163,U006,0,0.0414,1,1.511,0.645,0,0.0596,1,0.0182,0
P0163,U007,1,0.474,0,1.157,0.452,0,0.6035,1,0.1295,0
P0163,U008,1,0.8345,1,1.341,0.834,1,0.8622,1,0.0277,0
P0163,U009,0,0.305,1,0.919,0.94,0,0.2519,1,0.0531,0
P0163,U010,1,0.4012,0,1.29,0.376,1,0.5497,1,0.1485,0
P0164,U001,0,0.4273,1,1.335,0.745,0,0.3228,1,0.1045,0
P0164,U002,1,0.3835,0,1.433,0.533,1,0.2794,0,-0.1041,1
P0164,U003,1,0.9765,1,1.196,0.069,0,0.9503,1,0.0262,0
P0164,U004,0,0.3244,1,1.362,0.587,0,0.2264,1,0.0979,0
P0164,U005,0,0.4549,1,0.842,0.753,0,0.2537,1,0.2012,0
P0164,U006,0,0.4197,1,1.511,0.645,0,0.2949,1,0.1247,0
P0164,U007,1,0.6456,1,1.157,0.452,0,0.7288,1,0.0832,0
P0164,U008,1,0.7784,1,1.341,0.834,1,0.8009,1,0.0225,0
P0164,U009,0,0.8113,0,0.919,0.94,0,0.99,0,-0.1787,1
P0164,U010,1,0.6939,1,1.29,0.376,0,0.7778,1,0.0839,0
P0165,U001,0,0.1614,1,1.335,0.745,0,0.1371,1,0.0243,0
P0165,U002,1,0.9784,1,1.433,0.533,0,0.9735,1,0.0049,0
P0165,U003,1,0.9737,1,1.196,0.069,0,0.9597,1,0.014,0
P0165,U004,0,0.057,1,1.362,0.587,0,0.0589,1,0.0019,0
P0165,U005,0,0.0642,1,0.842,0.753,0,0.068,1,0.0038,0
P0165,U006,0,0.539,0,1.511,0.645,1,0.3782,1,0.1608,0
P0165,U007,1,0.9593,1,1.157,0.452,0,0.9531,1,0.0062,0
P0165,U008,1,0.9656,1,1.341,0.834,0,0.9602,1,0.0054,0
P0165,U009,0,0.6386,0,0.919,0.94,1,0.5727,0,0.0659,0
P0165,U010,1,0.9596,1,1.29,0.376,0,0.9488,1,0.0108,0
P0166,U001,0,0.6187,0,1.335,0.745,0,0.3478,1,0.2708,0
P0166,U002,1,0.7588,1,1.433,0.533,1,0.8474,1,0.0886,0
P0166,U003,1,0.7301,1,1.196,0.069,1,0.8184,1,0.0882,0
P0166,U004,0,0.2073,1,1.362,0.587,0,0.1555,1,0.0518,0
P0166,U005,0,0.0543,1,0.842,0.753,1,0.0702,1,0.0159,0
P0166,U006,0,0.1206,1,1.511,0.645,0,0.094,1,0.0265,0
P0166,U007,1,0.8134,1,1.157,0.452,1,0.8673,1,0.0539,0
P0166,U008,1,0.3348,0,1.341,0.834,0,0.5975,1,0.2627,0
P0166,U009,0,0.3499,1,0.919,0.94,1,0.2227,1,0.1272,0
P0166,U010,1,0.2078,0,1.29,0.376,0,0.6074,1,0.3995,0
P0167,U001,0,0.5647,0,1.335,0.745,0,0.4118,1,0.153,0
P0167,U002,1,0.5591,1,1.433,0.533,0,0.6827,1,0.1236,0
P0167,U003,1,0.5955,1,1.196,0.069,0,0.7021,1,0.1066,0
P0167,U004,0,0.1089,1,1.362,0.587,1,0.0987,1,0.0102,0
P0167,U005,0,0.3917,1,0.842,0.753,1,0.3119,1,0.0797,0
P0167,U006,0,0.6137,0,1.511,0.645,0,0.499,1,0.1147,0
P0167,U007,1,0.5753,1,1.157,0.452,0,0.6752,1,0.0998,0
P0167,U008,1,0.3391,0,1.341,0.834,1,0.5248,1,0.1856,0
P0167,U009,0,0.5029,0,0.919,0.94,0,0.4195,1,0.0834,0
P0167,U010,1,0.2997,0,1.29,0.376,0,0.4089,0,0.1091,0
P0168,U001,0,0.2573,1,1.335,0.745,0,0.2182,1,0.0391,0
P0168,U002,1,0.9238,1,1.433,0.533,0,0.9226,1,0.0011,0
P0168,U003,1,0.4998,0,1.196,0.069,1,0.6266,1,0.1268,0
P0168,U004,0,0.5266,0,1.362,0.587,0,0.4142,1,0.1124,0
P0168,U005,0,0.0667,1,0.842,0.753,1,0.0703,1,0.0035,0
P0168,U006,0,0.2186,1,1.511,0.645,1,0.2018,1,0.0169,0
P0168,U007,1,0.6082,1,1.157,0.452,0,0.6519,1,0.0437,0
P0168,U008,1,0.3413,0,1.341,0.834,0,0.4574,0,0.1161,0
P0168,U009,0,0.822,0,0.919,0.94,0,0.6462,0,0.1758,0
P0168,U010,1,0.8796,1,1.29,0.376,0,0.8823,1,0.0028,0
P0169,U001,0,0.7522,0,1.335,0.745,0,0.5237,0,0.2285,0
P0169,U002,1,0.9469,1,1.433,0.533,0,0.9332,1,0.0136,0
P0169,U003,1,0.6652,1,1.196,0.069,1,0.7823,1,0.1171,0
P0169,U004,0,0.3863,1,1.362,0.587,0,0.3155,1,0.0708,0
P0169,U005,0,0.0673,1,0.842,0.753,1,0.0708,1,0.0035,0
P0169,U006,0,0.3613,1,1.511,0.645,1,0.2521,1,0.1092,0
P0169,U007,1,0.8035,1,1.157,0.452,0,0.8518,1,0.0483,0
P0169,U008,1,0.578,1,1.341,0.834,0,0.6886,1,0.1106,0
P0169,U009,0,0.722,0,0.919,0.94,0,0.5394,0,0.1826,0
P0169,U010,1,0.9248,1,1.29,0.376,1,0.9228,1,0.0021,0
P0170,U001,0,0.588,0,1.335,0.745,1,0.3537,1,0.2342,0
P0170,U002,1,0.7182,1,1.433,0.533,1,0.831,1,0.1128,0
P0170,U003,1,0.962,1,1.196,0.069,0,0.947,1,0.015,0
P0170,U004,0,0.1797,1,1.362,0.587,0,0.1359,1,0.0438,0
P0170,U005,0,0.4858,1,0.842,0.753,1,0.3052,1,0.1806,0
P0170,U006,0,0.7131,0,1.511,0.645,1,0.4672,1,0.246,0
P0170,U007,1,0.4727,0,1.157,0.452,0,0.6316,1,0.1589,0
P0170,U008,1,0.4696,0,1.341,0.834,0,0.6907,1,0.2211,0
P0170,U009,0,0.4407,1,0.919,0.94,0,0.2755,1,0.1652,0
P0170,U010,1,0.9255,1,1.29,0.376,0,0.9222,1,0.0033,0
P0171,U001,0,0.143,1,1.335,0.745,1,0.1097,1,0.0333,0
P0171,U002,1,0.8947,1,1.433,0.533,1,0.9075,1,0.0128,0
P0171,U003,1,0.9079,1,1.196,0.069,1,0.9151,1,0.0072,0
P0171,U004,0,0.1275,1,1.362,0.587,1,0.103,1,0.0244,0
P0171,U005,0,0.3112,1,0.842,0.753,0,0.2005,1,0.1107,0
P0171,U006,0,0.2027,1,1.511,0.645,1,0.1248,1,0.0779,0
P0171,U007,1,0.3701,0,1.157,0.452,1,0.7066,1,0.3365,0
P0171,U008,1,0.457,0,1.341,0.834,0,0.7622,1,0.3051,0
P0171,U009,0,0.4954,1,0.919,0.94,0,0.3314,1,0.164,0
P0171,U010,1,0.2256,0,1.29,0.376,1,0.6079,1,0.3823,0
P0172,U001,0,0.5751,0,1.335,0.745,1,0.4963,1,0.0788,0
P0172,U002,1,0.8964,1,1.433,0.533,0,0.9012,1,0.0049,0
P0172,U003,1,0.9377,1,1.196,0.069,1,0.99,1,-0.0523,1
P0172,U004,0,0.8043,0,1.362,0.587,0,0.644,0,0.1603,0
P0172,U005,0,0.5818,0,0.842,0.753,0,0.5146,0,0.0672,0
P0172,U006,0,0.8811,0,1.511,0.645,1,0.99,0,-0.1089,1
P0172,U007,1,0.8785,1,1.157,0.452,0,0.884,1,0.0055,0
P0172,U008,1,0.5925,1,1.341,0.834,0,0.6407,1,0.0482,0
P0172,U009,0,0.683,0,0.919,0.94,0,0.5901,0,0.0929,0
P0172,U010,1,0.8164,1,1.29,0.376,0,0.8369,1,0.0205,0
P0173,U001,0,0.5557,0,1.335,0.745,0,0.5129,0,0.0428,0
P0173,U002,1,0.8845,1,1.433,0.533,1,0.8898,1,0.0053,0
P0173,U003,1,0.6654,1,1.196,0.069,0,0.7191,1,0.0537,0
P0173,U004,0,0.2409,1,1.362,0.587,0,0.2271,1,0.0138,0
P0173,U005,0,0.1258,1,0.842,0.753,0,0.1174,1,0.0084,0
P0173,U006,0,0.523,0,1.511,0.645,0,0.5379,0,-0.0149,0
P0173,U007,1,0.9183,1,1.157,0.452,0,0.9185,1,0.0002,0
P0173,U008,1,0.7313,1,1.341,0.834,0,0.788,1,0.0567,0
P0173,U009,0,0.6258,0,0.919,0.94,0,0.6093,0,0.0165,0
P0173,U010,1,0.7379,1,1.29,0.376,0,0.749,1,0.0111,0
P0174,U001,0,0.0523,1,1.335,0.745,1,0.0653,1,0.013,0
P0174,U002,1,0.9995,1,1.433,0.533,0,0.9691,1,0.0304,0
P0174,U003,1,0.9729,1,1.196,0.069,0,0.952,1,0.0209,0
P0174,U004,0,0.2207,1,1.362,0.587,0,0.1511,1,0.0695,0
P0174,U005,0,0.0089,1,0.842,0.753,1,0.0366,1,0.0277,0
P0174,U006,0,0.3869,1,1.511,0.645,0,0.2665,1,0.1204,0
P0174,U007,1,0.9617,1,1.157,0.452,1,0.9477,1,0.0139,0
P0174,U008,1,0.9238,1,1.341,0.834,1,0.9222,1,0.0016,0
P0174,U009,0,0.0787,1,0.919,0.94,1,0.0792,1,0.0005,0
P0174,U010,1,0.9908,1,1.29,0.376,1,0.9567,1,0.0341,0
P0175,U001,0,0.3876,1,1.335,0.745,0,0.3406,1,0.047,0
P0175,U002,1,0.6709,1,1.433,0.533,0,0.6916,1,0.0207,0
P0175,U003,1,0.5817,1,1.196,0.069,0,0.605,1,0.0234,0
P0175,U004,0,0.5784,0,1.362,0.587,0,0.5997,0,-0.0212,0
P0175,U005,0,0.1146,1,0.842,0.753,0,0.111,1,0.0036,0
P0175,U006,0,0.7835,0,1.511,0.645,0,0.7047,0,0.0788,0
P0175,U007,1,0.4502,0,1.157,0.452,1,0.4032,0,-0.047,0
P0175,U008,1,0.7015,1,1.341,0.834,0,0.7001,1,-0.0014,0
P0175,U009,0,0.7792,0,0.919,0.94,0,0.6736,0,0.1056,0
P0175,U010,1,0.8149,1,1.29,0.376,0,0.8249,1,0.01,0
P0176,U001,0,0.466,1,1.335,0.745,0,0.3146,1,0.1514,0
P0176,U002,1,0.8438,1,1.433,0.533,0,0.8632,1,0.0193,0
P0176,U003,1,0.813,1,1.196,0.069,0,0.838,1,0.0251,0
P0176,U004,0,0.8183,0,1.362,0.587,0,0.5135,0,0.3047,0
P0176,U005,0,0.121,1,0.842,0.753,1,0.1057,1,0.0153,0
P0176,U006,0,0.8324,0,1.511,0.645,1,0.5272,0,0.3051,0
P0176,U007,1,0.4023,0,1.157,0.452,1,0.544,1,0.1416,0
P0176,U008,1,0.6992,1,1.341,0.834,0,0.7828,1,0.0835,0
P0176,U009,0,0.8899,0,0.919,0.94,0,0.5775,0,0.3124,0
P0176,U010,1,0.6837,1,1.29,0.376,0,0.7779,1,0.0942,0
P0177,U001,0,0.6444,0,1.335,0.745,0,0.3897,1,0.2547,0
P0177,U002,1,0.5945,1,1.433,0.533,1,0.7458,1,0.1514,0
P0177,U003,1,0.7954,1,1.196,0.069,0,0.8649,1,0.0696,0
P0177,U004,0,0.4905,1,1.362,0.587,1,0.2577,1,0.2328,0
P0177,U005,0,0.112,1,0.842,0.753,0,0.1002,1,0.0118,0
P0177,U006,0,0.1456,1,1.511,0.645,0,0.1146,1,0.031,0
P0177,U007,1,0.6446,1,1.157,0.452,1,0.7703,1,0.1257,0
P0177,U008,1,0.9384,1,1.341,0.834,1,0.9291,1,0.0093,0
P0177,U009,0,0.865,0,0.919,0.94,0,0.5357,0,0.3293,0
P0177,U010,1,0.9435,1,1.29,0.376,0,0.9329,1,0.0106,0
P0178,U001,0,0.9082,0,1.335,0.745,0,0.7962,0,0.112,0
P0178,U002,1,0.2367,0,1.433,0.533,0,0.3473,0,0.1106,0
P0178,U003,1,0.7497,1,1.196,0.069,1,0.7602,1,0.0105,0
P0178,U004,0,0.8086,0,1.362,0.587,0,0.73,0,0.0786,0
P0178,U005,0,0.9906,0,0.842,0.753,0,0.9436,0,0.047,1
P0178,U006,0,0.9749,0,1.511,0.645,0,0.8112,0,0.1637,0
P0178,U007,1,0.201,0,1.157,0.452,0,0.3383,0,0.1373,0
P0178,U008,1,0.1151,0,1.341,0.834,0,0.3092,0,0.1941,0
P0178,U009,0,0.9835,0,0.919,0.94,0,0.9447,0,0.0388,0
P0178,U010,1,0.2147,0,1.29,0.376,1,0.3098,0,0.0951,0
P0179,U001,0,0.5176,0,1.335,0.745,1,0.44,1,0.0776,0
P0179,U002,1,0.5327,1,1.433,0.533,0,0.6276,1,0.0949,0
P0179,U003,1,0.6364,1,1.196,0.069,0,0.6733,1,0.0369,0
P0179,U004,0,0.3252,1,1.362,0.587,1,0.2739,1,0.0512,0
P0179,U005,0,0.1671,1,0.842,0.753,0,0.1627,1,0.0044,0
P0179,U006,0,0.7613,0,1.511,0.645,0,0.6748,0,0.0865,0
P0179,U007,1,0.471,0,1.157,0.452,0,0.479,0,0.008,0
P0179,U008,1,0.6176,1,1.341,0.834,0,0.6772,1,0.0596,0
P0179,U009,0,0.7132,0,0.919,0.94,0,0.625,0,0.0882,0
P0179,U010,1,0.1572,0,1.29,0.376,0,0.3639,0,0.2067,0
P0180,U001,0,0.0868,1,1.335,0.745,1,0.01,1,-0.0632,1
P0180,U002,1,0.2503,0,1.433,0.533,0,0.3043,0,0.054,0
P0180,U003,1,0.6098,1,1.196,0.069,0,0.6217,1,0.012,0
P0180,U004,0,0.0983,1,1.362,0.587,0,0.0954,1,0.0029,0
P0180,U005,0,0.1164,1,0.842,0.753,0,0.1118,1,0.0047,0
P0180,U006,0,0.7543,0,1.511,0.645,1,0.8147,0,-0.0604,1
P0180,U007,1,0.5885,1,1.157,0.452,0,0.6043,1,0.0157,0
P0180,U008,1,0.5803,1,1.341,0.834,0,0.6507,1,0.0704,0
P0180,U009,0,0.0773,1,0.919,0.94,0,0.0776,1,0.0003,0
P0180,U010,1,0.079,0,1.29,0.376,0,0.235,0,0.1561,0
P0181,U001,0,0.2582,1,1.335,0.745,1,0.1879,1,0.0703,0
P0181,U002,1,0.9953,1,1.433,0.533,0,0.9709,1,0.0244,0
P0181,U003,1,0.9254,1,1.196,0.069,0,0.9222,1,0.0031,0
P0181,U004,0,0.1272,1,1.362,0.587,0,0.1146,1,0.0125,0
P0181,U005,0,0.1083,1,0.842,0.753,1,0.1029,1,0.0055,0
P0181,U006,0,0.0534,1,1.511,0.645,1,0.0677,1,0.0144,0
P0181,U007,1,0.9347,1,1.157,0.452,1,0.9302,1,0.0046,0
P0181,U008,1,0.9096,1,1.341,0.834,0,0.9143,1,0.0047,0
P0181,U009,0,0.3221,1,0.919,0.94,1,0.2133,1,0.1088,0
P0181,U010,1,0.9968,1,1.29,0.376,1,0.9691,1,0.0277,0
P0182,U001,0,0.2888,1,1.335,0.745,0,0.1726,1,0.1162,0
P0182,U002,1,0.6495,1,1.433,0.533,0,0.7676,1,0.1182,0
P0182,U003,1,0.44,0,1.196,0.069,1,0.7144,1,0.2743,0
P0182,U004,0,0.2695,1,1.362,0.587,0,0.1769,1,0.0926,0
P0182,U005,0,0.3552,1,0.842,0.753,1,0.3364,1,0.0188,1
P0182,U006,0,0.3932,1,1.511,0.645,1,0.2308,1,0.1624,0
P0182,U007,1,0.2786,0,1.157,0.452,0,0.618,1,0.3394,0
P0182,U008,1,0.8398,1,1.341,0.834,0,0.8721,1,0.0323,0
P0182,U009,0,0.9415,0,0.919,0.94,1,0.6489,0,0.2926,0
P0182,U010,1,0.0835,0,1.29,0.376,0,0.4862,0,0.4026,0
P0183,U001,0,0.2676,1,1.335,0.745,0,0.2238,1,0.0438,0
P0183,U002,1,0.437,0,1.433,0.533,0,0.5907,1,0.1538,0
P0183,U003,1,0.7697,1,1.196,0.069,0,0.8085,1,0.0388,0
P0183,U004,0,0.4058,1,1.362,0.587,1,0.3407,1,0.0651,0
P0183,U005,0,0.1514,1,0.842,0.753,0,0.1328,1,0.0185,0
P0183,U006,0,0.6306,0,1.511,0.645,0,0.4306,1,0.2,0
P0183,U007,1,0.177,0,1.157,0.452,0,0.4235,0,0.2466,0
P0183,U008,1,0.645,1,1.341,0.834,1,0.5384,1,-0.1066,1
P0183,U009,0,0.8828,0,0.919,0.94,1,0.722,0,0.1608,0
P0183,U010,1,0.1062,0,1.29,0.376,0,0.3367,0,0.2304,0
P0184,U001,0,0.5822,0,1.335,0.745,0,0.4973,1,0.0849,0
P0184,U002,1,0.5473,1,1.433,0.533,0,0.5811,1,0.0338,0
P0184,U003,1,0.1364,0,1.196,0.069,1,0.354,0,0.2175,0
P0184,U004,0,0.0892,1,1.362,0.587,0,0.0875,1,0.0017,0
P0184,U005,0,0.1591,1,0.842,0.753,0,0.1428,1,0.0163,0
P0184,U006,0,0.568,0,1.511,0.645,0,0.4832,1,0.0848,0
P0184,U007,1,0.3343,0,1.157,0.452,0,0.4743,0,0.14,0
P0184,U008,1,0.1293,0,1.341,0.834,0,0.1854,0,0.0561,0
P0184,U009,0,0.2395,1,0.919,0.94,0,0.2066,1,0.0329,0
P0184,U010,1,0.5873,1,1.29,0.376,1,0.6738,1,0.0864,0
P0185,U001,0,0.6516,0,1.335,0.745,1,0.4732,1,0.1784,0
P0185,U002,1,0.8378,1,1.433,0.533,0,0.8624,1,0.0247,0
P0185,U003,1,0.8426,1,1.196,0.069,0,0.8587,1,0.016,0
P0185,U004,0,0.7633,0,1.362,0.587,1,0.5718,0,0.1915,0
P0185,U005,0,0.7074,0,0.842,0.753,0,0.537,0,0.1704,0
P0185,U006,0,0.548,0,1.511,0.645,0,0.4361,1,0.1118,0
P0185,U007,1,0.722,1,1.157,0.452,0,0.7808,1,0.0588,0
P0185,U008,1,0.9099,1,1.341,0.834,1,0.9137,1,0.0039,0
P0185,U009,0,0.8356,0,0.919,0.94,1,0.6827,0,0.1529,0
P0185,U010,1,0.5556,1,1.29,0.376,1,0.676,1,0.1204,0
P0186,U001,0,0.4067,1,1.335,0.745,0,0.3349,1,0.0718,0
P0186,U002,1,0.7246,1,1.433,0.533,0,0.7751,1,0.0505,0
P0186,U003,1,0.4203,0,1.196,0.069,1,0.1143,0,-0.3061,1
P0186,U004,0,0.8314,0,1.362,0.587,1,0.5344,0,0.297,0
P0186,U005,0,0.5661,0,0.842,0.753,1,0.4432,1,0.123,0
P0186,U006,0,0.8123,0,1.511,0.645,1,0.6582,0,0.1541,0
P0186,U007,1,0.4122,0,1.157,0.452,0,0.5034,1,0.0912,0
P0186,U008,1,0.655,1,1.341,0.834,0,0.7535,1,0.0985,0
P0186,U009,0,0.4542,1,0.919,0.94,0,0.4194,1,0.0348,0
P0186,U010,1,0.1611,0,1.29,0.376,0,0.2773,0,0.1162,0
P0187,U001,0,0.7611,0,1.335,0.745,1,0.6744,0,0.0867,0
P0187,U002,1,0.7268,1,1.433,0.533,1,0.746,1,0.0192,0
P0187,U003,1,0.9011,1,1.196,0.069,0,0.9042,1,0.0032,0
P0187,U004,0,0.6042,0,1.362,0.587,0,0.5377,0,0.0665,0
P0187,U005,0,0.4464,1,0.842,0.753,1,0.3995,1,0.0468,0
P0187,U006,0,0.5757,0,1.511,0.645,0,0.4528,1,0.1228,0
P0187,U007,1,0.2392,0,1.157,0.452,0,0.2499,0,0.0107,0
P0187,U008,1,0.8016,1,1.341,0.834,0,0.8266,1,0.025,0
P0187,U009,0,0.7296,0,0.919,0.94,0,0.6783,0,0.0513,0
P0187,U010,1,0.8388,1,1.29,0.376,1,0.8547,1,0.0159,0
P0188,U001,0,0.0649,1,1.335,0.745,0,0.0724,1,0.0075,0
P0188,U002,1,0.9724,1,1.433,0.533,0,0.9497,1,0.0228,0
P0188,U003,1,0.8483,1,1.196,0.069,1,0.868,1,0.0197,0
P0188,U004,0,0.239,1,1.362,0.587,1,0.1699,1,0.0691,0
P0188,U005,0,0.0366,1,0.842,0.753,1,0.0587,1,0.0221,0
P0188,U006,0,0.262,1,1.511,0.645,0,0.2222,1,0.0399,0
P0188,U007,1,0.8662,1,1.157,0.452,1,0.8892,1,0.023,0
P0188,U008,1,0.9041,1,1.341,0.834,1,0.9093,1,0.0052,0
P0188,U009,0,0.2037,1,0.919,0.94,0,0.1514,1,0.0523,0
P0188,U010,1,0.9883,1,1.29,0.376,1,0.99,1,-0.0017,1
P0189,U001,0,0.6427,0,1.335,0.745,1,0.5286,0,0.1141,0
P0189,U002,1,0.6814,1,1.433,0.533,0,0.7374,1,0.0559,0
P0189,U003,1,0.9282,1,1.196,0.069,0,0.9259,1,0.0023,0
P0189,U004,0,0.3899,1,1.362,0.587,0,0.3388,1,0.0511,0
P0189,U005,0,0.1502,1,0.842,0.753,0,0.1379,1,0.0123,0
P0189,U006,0,0.5257,0,1.511,0.645,0,0.3973,1,0.1284,0
P0189,U007,1,0.3696,0,1.157,0.452,1,0.5173,1,0.1478,0
P0189,U008,1,0.8007,1,1.341,0.834,1,0.8277,1,0.027,0
P0189,U009,0,0.746,0,0.919,0.94,0,0.5477,0,0.1983,0
P0189,U010,1,0.6934,1,1.29,0.376,1,0.8465,1,0.1531,1
P0190,U001,0,0.8935,0,1.335,0.745,0,0.525,0,0.3685,0
P0190,U002,1,0.1177,0,1.433,0.533,0,0.3634,0,0.2457,0
P0190,U003,1,0.1839,0,1.196,0.069,1,0.5106,1,0.3267,0
P0190,U004,0,0.2963,1,1.362,0.587,0,0.2063,1,0.09,0
P0190,U005,0,0.3282,1,0.842,0.753,1,0.2182,1,0.11,0
P0190,U006,0,0.7707,0,1.511,0.645,0,0.5815,0,0.1892,0
P0190,U007,1,0.5319,1,1.157,0.452,0,0.7007,1,0.1688,0
P0190,U008,1,0.1977,0,1.341,0.834,1,0.3558,0,0.1582,0
P0190,U009,0,0.7975,0,0.919,0.94,0,0.5966,0,0.2009,0
P0190,U010,1,0.0612,0,1.29,0.376,1,0.3783,0,0.317,0
P0191,U001,0,0.6565,0,1.335,0.745,1,0.3809,1,0.2756,0
P0191,U002,1,0.6304,1,1.433,0.533,1,0.7658,1,0.1353,0
P0191,U003,1,0.4862,0,1.196,0.069,1,0.5887,1,0.1025,0
P0191,U004,0,0.732,0,1.362,0.587,1,0.5067,0,0.2252,0
P0191,U005,0,0.0456,1,0.842,0.753,0,0.0539,1,0.0083,0
P0191,U006,0,0.4149,1,1.511,0.645,1,0.2711,1,0.1438,0
P0191,U007,1,0.2727,0,1.157,0.452,0,0.4725,0,0.1997,0
P0191,U008,1,0.3284,0,1.341,0.834,0,0.52,1,0.1916,0
P0191,U009,0,0.5168,0,0.919,0.94,0,0.3625,1,0.1543,0
P0191,U010,1,0.0729,0,1.29,0.376,0,0.4108,0,0.3379,0
P0192,U001,0,0.1173,1,1.335,0.745,1,0.0982,1,0.0191,0
P0192,U002,1,0.6505,1,1.433,0.533,1,0.7068,1,0.0563,0
P0192,U003,1,0.4291,0,1.196,0.069,0,0.553,1,0.1239,0
P0192,U004,0,0.1757,1,1.362,0.587,0,0.1452,1,0.0305,0
P0192,U005,0,0.02,1,0.842,0.753,0,0.0417,1,0.0217,0
P0192,U006,0,0.1531,1,1.511,0.645,1,0.1438,1,0.0093,0
P0192,U007,1,0.1927,0,1.157,0.452,0,0.4818,0,0.2891,0
P0192,U008,1,0.5365,1,1.341,0.834,1,0.6581,1,0.1217,0
P0192,U009,0,0.2639,1,0.919,0.94,1,0.1899,1,0.0741,0
P0192,U010,1,0.203,0,1.29,0.376,0,0.4988,0,0.2957,0
P0193,U001,0,0.4401,1,1.335,0.745,0,0.3511,1,0.089,0
P0193,U002,1,0.526,1,1.433,0.533,0,0.602,1,0.0761,0
P0193,U003,1,0.2251,0,1.196,0.069,1,0.4567,0,0.2315,0
P0193,U004,0,0.0546,1,1.362,0.587,0,0.0633,1,0.0087,0
P0193,U005,0,0.0183,1,0.842,0.753,0,0.0311,1,0.0128,0
P0193,U006,0,0.0478,1,1.511,0.645,0,0.0525,1,0.0048,0
P0193,U007,1,0.7593,1,1.157,0.452,1,0.8035,1,0.0441,0
P0193,U008,1,0.7127,1,1.341,0.834,1,0.7611,1,0.0484,0
P0193,U009,0,0.1747,1,0.919,0.94,0,0.1669,1,0.0078,0
P0193,U010,1,0.4082,0,1.29,0.376,0,0.5517,1,0.1435,0
P0194,U001,0,0.3346,1,1.335,0.745,0,0.1874,1,0.1472,0
P0194,U002,1,0.3941,0,1.433,0.533,0,0.6886,1,0.2945,0
P0194,U003,1,0.4892,0,1.196,0.069,1,0.7546,1,0.2654,0
P0194,U004,0,0.4801,1,1.362,0.587,0,0.2794,1,0.2007,0
P0194,U005,0,0.1228,1,0.842,0.753,1,0.1025,1,0.0203,0
P0194,U006,0,0.4,1,1.511,0.645,1,0.6158,0,-0.2158,1
P0194,U007,1,0.7854,1,1.157,0.452,0,0.8366,1,0.0512,0
P0194,U008,1,0.5609,1,1.341,0.834,1,0.7436,1,0.1827,0
P0194,U009,0,0.3862,1,0.919,0.94,0,0.296,1,0.0902,0
P0194,U010,1,0.8916,1,1.29,0.376,1,0.9044,1,0.0128,0
P0195,U001,0,0.4509,1,1.335,0.745,0,0.3708,1,0.0802,0
P0195,U002,1,0.7332,1,1.433,0.533,1,0.7739,1,0.0407,0
P0195,U003,1,0.7615,1,1.196,0.069,0,0.794,1,0.0325,0
P0195,U004,0,0.3192,1,1.362,0.587,0,0.264,1,0.0552,0
P0195,U005,0,0.1049,1,0.842,0.753,0,0.1024,1,0.0025,0
P0195,U006,0,0.432,1,1.511,0.645,0,0.2974,1,0.1346,0
P0195,U007,1,0.4839,0,1.157,0.452,0,0.601,1,0.1171,0
P0195,U008,1,0.5029,1,1.341,0.834,0,0.5595,1,0.0566,0
P0195,U009,0,0.6115,0,0.919,0.94,0,0.5545,0,0.057,0
P0195,U010,1,0.83,1,1.29,0.376,0,0.8571,1,0.0271,0
P0196,U001,0,0.1652,1,1.335,0.745,0,0.1484,1,0.0168,0
P0196,U002,1,0.434,0,1.433,0.533,0,0.6129,1,0.1789,0
P0196,U003,1,0.669,1,1.196,0.069,1,0.7676,1,0.0986,0
P0196,U004,0,0.3083,1,1.362,0.587,0,0.28,1,0.0282,0
P0196,U005,0,0.0094,1,0.842,0.753,0,0.018,1,0.0085,0
P0196,U006,0,0.4933,1,1.511,0.645,1,0.366,1,0.1273,0
P0196,U007,1,0.4784,0,1.157,0.452,0,0.6303,1,0.1519,0
P0196,U008,1,0.6067,1,1.341,0.834,0,0.6985,1,0.0919,0
P0196,U009,0,0.1651,1,0.919,0.94,1,0.1436,1,0.0215,0
P0196,U010,1,0.2989,0,1.29,0.376,0,0.5203,1,0.2214,0
P0197,U001,0,0.7687,0,1.335,0.745,0,0.5839,0,0.1847,0
P0197,U002,1,0.1499,0,1.433,0.533,0,0.3056,0,0.1557,0
P0197,U003,1,0.511,1,1.196,0.069,0,0.6057,1,0.0947,0
P0197,U004,0,0.6078,0,1.362,0.587,0,0.4888,1,0.119,0
P0197,U005,0,0.6291,0,0.842,0.753,0,0.4986,1,0.1305,0
P0197,U006,0,0.8652,0,1.511,0.645,0,0.7165,0,0.1487,0
P0197,U007,1,0.1166,0,1.157,0.452,0,0.2762,0,0.1596,0
P0197,U008,1,0.5177,1,1.341,0.834,0,0.6525,1,0.1348,0
P0197,U009,0,0.8545,0,0.919,0.94,0,0.6716,0,0.1829,0
P0197,U010,1,0.6689,1,1.29,0.376,1,0.7366,1,0.0677,0
P0198,U001,0,0.263,1,1.335,0.745,1,0.26,1,0.0029,1
P0198,U002,1,0.957,1,1.433,0.533,1,0.99,1,-0.033,1
P0198,U003,1,0.9479,1,1.196,0.069,0,0.9406,1,0.0073,0
P0198,U004,0,0.5046,0,1.362,0.587,1,0.3676,1,0.1369,0
P0198,U005,0,0.0839,1,0.842,0.753,0,0.1905,1,-0.1066,1
P0198,U006,0,0.8278,0,1.511,0.645,0,0.5502,0,0.2776,0
P0198,U007,1,0.8555,1,1.157,0.452,1,0.8659,1,0.0104,1
P0198,U008,1,0.8377,1,1.341,0.834,0,0.8496,1,0.0119,1
P0198,U009,0,0.4122,1,0.919,0.94,1,0.1678,1,0.2443,1
P0198,U010,1,0.8611,1,1.29,0.376,0,0.99,1,-0.0111,1
P0199,U001,0,0.5131,0,1.335,0.745,0,0.5233,0,-0.0102,0
P0199,U002,1,0.9717,1,1.433,0.533,0,0.9699,1,0.0018,0
P0199,U003,1,0.9283,1,1.196,0.069,1,0.928,1,0.0003,0
P0199,U004,0,0.2428,1,1.362,0.587,0,0.2309,1,0.0119,0
P0199,U005,0,0.1001,1,0.842,0.753,0,0.1013,1,-0.0012,0
P0199,U006,0,0.5422,0,1.511,0.645,1,0.5214,0,0.0209,0
P0199,U007,1,0.7999,1,1.157,0.452,1,0.7147,1,-0.0852,1
P0199,U008,1,0.5613,1,1.341,0.834,1,0.5627,1,0.0014,0
P0199,U009,0,0.5137,0,0.919,0.94,0,0.5052,0,0.0085,0
P0199,U010,1,0.6646,1,1.29,0.376,0,0.714,1,0.0493,0
P0200,U001,0,0.8118,0,1.335,0.745,1,0.5694,0,0.2424,0
P0200,U002,1,0.5188,1,1.433,0.533,1,0.7092,1,0.1905,0
P0200,U003,1,0.7152,1,1.196,0.069,0,0.7749,1,0.0596,0
P0200,U004,0,0.3437,1,1.362,0.587,1,0.2613,1,0.0824,0
P0200,U005,0,0.1331,1,0.842,0.753,0,0.1256,1,0.0075,0
P0200,U006,0,0.1839,1,1.511,0.645,1,0.1413,1,0.0426,0
P0200,U007,1,0.5109,1,1.157,0.452,1,0.6396,1,0.1287,0
P0200,U008,1,0.7583,1,1.341,0.834,0,0.7919,1,0.0336,0
P0200,U009,0,0.8424,0,0.919,0.94,0,0.6853,0,0.157,0
P0200,U010,1,0.3602,0,1.29,0.376,0,0.4001,0,0.0399,0
P0201,U001,0,0.4468,1,1.335,0.745,0,0.3522,1,0.0947,0
P0201,U002,1,0.9842,1,1.433,0.533,0,0.9622,1,0.0219,0
P0201,U003,1,0.8677,1,1.196,0.069,1,0.8861,1,0.0184,0
P0201,U004,0,0.8647,0,1.362,0.587,0,0.5726,0,0.2921,0
P0201,U005,0,0.2982,1,0.842,0.753,0,0.2676,1,0.0306,0
P0201,U006,0,0.6649,0,1.511,0.645,0,0.4548,1,0.2101,0
P0201,U007,1,0.9221,1,1.157,0.452,0,0.9214,1,0.0006,0
P0201,U008,1,0.6696,1,1.341,0.834,0,0.7442,1,0.0746,0
P0201,U009,0,0.1958,1,0.919,0.94,0,0.1578,1,0.0379,0
P0201,U010,1,0.9452,1,1.29,0.376,1,0.939,1,0.0062,0
P0202,U001,0,0.3613,1,1.335,0.745,1,0.2457,1,0.1156,0
P0202,U002,1,0.9615,1,1.433,0.533,1,0.9503,1,0.0112,0
P0202,U003,1,0.9651,1,1.196,0.069,1,0.9498,1,0.0154,0
P0202,U004,0,0.1466,1,1.362,0.587,1,0.1301,1,0.0164,0
P0202,U005,0,0.2878,1,0.842,0.753,1,0.2323,1,0.0555,0
P0202,U006,0,0.5018,0,1.511,0.645,1,0.3778,1,0.1241,0
P0202,U007,1,0.4326,0,1.157,0.452,1,0.4568,0,0.0242,0
P0202,U008,1,0.779,1,1.341,0.834,0,0.8206,1,0.0416,0
P0202,U009,0,0.47,1,0.919,0.94,0,0.355,1,0.115,0
P0202,U010,1,0.2557,0,1.29,0.376,0,0.3762,0,0.1205,0
P0203,U001,0,0.6483,0,1.335,0.745,0,0.3782,1,0.2702,0
P0203,U002,1,0.5934,1,1.433,0.533,0,0.6927,1,0.0993,0
P0203,U003,1,0.4926,0,1.196,0.069,0,0.6547,1,0.162,0
P0203,U004,0,0.6429,0,1.362,0.587,0,0.4912,1,0.1517,0
P0203,U005,0,0.3904,1,0.842,0.753,0,0.3312,1,0.0591,0
P0203,U006,0,0.8398,0,1.511,0.645,0,0.5487,0,0.2911,0
P0203,U007,1,0.4621,0,1.157,0.452,0,0.6046,1,0.1425,0
P0203,U008,1,0.2498,0,1.341,0.834,1,0.4984,0,0.2486,0
P0203,U009,0,0.9514,0,0.919,0.94,1,0.6615,0,0.2899,0
P0203,U010,1,0.0679,0,1.29,0.376,0,0.3472,0,0.2793,0
P0204,U001,0,0.0911,1,1.335,0.745,1,0.0867,1,0.0045,0
P0204,U002,1,0.8046,1,1.433,0.533,0,0.8579,1,0.0533,0
P0204,U003,1,0.8065,1,1.196,0.069,0,0.8362,1,0.0297,0
P0204,U004,0,0.4106,1,1.362,0.587,0,0.3329,1,0.0776,1
P0204,U005,0,0.4472,1,0.842,0.753,1,0.3412,1,0.106,0
P0204,U006,0,0.7827,0,1.511,0.645,1,0.713,0,0.0697,1
P0204,U007,1,0.5392,1,1.157,0.452,0,0.658,1,0.1188,0
P0204,U008,1,0.6328,1,1.341,0.834,0,0.724,1,0.0913,0
P0204,U009,0,0.7483,0,0.919,0.94,0,0.5705,0,0.1778,0
P0204,U010,1,0.8451,1,1.29,0.376,0,0.8678,1,0.0227,0
P0205,U001,0,0.3901,1,1.335,0.745,0,0.2481,1,0.1419,0
P0205,U002,1,0.7811,1,1.433,0.533,0,0.8639,1,0.0828,0
P0205,U003,1,0.6823,1,1.196,0.069,0,0.7956,1,0.1134,0
P0205,U004,0,0.1084,1,1.362,0.587,0,0.0937,1,0.0147,0
P0205,U005,0,0.1866,1,0.842,0.753,0,0.1441,1,0.0425,0
P0205,U006,0,0.4671,1,1.511,0.645,0,0.3382,1,0.1289,0
P0205,U007,1,0.8974,1,1.157,0.452,0,0.9084,1,0.011,0
P0205,U008,1,0.9056,1,1.341,0.834,1,0.9122,1,0.0067,0
P0205,U009,0,0.4453,1,0.919,0.94,1,0.2896,1,0.1557,0
P0205,U010,1,0.9687,1,1.29,0.376,1,0.9496,1,0.0192,0
P0206,U001,0,0.8003,0,1.335,0.745,0,0.5424,0,0.2579,0
P0206,U002,1,0.5139,1,1.433,0.533,0,0.631,1,0.1171,0
P0206,U003,1,0.5155,1,1.196,0.069,0,0.7025,1,0.1869,0
P0206,U004,0,0.5195,0,1.362,0.587,0,0.4213,1,0.0982,0
P0206,U005,0,0.567,0,0.842,0.753,0,0.4141,1,0.1529,0
P0206,U006,0,0.7221,0,1.511,0.645,0,0.4659,1,0.2562,0
P0206,U007,1,0.3872,0,1.157,0.452,0,0.4748,0,0.0876,0
P0206,U008,1,0.2707,0,1.341,0.834,0,0.4712,0,0.2004,0
P0206,U009,0,0.9879,0,0.919,0.94,0,0.7433,0,0.2446,0
P0206,U010,1,0.2355,0,1.29,0.376,0,0.4759,0,0.2404,0
P0207,U001,0,0.7061,0,1.335,0.745,0,0.5614,0,0.1447,0
P0207,U002,1,0.4167,0,1.433,0.533,0,0.4462,0,0.0296,0
P0207,U003,1,0.3836,0,1.196,0.069,0,0.4594,0,0.0758,0
P0207,U004,0,0.914,0,1.362,0.587,0,0.8186,0,0.0954,0
P0207,U005,0,0.9672,0,0.842,0.753,0,0.8697,0,0.0975,0
P0207,U006,0,0.9375,0,1.511,0.645,0,0.7751,0,0.1624,0
P0207,U007,1,0.3674,0,1.157,0.452,0,0.4919,0,0.1246,0
P0207,U008,1,0.4617,0,1.341,0.834,0,0.4931,0,0.0314,0
P0207,U009,0,0.9826,0,0.919,0.94,0,0.8088,0,0.1738,0
P0207,U010,1,0.0344,0,1.29,0.376,0,0.1688,0,0.1344,0
P0208,U001,0,0.6674,0,1.335,0.745,0,0.3963,1,0.2711,0
P0208,U002,1,0.9704,1,1.433,0.533,1,0.9596,1,0.0108,0
P0208,U003,1,0.9493,1,1.196,0.069,0,0.9383,1,0.0109,0
P0208,U004,0,0.6284,0,1.362,0.587,1,0.3899,1,0.2385,0
P0208,U005,0,0.3073,1,0.842,0.753,0,0.2523,1,0.055,1
P0208,U006,0,0.7035,0,1.511,0.645,0,0.4117,1,0.2919,0
P0208,U007,1,0.7084,1,1.157,0.452,0,0.8028,1,0.0944,0
P0208,U008,1,0.857,1,1.341,0.834,0,0.769,1,-0.088,1
P0208,U009,0,0.8633,0,0.919,0.94,0,0.564,0,0.2993,0
P0208,U010,1,0.8924,1,1.29,0.376,0,0.9036,1,0.0112,0
P0209,U001,0,0.3992,1,1.335,0.745,0,0.4365,1,-0.0373,1
P0209,U002,1,0.9522,1,1.433,0.533,0,0.99,1,-0.0378,1
P0209,U003,1,0.4974,0,1.196,0.069,1,0.6413,1,0.1439,1
P0209,U004,0,0.3334,1,1.362,0.587,1,0.2502,1,0.0832,0
P0209,U005,0,0.1854,1,0.842,0.753,0,0.1593,1,0.0261,0
P0209,U006,0,0.8066,0,1.511,0.645,0,0.5914,0,0.2152,0
P0209,U007,1,0.804,1,1.157,0.452,0,0.6614,1,-0.1426,1
P0209,U008,1,0.8075,1,1.341,0.834,0,0.8325,1,0.025,0
P0209,U009,0,0.3848,1,0.919,0.94,1,0.4981,1,-0.1133,1
P0209,U010,1,0.7108,1,1.29,0.376,0,0.7584,1,0.0476,0
P0210,U001,0,0.137,1,1.335,0.745,0,0.1035,1,0.0335,0
P0210,U002,1,0.4747,0,1.433,0.533,1,0.6803,1,0.2056,0
P0210,U003,1,0.5861,1,1.196,0.069,1,0.704,1,0.1179,0
P0210,U004,0,0.2548,1,1.362,0.587,0,0.2096,1,0.0452,1
P0210,U005,0,0.119,1,0.842,0.753,0,0.1068,1,0.0123,0
P0210,U006,0,0.5363,0,1.511,0.645,0,0.3071,1,0.2292,0
P0210,U007,1,0.3517,0,1.157,0.452,1,0.669,1,0.3174,0
P0210,U008,1,0.3069,0,1.341,0.834,0,0.5679,1,0.2609,0
P0210,U009,0,0.5821,0,0.919,0.94,0,0.3749,1,0.2072,0
P0210,U010,1,0.6812,1,1.29,0.376,1,0.8036,1,0.1224,0
P0211,U001,0,0.201,1,1.335,0.745,0,0.1418,1,0.0593,0
P0211,U002,1,0.6994,1,1.433,0.533,1,0.8269,1,0.1275,0
P0211,U003,1,0.9663,1,1.196,0.069,1,0.9481,1,0.0182,0
P0211,U004,0,0.4408,1,1.362,0.587,0,0.2541,1,0.1867,0
P0211,U005,0,0.2949,1,0.842,0.753,1,0.2082,1,0.0866,0
P0211,U006,0,0.5975,0,1.511,0.645,1,0.2216,1,0.376,0
P0211,U007,1,0.7908,1,1.157,0.452,0,0.8727,1,0.082,0
P0211,U008,1,0.9335,1,1.341,0.834,0,0.9283,1,0.0052,0
P0211,U009,0,0.7797,0,0.919,0.94,0,0.4733,1,0.3064,0
P0211,U010,1,0.9732,1,1.29,0.376,1,0.9442,1,0.029,0
P0212,U001,0,0.0071,1,1.335,0.745,1,0.0385,1,0.0314,0
P0212,U002,1,0.987,1,1.433,0.533,1,0.9572,1,0.0297,0
P0212,U003,1,0.9955,1,1.196,0.069,0,0.9654,1,0.0301,0
P0212,U004,0,0.1582,1,1.362,0.587,1,0.1331,1,0.0252,0
P0212,U005,0,0.0022,1,0.842,0.753,1,0.0354,1,0.0332,0
P0212,U006,0,0.0092,1,1.511,0.645,1,0.0433,1,0.0341,0
P0212,U007,1,0.909,1,1.157,0.452,1,0.9127,1,0.0037,0
P0212,U008,1,0.975,1,1.341,0.834,1,0.946,1,0.029,0
P0212,U009,0,0.0105,1,0.919,0.94,1,0.0374,1,0.0269,0
P0212,U010,1,0.9904,1,1.29,0.376,1,0.9657,1,0.0247,0
P0213,U001,0,0.2245,1,1.335,0.745,1,0.191,1,0.0335,0
P0213,U002,1,0.1567,0,1.433,0.533,1,0.3747,0,0.2181,0
P0213,U003,1,0.6649,1,1.196,0.069,1,0.7295,1,0.0646,0
P0213,U004,0,0.1541,1,1.362,0.587,0,0.1403,1,0.0138,0
P0213,U005,0,0.1079,1,0.842,0.753,0,0.104,1,0.004,0
P0213,U006,0,0.6224,0,1.511,0.645,0,0.4748,1,0.1476,0
P0213,U007,1,0.0485,0,1.157,0.452,0,0.1341,0,0.0856,0
P0213,U008,1,0.2664,0,1.341,0.834,0,0.3702,0,0.1038,0
P0213,U009,0,0.5626,0,0.919,0.94,0,0.4882,1,0.0744,0
P0213,U010,1,0.1131,0,1.29,0.376,0,0.2084,0,0.0953,0
P0214,U001,0,0.15,1,1.335,0.745,0,0.1147,1,0.0352,0
P0214,U002,1,0.5916,1,1.433,0.533,1,0.6646,1,0.073,0
P0214,U003,1,0.9634,1,1.196,0.069,1,0.9455,1,0.0179,0
P0214,U004,0,0.6104,0,1.362,0.587,0,0.3727,1,0.2377,0
P0214,U005,0,0.1669,1,0.842,0.753,0,0.1337,1,0.0332,0
P0214,U006,0,0.7711,0,1.511,0.645,0,0.5389,0,0.2321,0
P0214,U007,1,0.6476,1,1.157,0.452,1,0.7519,1,0.1043,0
P0214,U008,1,0.4897,0,1.341,0.834,1,0.6256,1,0.1359,0
P0214,U009,0,0.8203,0,0.919,0.94,0,0.5827,0,0.2377,0
P0214,U010,1,0.6847,1,1.29,0.376,1,0.7653,1,0.0806,0
P0215,U001,0,0.3859,1,1.335,0.745,1,0.3099,1,0.076,0
P0215,U002,1,0.9504,1,1.433,0.533,0,0.9435,1,0.0069,0
P0215,U003,1,0.9945,1,1.196,0.069,0,0.9846,1,0.0099,0
P0215,U004,0,0.1897,1,1.362,0.587,0,0.1973,1,-0.0076,0
P0215,U005,0,0.0468,1,0.842,0.753,0,0.0515,1,0.0047,0
P0215,U006,0,0.0932,1,1.511,0.645,0,0.0918,1,0.0014,0
P0215,U007,1,0.8372,1,1.157,0.452,1,0.8559,1,0.0188,0
P0215,U008,1,0.9479,1,1.341,0.834,0,0.9446,1,0.0033,0
P0215,U009,0,0.0649,1,0.919,0.94,0,0.0675,1,0.0026,0
P0215,U010,1,0.9108,1,1.29,0.376,0,0.9134,1,0.0025,0
P0216,U001,0,0.0903,1,1.335,0.745,0,0.085,1,0.0053,0
P0216,U002,1,0.883,1,1.433,0.533,0,0.8971,1,0.0141,0
P0216,U003,1,0.8918,1,1.196,0.069,1,0.9045,1,0.0127,0
P0216,U004,0,0.1497,1,1.362,0.587,0,0.1214,1,0.0283,0
P0216,U005,0,0.0604,1,0.842,0.753,0,0.0681,1,0.0078,0
P0216,U006,0,0.37,1,1.511,0.645,0,0.1997,1,0.1703,0
P0216,U007,1,0.954,1,1.157,0.452,1,0.938,1,0.016,0
P0216,U008,1,0.7961,1,1.341,0.834,1,0.8632,1,0.0671,0
P0216,U009,0,0.556,0,0.919,0.94,0,0.3555,1,0.2005,0
P0216,U010,1,0.6271,1,1.29,0.376,0,0.8163,1,0.1892,0
P0217,U001,0,0.481,1,1.335,0.745,0,0.2758,1,0.2052,0
P0217,U002,1,0.8488,1,1.433,0.533,1,0.8822,1,0.0335,0
P0217,U003,1,0.5946,1,1.196,0.069,0,0.7535,1,0.159,0
P0217,U004,0,0.5198,0,1.362,0.587,0,0.3267,1,0.1931,0
P0217,U005,0,0.066,1,0.842,0.753,0,0.0712,1,0.0052,0
P0217,U006,0,0.6591,0,1.511,0.645,0,0.4174,1,0.2417,0
P0217,U007,1,0.4074,0,1.157,0.452,0,0.6353,1,0.2279,0
P0217,U008,1,0.6743,1,1.341,0.834,1,0.8158,1,0.1415,0
P0217,U009,0,0.4897,1,0.919,0.94,0,0.3715,1,0.1182,0
P0217,U010,1,0.791,1,1.29,0.376,1,0.8676,1,0.0766,0
P0218,U001,0,0.5652,0,1.335,0.745,0,0.4771,1,0.0881,0
P0218,U002,1,0.9997,1,1.433,0.533,0,0.9771,1,0.0226,0
P0218,U003,1,0.9872,1,1.196,0.069,0,0.9747,1,0.0125,0
P0218,U004,0,0.2552,1,1.362,0.587,0,0.2117,1,0.0434,0
P0218,U005,0,0.1665,1,0.842,0.753,0,0.1506,1,0.0158,0
P0218,U006,0,0.9149,0,1.511,0.645,0,0.8393,0,0.0756,0
P0218,U007,1,0.941,1,1.157,0.452,1,0.9341,1,0.0069,0
P0218,U008,1,0.9347,1,1.341,0.834,1,0.9326,1,0.0021,0
P0218,U009,0,0.3691,1,0.919,0.94,0,0.2889,1,0.0802,0
P0218,U010,1,0.9762,1,1.29,0.376,0,0.9678,1,0.0084,0
P0219,U001,0,0.0806,1,1.335,0.745,1,0.0803,1,0.0002,0
P0219,U002,1,0.8398,1,1.433,0.533,0,0.8767,1,0.0369,0
P0219,U003,1,0.8983,1,1.196,0.069,0,0.9102,1,0.0118,0
P0219,U004,0,0.1464,1,1.362,0.587,1,0.01,1,-0.0036,1
P0219,U005,0,0.0651,1,0.842,0.753,0,0.0711,1,0.006,0
P0219,U006,0,0.427,1,1.511,0.645,0,0.241,1,0.1859,0
P0219,U007,1,0.7032,1,1.157,0.452,0,0.8178,1,0.1146,0
P0219,U008,1,0.6621,1,1.341,0.834,1,0.8029,1,0.1408,0
P0219,U009,0,0.63,0,0.919,0.94,0,0.3468,1,0.2832,0
P0219,U010,1,0.3834,0,1.29,0.376,0,0.5939,1,0.2105,1
P0220,U001,0,0.2633,1,1.335,0.745,1,0.1766,1,0.0866,0
P0220,U002,1,0.9614,1,1.433,0.533,0,0.9339,1,0.0275,0
P0220,U003,1,0.9693,1,1.196,0.069,0,0.9421,1,0.0272,0
P0220,U004,0,0.0945,1,1.362,0.587,1,0.0864,1,0.0081,0
P0220,U005,0,0.1174,1,0.842,0.753,0,0.1034,1,0.014,0
P0220,U006,0,0.0953,1,1.511,0.645,1,0.088,1,0.0072,0
P0220,U007,1,0.7483,1,1.157,0.452,1,0.8381,1,0.0898,0
P0220,U008,1,0.7873,1,1.341,0.834,1,0.8552,1,0.0679,0
P0220,U009,0,0.2457,1,0.919,0.94,1,0.1678,1,0.0779,0
P0220,U010,1,0.9925,1,1.29,0.376,1,0.9473,1,0.0452,0
P0221,U001,0,0.1464,1,1.335,0.745,0,0.1326,1,0.0138,0
P0221,U002,1,0.9816,1,1.433,0.533,0,0.9657,1,0.0159,0
P0221,U003,1,0.8036,1,1.196,0.069,1,0.8307,1,0.0271,0
P0221,U004,0,0.2774,1,1.362,0.587,0,0.2133,1,0.0641,0
P0221,U005,0,0.0487,1,0.842,0.753,1,0.231,1,-0.1197,1
P0221,U006,0,0.6373,0,1.511,0.645,0,0.4407,1,0.1966,0
P0221,U007,1,0.3752,0,1.157,0.452,1,0.5129,1,0.1377,0
P0221,U008,1,0.7974,1,1.341,0.834,0,0.8422,1,0.0448,0
P0221,U009,0,0.4574,1,0.919,0.94,0,0.3422,1,0.1152,0
P0221,U010,1,0.9059,1,1.29,0.376,0,0.9101,1,0.0042,0
P0222,U001,0,0.1318,1,1.335,0.745,0,0.1095,1,0.0223,0
P0222,U002,1,0.8374,1,1.433,0.533,0,0.8805,1,0.0431,0
P0222,U003,1,0.6441,1,1.196,0.069,1,0.7535,1,0.1094,0
P0222,U004,0,0.1228,1,1.362,0.587,0,0.354,1,-0.2312,1
P0222,U005,0,0.0254,1,0.842,0.753,0,0.0466,1,0.0212,0
P0222,U006,0,0.5021,0,1.511,0.645,0,0.2591,1,0.243,0
P0222,U007,1,0.5947,1,1.157,0.452,0,0.7678,1,0.1731,0
P0222,U008,1,0.7412,1,1.341,0.834,0,0.8046,1,0.0633,0
P0222,U009,0,0.1507,1,0.919,0.94,1,0.119,1,0.0317,0
P0222,U010,1,0.5313,1,1.29,0.376,0,0.7465,1,0.2152,0
P0223,U001,0,0.6665,0,1.335,0.745,1,0.5233,0,0.1432,0
P0223,U002,1,0.5795,1,1.433,0.533,1,0.67,1,0.0905,0
P0223,U003,1,0.5422,1,1.196,0.069,0,0.6766,1,0.1344,0
P0223,U004,0,0.6852,0,1.362,0.587,0,0.5049,0,0.1803,0
P0223,U005,0,0.5983,0,0.842,0.753,1,0.4497,1,0.1486,0
P0223,U006,0,0.718,0,1.511,0.645,1,0.5252,0,0.1928,0
P0223,U007,1,0.236,0,1.157,0.452,1,0.3978,0,0.1617,0
P0223,U008,1,0.1113,0,1.341,0.834,1,0.4559,0,0.3446,0
P0223,U009,0,0.9706,0,0.919,0.94,0,0.8206,0,0.1501,0
P0223,U010,1,0.0394,0,1.29,0.376,0,0.3448,0,0.3054,0
P0224,U001,0,0.764,0,1.335,0.745,0,0.6448,0,0.1192,0
P0224,U002,1,0.2626,0,1.433,0.533,1,0.4977,0,0.2351,0
P0224,U003,1,0.4152,0,1.196,0.069,0,0.4745,0,0.0593,0
P0224,U004,0,0.4113,1,1.362,0.587,0,0.2948,1,0.1166,0
P0224,U005,0,0.1882,1,0.842,0.753,0,0.1763,1,0.0119,0
P0224,U006,0,0.8875,0,1.511,0.645,0,0.7816,0,0.1059,0
P0224,U007,1,0.4895,0,1.157,0.452,0,0.5718,1,0.0823,0
P0224,U008,1,0.6905,1,1.341,0.834,0,0.7342,1,0.0437,0
P0224,U009,0,0.919,0,0.919,0.94,0,0.7022,0,0.2168,0
P0224,U010,1,0.4243,0,1.29,0.376,0,0.4861,0,0.0619,0
P0225,U001,0,0.2678,1,1.335,0.745,1,0.1846,1,0.0832,0
P0225,U002,1,0.9856,1,1.433,0.533,1,0.9663,1,0.0193,0
P0225,U003,1,0.9688,1,1.196,0.069,0,0.9445,1,0.0243,0
P0225,U004,0,0.4222,1,1.362,0.587,1,0.2131,1,0.2091,0
P0225,U005,0,0.119,1,0.842,0.753,0,0.1074,1,0.0117,0
P0225,U006,0,0.542,0,1.511,0.645,1,0.3649,1,0.1771,0
P0225,U007,1,0.7371,1,1.157,0.452,1,0.8024,1,0.0653,0
P0225,U008,1,0.9433,1,1.341,0.834,0,0.9346,1,0.0086,0
P0225,U009,0,0.8787,0,0.919,0.94,0,0.6789,0,0.1999,0
P0225,U010,1,0.9765,1,1.29,0.376,0,0.9486,1,0.0279,0
P0226,U001,0,0.0595,1,1.335,0.745,1,0.0662,1,0.0067,0
P0226,U002,1,0.9186,1,1.433,0.533,0,0.9193,1,0.0007,0
P0226,U003,1,0.9184,1,1.196,0.069,1,0.919,1,0.0006,0
P0226,U004,0,0.1163,1,1.362,0.587,1,0.1018,1,0.0146,0
P0226,U005,0,0.0182,1,0.842,0.753,1,0.0438,1,0.0256,0
P0226,U006,0,0.2008,1,1.511,0.645,0,0.1603,1,0.0405,0
P0226,U007,1,0.654,1,1.157,0.452,1,0.7681,1,0.114,0
P0226,U008,1,0.3205,0,1.341,0.834,0,0.5325,1,0.212,0
P0226,U009,0,0.043,1,0.919,0.94,0,0.0609,1,0.0179,0
P0226,U010,1,0.6578,1,1.29,0.376,1,0.7826,1,0.1248,0
P0227,U001,0,0.2512,1,1.335,0.745,0,0.2334,1,0.0178,0
P0227,U002,1,0.9715,1,1.433,0.533,0,0.9646,1,0.0069,0
P0227,U003,1,0.9862,1,1.196,0.069,0,0.9771,1,0.0091,0
P0227,U004,0,0.3796,1,1.362,0.587,0,0.3482,1,0.0314,0
P0227,U005,0,0.0891,1,0.842,0.753,1,0.0876,1,0.0015,0
P0227,U006,0,0.3414,1,1.511,0.645,0,0.3168,1,0.0247,0
P0227,U007,1,0.8963,1,1.157,0.452,0,0.9001,1,0.0039,0
P0227,U008,1,0.956,1,1.341,0.834,0,0.9519,1,0.0041,0
P0227,U009,0,0.6431,0,0.919,0.94,0,0.5441,0,0.099,0
P0227,U010,1,0.9693,1,1.29,0.376,0,0.9579,1,0.0114,0
P0228,U001,0,0.1381,1,1.335,0.745,1,0.1235,1,0.0147,0
P0228,U002,1,0.4989,0,1.433,0.533,0,0.6565,1,0.1576,0
P0228,U003,1,0.694,1,1.196,0.069,0,0.7263,1,0.0322,0
P0228,U004,0,0.3601,1,1.362,0.587,0,0.269,1,0.0911,0
P0228,U005,0,0.0287,1,0.842,0.753,0,0.0345,1,0.0057,0
P0228,U006,0,0.5682,0,1.511,0.645,0,0.4322,1,0.136,0
P0228,U007,1,0.2457,0,1.157,0.452,1,0.464,0,0.2183,0
P0228,U008,1,0.5696,1,1.341,0.834,0,0.6448,1,0.0752,0
P0228,U009,0,0.3807,1,0.919,0.94,0,0.3381,1,0.0426,0
P0228,U010,1,0.7721,1,1.29,0.376,0,0.8229,1,0.0508,0
P0229,U001,0,0.3256,1,1.335,0.745,0,0.2285,1,0.0972,0
P0229,U002,1,0.9248,1,1.433,0.533,1,0.9227,1,0.0021,0
P0229,U003,1,0.5436,1,1.196,0.069,0,0.6136,1,0.07,0
P0229,U004,0,0.3629,1,1.362,0.587,0,0.2612,1,0.1018,0
P0229,U005,0,0.1706,1,0.842,0.753,1,0.1457,1,0.0249,0
P0229,U006,0,0.1187,1,1.511,0.645,0,0.1056,1,0.0131,0
P0229,U007,1,0.6152,1,1.157,0.452,0,0.6921,1,0.0769,0
P0229,U008,1,0.4816,0,1.341,0.834,0,0.6161,1,0.1345,0
P0229,U009,0,0.6701,0,0.919,0.94,0,0.521,0,0.1491,0
P0229,U010,1,0.465,0,1.29,0.376,0,0.5671,1,0.1021,0
P0230,U001,0,0.5339,0,1.335,0.745,0,0.4411,1,0.0929,0
P0230,U002,1,0.8171,1,1.433,0.533,0,0.8328,1,0.0157,0
P0230,U003,1,0.6345,1,1.196,0.069,1,0.6999,1,0.0654,0
P0230,U004,0,0.0486,1,1.362,0.587,0,0.0555,1,0.0069,0
P0230,U005,0,0.2427,1,0.842,0.753,1,0.4871,1,-0.2443,1
P0230,U006,0,0.3853,1,1.511,0.645,1,0.3248,1,0.0605,0
P0230,U007,1,0.5283,1,1.157,0.452,1,0.4153,0,-0.113,1
P0230,U008,1,0.7483,1,1.341,0.834,1,0.99,1,0.1017,1
P0230,U009,0,0.4331,1,0.919,0.94,0,0.3602,1,0.0729,0
P0230,U010,1,0.9285,1,1.29,0.376,1,0.9273,1,0.0013,0
P0231,U001,0,0.1516,1,1.335,0.745,1,0.1123,1,0.0394,0
P0231,U002,1,0.1563,0,1.433,0.533,0,0.4088,0,0.2524,0
P0231,U003,1,0.9455,1,1.196,0.069,1,0.9403,1,0.0053,0
P0231,U004,0,0.4117,1,1.362,0.587,0,0.2542,1,0.1575,0
P0231,U005,0,0.0516,1,0.842,0.753,0,0.0605,1,0.009,0
P0231,U006,0,0.1792,1,1.511,0.645,1,0.11,1,0.0691,0
P0231,U007,1,0.2467,0,1.157,0.452,0,0.6001,1,0.3535,0
P0231,U008,1,0.6301,1,1.341,0.834,0,0.7116,1,0.0815,0
P0231,U009,0,0.3824,1,0.919,0.94,1,0.2552,1,0.1272,0
P0231,U010,1,0.5557,1,1.29,0.376,0,0.7299,1,0.1742,0
P0232,U001,0,0.618,0,1.335,0.745,1,0.5788,0,0.0391,0
P0232,U002,1,0.8994,1,1.433,0.533,0,0.9022,1,0.0029,0
P0232,U003,1,0.685,1,1.196,0.069,0,0.7192,1,0.0342,0
P0232,U004,0,0.8993,0,1.362,0.587,0,0.7697,0,0.1296,0
P0232,U005,0,0.6313,0,0.842,0.753,1,0.6232,0,0.0081,0
P0232,U006,0,0.3935,1,1.511,0.645,0,0.3348,1,0.0587,0
P0232,U007,1,0.537,1,1.157,0.452,0,0.5528,1,0.0158,0
P0232,U008,1,0.6373,1,1.341,0.834,0,0.6805,1,0.0432,0
P0232,U009,0,0.9683,0,0.919,0.94,0,0.823,0,0.1453,0
P0232,U010,1,0.6513,1,1.29,0.376,0,0.6884,1,0.0371,0
P0233,U001,0,0.5402,0,1.335,0.745,0,0.5311,0,0.0091,0
P0233,U002,1,0.5635,1,1.433,0.533,1,0.3775,0,-0.1861,1
P0233,U003,1,0.3507,0,1.196,0.069,1,0.3629,0,0.0123,0
P0233,U004,0,0.2763,1,1.362,0.587,0,0.2494,1,0.0269,0
P0233,U005,0,0.3312,1,0.842,0.753,0,0.2784,1,0.0528,0
P0233,U006,0,0.8094,0,1.511,0.645,0,0.7465,0,0.0629,0
P0233,U007,1,0.5782,1,1.157,0.452,0,0.6306,1,0.0525,0
P0233,U008,1,0.4294,0,1.341,0.834,1,0.4551,0,0.0257,0
P0233,U009,0,0.3492,1,0.919,0.94,0,0.2957,1,0.0535,0
P0233,U010,1,0.7411,1,1.29,0.376,0,0.7679,1,0.0268,0
P0234,U001,0,0.1169,1,1.335,0.745,0,0.1081,1,0.0088,0
P0234,U002,1,0.3966,0,1.433,0.533,0,0.5889,1,0.1923,1
P0234,U003,1,0.9355,1,1.196,0.069,0,0.933,1,0.0025,0
P0234,U004,0,0.7468,0,1.362,0.587,1,0.5385,0,0.2083,0
P0234,U005,0,0.1317,1,0.842,0.753,1,0.1262,1,0.0055,0
P0234,U006,0,0.5408,0,1.511,0.645,0,0.4346,1,0.1062,0
P0234,U007,1,0.3286,0,1.157,0.452,0,0.4916,0,0.163,0
P0234,U008,1,0.6793,1,1.341,0.834,0,0.7139,1,0.0346,0
P0234,U009,0,0.7036,0,0.919,0.94,0,0.5242,0,0.1794,0
P0234,U010,1,0.4464,0,1.29,0.376,0,0.6068,1,0.1604,0
P0235,U001,0,0.441,1,1.335,0.745,1,0.3156,1,0.1254,0
P0235,U002,1,0.6102,1,1.433,0.533,0,0.7279,1,0.1177,0
P0235,U003,1,0.8734,1,1.196,0.069,1,0.8846,1,0.0112,0
P0235,U004,0,0.7403,0,1.362,0.587,0,0.574,0,0.1663,0
P0235,U005,0,0.2283,1,0.842,0.753,0,0.1922,1,0.0361,0
P0235,U006,0,0.562,0,1.511,0.645,1,0.4251,1,0.1369,0
P0235,U007,1,0.5033,1,1.157,0.452,0,0.6574,1,0.1542,0
P0235,U008,1,0.3783,0,1.341,0.834,0,0.5599,1,0.1816,0
P0235,U009,0,0.6854,0,0.919,0.94,1,0.4366,1,0.2488,0
P0235,U010,1,0.7743,1,1.29,0.376,1,0.8274,1,0.0531,0
P0236,U001,0,0.5526,0,1.335,0.745,1,0.3314,1,0.2212,0
P0236,U002,1,0.8788,1,1.433,0.533,1,0.9032,1,0.0244,0
P0236,U003,1,0.8837,1,1.196,0.069,1,0.99,1,-0.0337,1
P0236,U004,0,0.5522,0,1.362,0.587,0,0.2953,1,0.2569,0
P0236,U005,0,0.6233,0,0.842,0.753,1,0.378,1,0.2453,0
P0236,U006,0,0.9356,0,1.511,0.645,1,0.457,1,0.4786,0
P0236,U007,1,0.8757,1,1.157,0.452,1,0.892,1,0.0163,0
P0236,U008,1,0.8127,1,1.341,0.834,1,0.8635,1,0.0507,0
P0236,U009,0,0.9566,0,0.919,0.94,1,0.5537,0,0.4029,0
P0236,U010,1,0.857,1,1.29,0.376,0,0.8933,1,0.0363,0
P0237,U001,0,0.1895,1,1.335,0.745,0,0.174,1,0.0156,0
P0237,U002,1,0.3709,0,1.433,0.533,0,0.4291,0,0.0582,0
P0237,U003,1,0.3532,0,1.196,0.069,0,0.4848,0,0.1315,0
P0237,U004,0,0.9517,0,1.362,0.587,0,0.8329,0,0.1188,0
P0237,U005,0,0.7112,0,0.842,0.753,0,0.6356,0,0.0756,0
P0237,U006,0,0.4716,1,1.511,0.645,0,0.3991,1,0.0725,0
P0237,U007,1,0.4908,0,1.157,0.452,0,0.5023,1,0.0115,0
P0237,U008,1,0.4063,0,1.341,0.834,1,0.4836,0,0.0773,1
P0237,U009,0,0.804,0,0.919,0.94,0,0.652,0,0.152,0
P0237,U010,1,0.3356,0,1.29,0.376,0,0.4508,0,0.1152,0
P0238,U001,0,0.959,0,1.335,0.745,0,0.7688,0,0.1903,0
P0238,U002,1,0.9831,1,1.433,0.533,1,0.9606,1,0.0226,0
P0238,U003,1,0.8735,1,1.196,0.069,0,0.8944,1,0.0208,0
P0238,U004,0,0.9123,0,1.362,0.587,1,0.5582,0,0.3541,0
P0238,U005,0,0.5684,0,0.842,0.753,1,0.3544,1,0.214,0
P0238,U006,0,0.8059,0,1.511,0.645,0,0.5608,0,0.2451,0
P0238,U007,1,0.7164,1,1.157,0.452,1,0.7815,1,0.0651,0
P0238,U008,1,0.3795,0,1.341,0.834,1,0.5968,1,0.2173,0
P0238,U009,0,0.948,0,0.919,0.94,1,0.6302,0,0.3178,0
P0238,U010,1,0.3723,0,1.29,0.376,1,0.5919,1,0.2196,0
P0239,U001,0,0.4076,1,1.335,0.745,0,0.272,1,0.1356,0
P0239,U002,1,0.9678,1,1.433,0.533,1,0.9486,1,0.0192,0
P0239,U003,1,0.9417,1,1.196,0.069,1,0.9316,1,0.01,0
P0239,U004,0,0.0267,1,1.362,0.587,1,0.0485,1,0.0218,0
P0239,U005,0,0.0212,1,0.842,0.753,0,0.0424,1,0.0211,0
P0239,U006,0,0.2704,1,1.511,0.645,1,0.1837,1,0.0868,0
P0239,U007,1,0.8008,1,1.157,0.452,0,0.8493,1,0.0485,0
P0239,U008,1,0.8227,1,1.341,0.834,1,0.8717,1,0.049,0
P0239,U009,0,0.3317,1,0.919,0.94,1,0.2262,1,0.1054,0
P0239,U010,1,0.9789,1,1.29,0.376,0,0.9565,1,0.0224,0
P0240,U001,0,0.0933,1,1.335,0.745,0,0.091,1,0.0022,0
P0240,U002,1,0.7182,1,1.433,0.533,0,0.7897,1,0.0715,0
P0240,U003,1,0.3196,0,1.196,0.069,1,0.4495,0,0.1299,0
P0240,U004,0,0.0257,1,1.362,0.587,1,0.0396,1,0.0139,0
P0240,U005,0,0.0038,1,0.842,0.753,0,0.01,1,0.0062,1
P0240,U006,0,0.1984,1,1.511,0.645,1,0.1645,1,0.0339,0
P0240,U007,1,0.7621,1,1.157,0.452,1,0.7958,1,0.0337,0
P0240,U008,1,0.3692,0,1.341,0.834,1,0.5469,1,0.1778,0
P0240,U009,0,0.1229,1,0.919,0.94,1,0.1113,1,0.0116,0
P0240,U010,1,0.1754,0,1.29,0.376,0,0.4262,0,0.2509,0
P0241,U001,0,0.2996,1,1.335,0.745,0,0.2581,1,0.0415,0
P0241,U002,1,0.4881,0,1.433,0.533,0,0.6469,1,0.1587,0
P0241,U003,1,0.8172,1,1.196,0.069,0,0.8355,1,0.0183,0
P0241,U004,0,0.5011,0,1.362,0.587,1,0.4582,1,0.0429,1
P0241,U005,0,0.3698,1,0.842,0.753,1,0.2863,1,0.0836,0
P0241,U006,0,0.7988,0,1.511,0.645,0,0.5039,0,0.2949,0
P0241,U007,1,0.6272,1,1.157,0.452,0,0.6844,1,0.0573,0
P0241,U008,1,0.6623,1,1.341,0.834,0,0.725,1,0.0627,0
P0241,U009,0,0.3667,1,0.919,0.94,0,0.3041,1,0.0627,0
P0241,U010,1,0.827,1,1.29,0.376,1,0.99,1,0.023,1
P0242,U001,0,0.3605,1,1.335,0.745,1,0.2678,1,0.0927,0
P0242,U002,1,0.6027,1,1.433,0.533,1,0.7252,1,0.1225,0
P0242,U003,1,0.1929,0,1.196,0.069,0,0.406,0,0.2131,0
P0242,U004,0,0.2121,1,1.362,0.587,1,0.1477,1,0.0644,0
P0242,U005,0,0.2629,1,0.842,0.753,1,0.1893,1,0.0736,0
P0242,U006,0,0.2737,1,1.511,0.645,1,0.1841,1,0.0896,0
P0242,U007,1,0.4211,0,1.157,0.452,0,0.6643,1,0.2433,0
P0242,U008,1,0.824,1,1.341,0.834,1,0.8465,1,0.0225,0
P0242,U009,0,0.586,0,0.919,0.94,1,0.4321,1,0.1539,0
P0242,U010,1,0.1326,0,1.29,0.376,0,0.4783,0,0.3457,0
P0243,U001,0,0.1594,1,1.335,0.745,0,0.1389,1,0.0206,0
P0243,U002,1,0.9864,1,1.433,0.533,1,0.9712,1,0.0152,0
P0243,U003,1,0.8838,1,1.196,0.069,1,0.8905,1,0.0066,0
P0243,U004,0,0.2182,1,1.362,0.587,1,0.2759,1,-0.0577,1
P0243,U005,0,0.7623,0,0.842,0.753,1,0.619,0,0.1433,0
P0243,U006,0,0.4323,1,1.511,0.645,1,0.6286,0,-0.1964,1
P0243,U007,1,0.7549,1,1.157,0.452,1,0.7942,1,0.0393,0
P0243,U008,1,0.4136,0,1.341,0.834,0,0.4984,0,0.0848,0
P0243,U009,0,0.8862,0,0.919,0.94,1,0.6458,0,0.2404,0
P0243,U010,1,0.7018,1,1.29,0.376,1,0.7799,1,0.0781,0
P0244,U001,0,0.1459,1,1.335,0.745,0,0.1327,1,0.0132,0
P0244,U002,1,0.9349,1,1.433,0.533,0,0.9311,1,0.0038,0
P0244,U003,1,0.6788,1,1.196,0.069,0,0.7351,1,0.0563,0
P0244,U004,0,0.3456,1,1.362,0.587,1,0.2853,1,0.0603,0
P0244,U005,0,0.3358,1,0.842,0.753,0,0.2585,1,0.0772,0
P0244,U006,0,0.1982,1,1.511,0.645,0,0.1613,1,0.0369,0
P0244,U007,1,0.7685,1,1.157,0.452,0,0.81,1,0.0415,0
P0244,U008,1,0.7007,1,1.341,0.834,1,0.7435,1,0.0428,0
P0244,U009,0,0.8364,0,0.919,0.94,1,0.99,0,-0.1536,1
P0244,U010,1,0.7662,1,1.29,0.376,1,0.7978,1,0.0317,0
P0245,U001,0,0.2636,1,1.335,0.745,0,0.2382,1,0.0254,0
P0245,U002,1,0.9265,1,1.433,0.533,0,0.9252,1,0.0013,0
P0245,U003,1,0.8429,1,1.196,0.069,1,0.8639,1,0.021,0
P0245,U004,0,0.2778,1,1.362,0.587,1,0.2339,1,0.0439,0
P0245,U005,0,0.0893,1,0.842,0.753,0,0.0866,1,0.0026,0
P0245,U006,0,0.7402,0,1.511,0.645,0,0.5212,0,0.219,0
P0245,U007,1,0.8809,1,1.157,0.452,1,0.8949,1,0.014,0
P0245,U008,1,0.7413,1,1.341,0.834,1,0.8014,1,0.0601,0
P0245,U009,0,0.2278,1,0.919,0.94,0,0.2029,1,0.0249,0
P0245,U010,1,0.5988,1,1.29,0.376,0,0.6281,1,0.0293,0
P0246,U001,0,0.1476,1,1.335,0.745,0,0.1246,1,0.023,0
P0246,U002,1,0.8437,1,1.433,0.533,1,0.8722,1,0.0285,0
P0246,U003,1,0.42,0,1.196,0.069,1,0.5734,1,0.1534,0
P0246,U004,0,0.2207,1,1.362,0.587,1,0.1729,1,0.0478,0
P0246,U005,0,0.0201,1,0.842,0.753,0,0.0359,1,0.0159,0
P0246,U006,0,0.3898,1,1.511,0.645,0,0.2498,1,0.14,0
P0246,U007,1,0.5295,1,1.157,0.452,0,0.6717,1,0.1422,0
P0246,U008,1,0.4828,0,1.341,0.834,0,0.6671,1,0.1843,0
P0246,U009,0,0.1523,1,0.919,0.94,1,0.1262,1,0.0261,0
P0246,U010,1,0.8434,1,1.29,0.376,0,0.8804,1,0.037,0
P0247,U001,0,0.2074,1,1.335,0.745,0,0.1829,1,0.0246,0
P0247,U002,1,0.9697,1,1.433,0.533,1,0.8161,1,-0.0542,1
P0247,U003,1,0.9157,1,1.196,0.069,0,0.9166,1,0.0008,0
P0247,U004,0,0.0484,1,1.362,0.587,1,0.058,1,0.0097,0
P0247,U005,0,0.2734,1,0.842,0.753,0,0.2675,1,0.006,0
P0247,U006,0,0.5503,0,1.511,0.645,0,0.4361,1,0.1142,0
P0247,U007,1,0.8883,1,1.157,0.452,0,0.8943,1,0.006,0
P0247,U008,1,0.8287,1,1.341,0.834,0,0.8498,1,0.0212,0
P0247,U009,0,0.6037,0,0.919,0.94,1,0.532,0,0.0717,0
P0247,U010,1,0.9816,1,1.29,0.376,1,0.9675,1,0.0141,0
P0248,U001,0,0.7123,0,1.335,0.745,0,0.6628,0,0.0496,0
P0248,U002,1,0.2691,0,1.433,0.533,1,0.4007,0,0.1316,0
P0248,U003,1,0.3512,0,1.196,0.069,0,0.4787,0,0.1276,0
P0248,U004,0,0.7489,0,1.362,0.587,0,0.677,0,0.0718,0
P0248,U005,0,0.517,0,0.842,0.753,0,0.5002,0,0.0167,0
P0248,U006,0,0.897,0,1.511,0.645,0,0.7222,0,0.1748,0
P0248,U007,1,0.5176,1,1.157,0.452,1,0.5839,1,0.0663,0
P0248,U008,1,0.3608,0,1.341,0.834,0,0.4316,0,0.0709,0
P0248,U009,0,0.7762,0,0.919,0.94,0,0.7056,0,0.0706,0
P0248,U010,1,0.087,0,1.29,0.376,0,0.1981,0,0.1111,0
P0249,U001,0,0.2368,1,1.335,0.745,0,0.192,1,0.0448,0
P0249,U002,1,0.4873,0,1.433,0.533,0,0.5514,1,0.0642,0
P0249,U003,1,0.4113,0,1.196,0.069,1,0.4991,0,0.0879,0
P0249,U004,0,0.0484,1,1.362,0.587,0,0.0604,1,0.0121,0
P0249,U005,0,0.3156,1,0.842,0.753,0,0.2496,1,0.066,0
P0249,U006,0,0.0927,1,1.511,0.645,0,0.0893,1,0.0035,0
P0249,U007,1,0.1409,0,1.157,0.452,0,0.3681,0,0.2272,0
P0249,U008,1,0.7826,1,1.341,0.834,0,0.8324,1,0.0498,0
P0249,U009,0,0.3495,1,0.919,0.94,0,0.2805,1,0.069,0
P0249,U010,1,0.1802,0,1.29,0.376,0,0.4206,0,0.2404,0
P0250,U001,0,0.1069,1,1.335,0.745,0,0.099,1,0.0079,0
P0250,U002,1,0.7417,1,1.433,0.533,0,0.7936,1,0.0519,0
P0250,U003,1,0.8953,1,1.196,0.069,0,0.9031,1,0.0078,0
P0250,U004,0,0.0979,1,1.362,0.587,0,0.0931,1,0.0049,0
P0250,U005,0,0.0434,1,0.842,0.753,0,0.0555,1,0.012,0
P0250,U006,0,0.2639,1,1.511,0.645,0,0.1873,1,0.0766,0
P0250,U007,1,0.3411,0,1.157,0.452,1,0.5591,1,0.218,0
P0250,U008,1,0.6184,1,1.341,0.834,0,0.7294,1,0.111,0
P0250,U009,0,0.1686,1,0.919,0.94,1,0.1452,1,0.0234,0
P0250,U010,1,0.8205,1,1.29,0.376,0,0.8575,1,0.037,0
P0251,U001,0,0.207,1,1.335,0.745,0,0.1543,1,0.0527,0
P0251,U002,1,0.8536,1,1.433,0.533,1,0.8765,1,0.0229,0
P0251,U003,1,0.4517,0,1.196,0.069,0,0.6773,1,0.2256,0
P0251,U004,0,0.1402,1,1.362,0.587,1,0.1153,1,0.0249,0
P0251,U005,0,0.0311,1,0.842,0.753,0,0.0405,1,0.0094,0
P0251,U006,0,0.175,1,1.511,0.645,1,0.1398,1,0.0352,0
P0251,U007,1,0.1932,0,1.157,0.452,0,0.4248,0,0.2316,0
P0251,U008,1,0.4929,0,1.341,0.834,1,0.6419,1,0.149,0
P0251,U009,0,0.7406,0,0.919,0.94,1,0.5156,0,0.225,0
P0251,U010,1,0.1485,0,1.29,0.376,0,0.3946,0,0.246,0
P0252,U001,0,0.0623,1,1.335,0.745,1,0.065,1,0.0026,0
P0252,U002,1,0.9112,1,1.433,0.533,0,0.9136,1,0.0024,0
P0252,U003,1,0.9267,1,1.196,0.069,1,0.9256,1,0.0011,0
P0252,U004,0,0.1534,1,1.362,0.587,1,0.1374,1,0.016,0
P0252,U005,0,0.0007,1,0.842,0.753,0,0.0203,1,0.0196,0
P0252,U006,0,0.0516,1,1.511,0.645,0,0.0534,1,0.0018,0
P0252,U007,1,0.8965,1,1.157,0.452,0,0.9024,1,0.0059,0
P0252,U008,1,0.8627,1,1.341,0.834,1,0.8812,1,0.0185,0
P0252,U009,0,0.0431,1,0.919,0.94,1,0.0492,1,0.0061,0
P0252,U010,1,0.9561,1,1.29,0.376,1,0.9856,1,-0.0295,1
P0253,U001,0,0.3646,1,1.335,0.745,1,0.2751,1,0.0896,0
P0253,U002,1,0.4809,0,1.433,0.533,0,0.5555,1,0.0746,0
P0253,U003,1,0.6676,1,1.196,0.069,0,0.7257,1,0.058,0
P0253,U004,0,0.5317,0,1.362,0.587,0,0.4438,1,0.0879,0
P0253,U005,0,0.0642,1,0.842,0.753,1,0.0656,1,0.0014,0
P0253,U006,0,0.5003,0,1.511,0.645,0,0.4251,1,0.0753,0
P0253,U007,1,0.9297,1,1.157,0.452,0,0.9281,1,0.0016,0
P0253,U008,1,0.5208,1,1.341,0.834,1,0.638,1,0.1172,0
P0253,U009,0,0.8413,0,0.919,0.94,0,0.7122,0,0.1291,0
P0253,U010,1,0.1653,0,1.29,0.376,1,0.355,0,0.1897,0
P0254,U001,0,0.1459,1,1.335,0.745,0,0.1129,1,0.033,0
P0254,U002,1,0.6709,1,1.433,0.533,1,0.7749,1,0.104,0
P0254,U003,1,0.924,1,1.196,0.069,1,0.9217,1,0.0022,0
P0254,U004,0,0.2571,1,1.362,0.587,1,0.1821,1,0.0751,0
P0254,U005,0,0.057,1,0.842,0.753,0,0.0664,1,0.0094,0
P0254,U006,0,0.3564,1,1.511,0.645,1,0.2267,1,0.1297,0
P0254,U007,1,0.5458,1,1.157,0.452,1,0.7034,1,0.1576,0
P0254,U008,1,0.0555,0,1.341,0.834,1,0.4265,0,0.371,0
P0254,U009,0,0.4058,1,0.919,0.94,1,0.2836,1,0.1223,0
P0254,U010,1,0.2514,0,1.29,0.376,1,0.4966,0,0.2452,0
P0255,U001,0,0.1916,1,1.335,0.745,0,0.1619,1,0.0297,0
P0255,U002,1,0.6993,1,1.433,0.533,1,0.99,1,0.1507,1
P0255,U003,1,0.9067,1,1.196,0.069,1,0.9071,1,0.0004,0
P0255,U004,0,0.4309,1,1.362,0.587,1,0.3763,1,0.0546,0
P0255,U005,0,0.0522,1,0.842,0.753,0,0.0581,1,0.0059,0
P0255,U006,0,0.4446,1,1.511,0.645,0,0.377,1,0.0676,0
P0255,U007,1,0.9236,1,1.157,0.452,0,0.923,1,0.0006,0
P0255,U008,1,0.7883,1,1.341,0.834,1,0.99,1,0.0617,1
P0255,U009,0,0.4965,1,0.919,0.94,0,0.4442,1,0.0524,0
P0255,U010,1,0.4907,0,1.29,0.376,0,0.5077,1,0.017,0
P0256,U001,0,0.8935,0,1.335,0.745,0,0.5703,0,0.3232,0
P0256,U002,1,0.3573,0,1.433,0.533,0,0.5145,1,0.1572,0
P0256,U003,1,0.454,0,1.196,0.069,0,0.5736,1,0.1196,1
P0256,U004,0,0.6138,0,1.362,0.587,0,0.4338,1,0.18,0
P0256,U005,0,0.8872,0,0.842,0.753,1,0.5685,0,0.3187,0
P0256,U006,0,0.9506,0,1.511,0.645,0,0.5738,0,0.3768,0
P0256,U007,1,0.185,0,1.157,0.452,0,0.2691,0,0.084,0
P0256,U008,1,0.1477,0,1.341,0.834,0,0.4444,0,0.2967,0
P0256,U009,0,0.9286,0,0.919,0.94,1,0.5675,0,0.3611,0
P0256,U010,1,0.1321,0,1.29,0.376,0,0.2676,0,0.1354,1
P0257,U001,0,0.4232,1,1.335,0.745,0,0.3886,1,0.0346,0
P0257,U002,1,0.6933,1,1.433,0.533,0,0.7296,1,0.0363,0
P0257,U003,1,0.2179,0,1.196,0.069,0,0.3027,0,0.0847,0
P0257,U004,0,0.8437,0,1.362,0.587,1,0.7705,0,0.0733,0
P0257,U005,0,0.5707,0,0.842,0.753,0,0.5076,0,0.0631,0
P0257,U006,0,0.6226,0,1.511,0.645,0,0.5492,0,0.0734,0
P0257,U007,1,0.4657,0,1.157,0.452,0,0.5479,1,0.0823,0
P0257,U008,1,0.9397,1,1.341,0.834,0,0.9366,1,0.0031,0
P0257,U009,0,0.6076,0,0.919,0.94,0,0.5426,0,0.065,0
P0257,U010,1,0.7057,1,1.29,0.376,0,0.7219,1,0.0162,0
P0258,U001,0,0.523,0,1.335,0.745,0,0.3091,1,0.2138,0
P0258,U002,1,0.6627,1,1.433,0.533,1,0.7908,1,0.1282,0
P0258,U003,1,0.2748,0,1.196,0.069,0,0.4728,0,0.198,0
P0258,U004,0,0.8811,0,1.362,0.587,1,0.5601,0,0.3209,0
P0258,U005,0,0.6055,0,0.842,0.753,1,0.4022,1,0.2033,0
P0258,U006,0,0.7067,0,1.511,0.645,0,0.295,1,0.4117,0
P0258,U007,1,0.7989,1,1.157,0.452,1,0.8466,1,0.0477,0
P0258,U008,1,0.9178,1,1.341,0.834,0,0.9187,1,0.001,0
P0258,U009,0,0.8841,0,0.919,0.94,1,0.5817,0,0.3025,0
P0258,U010,1,0.2362,0,1.29,0.376,1,0.5081,1,0.2719,0
P0259,U001,0,0.4226,1,1.335,0.745,0,0.3519,1,0.0706,0
P0259,U002,1,0.3982,0,1.433,0.533,1,0.5147,1,0.1165,0
P0259,U003,1,0.036,0,1.196,0.069,0,0.2005,0,0.1645,0
P0259,U004,0,0.4082,1,1.362,0.587,0,0.2894,1,0.1188,0
P0259,U005,0,0.4687,1,0.842,0.753,1,0.489,1,-0.0203,0
P0259,U006,0,0.9372,0,1.511,0.645,0,0.7536,0,0.1835,0
P0259,U007,1,0.0189,0,1.157,0.452,0,0.0996,0,0.0807,0
P0259,U008,1,0.212,0,1.341,0.834,0,0.3329,0,0.1209,0
P0259,U009,0,0.5552,0,0.919,0.94,0,0.4559,1,0.0993,0
P0259,U010,1,0.1144,0,1.29,0.376,0,0.4137,0,0.2993,0
P0260,U001,0,0.751,0,1.335,0.745,0,0.6161,0,0.1349,0
P0260,U002,1,0.9866,1,1.433,0.533,0,0.9734,1,0.0132,0
P0260,U003,1,0.8665,1,1.196,0.069,1,0.882,1,0.0155,0
P0260,U004,0,0.2515,1,1.362,0.587,1,0.2302,1,0.0212,0
P0260,U005,0,0.1557,1,0.842,0.753,1,0.1485,1,0.0071,0
P0260,U006,0,0.7288,0,1.511,0.645,0,0.5688,0,0.16,0
P0260,U007,1,0.9409,1,1.157,0.452,0,0.9382,1,0.0027,0
P0260,U008,1,0.9697,1,1.341,0.834,0,0.9609,1,0.0088,0
P0260,U009,0,0.6826,0,0.919,0.94,0,0.6467,0,0.0359,0
P0260,U010,1,0.939,1,1.29,0.376,0,0.9332,1,0.0058,0
P0261,U001,0,0.0901,1,1.335,0.745,1,0.0867,1,0.0033,0
P0261,U002,1,0.9377,1,1.433,0.533,1,0.9301,1,0.0077,0
P0261,U003,1,0.9579,1,1.196,0.069,1,0.9409,1,0.017,0
P0261,U004,0,0.1011,1,1.362,0.587,0,0.0928,1,0.0083,0
P0261,U005,0,0.0025,1,0.842,0.753,1,0.0319,1,0.0293,0
P0261,U006,0,0.0877,1,1.511,0.645,1,0.0854,1,0.0023,0
P0261,U007,1,0.6092,1,1.157,0.452,0,0.7029,1,0.0938,0
P0261,U008,1,0.8618,1,1.341,0.834,0,0.8747,1,0.0129,0
P0261,U009,0,0.0393,1,0.919,0.94,0,0.0481,1,0.0088,0
P0261,U010,1,0.9634,1,1.29,0.376,1,0.9425,1,0.0209,0
P0262,U001,0,0.1899,1,1.335,0.745,0,0.172,1,0.018,0
P0262,U002,1,0.1642,0,1.433,0.533,0,0.2668,0,0.1026,0
P0262,U003,1,0.0841,0,1.196,0.069,1,0.2464,0,0.1623,0
P0262,U004,0,0.7549,0,1.362,0.587,0,0.7046,0,0.0503,0
P0262,U005,0,0.3925,1,0.842,0.753,0,0.3846,1,0.0079,0
P0262,U006,0,0.7158,0,1.511,0.645,0,0.6742,0,0.0416,0
P0262,U007,1,0.3542,0,1.157,0.452,0,0.445,0,0.0907,0
P0262,U008,1,0.5625,1,1.341,0.834,1,0.6087,1,0.0462,0
P0262,U009,0,0.6712,0,0.919,0.94,0,0.6268,0,0.0445,0
P0262,U010,1,0.071,0,1.29,0.376,1,0.2097,0,0.1387,0
P0263,U001,0,0.8596,0,1.335,0.745,0,0.556,0,0.3035,0
P0263,U002,1,0.6649,1,1.433,0.533,0,0.7701,1,0.1052,0
P0263,U003,1,0.2597,0,1.196,0.069,0,0.4597,0,0.2,0
P0263,U004,0,0.6887,0,1.362,0.587,0,0.3921,1,0.2967,1
P0263,U005,0,0.7282,0,0.842,0.753,0,0.5137,0,0.2145,0
P0263,U006,0,0.8312,0,1.511,0.645,1,0.512,0,0.3192,0
P0263,U007,1,0.3215,0,1.157,0.452,0,0.4905,0,0.1691,0
P0263,U008,1,0.5037,1,1.341,0.834,0,0.7061,1,0.2023,0
P0263,U009,0,0.7981,0,0.919,0.94,0,0.6364,0,0.1616,0
P0263,U010,1,0.3497,0,1.29,0.376,1,0.5491,1,0.1995,0
P0264,U001,0,0.0331,1,1.335,0.745,0,0.053,1,0.0199,0
P0264,U002,1,0.9991,1,1.433,0.533,0,0.9753,1,0.0238,0
P0264,U003,1,0.9936,1,1.196,0.069,1,0.9674,1,0.0261,0
P0264,U004,0,0.0416,1,1.362,0.587,1,0.0103,1,-0.0312,1
P0264,U005,0,0.0007,1,0.842,0.753,1,0.0107,1,0.01,0
P0264,U006,0,0.0694,1,1.511,0.645,1,0.0727,1,0.0033,0
P0264,U007,1,0.976,1,1.157,0.452,0,0.968,1,0.008,0
P0264,U008,1,0.9875,1,1.341,0.834,1,0.9669,1,0.0206,0
P0264,U009,0,0.0072,1,0.919,0.94,1,0.0223,1,0.0151,0
P0264,U010,1,0.9991,1,1.29,0.376,1,0.9775,1,0.0216,0
P0265,U001,0,0.1695,1,1.335,0.745,0,0.1241,1,0.0453,0
P0265,U002,1,0.9643,1,1.433,0.533,0,0.9376,1,0.0267,0
P0265,U003,1,0.9164,1,1.196,0.069,1,0.9714,1,-0.0477,1
P0265,U004,0,0.4551,1,1.362,0.587,0,0.2664,1,0.1887,0
P0265,U005,0,0.3192,1,0.842,0.753,1,0.4334,1,-0.1141,1
P0265,U006,0,0.7656,0,1.511,0.645,1,0.3262,1,0.4393,0
P0265,U007,1,0.8681,1,1.157,0.452,1,0.8873,1,0.0192,0
P0265,U008,1,0.8025,1,1.341,0.834,1,0.6901,1,-0.1124,1
P0265,U009,0,0.7621,0,0.919,0.94,0,0.4812,1,0.2809,0
P0265,U010,1,0.8643,1,1.29,0.376,0,0.8943,1,0.03,0
P0266,U001,0,0.9521,0,1.335,0.745,1,0.8662,0,0.0859,0
P0266,U002,1,0.872,1,1.433,0.533,0,0.8769,1,0.0048,0
P0266,U003,1,0.2504,0,1.196,0.069,0,0.3691,0,0.1187,0
P0266,U004,0,0.9276,0,1.362,0.587,1,0.7085,0,0.2191,0
P0266,U005,0,0.9038,0,0.842,0.753,1,0.771,0,0.1328,0
P0266,U006,0,0.9564,0,1.511,0.645,0,0.8629,0,0.0935,0
P0266,U007,1,0.7956,1,1.157,0.452,0,0.8358,1,0.0402,0
P0266,U008,1,0.7666,1,1.341,0.834,0,0.82,1,0.0534,0
P0266,U009,0,0.9944,0,0.919,0.94,1,0.7898,0,0.2046,0
P0266,U010,1,0.542,1,1.29,0.376,0,0.6284,1,0.0864,0
P0267,U001,0,0.6351,0,1.335,0.745,1,0.3556,1,0.2795,0
P0267,U002,1,0.9958,1,1.433,0.533,1,0.9656,1,0.0302,0
P0267,U003,1,0.9924,1,1.196,0.069,1,0.9499,1,0.0425,0
P0267,U004,0,0.195,1,1.362,0.587,0,0.1335,1,0.0615,0
P0267,U005,0,0.0773,1,0.842,0.753,1,0.0785,1,0.0012,0
P0267,U006,0,0.1534,1,1.511,0.645,1,0.1118,1,0.0416,0
P0267,U007,1,0.9838,1,1.157,0.452,1,0.9603,1,0.0235,0
P0267,U008,1,0.9697,1,1.341,0.834,1,0.9466,1,0.023,0
P0267,U009,0,0.3144,1,0.919,0.94,1,0.2129,1,0.1015,0
P0267,U010,1,0.9873,1,1.29,0.376,1,0.9528,1,0.0345,0
P0268,U001,0,0.6018,0,1.335,0.745,0,0.5214,0,0.0805,0
P0268,U002,1,0.7236,1,1.433,0.533,0,0.7202,1,-0.0034,0
P0268,U003,1,0.8182,1,1.196,0.069,0,0.8338,1,0.0156,0
P0268,U004,0,0.5031,0,1.362,0.587,0,0.444,1,0.059,0
P0268,U005,0,0.4143,1,0.842,0.753,1,0.3842,1,0.0301,0
P0268,U006,0,0.8124,0,1.511,0.645,0,0.677,0,0.1353,0
P0268,U007,1,0.3195,0,1.157,0.452,0,0.2713,0,-0.0482,1
P0268,U008,1,0.3503,0,1.341,0.834,1,0.3984,0,0.0481,0
P0268,U009,0,0.6909,0,0.919,0.94,0,0.5482,0,0.1427,0
P0268,U010,1,0.1795,0,1.29,0.376,0,0.271,0,0.0916,0
P0269,U001,0,0.6514,0,1.335,0.745,1,0.2998,1,0.3516,0
P0269,U002,1,0.5419,1,1.433,0.533,1,0.7409,1,0.199,0
P0269,U003,1,0.4203,0,1.196,0.069,1,0.7044,1,0.284,0
P0269,U004,0,0.4181,1,1.362,0.587,0,0.2511,1,0.167,0
P0269,U005,0,0.6326,0,0.842,0.753,0,0.4088,1,0.2238,0
P0269,U006,0,0.5719,0,1.511,0.645,0,0.3147,1,0.2572,0
P0269,U007,1,0.4708,0,1.157,0.452,1,0.6928,1,0.222,0
P0269,U008,1,0.0916,0,1.341,0.834,1,0.4196,0,0.328,0
P0269,U009,0,0.7628,0,0.919,0.94,1,0.4004,1,0.3625,0
P0269,U010,1,0.2772,0,1.29,0.376,0,0.6323,1,0.3551,0
P0270,U001,0,0.2179,1,1.335,0.745,0,0.1826,1,0.0353,0
P0270,U002,1,0.9905,1,1.433,0.533,0,0.9686,1,0.022,0
P0270,U003,1,0.9494,1,1.196,0.069,0,0.9435,1,0.0059,0
P0270,U004,0,0.2169,1,1.362,0.587,1,0.161,1,0.0558,0
P0270,U005,0,0.0458,1,0.842,0.753,0,0.0562,1,0.0104,0
P0270,U006,0,0.3857,1,1.511,0.645,0,0.245,1,0.1406,0
P0270,U007,1,0.746,1,1.157,0.452,0,0.8108,1,0.0648,0
P0270,U008,1,0.9235,1,1.341,0.834,0,0.9223,1,0.0012,0
P0270,U009,0,0.2202,1,0.919,0.94,1,0.1903,1,0.0299,0
P0270,U010,1,0.9457,1,1.29,0.376,0,0.9382,1,0.0076,0
P0271,U001,0,0.1537,1,1.335,0.745,0,0.3258,1,-0.1722,1
P0271,U002,1,0.4042,0,1.433,0.533,0,0.5991,1,0.1949,0
P0271,U003,1,0.6103,1,1.196,0.069,0,0.6914,1,0.0811,0
P0271,U004,0,0.0687,1,1.362,0.587,0,0.0717,1,0.003,0
P0271,U005,0,0.1364,1,0.842,0.753,0,0.1261,1,0.0103,0
P0271,U006,0,0.3417,1,1.511,0.645,0,0.2696,1,0.072,0
P0271,U007,1,0.2563,0,1.157,0.452,1,0.4837,0,0.2274,0
P0271,U008,1,0.4658,0,1.341,0.834,0,0.2603,0,-0.2055,1
P0271,U009,0,0.3055,1,0.919,0.94,0,0.2438,1,0.0618,0
P0271,U010,1,0.5087,1,1.29,0.376,0,0.6154,1,0.1067,0
P0272,U001,0,0.4578,1,1.335,0.745,0,0.3922,1,0.0655,0
P0272,U002,1,0.408,0,1.433,0.533,0,0.5823,1,0.1743,0
P0272,U003,1,0.6897,1,1.196,0.069,0,0.7507,1,0.061,0
P0272,U004,0,0.7916,0,1.362,0.587,0,0.7042,0,0.0874,0
P0272,U005,0,0.4662,1,0.842,0.753,1,0.3894,1,0.0768,0
P0272,U006,0,0.7369,0,1.511,0.645,0,0.5669,0,0.17,0
P0272,U007,1,0.3261,0,1.157,0.452,1,0.4573,0,0.1312,0
P0272,U008,1,0.9268,1,1.341,0.834,0,0.9259,1,0.0009,0
P0272,U009,0,0.8145,0,0.919,0.94,0,0.6565,0,0.158,0
P0272,U010,1,0.8242,1,1.29,0.376,0,0.8385,1,0.0144,0
P0273,U001,0,0.8875,0,1.335,0.745,0,0.7918,0,0.0957,0
P0273,U002,1,0.1667,0,1.433,0.533,0,0.4048,0,0.2381,0
P0273,U003,1,0.3821,0,1.196,0.069,1,0.5215,1,0.1394,0
P0273,U004,0,0.7928,0,1.362,0.587,0,0.6629,0,0.1299,0
P0273,U005,0,0.1308,1,0.842,0.753,0,0.1245,1,0.0063,0
P0273,U006,0,0.4919,1,1.511,0.645,0,0.3911,1,0.1008,0
P0273,U007,1,0.2585,0,1.157,0.452,1,0.3809,0,0.1224,0
P0273,U008,1,0.5946,1,1.341,0.834,0,0.618,1,0.0234,0
P0273,U009,0,0.9562,0,0.919,0.94,0,0.7803,0,0.1759,0
P0273,U010,1,0.2523,0,1.29,0.376,0,0.3544,0,0.1021,0
P0274,U001,0,0.7433,0,1.335,0.745,0,0.5383,0,0.2049,0
P0274,U002,1,0.3761,0,1.433,0.533,0,0.4824,0,0.1063,0
P0274,U003,1,0.5084,1,1.196,0.069,1,0.6542,1,0.1458,0
P0274,U004,0,0.9335,0,1.362,0.587,1,0.7215,0,0.212,0
P0274,U005,0,0.4785,1,0.842,0.753,0,0.3879,1,0.0907,0
P0274,U006,0,0.891,0,1.511,0.645,0,0.6517,0,0.2393,0
P0274,U007,1,0.2887,0,1.157,0.452,0,0.1726,0,-0.1161,1
P0274,U008,1,0.8074,1,1.341,0.834,0,0.8373,1,0.0299,0
P0274,U009,0,0.4062,1,0.919,0.94,1,0.341,1,0.0652,0
P0274,U010,1,0.3721,0,1.29,0.376,0,0.537,1,0.1649,0
P0275,U001,0,0.58,0,1.335,0.745,1,0.4355,1,0.1445,0
P0275,U002,1,0.9751,1,1.433,0.533,0,0.8185,1,-0.0464,1
P0275,U003,1,0.9108,1,1.196,0.069,1,0.8364,1,-0.0744,1
P0275,U004,0,0.3003,1,1.362,0.587,0,0.2559,1,0.0444,0
P0275,U005,0,0.0174,1,0.842,0.753,1,0.01,1,-0.0074,1
P0275,U006,0,0.1767,1,1.511,0.645,1,0.6218,0,-0.4451,1
P0275,U007,1,0.6911,1,1.157,0.452,0,0.7788,1,0.0877,0
P0275,U008,1,0.7871,1,1.341,0.834,0,0.7219,1,-0.0651,1
P0275,U009,0,0.4709,1,0.919,0.94,0,0.3522,1,0.1187,0
P0275,U010,1,0.9327,1,1.29,0.376,1,0.926,1,0.0067,0
P0276,U001,0,0.0977,1,1.335,0.745,0,0.0935,1,0.0042,0
P0276,U002,1,0.8199,1,1.433,0.533,0,0.8479,1,0.0279,0
P0276,U003,1,0.9009,1,1.196,0.069,1,0.9083,1,0.0074,0
P0276,U004,0,0.0395,1,1.362,0.587,0,0.0489,1,0.0094,0
P0276,U005,0,0.1298,1,0.842,0.753,0,0.1167,1,0.0131,0
P0276,U006,0,0.0841,1,1.511,0.645,0,0.0832,1,0.0009,0
P0276,U007,1,0.5731,1,1.157,0.452,0,0.6711,1,0.0979,0
P0276,U008,1,0.0992,0,1.341,0.834,1,0.268,0,0.1687,0
P0276,U009,0,0.4831,1,0.919,0.94,0,0.436,1,0.0471,0
P0276,U010,1,0.6337,1,1.29,0.376,0,0.701,1,0.0673,0
P0277,U001,0,0.6188,0,1.335,0.745,0,0.4617,1,0.1571,0
P0277,U002,1,0.7114,1,1.433,0.533,0,0.7383,1,0.0269,0
P0277,U003,1,0.3946,0,1.196,0.069,1,0.6091,1,0.2145,0
P0277,U004,0,0.7705,0,1.362,0.587,1,0.5313,0,0.2392,0
P0277,U005,0,0.7825,0,0.842,0.753,1,0.6932,0,0.0893,0
P0277,U006,0,0.8083,0,1.511,0.645,0,0.6486,0,0.1598,1
P0277,U007,1,0.8243,1,1.157,0.452,0,0.8447,1,0.0205,0
P0277,U008,1,0.7571,1,1.341,0.834,0,0.8039,1,0.0467,0
P0277,U009,0,0.9807,0,0.919,0.94,0,0.8867,0,0.094,0
P0277,U010,1,0.2248,0,1.29,0.376,1,0.4987,0,0.2739,0
P0278,U001,0,0.305,1,1.335,0.745,0,0.2582,1,0.0469,0
P0278,U002,1,0.3411,0,1.433,0.533,0,0.5072,1,0.1661,0
P0278,U003,1,0.7051,1,1.196,0.069,1,0.7515,1,0.0464,0
P0278,U004,0,0.3438,1,1.362,0.587,0,0.3228,1,0.021,0
P0278,U005,0,0.1627,1,0.842,0.753,1,0.1584,1,0.0042,0
P0278,U006,0,0.4598,1,1.511,0.645,0,0.3765,1,0.0833,0
P0278,U007,1,0.8615,1,1.157,0.452,1,0.8642,1,0.0027,0
P0278,U008,1,0.6467,1,1.341,0.834,0,0.7096,1,0.0629,0
P0278,U009,0,0.7889,0,0.919,0.94,0,0.7459,0,0.043,0
P0278,U010,1,0.1516,0,1.29,0.376,1,0.3542,0,0.2027,1
P0279,U001,0,0.7805,0,1.335,0.745,1,0.4348,1,0.3457,0
P0279,U002,1,0.7204,1,1.433,0.533,0,0.7776,1,0.0572,0
P0279,U003,1,0.7879,1,1.196,0.069,1,0.8528,1,0.0648,0
P0279,U004,0,0.5394,0,1.362,0.587,1,0.3085,1,0.2309,0
P0279,U005,0,0.4313,1,0.842,0.753,0,0.2728,1,0.1585,0
P0279,U006,0,0.728,0,1.511,0.645,0,0.4147,1,0.3133,0
P0279,U007,1,0.8063,1,1.157,0.452,0,0.8579,1,0.0516,0
P0279,U008,1,0.8822,1,1.341,0.834,1,0.8998,1,0.0176,0
P0279,U009,0,0.8872,0,0.919,0.94,0,0.5407,0,0.3465,0
P0279,U010,1,0.9411,1,1.29,0.376,1,0.9306,1,0.0105,0
P0280,U001,0,0.0539,1,1.335,0.745,0,0.0678,1,0.0139,0
P0280,U002,1,0.1682,0,1.433,0.533,0,0.4911,0,0.3229,0
P0280,U003,1,0.2637,0,1.196,0.069,0,0.5583,1,0.2945,0
P0280,U004,0,0.0896,1,1.362,0.587,0,0.3414,1,-0.2517,1
P0280,U005,0,0.0053,1,0.842,0.753,0,0.0267,1,0.0215,0
P0280,U006,0,0.0658,1,1.511,0.645,1,0.2306,1,-0.1364,1
P0280,U007,1,0.0832,0,1.157,0.452,1,0.58,1,0.4968,1
P0280,U008,1,0.0579,0,1.341,0.834,0,0.3564,0,0.2985,0
P0280,U009,0,0.1803,1,0.919,0.94,1,0.1386,1,0.0417,0
P0280,U010,1,0.1157,0,1.29,0.376,1,0.4484,0,0.3327,0
P0281,U001,0,0.4254,1,1.335,0.745,0,0.3998,1,0.0256,0
P0281,U002,1,0.3756,0,1.433,0.533,0,0.4953,0,0.1197,0
P0281,U003,1,0.4287,0,1.196,0.069,1,0.512,1,0.0834,0
P0281,U004,0,0.9173,0,1.362,0.587,1,0.7795,0,0.1377,0
P0281,U005,0,0.8868,0,0.842,0.753,1,0.7082,0,0.1786,0
P0281,U006,0,0.9702,0,1.511,0.645,0,0.8114,0,0.1588,0
P0281,U007,1,0.0399,0,1.157,0.452,1,0.1505,0,0.1106,0
P0281,U008,1,0.2336,0,1.341,0.834,0,0.2778,0,0.0442,0
P0281,U009,0,0.9322,0,0.919,0.94,0,0.8069,0,0.1254,0
P0281,U010,1,0.1077,0,1.29,0.376,1,0.1413,0,0.0336,0
P0282,U001,0,0.4308,1,1.335,0.745,0,0.3758,1,0.055,0
P0282,U002,1,0.6191,1,1.433,0.533,0,0.7037,1,0.0847,0
P0282,U003,1,0.397,0,1.196,0.069,0,0.4929,0,0.0959,0
P0282,U004,0,0.7397,0,1.362,0.587,0,0.5724,0,0.1673,0
P0282,U005,0,0.2997,1,0.842,0.753,0,0.2592,1,0.0405,0
P0282,U006,0,0.843,0,1.511,0.645,1,0.6516,0,0.1915,0
P0282,U007,1,0.1163,0,1.157,0.452,0,0.307,0,0.1907,0
P0282,U008,1,0.335,0,1.341,0.834,1,0.5121,1,0.1771,0
P0282,U009,0,0.6081,0,0.919,0.94,0,0.4958,1,0.1124,0
P0282,U010,1,0.1866,0,1.29,0.376,0,0.399,0,0.2124,0
P0283,U001,0,0.1326,1,1.335,0.745,0,0.115,1,0.0176,0
P0283,U002,1,0.3345,0,1.433,0.533,0,0.5349,1,0.2004,0
P0283,U003,1,0.8735,1,1.196,0.069,0,0.8906,1,0.0171,0
P0283,U004,0,0.2874,1,1.362,0.587,0,0.2198,1,0.0677,0
P0283,U005,0,0.0261,1,0.842,0.753,0,0.0404,1,0.0143,0
P0283,U006,0,0.5684,0,1.511,0.645,0,0.3349,1,0.2334,0
P0283,U007,1,0.8171,1,1.157,0.452,0,0.8547,1,0.0376,0
P0283,U008,1,0.3837,0,1.341,0.834,1,0.6673,1,0.2837,0
P0283,U009,0,0.8591,0,0.919,0.94,1,0.5066,0,0.3525,0
P0283,U010,1,0.2949,0,1.29,0.376,1,0.4856,0,0.1906,0
P0284,U001,0,0.5135,0,1.335,0.745,1,0.2179,1,0.2956,0
P0284,U002,1,0.7386,1,1.433,0.533,1,0.8628,1,0.1242,0
P0284,U003,1,0.5819,1,1.196,0.069,1,0.7319,1,0.15,0
P0284,U004,0,0.4117,1,1.362,0.587,1,0.2072,1,0.2045,0
P0284,U005,0,0.2164,1,0.842,0.753,0,0.1524,1,0.0639,0
P0284,U006,0,0.1396,1,1.511,0.645,1,0.1084,1,0.0312,0
P0284,U007,1,0.8719,1,1.157,0.452,1,0.8953,1,0.0234,0
P0284,U008,1,0.4179,0,1.341,0.834,0,0.6524,1,0.2345,0
P0284,U009,0,0.3074,1,0.919,0.94,1,0.1961,1,0.1114,0
P0284,U010,1,0.179,0,1.29,0.376,1,0.6005,1,0.4214,0
P0285,U001,0,0.4171,1,1.335,0.745,1,0.289,1,0.1281,0
P0285,U002,1,0.9592,1,1.433,0.533,0,0.9471,1,0.0121,0
P0285,U003,1,0.9099,1,1.196,0.069,1,0.9137,1,0.0038,0
P0285,U004,0,0.1221,1,1.362,0.587,1,0.1092,1,0.0128,0
P0285,U005,0,0.0333,1,0.842,0.753,0,0.0435,1,0.0102,0
P0285,U006,0,0.0849,1,1.511,0.645,1,0.0839,1,0.001,0
P0285,U007,1,0.8888,1,1.157,0.452,1,0.9003,1,0.0115,0
P0285,U008,1,0.914,1,1.341,0.834,0,0.9157,1,0.0018,0
P0285,U009,0,0.2277,1,0.919,0.94,1,0.1905,1,0.0372,0
P0285,U010,1,0.8811,1,1.29,0.376,0,0.894,1,0.0129,0
P0286,U001,0,0.3249,1,1.335,0.745,0,0.2824,1,0.0425,0
P0286,U002,1,0.1673,0,1.433,0.533,1,0.4333,0,0.266,0
P0286,U003,1,0.2297,0,1.196,0.069,1,0.399,0,0.1693,0
P0286,U004,0,0.3893,1,1.362,0.587,1,0.2636,1,0.1257,0
P0286,U005,0,0.0321,1,0.842,0.753,0,0.0446,1,0.0124,0
P0286,U006,0,0.1574,1,1.511,0.645,0,0.1393,1,0.0181,0
P0286,U007,1,0.6638,1,1.157,0.452,0,0.7155,1,0.0518,0
P0286,U008,1,0.3387,0,1.341,0.834,1,0.4773,0,0.1386,0
P0286,U009,0,0.267,1,0.919,0.94,0,0.2257,1,0.0413,0
P0286,U010,1,0.038,0,1.29,0.376,0,0.3573,0,0.3193,0
P0287,U001,0,0.3576,1,1.335,0.745,0,0.3097,1,0.0478,0
P0287,U002,1,0.933,1,1.433,0.533,0,0.9306,1,0.0023,0
P0287,U003,1,0.717,1,1.196,0.069,0,0.7291,1,0.0121,0
P0287,U004,0,0.2598,1,1.362,0.587,0,0.2496,1,0.0102,0
P0287,U005,0,0.1292,1,0.842,0.753,1,0.1229,1,0.0062,0
P0287,U006,0,0.8363,0,1.511,0.645,0,0.7799,0,0.0564,0
P0287,U007,1,0.4801,0,1.157,0.452,1,0.5593,1,0.0792,0
P0287,U008,1,0.9789,1,1.341,0.834,0,0.9764,1,0.0025,0
P0287,U009,0,0.4847,1,0.919,0.94,1,0.4627,1,0.022,0
P0287,U010,1,0.9203,1,1.29,0.376,1,0.9202,1,0.0001,0
P0288,U001,0,0.6576,0,1.335,0.745,1,0.5168,0,0.1409,0
P0288,U002,1,0.8473,1,1.433,0.533,0,0.8756,1,0.0283,0
P0288,U003,1,0.3359,0,1.196,0.069,0,0.5068,1,0.1708,0
P0288,U004,0,0.6812,0,1.362,0.587,1,0.5525,0,0.1286,0
P0288,U005,0,0.1458,1,0.842,0.753,1,0.1261,1,0.0197,0
P0288,U006,0,0.532,0,1.511,0.645,1,0.4083,1,0.1237,0
P0288,U007,1,0.6009,1,1.157,0.452,1,0.7082,1,0.1073,0
P0288,U008,1,0.5445,1,1.341,0.834,1,0.6942,1,0.1496,0
P0288,U009,0,0.5309,0,0.919,0.94,1,0.4256,1,0.1052,0
P0288,U010,1,0.9275,1,1.29,0.376,1,0.9251,1,0.0024,0
P0289,U001,0,0.888,0,1.335,0.745,1,0.591,0,0.297,0
P0289,U002,1,0.9332,1,1.433,0.533,0,0.929,1,0.0042,0
P0289,U003,1,0.8645,1,1.196,0.069,1,0.8803,1,0.0157,0
P0289,U004,0,0.6381,0,1.362,0.587,0,0.5169,0,0.1212,0
P0289,U005,0,0.5565,0,0.842,0.753,1,0.3876,1,0.1689,0
P0289,U006,0,0.8432,0,1.511,0.645,0,0.5243,0,0.3189,0
P0289,U007,1,0.7581,1,1.157,0.452,0,0.7985,1,0.0405,0
P0289,U008,1,0.3953,0,1.341,0.834,0,0.5413,1,0.146,0
P0289,U009,0,0.6547,0,0.919,0.94,0,0.4857,1,0.169,0
P0289,U010,1,0.6595,1,1.29,0.376,0,0.7344,1,0.0748,0
P0290,U001,0,0.4023,1,1.335,0.745,0,0.364,1,0.0383,0
P0290,U002,1,0.4696,0,1.433,0.533,0,0.5414,1,0.0718,0
P0290,U003,1,0.6616,1,1.196,0.069,0,0.6946,1,0.033,0
P0290,U004,0,0.1938,1,1.362,0.587,0,0.181,1,0.0128,0
P0290,U005,0,0.0143,1,0.842,0.753,0,0.0212,1,0.007,0
P0290,U006,0,0.3411,1,1.511,0.645,0,0.3182,1,0.0229,0
P0290,U007,1,0.8782,1,1.157,0.452,0,0.8873,1,0.0091,0
P0290,U008,1,0.7034,1,1.341,0.834,0,0.7281,1,0.0247,0
P0290,U009,0,0.1797,1,0.919,0.94,0,0.1632,1,0.0165,0
P0290,U010,1,0.2524,0,1.29,0.376,0,0.4263,0,0.1739,0
P0291,U001,0,0.1663,1,1.335,0.745,1,0.1528,1,0.0135,0
P0291,U002,1,0.729,1,1.433,0.533,1,0.7615,1,0.0326,0
P0291,U003,1,0.8444,1,1.196,0.069,0,0.8573,1,0.0129,0
P0291,U004,0,0.1782,1,1.362,0.587,0,0.1557,1,0.0225,0
P0291,U005,0,0.0071,1,0.842,0.753,0,0.0235,1,0.0164,0
P0291,U006,0,0.0314,1,1.511,0.645,1,0.045,1,0.0136,0
P0291,U007,1,0.4754,0,1.157,0.452,1,0.578,1,0.1026,0
P0291,U008,1,0.6994,1,1.341,0.834,1,0.6896,1,-0.0099,1
P0291,U009,0,0.0205,1,0.919,0.94,1,0.028,1,0.0075,0
P0291,U010,1,0.5473,1,1.29,0.376,1,0.6362,1,0.0889,0
P0292,U001,0,0.967,0,1.335,0.745,0,0.99,0,-0.023,1
P0292,U002,1,0.722,1,1.433,0.533,0,0.7689,1,0.0469,0
P0292,U003,1,0.7107,1,1.196,0.069,0,0.7886,1,0.078,0
P0292,U004,0,0.6228,0,1.362,0.587,0,0.4864,1,0.1364,0
P0292,U005,0,0.9664,0,0.842,0.753,1,0.7439,0,0.2225,0
P0292,U006,0,0.8648,0,1.511,0.645,0,0.6565,0,0.2083,0
P0292,U007,1,0.6142,1,1.157,0.452,0,0.7305,1,0.1162,0
P0292,U008,1,0.9487,1,1.341,0.834,1,0.9427,1,0.0059,0
P0292,U009,0,0.9282,0,0.919,0.94,1,0.8276,0,0.1006,0
P0292,U010,1,0.1371,0,1.29,0.376,0,0.4002,0,0.2631,0
P0293,U001,0,0.6137,0,1.335,0.745,0,0.3295,1,0.2842,0
P0293,U002,1,0.9696,1,1.433,0.533,1,0.99,1,-0.0204,1
P0293,U003,1,0.9913,1,1.196,0.069,1,0.829,1,-0.0197,1
P0293,U004,0,0.1891,1,1.362,0.587,0,0.1272,1,0.0619,0
P0293,U005,0,0.0189,1,0.842,0.753,1,0.01,1,-0.0089,1
P0293,U006,0,0.275,1,1.511,0.645,1,0.1756,1,0.0994,0
P0293,U007,1,0.955,1,1.157,0.452,0,0.9425,1,0.0126,0
P0293,U008,1,0.9266,1,1.341,0.834,1,0.9243,1,0.0024,0
P0293,U009,0,0.4291,1,0.919,0.94,1,0.3045,1,0.1247,0
P0293,U010,1,0.9944,1,1.29,0.376,1,0.9561,1,0.0383,0
P0294,U001,0,0.5045,0,1.335,0.745,1,0.432,1,0.0724,0
P0294,U002,1,0.1637,0,1.433,0.533,0,0.3676,0,0.2039,0
P0294,U003,1,0.7558,1,1.196,0.069,0,0.7941,1,0.0384,0
P0294,U004,0,0.9513,0,1.362,0.587,1,0.9075,0,0.0438,0
P0294,U005,0,0.3288,1,0.842,0.753,0,0.2854,1,0.0435,0
P0294,U006,0,0.3027,1,1.511,0.645,0,0.2553,1,0.0474,0
P0294,U007,1,0.8376,1,1.157,0.452,1,0.8572,1,0.0196,0
P0294,U008,1,0.3557,0,1.341,0.834,0,0.5045,1,0.1488,0
P0294,U009,0,0.5882,0,0.919,0.94,0,0.504,0,0.0841,0
P0294,U010,1,0.2176,0,1.29,0.376,0,0.3289,0,0.1114,0
P0295,U001,0,0.2496,1,1.335,0.745,0,0.2096,1,0.0401,0
P0295,U002,1,0.3417,0,1.433,0.533,1,0.4606,0,0.1189,0
P0295,U003,1,0.67,1,1.196,0.069,0,0.7349,1,0.0649,0
P0295,U004,0,0.0297,1,1.362,0.587,0,0.0426,1,0.0129,0
P0295,U005,0,0.0212,1,0.842,0.753,0,0.0337,1,0.0125,0
P0295,U006,0,0.3052,1,1.511,0.645,1,0.2127,1,0.0925,0
P0295,U007,1,0.5018,1,1.157,0.452,0,0.5657,1,0.0639,0
P0295,U008,1,0.746,1,1.341,0.834,0,0.8247,1,0.0787,0
P0295,U009,0,0.4151,1,0.919,0.94,1,0.3017,1,0.1134,0
P0295,U010,1,0.3747,0,1.29,0.376,0,0.5825,1,0.2078,0
P0296,U001,0,0.5957,0,1.335,0.745,0,0.2912,1,0.3046,0
P0296,U002,1,0.4523,0,1.433,0.533,1,0.7405,1,0.2882,0
P0296,U003,1,0.2832,0,1.196,0.069,0,0.6741,1,0.3908,0
P0296,U004,0,0.3293,1,1.362,0.587,1,0.1905,1,0.1388,0
P0296,U005,0,0.1649,1,0.842,0.753,0,0.1322,1,0.0327,0
P0296,U006,0,0.3471,1,1.511,0.645,1,0.2385,1,0.1086,0
P0296,U007,1,0.3055,0,1.157,0.452,0,0.6465,1,0.341,0
P0296,U008,1,0.3525,0,1.341,0.834,1,0.6058,1,0.2533,0
P0296,U009,0,0.6924,0,0.919,0.94,0,0.4457,1,0.2468,0
P0296,U010,1,0.5951,1,1.29,0.376,1,0.7936,1,0.1985,0
P0297,U001,0,0.1724,1,1.335,0.745,0,0.1231,1,0.0493,0
P0297,U002,1,0.986,1,1.433,0.533,0,0.9551,1,0.031,0
P0297,U003,1,0.9707,1,1.196,0.069,1,0.9435,1,0.0272,0
P0297,U004,0,0.3038,1,1.362,0.587,0,0.1979,1,0.1059,0
P0297,U005,0,0.0764,1,0.842,0.753,0,0.0778,1,0.0014,0
P0297,U006,0,0.4696,1,1.511,0.645,0,0.2564,1,0.2133,0
P0297,U007,1,0.9124,1,1.157,0.452,1,0.917,1,0.0046,0
P0297,U008,1,0.6737,1,1.341,0.834,0,0.7924,1,0.1187,0
P0297,U009,0,0.4594,1,0.919,0.94,1,0.3048,1,0.1546,0
P0297,U010,1,0.9655,1,1.29,0.376,1,0.9403,1,0.0252,0
P0298,U001,0,0.4377,1,1.335,0.745,0,0.3519,1,0.0858,0
P0298,U002,1,0.9094,1,1.433,0.533,1,0.9121,1,0.0026,0
P0298,U003,1,0.9592,1,1.196,0.069,0,0.9521,1,0.0071,0
P0298,U004,0,0.2726,1,1.362,0.587,0,0.2337,1,0.039,0
P0298,U005,0,0.2544,1,0.842,0.753,0,0.2494,1,0.005,0
P0298,U006,0,0.4856,1,1.511,0.645,0,0.4549,1,0.0307,0
P0298,U007,1,0.1373,0,1.157,0.452,0,0.2822,0,0.1448,0
P0298,U008,1,0.6227,1,1.341,0.834,0,0.6989,1,0.0763,0
P0298,U009,0,0.7245,0,0.919,0.94,0,0.5863,0,0.1382,0
P0298,U010,1,0.972,1,1.29,0.376,0,0.9571,1,0.0149,0
P0299,U001,0,0.5337,0,1.335,0.745,1,0.4371,1,0.0967,0
P0299,U002,1,0.9215,1,1.433,0.533,0,0.9212,1,0.0003,0
P0299,U003,1,0.9322,1,1.196,0.069,1,0.928,1,0.0042,0
P0299,U004,0,0.6996,0,1.362,0.587,1,0.5311,0,0.1685,0
P0299,U005,0,0.1692,1,0.842,0.753,0,0.16,1,0.0092,0
P0299,U006,0,0.4027,1,1.511,0.645,0,0.3239,1,0.0789,0
P0299,U007,1,0.6077,1,1.157,0.452,1,0.6805,1,0.0728,0
P0299,U008,1,0.557,1,1.341,0.834,1,0.6623,1,0.1053,0
P0299,U009,0,0.5107,0,0.919,0.94,1,0.397,1,0.1137,0
P0299,U010,1,0.786,1,1.29,0.376,0,0.8247,1,0.0387,0
P0300,U001,0,0.0452,1,1.335,0.745,1,0.0589,1,0.0137,0
P0300,U002,1,0.6278,1,1.433,0.533,0,0.6954,1,0.0677,0
P0300,U003,1,0.5829,1,1.196,0.069,1,0.6983,1,0.1154,0
P0300,U004,0,0.4844,1,1.362,0.587,0,0.3332,1,0.1512,0
P0300,U005,0,0.0116,1,0.842,0.753,0,0.01,1,-0.0016,1
P0300,U006,0,0.1953,1,1.511,0.645,0,0.1382,1,0.0571,0
P0300,U007,1,0.4369,0,1.157,0.452,0,0.5205,1,0.0837,0
P0300,U008,1,0.3644,0,1.341,0.834,0,0.5774,1,0.213,0
P0300,U009,0,0.0275,1,0.919,0.94,0,0.0371,1,0.0097,0
P0300,U010,1,0.5826,1,1.29,0.376,0,0.7431,1,0.1605,0
P0301,U001,0,0.5829,0,1.335,0.745,1,0.3675,1,0.2155,0
P0301,U002,1,0.9254,1,1.433,0.533,1,0.9225,1,0.0029,0
P0301,U003,1,0.6954,1,1.196,0.069,1,0.7926,1,0.0972,0
P0301,U004,0,0.462,1,1.362,0.587,0,0.329,1,0.1331,0
P0301,U005,0,0.1191,1,0.842,0.753,0,0.1035,1,0.0157,0
P0301,U006,0,0.4443,1,1.511,0.645,1,0.3288,1,0.1155,0
P0301,U007,1,0.8617,1,1.157,0.452,1,0.8842,1,0.0226,0
P0301,U008,1,0.8808,1,1.341,0.834,1,0.8968,1,0.016,0
P0301,U009,0,0.4655,1,0.919,0.94,1,0.3088,1,0.1567,0
P0301,U010,1,0.9076,1,1.29,0.376,1,0.9128,1,0.0052,0
P0302,U001,0,0.0802,1,1.335,0.745,1,0.0801,1,0.0001,0
P0302,U002,1,0.8813,1,1.433,0.533,0,0.7767,1,-0.1046,1
P0302,U003,1,0.9187,1,1.196,0.069,1,0.9192,1,0.0005,0
P0302,U004,0,0.374,1,1.362,0.587,1,0.2273,1,0.1468,0
P0302,U005,0,0.0376,1,0.842,0.753,1,0.0497,1,0.0121,0
P0302,U006,0,0.0571,1,1.511,0.645,1,0.0667,1,0.0096,0
P0302,U007,1,0.6441,1,1.157,0.452,1,0.7347,1,0.0907,0
P0302,U008,1,0.5677,1,1.341,0.834,0,0.6739,1,0.1062,0
P0302,U009,0,0.118,1,0.919,0.94,1,0.1046,1,0.0134,0
P0302,U010,1,0.5273,1,1.29,0.376,0,0.6572,1,0.1299,0
P0303,U001,0,0.8887,0,1.335,0.745,0,0.6493,0,0.2394,0
P0303,U002,1,0.4788,0,1.433,0.533,1,0.5713,1,0.0925,0
P0303,U003,1,0.7509,1,1.196,0.069,0,0.7684,1,0.0175,0
P0303,U004,0,0.9227,0,1.362,0.587,0,0.78,0,0.1427,0
P0303,U005,0,0.8567,0,0.842,0.753,1,0.7732,0,0.0835,0
P0303,U006,0,0.9705,0,1.511,0.645,0,0.788,0,0.1825,0
P0303,U007,1,0.4519,0,1.157,0.452,0,0.526,1,0.0741,0
P0303,U008,1,0.5745,1,1.341,0.834,0,0.663,1,0.0886,0
P0303,U009,0,0.9893,0,0.919,0.94,1,0.9483,0,0.041,0
P0303,U010,1,0.2214,0,1.29,0.376,1,0.3761,0,0.1547,0
P0304,U001,0,0.429,1,1.335,0.745,1,0.2748,1,0.1542,0
P0304,U002,1,0.9415,1,1.433,0.533,0,0.9329,1,0.0086,0
P0304,U003,1,0.783,1,1.196,0.069,1,0.8417,1,0.0587,0
P0304,U004,0,0.1208,1,1.362,0.587,0,0.1101,1,0.0107,0
P0304,U005,0,0.1052,1,0.842,0.753,0,0.1003,1,0.0049,0
P0304,U006,0,0.5693,0,1.511,0.645,1,0.297,1,0.2723,0
P0304,U007,1,0.4394,0,1.157,0.452,0,0.6287,1,0.1893,0
P0304,U008,1,0.4934,0,1.341,0.834,1,0.6464,1,0.1529,0
P0304,U009,0,0.6014,0,0.919,0.94,0,0.391,1,0.2103,0
P0304,U010,1,0.6813,1,1.29,0.376,0,0.7741,1,0.0928,0
P0305,U001,0,0.5808,0,1.335,0.745,1,0.3456,1,0.2353,0
P0305,U002,1,0.8687,1,1.433,0.533,0,0.8817,1,0.013,0
P0305,U003,1,0.9382,1,1.196,0.069,1,0.9325,1,0.0058,0
P0305,U004,0,0.4778,1,1.362,0.587,0,0.3469,1,0.1309,0
P0305,U005,0,0.6755,0,0.842,0.753,0,0.576,0,0.0995,0
P0305,U006,0,0.7209,0,1.511,0.645,0,0.4899,1,0.231,0
P0305,U007,1,0.6295,1,1.157,0.452,0,0.6738,1,0.0443,0
P0305,U008,1,0.6796,1,1.341,0.834,0,0.7326,1,0.053,0
P0305,U009,0,0.6432,0,0.919,0.94,1,0.5214,0,0.1219,0
P0305,U010,1,0.6018,1,1.29,0.376,0,0.6755,1,0.0737,0
P0306,U001,0,0.2946,1,1.335,0.745,1,0.2463,1,0.0483,0
P0306,U002,1,0.9532,1,1.433,0.533,1,0.9454,1,0.0078,0
P0306,U003,1,0.9709,1,1.196,0.069,0,0.9557,1,0.0152,0
P0306,U004,0,0.1363,1,1.362,0.587,1,0.116,1,0.0204,0
P0306,U005,0,0.3121,1,0.842,0.753,0,0.2672,1,0.045,0
P0306,U006,0,0.1936,1,1.511,0.645,1,0.1769,1,0.0167,0
P0306,U007,1,0.7821,1,1.157,0.452,1,0.819,1,0.037,0
P0306,U008,1,0.9215,1,1.341,0.834,1,0.9209,1,0.0006,0
P0306,U009,0,0.5287,0,0.919,0.94,0,0.4627,1,0.066,0
P0306,U010,1,0.632,1,1.29,0.376,0,0.6851,1,0.0531,0
P0307,U001,0,0.0381,1,1.335,0.745,0,0.0495,1,0.0114,0
P0307,U002,1,0.9074,1,1.433,0.533,0,0.9118,1,0.0043,0
P0307,U003,1,0.651,1,1.196,0.069,0,0.7174,1,0.0664,0
P0307,U004,0,0.0699,1,1.362,0.587,0,0.0719,1,0.002,0
P0307,U005,0,0.0133,1,0.842,0.753,1,0.0297,1,0.0164,0
P0307,U006,0,0.0824,1,1.511,0.645,0,0.082,1,0.0005,0
P0307,U007,1,0.8216,1,1.157,0.452,1,0.8448,1,0.0233,0
P0307,U008,1,0.6253,1,1.341,0.834,1,0.6708,1,0.0456,0
P0307,U009,0,0.0174,1,0.919,0.94,0,0.0256,1,0.0082,0
P0307,U010,1,0.7052,1,1.29,0.376,1,0.7519,1,0.0467,0
P0308,U001,0,0.3532,1,1.335,0.745,0,0.2,1,0.1532,0
P0308,U002,1,0.7974,1,1.433,0.533,1,0.8718,1,0.0743,0
P0308,U003,1,0.785,1,1.196,0.069,0,0.8546,1,0.0696,0
P0308,U004,0,0.172,1,1.362,0.587,1,0.1022,1,0.0698,0
P0308,U005,0,0.0385,1,0.842,0.753,0,0.0577,1,0.0192,0
P0308,U006,0,0.1168,1,1.511,0.645,1,0.0942,1,0.0226,0
P0308,U007,1,0.7247,1,1.157,0.452,0,0.83,1,0.1053,0
P0308,U008,1,0.2986,0,1.341,0.834,0,0.6408,1,0.3422,0
P0308,U009,0,0.181,1,0.919,0.94,0,0.1245,1,0.0565,0
P0308,U010,1,0.2726,0,1.29,0.376,0,0.5588,1,0.2862,0
P0309,U001,0,0.0901,1,1.335,0.745,0,0.0856,1,0.0045,0
P0309,U002,1,0.2223,0,1.433,0.533,1,0.495,0,0.2728,0
P0309,U003,1,0.3169,0,1.196,0.069,1,0.5198,1,0.2029,0
P0309,U004,0,0.1287,1,1.362,0.587,0,0.1153,1,0.0134,0
P0309,U005,0,0.3627,1,0.842,0.753,0,0.29,1,0.0727,0
P0309,U006,0,0.5778,0,1.511,0.645,0,0.3945,1,0.1833,0
P0309,U007,1,0.2111,0,1.157,0.452,0,0.5269,1,0.3158,0
P0309,U008,1,0.4081,0,1.341,0.834,0,0.5599,1,0.1519,0
P0309,U009,0,0.3288,1,0.919,0.94,1,0.2509,1,0.0778,0
P0309,U010,1,0.091,0,1.29,0.376,1,0.397,0,0.306,0
P0310,U001,0,0.882,0,1.335,0.745,0,0.6618,0,0.2202,0
P0310,U002,1,0.8382,1,1.433,0.533,1,0.8544,1,0.0162,0
P0310,U003,1,0.3172,0,1.196,0.069,0,0.4307,0,0.1135,0
P0310,U004,0,0.8768,0,1.362,0.587,1,0.628,0,0.2487,0
P0310,U005,0,0.1943,1,0.842,0.753,1,0.1585,1,0.0359,0
P0310,U006,0,0.869,0,1.511,0.645,1,0.5971,0,0.2719,0
P0310,U007,1,0.3306,0,1.157,0.452,0,0.5234,1,0.1928,0
P0310,U008,1,0.8823,1,1.341,0.834,0,0.8894,1,0.0072,0
P0310,U009,0,0.9175,0,0.919,0.94,0,0.7882,0,0.1293,0
P0310,U010,1,0.8803,1,1.29,0.376,0,0.8929,1,0.0126,0
P0311,U001,0,0.2735,1,1.335,0.745,0,0.1796,1,0.0939,0
P0311,U002,1,0.5872,1,1.433,0.533,0,0.6896,1,0.1025,0
P0311,U003,1,0.1965,0,1.196,0.069,0,0.519,1,0.3226,0
P0311,U004,0,0.0667,1,1.362,0.587,1,0.072,1,0.0053,0
P0311,U005,0,0.0466,1,0.842,0.753,1,0.4052,1,-0.2917,1
P0311,U006,0,0.3697,1,1.511,0.645,0,0.2448,1,0.1249,0
P0311,U007,1,0.2386,0,1.157,0.452,1,0.4449,0,0.2063,0
P0311,U008,1,0.2267,0,1.341,0.834,0,0.485,0,0.2584,0
P0311,U009,0,0.2178,1,0.919,0.94,1,0.1716,1,0.0462,0
P0311,U010,1,0.0943,0,1.29,0.376,0,0.3475,0,0.2532,0
P0312,U001,0,0.9167,0,1.335,0.745,1,0.6421,0,0.2746,0
P0312,U002,1,0.9017,1,1.433,0.533,1,0.541,1,-0.3607,1
P0312,U003,1,0.982,1,1.196,0.069,0,0.967,1,0.0151,0
P0312,U004,0,0.4632,1,1.362,0.587,0,0.3701,1,0.0931,0
P0312,U005,0,0.0615,1,0.842,0.753,0,0.0641,1,0.0026,0
P0312,U006,0,0.701,0,1.511,0.645,1,0.943,0,-0.2421,1
P0312,U007,1,0.8077,1,1.157,0.452,1,0.8307,1,0.023,0
P0312,U008,1,0.687,1,1.341,0.834,0,0.7371,1,0.0501,0
P0312,U009,0,0.8409,0,0.919,0.94,0,0.6833,0,0.1576,0
P0312,U010,1,0.5559,1,1.29,0.376,0,0.6463,1,0.0904,0
P0313,U001,0,0.7919,0,1.335,0.745,0,0.5636,0,0.2283,0
P0313,U002,1,0.9036,1,1.433,0.533,0,0.9099,1,0.0063,0
P0313,U003,1,0.8109,1,1.196,0.069,1,0.8486,1,0.0376,0
P0313,U004,0,0.7837,0,1.362,0.587,0,0.5404,0,0.2433,0
P0313,U005,0,0.8216,0,0.842,0.753,0,0.6369,0,0.1846,0
P0313,U006,0,0.9359,0,1.511,0.645,0,0.663,0,0.2729,0
P0313,U007,1,0.901,1,1.157,0.452,0,0.9061,1,0.0051,0
P0313,U008,1,0.8785,1,1.341,0.834,1,0.8953,1,0.0168,0
P0313,U009,0,0.876,0,0.919,0.94,1,0.6885,0,0.1875,0
P0313,U010,1,0.6339,1,1.29,0.376,0,0.2469,0,-0.387,1
P0314,U001,0,0.5136,0,1.335,0.745,0,0.5614,0,-0.0478,1
P0314,U002,1,0.7051,1,1.433,0.533,1,0.7697,1,0.0646,0
P0314,U003,1,0.95,1,1.196,0.069,1,0.9415,1,0.0085,0
P0314,U004,0,0.2734,1,1.362,0.587,0,0.2131,1,0.0603,0
P0314,U005,0,0.4081,1,0.842,0.753,0,0.343,1,0.0652,0
P0314,U006,0,0.4391,1,1.511,0.645,0,0.2978,1,0.1413,0
P0314,U007,1,0.7316,1,1.157,0.452,1,0.7802,1,0.0486,0
P0314,U008,1,0.8504,1,1.341,0.834,0,0.8709,1,0.0205,0
P0314,U009,0,0.9139,0,0.919,0.94,0,0.7042,0,0.2097,0
P0314,U010,1,0.7995,1,1.29,0.376,1,0.7338,1,-0.0656,1
P0315,U001,0,0.1522,1,1.335,0.745,0,0.1365,1,0.0157,0
P0315,U002,1,0.9952,1,1.433,0.533,1,0.9694,1,0.0258,0
P0315,U003,1,0.9889,1,1.196,0.069,0,0.9771,1,0.0118,0
P0315,U004,0,0.1696,1,1.362,0.587,0,0.1423,1,0.0273,0
P0315,U005,0,0.0353,1,0.842,0.753,0,0.0455,1,0.0102,0
P0315,U006,0,0.3292,1,1.511,0.645,1,0.2833,1,0.0459,0
P0315,U007,1,0.9311,1,1.157,0.452,0,0.9276,1,0.0036,0
P0315,U008,1,0.9715,1,1.341,0.834,0,0.9579,1,0.0136,0
P0315,U009,0,0.7342,0,0.919,0.94,0,0.5657,0,0.1685,0
P0315,U010,1,0.931,1,1.29,0.376,1,0.9282,1,0.0028,0
P0316,U001,0,0.1467,1,1.335,0.745,0,0.1223,1,0.0244,0
P0316,U002,1,0.9613,1,1.433,0.533,1,0.9423,1,0.019,0
P0316,U003,1,0.8533,1,1.196,0.069,1,0.8796,1,0.0263,0
P0316,U004,0,0.5776,0,1.362,0.587,1,0.3627,1,0.2148,0
P0316,U005,0,0.0199,1,0.842,0.753,1,0.0377,1,0.0178,0
P0316,U006,0,0.8574,0,1.511,0.645,1,0.5114,0,0.3459,0
P0316,U007,1,0.7337,1,1.157,0.452,1,0.7826,1,0.0488,0
P0316,U008,1,0.6499,1,1.341,0.834,1,0.766,1,0.1161,0
P0316,U009,0,0.8922,0,0.919,0.94,0,0.7227,0,0.1695,0
P0316,U010,1,0.8759,1,1.29,0.376,1,0.896,1,0.0201,0
P0317,U001,0,0.667,0,1.335,0.745,1,0.4542,1,0.2128,0
P0317,U002,1,0.1664,0,1.433,0.533,0,0.4039,0,0.2375,0
P0317,U003,1,0.5934,1,1.196,0.069,1,0.7576,1,0.1642,0
P0317,U004,0,0.6857,0,1.362,0.587,0,0.4466,1,0.2391,0
P0317,U005,0,0.0195,1,0.842,0.753,0,0.0334,1,0.0139,0
P0317,U006,0,0.6128,0,1.511,0.645,0,0.4719,1,0.141,0
P0317,U007,1,0.1116,0,1.157,0.452,0,0.3355,0,0.2239,0
P0317,U008,1,0.4676,0,1.341,0.834,0,0.5571,1,0.0895,0
P0317,U009,0,0.3244,1,0.919,0.94,0,0.2706,1,0.0538,0
P0317,U010,1,0.3726,0,1.29,0.376,0,0.4555,0,0.0829,0
P0318,U001,0,0.7038,0,1.335,0.745,0,0.5854,0,0.1184,0
P0318,U002,1,0.9729,1,1.433,0.533,1,0.9583,1,0.0145,0
P0318,U003,1,0.9884,1,1.196,0.069,0,0.9743,1,0.0141,0
P0318,U004,0,0.4628,1,1.362,0.587,1,0.3612,1,0.1016,0
P0318,U005,0,0.3535,1,0.842,0.753,0,0.2904,1,0.0632,0
P0318,U006,0,0.7436,0,1.511,0.645,0,0.5383,0,0.2053,0
P0318,U007,1,0.575,1,1.157,0.452,0,0.6854,1,0.1104,0
P0318,U008,1,0.6842,1,1.341,0.834,0,0.7496,1,0.0654,0
P0318,U009,0,0.2831,1,0.919,0.94,0,0.242,1,0.0411,0
P0318,U010,1,0.9768,1,1.29,0.376,0,0.9527,1,0.0241,0
P0319,U001,0,0.6001,0,1.335,0.745,0,0.5723,0,0.0279,0
P0319,U002,1,0.6329,1,1.433,0.533,0,0.6092,1,-0.0237,0
P0319,U003,1,0.3353,0,1.196,0.069,0,0.3119,0,-0.0234,0
P0319,U004,0,0.9649,0,1.362,0.587,0,0.8689,0,0.0959,0
P0319,U005,0,0.918,0,0.842,0.753,0,0.876,0,0.0421,0
P0319,U006,0,0.986,0,1.511,0.645,1,0.99,0,-0.004,0
P0319,U007,1,0.5911,1,1.157,0.452,0,0.6343,1,0.0432,0
P0319,U008,1,0.2353,0,1.341,0.834,1,0.2874,0,0.0521,0
P0319,U009,0,0.9827,0,0.919,0.94,0,0.9054,0,0.0773,0
P0319,U010,1,0.3992,0,1.29,0.376,0,0.4319,0,0.0326,0
P0320,U001,0,0.342,1,1.335,0.745,0,0.282,1,0.0601,0
P0320,U002,1,0.2575,0,1.433,0.533,1,0.4377,0,0.1803,0
P0320,U003,1,0.6198,1,1.196,0.069,0,0.6808,1,0.061,0
P0320,U004,0,0.7773,0,1.362,0.587,1,0.5622,0,0.215,0
P0320,U005,0,0.4295,1,0.842,0.753,0,0.3894,1,0.0401,0
P0320,U006,0,0.9348,0,1.511,0.645,0,0.6581,0,0.2767,0
P0320,U007,1,0.1249,0,1.157,0.452,0,0.3815,0,0.2566,0
P0320,U008,1,0.7725,1,1.341,0.834,1,0.8391,1,0.0666,0
P0320,U009,0,0.7762,0,0.919,0.94,1,0.655,0,0.1212,0
P0320,U010,1,0.0263,0,1.29,0.376,0,0.3594,0,0.333,0
P0321,U001,0,0.4063,1,1.335,0.745,0,0.6574,0,-0.2511,1
P0321,U002,1,0.2614,0,1.433,0.533,1,0.3926,0,0.1311,0
P0321,U003,1,0.6002,1,1.196,0.069,1,0.99,1,0.2498,1
P0321,U004,0,0.3228,1,1.362,0.587,0,0.2705,1,0.0522,0
P0321,U005,0,0.3943,1,0.842,0.753,1,0.3277,1,0.0666,0
P0321,U006,0,0.7735,0,1.511,0.645,0,0.5656,0,0.2079,0
P0321,U007,1,0.4047,0,1.157,0.452,0,0.5015,1,0.0967,0
P0321,U008,1,0.2159,0,1.341,0.834,1,0.3352,0,0.1193,0
P0321,U009,0,0.5662,0,0.919,0.94,1,0.8573,0,-0.2911,1
P0321,U010,1,0.0505,0,1.29,0.376,0,0.1664,0,0.1159,0
P0322,U001,0,0.7058,0,1.335,0.745,0,0.6042,0,0.1016,0
P0322,U002,1,0.9813,1,1.433,0.533,0,0.8616,1,0.0029,1
P0322,U003,1,0.9479,1,1.196,0.069,0,0.9366,1,0.0113,0
P0322,U004,0,0.861,0,1.362,0.587,0,0.6435,0,0.2175,0
P0322,U005,0,0.2744,1,0.842,0.753,0,0.1876,1,0.0868,0
P0322,U006,0,0.7875,0,1.511,0.645,1,0.6466,0,0.1409,0
P0322,U007,1,0.9293,1,1.157,0.452,1,0.9265,1,0.0028,0
P0322,U008,1,0.9178,1,1.341,0.834,0,0.9183,1,0.0006,0
P0322,U009,0,0.6937,0,0.919,0.94,1,0.461,1,0.2327,0
P0322,U010,1,0.9973,1,1.29,0.376,1,0.8824,1,0.0397,1
P0323,U001,0,0.5469,0,1.335,0.745,0,0.4177,1,0.1292,0
P0323,U002,1,0.7593,1,1.433,0.533,1,0.8247,1,0.0654,0
P0323,U003,1,0.8375,1,1.196,0.069,1,0.8544,1,0.0169,0
P0323,U004,0,0.2043,1,1.362,0.587,1,0.1575,1,0.0468,0
P0323,U005,0,0.0815,1,0.842,0.753,0,0.0811,1,0.0004,0
P0323,U006,0,0.0673,1,1.511,0.645,0,0.0708,1,0.0035,0
P0323,U007,1,0.7928,1,1.157,0.452,0,0.8137,1,0.0209,0
P0323,U008,1,0.1372,0,1.341,0.834,0,0.4392,0,0.302,0
P0323,U009,0,0.3457,1,0.919,0.94,1,0.267,1,0.0786,0
P0323,U010,1,0.5237,1,1.29,0.376,1,0.6859,1,0.1621,0
P0324,U001,0,0.5529,0,1.335,0.745,0,0.3979,1,0.1551,0
P0324,U002,1,0.3607,0,1.433,0.533,1,0.5444,1,0.1837,0
P0324,U003,1,0.868,1,1.196,0.069,0,0.8906,1,0.0225,0
P0324,U004,0,0.4703,1,1.362,0.587,1,0.3059,1,0.1643,0
P0324,U005,0,0.1682,1,0.842,0.753,1,0.0869,1,0.0812,1
P0324,U006,0,0.5808,0,1.511,0.645,0,0.4017,1,0.1791,0
P0324,U007,1,0.6086,1,1.157,0.452,1,0.6847,1,0.076,0
P0324,U008,1,0.848,1,1.341,0.834,1,0.8741,1,0.0262,0
P0324,U009,0,0.8574,0,0.919,0.94,0,0.7412,0,0.1162,0
P0324,U010,1,0.7844,1,1.29,0.376,1,0.8412,1,0.0568,0
P0325,U001,0,0.6613,0,1.335,0.745,1,0.5339,0,0.1275,0
P0325,U002,1,0.5237,1,1.433,0.533,0,0.6312,1,0.1074,0
P0325,U003,1,0.8334,1,1.196,0.069,1,0.8647,1,0.0313,0
P0325,U004,0,0.7821,0,1.362,0.587,0,0.6279,0,0.1541,0
P0325,U005,0,0.0655,1,0.842,0.753,0,0.0667,1,0.0013,0
P0325,U006,0,0.2778,1,1.511,0.645,1,0.2183,1,0.0595,0
P0325,U007,1,0.2067,0,1.157,0.452,0,0.273,0,0.0662,0
P0325,U008,1,0.8863,1,1.341,0.834,1,0.8943,1,0.008,0
P0325,U009,0,0.5666,0,0.919,0.94,1,0.4263,1,0.1404,0
P0325,U010,1,0.4692,0,1.29,0.376,0,0.5576,1,0.0884,0
P0326,U001,0,0.1112,1,1.335,0.745,0,0.1046,1,0.0066,0
P0326,U002,1,0.9469,1,1.433,0.533,1,0.9396,1,0.0073,0
P0326,U003,1,0.7667,1,1.196,0.069,0,0.8123,1,0.0456,0
P0326,U004,0,0.8807,0,1.362,0.587,0,0.7502,0,0.1304,0
P0326,U005,0,0.1507,1,0.842,0.753,0,0.1265,1,0.0242,0
P0326,U006,0,0.5436,0,1.511,0.645,1,0.3002,1,0.2435,0
P0326,U007,1,0.7496,1,1.157,0.452,1,0.799,1,0.0495,0
P0326,U008,1,0.8595,1,1.341,0.834,1,0.8847,1,0.0252,0
P0326,U009,0,0.8447,0,0.919,0.94,1,0.6553,0,0.1894,0
P0326,U010,1,0.8882,1,1.29,0.376,0,0.8989,1,0.0108,0
P0327,U001,0,0.4855,1,1.335,0.745,0,0.315,1,0.1706,0
P0327,U002,1,0.6884,1,1.433,0.533,0,0.8006,1,0.1122,0
P0327,U003,1,0.8472,1,1.196,0.069,1,0.8768,1,0.0296,0
P0327,U004,0,0.4876,1,1.362,0.587,1,0.3869,1,0.1008,1
P0327,U005,0,0.1702,1,0.842,0.753,0,0.1302,1,0.04,0
P0327,U006,0,0.5941,0,1.511,0.645,0,0.3779,1,0.2162,0
P0327,U007,1,0.7049,1,1.157,0.452,0,0.8053,1,0.1004,0
P0327,U008,1,0.7988,1,1.341,0.834,0,0.8379,1,0.0391,0
P0327,U009,0,0.7601,0,0.919,0.94,0,0.4679,1,0.2922,0
P0327,U010,1,0.7543,1,1.29,0.376,1,0.8023,1,0.048,0
P0328,U001,0,0.1208,1,1.335,0.745,1,0.1062,1,0.0145,0
P0328,U002,1,0.4112,0,1.433,0.533,0,0.6063,1,0.1951,0
P0328,U003,1,0.355,0,1.196,0.069,0,0.5306,1,0.1756,0
P0328,U004,0,0.5568,0,1.362,0.587,0,0.6329,0,-0.0761,1
P0328,U005,0,0.2627,1,0.842,0.753,0,0.2088,1,0.0538,0
P0328,U006,0,0.8141,0,1.511,0.645,1,0.4464,1,0.3677,0
P0328,U007,1,0.7961,1,1.157,0.452,0,0.8527,1,0.0566,0
P0328,U008,1,0.6259,1,1.341,0.834,1,0.7401,1,0.1142,0
P0328,U009,0,0.7385,0,0.919,0.94,0,0.472,1,0.2665,0
P0328,U010,1,0.0761,0,1.29,0.376,1,0.3768,0,0.3007,0
P0329,U001,0,0.6302,0,1.335,0.745,0,0.5204,0,0.1098,0
P0329,U002,1,0.4068,0,1.433,0.533,1,0.4799,0,0.0731,0
P0329,U003,1,0.6219,1,1.196,0.069,1,0.6858,1,0.0639,0
P0329,U004,0,0.165,1,1.362,0.587,1,0.1457,1,0.0193,0
P0329,U005,0,0.0893,1,0.842,0.753,0,0.0875,1,0.0017,0
P0329,U006,0,0.3267,1,1.511,0.645,0,0.2937,1,0.033,0
P0329,U007,1,0.3653,0,1.157,0.452,1,0.4409,0,0.0755,0
P0329,U008,1,0.3608,0,1.341,0.834,0,0.4371,0,0.0763,0
P0329,U009,0,0.3556,1,0.919,0.94,0,0.3271,1,0.0285,0
P0329,U010,1,0.1273,0,1.29,0.376,1,0.2572,0,0.13,0
P0330,U001,0,0.7037,0,1.335,0.745,0,0.6301,0,0.0735,0
P0330,U002,1,0.1584,0,1.433,0.533,0,0.2316,0,0.0732,0
P0330,U003,1,0.1301,0,1.196,0.069,0,0.2944,0,0.1644,0
P0330,U004,0,0.7016,0,1.362,0.587,0,0.5712,0,0.1304,0
P0330,U005,0,0.8002,0,0.842,0.753,0,0.6339,0,0.1664,0
P0330,U006,0,0.3087,1,1.511,0.645,0,0.2797,1,0.029,0
P0330,U007,1,0.509,1,1.157,0.452,0,0.5762,1,0.0672,0
P0330,U008,1,0.3213,0,1.341,0.834,0,0.3337,0,0.0125,0
P0330,U009,0,0.8071,0,0.919,0.94,0,0.6259,0,0.1812,0
P0330,U010,1,0.0242,0,1.29,0.376,1,0.0426,0,0.0184,1
P0331,U001,0,0.1625,1,1.335,0.745,1,0.1371,1,0.0254,0
P0331,U002,1,0.8944,1,1.433,0.533,1,0.9066,1,0.0123,0
P0331,U003,1,0.8255,1,1.196,0.069,0,0.8703,1,0.0448,0
P0331,U004,0,0.1883,1,1.362,0.587,1,0.1354,1,0.0529,0
P0331,U005,0,0.0307,1,0.842,0.753,1,0.0462,1,0.0155,0
P0331,U006,0,0.3409,1,1.511,0.645,1,0.2606,1,0.0802,0
P0331,U007,1,0.3268,0,1.157,0.452,0,0.5919,1,0.2651,0
P0331,U008,1,0.721,1,1.341,0.834,0,0.8046,1,0.0835,0
P0331,U009,0,0.0899,1,0.919,0.94,0,0.0867,1,0.0031,0
P0331,U010,1,0.9425,1,1.29,0.376,0,0.9362,1,0.0063,0
P0332,U001,0,0.4767,1,1.335,0.745,0,0.3928,1,0.0839,0
P0332,U002,1,0.8205,1,1.433,0.533,0,0.8538,1,0.0333,0
P0332,U003,1,0.898,1,1.196,0.069,0,0.903,1,0.005,0
P0332,U004,0,0.9169,0,1.362,0.587,0,0.6675,0,0.2494,0
P0332,U005,0,0.5686,0,0.842,0.753,0,0.4861,1,0.0825,0
P0332,U006,0,0.7557,0,1.511,0.645,1,0.6094,0,0.1464,0
P0332,U007,1,0.551,1,1.157,0.452,0,0.6462,1,0.0952,0
P0332,U008,1,0.6866,1,1.341,0.834,0,0.7287,1,0.0421,0
P0332,U009,0,0.6896,0,0.919,0.94,0,0.5399,0,0.1497,0
P0332,U010,1,0.6453,1,1.29,0.376,0,0.7363,1,0.0909,0
P0333,U001,0,0.4426,1,1.335,0.745,0,0.3342,1,0.1084,0
P0333,U002,1,0.8959,1,1.433,0.533,0,0.8995,1,0.0036,0
P0333,U003,1,0.9438,1,1.196,0.069,0,0.9394,1,0.0044,0
P0333,U004,0,0.572,0,1.362,0.587,0,0.43,1,0.142,0
P0333,U005,0,0.1875,1,0.842,0.753,1,0.1756,1,0.0119,0
P0333,U006,0,0.3244,1,1.511,0.645,0,0.2558,1,0.0685,0
P0333,U007,1,0.7299,1,1.157,0.452,0,0.7671,1,0.0372,0
P0333,U008,1,0.7557,1,1.341,0.834,1,0.7832,1,0.0276,0
P0333,U009,0,0.5127,0,0.919,0.94,1,0.4152,1,0.0975,0
P0333,U010,1,0.7965,1,1.29,0.376,0,0.8231,1,0.0266,0
P0334,U001,0,0.746,0,1.335,0.745,0,0.6223,0,0.1237,0
P0334,U002,1,0.6177,1,1.433,0.533,0,0.7022,1,0.0845,0
P0334,U003,1,0.5669,1,1.196,0.069,0,0.632,1,0.0652,0
P0334,U004,0,0.5279,0,1.362,0.587,0,0.4239,1,0.104,0
P0334,U005,0,0.4722,1,0.842,0.753,1,0.4373,1,0.0349,0
P0334,U006,0,0.5386,0,1.511,0.645,0,0.4175,1,0.1211,0
P0334,U007,1,0.1927,0,1.157,0.452,1,0.3431,0,0.1504,0
P0334,U008,1,0.8652,1,1.341,0.834,0,0.8694,1,0.0042,0
P0334,U009,0,0.9611,0,0.919,0.94,1,0.9352,0,0.0259,0
P0334,U010,1,0.5909,1,1.29,0.376,1,0.6797,1,0.0887,0
P0335,U001,0,0.9006,0,1.335,0.745,1,0.7253,0,0.1752,1
P0335,U002,1,0.7908,1,1.433,0.533,0,0.843,1,0.0522,0
P0335,U003,1,0.5028,1,1.196,0.069,0,0.6195,1,0.1167,0
P0335,U004,0,0.5524,0,1.362,0.587,1,0.3103,1,0.2421,0
P0335,U005,0,0.4447,1,0.842,0.753,0,0.3062,1,0.1385,0
P0335,U006,0,0.5591,0,1.511,0.645,0,0.3494,1,0.2097,0
P0335,U007,1,0.5116,1,1.157,0.452,0,0.6689,1,0.1573,0
P0335,U008,1,0.8331,1,1.341,0.834,0,0.8708,1,0.0377,0
P0335,U009,0,0.9474,0,0.919,0.94,0,0.6695,0,0.2779,0
P0335,U010,1,0.5374,1,1.29,0.376,0,0.6804,1,0.143,0
P0336,U001,0,0.0178,1,1.335,0.745,0,0.0347,1,0.017,0
P0336,U002,1,0.553,1,1.433,0.533,0,0.6772,1,0.1242,0
P0336,U003,1,0.982,1,1.196,0.069,1,0.9551,1,0.0269,0
P0336,U004,0,0.0957,1,1.362,0.587,1,0.0902,1,0.0056,0
P0336,U005,0,0.0133,1,0.842,0.753,1,0.0271,1,0.0138,0
P0336,U006,0,0.013,1,1.511,0.645,1,0.0288,1,0.0159,0
P0336,U007,1,0.8885,1,1.157,0.452,0,0.9021,1,0.0136,0
P0336,U008,1,0.7557,1,1.341,0.834,0,0.7876,1,0.0318,0
P0336,U009,0,0.0187,1,0.919,0.94,1,0.0359,1,0.0172,0
P0336,U010,1,0.9356,1,1.29,0.376,0,0.931,1,0.0047,0
P0337,U001,0,0.4065,1,1.335,0.745,0,0.1483,1,0.2582,1
P0337,U002,1,0.99,1,1.433,0.533,0,0.9531,1,0.0369,0
P0337,U003,1,0.9939,1,1.196,0.069,1,0.9525,1,0.0414,0
P0337,U004,0,0.2703,1,1.362,0.587,1,0.2006,1,0.0696,0
P0337,U005,0,0.1339,1,0.842,0.753,1,0.1082,1,0.0257,0
P0337,U006,0,0.4914,1,1.511,0.645,1,0.2738,1,0.2176,0
P0337,U007,1,0.9906,1,1.157,0.452,1,0.9517,1,0.0389,0
P0337,U008,1,0.8915,1,1.341,0.834,1,0.9075,1,0.016,0
P0337,U009,0,0.2386,1,0.919,0.94,1,0.1498,1,0.0888,0
P0337,U010,1,0.98,1,1.29,0.376,0,0.9519,1,0.0281,0
P0338,U001,0,0.8252,0,1.335,0.745,1,0.799,0,0.0261,0
P0338,U002,1,0.0265,0,1.433,0.533,1,0.01,0,-0.0165,1
P0338,U003,1,0.5429,1,1.196,0.069,1,0.5723,1,0.0294,0
P0338,U004,0,0.9394,0,1.362,0.587,1,0.8702,0,0.0692,0
P0338,U005,0,0.9937,0,0.842,0.753,0,0.9533,0,0.0405,0
P0338,U006,0,0.9855,0,1.511,0.645,0,0.99,0,-0.0045,0
P0338,U007,1,0.3421,0,1.157,0.452,1,0.4405,0,0.0985,0
P0338,U008,1,0.4626,0,1.341,0.834,0,0.5092,1,0.0466,0
P0338,U009,0,0.986,0,0.919,0.94,0,0.8266,0,0.1594,0
P0338,U010,1,0.1105,0,1.29,0.376,0,0.2259,0,0.1154,0
P0339,U001,0,0.8696,0,1.335,0.745,0,0.4972,1,0.3723,0
P0339,U002,1,0.8912,1,1.433,0.533,0,0.9091,1,0.0179,0
P0339,U003,1,0.9021,1,1.196,0.069,0,0.9114,1,0.0093,0
P0339,U004,0,0.1595,1,1.362,0.587,1,0.124,1,0.0355,0
P0339,U005,0,0.2711,1,0.842,0.753,0,0.2019,1,0.0692,0
P0339,U006,0,0.7861,0,1.511,0.645,0,0.4092,1,0.3769,0
P0339,U007,1,0.7793,1,1.157,0.452,1,0.8408,1,0.0615,0
P0339,U008,1,0.5535,1,1.341,0.834,0,0.7376,1,0.1841,0
P0339,U009,0,0.6401,0,0.919,0.94,1,0.4036,1,0.2365,0
P0339,U010,1,0.9095,1,1.29,0.376,1,0.9147,1,0.0052,0
P0340,U001,0,0.245,1,1.335,0.745,1,0.1804,1,0.0646,0
P0340,U002,1,0.9192,1,1.433,0.533,1,0.9196,1,0.0003,0
P0340,U003,1,0.986,1,1.196,0.069,1,0.9577,1,0.0283,0
P0340,U004,0,0.082,1,1.362,0.587,0,0.0813,1,0.0007,0
P0340,U005,0,0.0041,1,0.842,0.753,1,0.0255,1,0.0214,0
P0340,U006,0,0.1162,1,1.511,0.645,1,0.0972,1,0.019,0
P0340,U007,1,0.8529,1,1.157,0.452,1,0.878,1,0.025,0
P0340,U008,1,0.7889,1,1.341,0.834,1,0.8419,1,0.0529,0
P0340,U009,0,0.3594,1,0.919,0.94,0,0.2251,1,0.1343,0
P0340,U010,1,0.9947,1,1.29,0.376,0,0.9451,1,0.0496,0
P0341,U001,0,0.5232,0,1.335,0.745,1,0.558,0,-0.0348,1
P0341,U002,1,0.0322,0,1.433,0.533,0,0.2823,0,0.2501,0
P0341,U003,1,0.1465,0,1.196,0.069,0,0.3188,0,0.1723,0
P0341,U004,0,0.5016,0,1.362,0.587,0,0.4478,1,0.0538,0
P0341,U005,0,0.2021,1,0.842,0.753,0,0.1753,1,0.0268,0
P0341,U006,0,0.4087,1,1.511,0.645,0,0.3184,1,0.0903,0
P0341,U007,1,0.2941,0,1.157,0.452,0,0.4044,0,0.1102,0
P0341,U008,1,0.0835,0,1.341,0.834,0,0.1739,0,0.0904,0
P0341,U009,0,0.4907,1,0.919,0.94,0,0.4205,1,0.0701,0
P0341,U010,1,0.036,0,1.29,0.376,1,0.2341,0,0.198,0
P0342,U001,0,0.5711,0,1.335,0.745,0,0.4624,1,0.1086,0
P0342,U002,1,0.061,0,1.433,0.533,0,0.2025,0,0.1416,0
P0342,U003,1,0.4119,0,1.196,0.069,0,0.5577,1,0.1458,0
P0342,U004,0,0.3163,1,1.362,0.587,1,0.2397,1,0.0766,0
P0342,U005,0,0.3447,1,0.842,0.753,1,0.3117,1,0.033,0
P0342,U006,0,0.8412,0,1.511,0.645,0,0.6429,0,0.1983,0
P0342,U007,1,0.0638,0,1.157,0.452,0,0.2306,0,0.1667,0
P0342,U008,1,0.3724,0,1.341,0.834,1,0.4014,0,0.029,0
P0342,U009,0,0.8159,0,0.919,0.94,0,0.6419,0,0.1739,0
P0342,U010,1,0.0488,0,1.29,0.376,1,0.2425,0,0.1936,0
P0343,U001,0,0.2213,1,1.335,0.745,0,0.1709,1,0.0504,0
P0343,U002,1,0.4304,0,1.433,0.533,1,0.5863,1,0.1559,0
P0343,U003,1,0.9215,1,1.196,0.069,0,0.9211,1,0.0004,0
P0343,U004,0,0.2746,1,1.362,0.587,1,0.2186,1,0.0561,0
P0343,U005,0,0.2191,1,0.842,0.753,0,0.1822,1,0.0369,0
P0343,U006,0,0.3762,1,1.511,0.645,0,0.3083,1,0.0679,0
P0343,U007,1,0.112,0,1.157,0.452,0,0.4263,0,0.3143,0
P0343,U008,1,0.4295,0,1.341,0.834,1,0.6105,1,0.181,0
P0343,U009,0,0.3856,1,0.919,0.94,0,0.2926,1,0.093,0
P0343,U010,1,0.1439,0,1.29,0.376,1,0.3537,0,0.2097,0
P0344,U001,0,0.2103,1,1.335,0.745,1,0.1619,1,0.0484,0
P0344,U002,1,0.9575,1,1.433,0.533,1,0.9423,1,0.0151,0
P0344,U003,1,0.5959,1,1.196,0.069,1,0.7404,1,0.1445,0
P0344,U004,0,0.2942,1,1.362,0.587,0,0.2314,1,0.0628,0
P0344,U005,0,0.0499,1,0.842,0.753,1,0.0613,1,0.0114,0
P0344,U006,0,0.4198,1,1.511,0.645,1,0.3095,1,0.1103,0
P0344,U007,1,0.6716,1,1.157,0.452,0,0.794,1,0.1223,0
P0344,U008,1,0.6847,1,1.341,0.834,0,0.7853,1,0.1006,0
P0344,U009,0,0.5868,0,0.919,0.94,0,0.4453,1,0.1415,0
P0344,U010,1,0.5218,1,1.29,0.376,1,0.7047,1,0.1829,0
P0345,U001,0,0.6208,0,1.335,0.745,0,0.7932,0,-0.1724,1
P0345,U002,1,0.9722,1,1.433,0.533,1,0.9726,1,-0.0004,0
P0345,U003,1,0.8676,1,1.196,0.069,1,0.8758,1,0.0082,0
P0345,U004,0,0.6009,0,1.362,0.587,0,0.4951,1,0.1058,0
P0345,U005,0,0.3024,1,0.842,0.753,1,0.2615,1,0.0409,0
P0345,U006,0,0.7464,0,1.511,0.645,0,0.9681,0,-0.2217,1
P0345,U007,1,0.906,1,1.157,0.452,1,0.9103,1,0.0043,0
P0345,U008,1,0.7162,1,1.341,0.834,1,0.7647,1,0.0485,0
P0345,U009,0,0.6463,0,0.919,0.94,0,0.4694,1,0.1769,0
P0345,U010,1,0.8876,1,1.29,0.376,0,0.8927,1,0.0051,0
P0346,U001,0,0.3612,1,1.335,0.745,1,0.2493,1,0.1119,0
P0346,U002,1,0.9755,1,1.433,0.533,1,0.9499,1,0.0256,0
P0346,U003,1,0.8712,1,1.196,0.069,1,0.893,1,0.0218,0
P0346,U004,0,0.347,1,1.362,0.587,1,0.2537,1,0.0932,0
P0346,U005,0,0.145,1,0.842,0.753,0,0.1307,1,0.0143,0
P0346,U006,0,0.1857,1,1.511,0.645,0,0.1474,1,0.0382,0
P0346,U007,1,0.6776,1,1.157,0.452,0,0.753,1,0.0754,0
P0346,U008,1,0.7835,1,1.341,0.834,0,0.8279,1,0.0444,0
P0346,U009,0,0.5435,0,0.919,0.94,0,0.4633,1,0.0802,0
P0346,U010,1,0.8155,1,1.29,0.376,0,0.8598,1,0.0444,0
P0347,U001,0,0.1148,1,1.335,0.745,0,0.0927,1,0.0221,0
P0347,U002,1,0.9302,1,1.433,0.533,1,0.9249,1,0.0053,0
P0347,U003,1,0.4946,0,1.196,0.069,1,0.7171,1,0.2225,0
P0347,U004,0,0.3636,1,1.362,0.587,0,0.224,1,0.1396,0
P0347,U005,0,0.0973,1,0.842,0.753,1,0.0879,1,0.0093,0
P0347,U006,0,0.6897,0,1.511,0.645,1,0.3499,1,0.3398,0
P0347,U007,1,0.6819,1,1.157,0.452,0,0.7835,1,0.1017,0
P0347,U008,1,0.633,1,1.341,0.834,1,0.7821,1,0.1491,0
P0347,U009,0,0.7356,0,0.919,0.94,1,0.4392,1,0.2963,0
P0347,U010,1,0.7412,1,1.29,0.376,0,0.8376,1,0.0964,0
P0348,U001,0,0.667,0,1.335,0.745,0,0.5673,0,0.0997,0
P0348,U002,1,0.926,1,1.433,0.533,0,0.9243,1,0.0017,0
P0348,U003,1,0.9821,1,1.196,0.069,1,0.9623,1,0.0197,0
P0348,U004,0,0.5329,0,1.362,0.587,1,0.4734,1,0.0595,1
P0348,U005,0,0.016,1,0.842,0.753,0,0.0366,1,0.0205,0
P0348,U006,0,0.5502,0,1.511,0.645,0,0.5728,0,-0.0226,1
P0348,U007,1,0.7154,1,1.157,0.452,0,0.7579,1,0.0425,0
P0348,U008,1,0.7303,1,1.341,0.834,0,0.7641,1,0.0338,0
P0348,U009,0,0.7468,0,0.919,0.94,0,0.6381,0,0.1087,0
P0348,U010,1,0.8041,1,1.29,0.376,1,0.8396,1,0.0354,0
P0349,U001,0,0.2328,1,1.335,0.745,1,0.1802,1,0.0526,0
P0349,U002,1,0.9015,1,1.433,0.533,0,0.9068,1,0.0053,0
P0349,U003,1,0.6628,1,1.196,0.069,0,0.7573,1,0.0945,0
P0349,U004,0,0.217,1,1.362,0.587,0,0.1893,1,0.0277,0
P0349,U005,0,0.0318,1,0.842,0.753,0,0.0422,1,0.0104,0
P0349,U006,0,0.1662,1,1.511,0.645,1,0.1361,1,0.0301,0
P0349,U007,1,0.6339,1,1.157,0.452,0,0.7145,1,0.0806,0
P0349,U008,1,0.8251,1,1.341,0.834,1,0.8482,1,0.0231,0
P0349,U009,0,0.1528,1,0.919,0.94,0,0.1326,1,0.0201,0
P0349,U010,1,0.3355,0,1.29,0.376,1,0.4897,0,0.1543,0
P0350,U001,0,0.4657,1,1.335,0.745,0,0.4658,1,-0.0001,0
P0350,U002,1,0.815,1,1.433,0.533,0,0.8279,1,0.0129,0
P0350,U003,1,0.8143,1,1.196,0.069,0,0.8184,1,0.0041,0
P0350,U004,0,0.626,0,1.362,0.587,0,0.5813,0,0.0447,0
P0350,U005,0,0.8386,0,0.842,0.753,0,0.7504,0,0.0882,0
P0350,U006,0,0.461,1,1.511,0.645,0,0.4594,1,0.0016,0
P0350,U007,1,0.6079,1,1.157,0.452,0,0.6197,1,0.0118,0
P0350,U008,1,0.4364,0,1.341,0.834,0,0.4472,0,0.0108,0
P0350,U009,0,0.9588,0,0.919,0.94,0,0.8492,0,0.1095,0
P0350,U010,1,0.1969,0,1.29,0.376,0,0.2929,0,0.096,0
P0351,U001,0,0.2671,1,1.335,0.745,0,0.2068,1,0.0603,0
P0351,U002,1,0.1027,0,1.433,0.533,0,0.3028,0,0.2001,0
P0351,U003,1,0.2479,0,1.196,0.069,1,0.4547,0,0.2068,0
P0351,U004,0,0.2408,1,1.362,0.587,0,0.196,1,0.0448,0
P0351,U005,0,0.0682,1,0.842,0.753,1,0.0703,1,0.0021,0
P0351,U006,0,0.4134,1,1.511,0.645,0,0.3519,1,0.0615,0
P0351,U007,1,0.2274,0,1.157,0.452,0,0.4566,0,0.2292,0
P0351,U008,1,0.3663,0,1.341,0.834,1,0.5301,1,0.1638,0
P0351,U009,0,0.3243,1,0.919,0.94,0,0.2571,1,0.0672,0
P0351,U010,1,0.01,0,1.29,0.376,0,0.3507,0,0.3407,0
P0352,U001,0,0.697,0,1.335,0.745,0,0.5989,0,0.0981,0
P0352,U002,1,0.0907,0,1.433,0.533,0,0.2233,0,0.1326,0
P0352,U003,1,0.6625,1,1.196,0.069,0,0.6737,1,0.0113,0
P0352,U004,0,0.4283,1,1.362,0.587,0,0.3821,1,0.0462,0
P0352,U005,0,0.729,0,0.842,0.753,0,0.6682,0,0.0608,0
P0352,U006,0,0.8839,0,1.511,0.645,0,0.6798,0,0.2041,0
P0352,U007,1,0.3063,0,1.157,0.452,0,0.3073,0,0.001,0
P0352,U008,1,0.3228,0,1.341,0.834,1,0.4342,0,0.1114,0
P0352,U009,0,0.9828,0,0.919,0.94,0,0.8659,0,0.1169,0
P0352,U010,1,0.5882,1,1.29,0.376,0,0.6726,1,0.0844,0
P0353,U001,0,0.189,1,1.335,0.745,0,0.1433,1,0.0457,0
P0353,U002,1,0.9438,1,1.433,0.533,1,0.9318,1,0.012,0
P0353,U003,1,0.7163,1,1.196,0.069,1,0.7985,1,0.0822,0
P0353,U004,0,0.1855,1,1.362,0.587,0,0.1332,1,0.0523,0
P0353,U005,0,0.0758,1,0.842,0.753,0,0.0775,1,0.0016,0
P0353,U006,0,0.3604,1,1.511,0.645,0,0.2123,1,0.1481,0
P0353,U007,1,0.9004,1,1.157,0.452,0,0.9096,1,0.0092,0
P0353,U008,1,0.8738,1,1.341,0.834,0,0.99,1,-0.0238,1
P0353,U009,0,0.5242,0,0.919,0.94,0,0.3685,1,0.1558,0
P0353,U010,1,0.5045,1,1.29,0.376,0,0.6816,1,0.1771,0
P0354,U001,0,0.7321,0,1.335,0.745,0,0.4848,1,0.2473,0
P0354,U002,1,0.9325,1,1.433,0.533,0,0.9306,1,0.0018,0
P0354,U003,1,0.8511,1,1.196,0.069,0,0.8755,1,0.0244,0
P0354,U004,0,0.5626,0,1.362,0.587,0,0.3261,1,0.2366,0
P0354,U005,0,0.3052,1,0.842,0.753,0,0.244,1,0.0612,0
P0354,U006,0,0.8367,0,1.511,0.645,0,0.5832,0,0.2534,0
P0354,U007,1,0.7279,1,1.157,0.452,1,0.7735,1,0.0457,0
P0354,U008,1,0.6886,1,1.341,0.834,0,0.7741,1,0.0855,0
P0354,U009,0,0.4793,1,0.919,0.94,0,0.3184,1,0.1609,0
P0354,U010,1,0.9228,1,1.29,0.376,1,0.9222,1,0.0006,0
P0355,U001,0,0.2168,1,1.335,0.745,1,0.182,1,0.0348,0
P0355,U002,1,0.6866,1,1.433,0.533,0,0.7771,1,0.0905,0
P0355,U003,1,0.7702,1,1.196,0.069,1,0.8024,1,0.0322,0
P0355,U004,0,0.1932,1,1.362,0.587,1,0.149,1,0.0442,0
P0355,U005,0,0.1712,1,0.842,0.753,0,0.1512,1,0.02,0
P0355,U006,0,0.6367,0,1.511,0.645,1,0.4405,1,0.1961,0
P0355,U007,1,0.7249,1,1.157,0.452,0,0.7981,1,0.0733,0
P0355,U008,1,0.959,1,1.341,0.834,0,0.9481,1,0.0109,0
P0355,U009,0,0.366,1,0.919,0.94,0,0.3194,1,0.0466,0
P0355,U010,1,0.9006,1,1.29,0.376,1,0.9034,1,0.0028,0
P0356,U001,0,0.3907,1,1.335,0.745,0,0.3205,1,0.0702,0
P0356,U002,1,0.9224,1,1.433,0.533,1,0.922,1,0.0004,0
P0356,U003,1,0.9802,1,1.196,0.069,1,0.9602,1,0.02,0
P0356,U004,0,0.6486,0,1.362,0.587,0,0.5025,0,0.1462,0
P0356,U005,0,0.1559,1,0.842,0.753,1,0.1365,1,0.0194,0
P0356,U006,0,0.9253,0,1.511,0.645,1,0.6261,0,0.2992,0
P0356,U007,1,0.8616,1,1.157,0.452,0,0.8854,1,0.0238,0
P0356,U008,1,0.8278,1,1.341,0.834,0,0.8474,1,0.0195,0
P0356,U009,0,0.7794,0,0.919,0.94,1,0.6341,0,0.1453,1
P0356,U010,1,0.6941,1,1.29,0.376,0,0.7594,1,0.0654,0
P0357,U001,0,0.6952,0,1.335,0.745,0,0.4898,1,0.2053,0
P0357,U002,1,0.1479,0,1.433,0.533,0,0.4122,0,0.2643,1
P0357,U003,1,0.5044,1,1.196,0.069,1,0.5857,1,0.0813,0
P0357,U004,0,0.4294,1,1.362,0.587,0,0.3308,1,0.0985,0
P0357,U005,0,0.275,1,0.842,0.753,0,0.2351,1,0.04,0
P0357,U006,0,0.6547,0,1.511,0.645,0,0.5974,0,0.0573,0
P0357,U007,1,0.5863,1,1.157,0.452,0,0.6269,1,0.0405,0
P0357,U008,1,0.702,1,1.341,0.834,0,0.7671,1,0.065,0
P0357,U009,0,0.7315,0,0.919,0.94,0,0.7094,0,0.0222,0
P0357,U010,1,0.0442,0,1.29,0.376,0,0.2455,0,0.2013,0
P0358,U001,0,0.0307,1,1.335,0.745,0,0.0389,1,0.0082,0
P0358,U002,1,0.8191,1,1.433,0.533,0,0.8336,1,0.0146,0
P0358,U003,1,0.6362,1,1.196,0.069,0,0.6772,1,0.041,0
P0358,U004,0,0.5234,0,1.362,0.587,0,0.5279,0,-0.0045,0
P0358,U005,0,0.0344,1,0.842,0.753,0,0.0358,1,0.0015,0
P0358,U006,0,0.6196,0,1.511,0.645,1,0.4735,1,0.146,0
P0358,U007,1,0.4691,0,1.157,0.452,0,0.4795,0,0.0105,0
P0358,U008,1,0.8228,1,1.341,0.834,0,0.8343,1,0.0116,0
P0358,U009,0,0.1478,1,0.919,0.94,1,0.1472,1,0.0006,0
P0358,U010,1,0.5763,1,1.29,0.376,0,0.631,1,0.0547,0
P0359,U001,0,0.5357,0,1.335,0.745,0,0.4284,1,0.1073,0
P0359,U002,1,0.6437,1,1.433,0.533,0,0.6924,1,0.0486,0
P0359,U003,1,0.6499,1,1.196,0.069,0,0.7003,1,0.0504,0
P0359,U004,0,0.972,0,1.362,0.587,1,0.7845,0,0.1875,0
P0359,U005,0,0.6947,0,0.842,0.753,0,0.5893,0,0.1054,0
P0359,U006,0,0.7011,0,1.511,0.645,1,0.4913,1,0.2098,0
P0359,U007,1,0.1924,0,1.157,0.452,0,0.2783,0,0.0859,0
P0359,U008,1,0.914,1,1.341,0.834,0,0.9153,1,0.0013,0
P0359,U009,0,0.7278,0,0.919,0.94,0,0.5667,0,0.161,0
P0359,U010,1,0.5211,1,1.29,0.376,1,0.6804,1,0.1593,0
P0360,U001,0,0.196,1,1.335,0.745,0,0.1435,1,0.0526,0
P0360,U002,1,0.9076,1,1.433,0.533,1,0.9125,1,0.005,0
P0360,U003,1,0.9333,1,1.196,0.069,1,0.9287,1,0.0046,0
P0360,U004,0,0.7396,0,1.362,0.587,0,0.511,0,0.2285,0
P0360,U005,0,0.3427,1,0.842,0.753,1,0.3072,1,0.0355,0
P0360,U006,0,0.7865,0,1.511,0.645,1,0.5688,0,0.2177,0
P0360,U007,1,0.8661,1,1.157,0.452,0,0.8812,1,0.015,0
P0360,U008,1,0.7571,1,1.341,0.834,1,0.795,1,0.0379,0
P0360,U009,0,0.9212,0,0.919,0.94,1,0.6756,0,0.2457,0
P0360,U010,1,0.6262,1,1.29,0.376,1,0.7192,1,0.093,0
P0361,U001,0,0.0267,1,1.335,0.745,1,0.0613,1,0.0346,0
P0361,U002,1,0.9111,1,1.433,0.533,1,0.9173,1,0.0062,0
P0361,U003,1,0.984,1,1.196,0.069,1,0.9409,1,0.0431,0
P0361,U004,0,0.0585,1,1.362,0.587,0,0.0726,1,0.0141,0
P0361,U005,0,0.0131,1,0.842,0.753,1,0.0521,1,0.039,0
P0361,U006,0,0.1203,1,1.511,0.645,0,0.01,1,-0.0297,1
P0361,U007,1,0.6058,1,1.157,0.452,1,0.8204,1,0.2146,0
P0361,U008,1,0.9785,1,1.341,0.834,1,0.9381,1,0.0404,0
P0361,U009,0,0.1616,1,0.919,0.94,1,0.1207,1,0.0409,0
P0361,U010,1,0.7979,1,1.29,0.376,1,0.8823,1,0.0844,0
P0362,U001,0,0.0826,1,1.335,0.745,1,0.0819,1,0.0007,0
P0362,U002,1,0.9561,1,1.433,0.533,1,0.9431,1,0.013,0
P0362,U003,1,0.9889,1,1.196,0.069,1,0.966,1,0.0229,0
P0362,U004,0,0.4998,1,1.362,0.587,0,0.4029,1,0.0969,0
P0362,U005,0,0.3079,1,0.842,0.753,0,0.2862,1,0.0217,0
P0362,U006,0,0.4278,1,1.511,0.645,1,0.3024,1,0.1253,0
P0362,U007,1,0.7173,1,1.157,0.452,0,0.775,1,0.0577,0
P0362,U008,1,0.966,1,1.341,0.834,0,0.9533,1,0.0127,0
P0362,U009,0,0.627,0,0.919,0.94,1,0.5565,0,0.0705,0
P0362,U010,1,0.8496,1,1.29,0.376,1,0.8741,1,0.0245,0
P0363,U001,0,0.2431,1,1.335,0.745,1,0.2091,1,0.0339,0
P0363,U002,1,0.1557,0,1.433,0.533,0,0.3671,0,0.2114,0
P0363,U003,1,0.3469,0,1.196,0.069,1,0.2733,0,-0.0736,1
P0363,U004,0,0.0874,1,1.362,0.587,0,0.0845,1,0.0029,0
P0363,U005,0,0.06,1,0.842,0.753,1,0.0624,1,0.0024,0
P0363,U006,0,0.1116,1,1.511,0.645,0,0.1068,1,0.0048,0
P0363,U007,1,0.3684,0,1.157,0.452,1,0.4784,0,0.11,0
P0363,U008,1,0.2345,0,1.341,0.834,0,0.3118,0,0.0773,0
P0363,U009,0,0.0689,1,0.919,0.94,1,0.0699,1,0.001,0
P0363,U010,1,0.1319,0,1.29,0.376,0,0.2441,0,0.1121,0
P0364,U001,0,0.3517,1,1.335,0.745,0,0.3084,1,0.0432,0
P0364,U002,1,0.0479,0,1.433,0.533,0,0.133,0,0.0851,0
P0364,U003,1,0.3921,0,1.196,0.069,0,0.4894,0,0.0972,0
P0364,U004,0,0.7702,0,1.362,0.587,1,0.6549,0,0.1153,0
P0364,U005,0,0.7286,0,0.842,0.753,0,0.6096,0,0.1189,0
P0364,U006,0,0.7536,0,1.511,0.645,0,0.5525,0,0.201,0
P0364,U007,1,0.7734,1,1.157,0.452,0,0.7815,1,0.0081,0
P0364,U008,1,0.5069,1,1.341,0.834,1,0.5732,1,0.0662,0
P0364,U009,0,0.9724,0,0.919,0.94,0,0.8557,0,0.1167,0
P0364,U010,1,0.0864,0,1.29,0.376,0,0.3017,0,0.2153,0
P0365,U001,0,0.4568,1,1.335,0.745,0,0.3896,1,0.0672,0
P0365,U002,1,0.9064,1,1.433,0.533,1,0.9087,1,0.0023,0
P0365,U003,1,0.709,1,1.196,0.069,0,0.7493,1,0.0403,0
P0365,U004,0,0.4821,1,1.362,0.587,0,0.3529,1,0.1292,0
P0365,U005,0,0.0706,1,0.842,0.753,0,0.0729,1,0.0022,0
P0365,U006,0,0.3527,1,1.511,0.645,0,0.2795,1,0.0732,0
P0365,U007,1,0.5982,1,1.157,0.452,1,0.736,1,0.1378,0
P0365,U008,1,0.7149,1,1.341,0.834,0,0.777,1,0.0621,0
P0365,U009,0,0.5781,0,0.919,0.94,0,0.5191,0,0.059,0
P0365,U010,1,0.5188,1,1.29,0.376,0,0.6075,1,0.0887,0
P0366,U001,0,0.3591,1,1.335,0.745,0,0.2868,1,0.0723,0
P0366,U002,1,0.6484,1,1.433,0.533,0,0.7329,1,0.0845,0
P0366,U003,1,0.9648,1,1.196,0.069,1,0.9492,1,0.0156,0
P0366,U004,0,0.6304,0,1.362,0.587,1,0.4055,1,0.2249,0
P0366,U005,0,0.5673,0,0.842,0.753,1,0.4784,1,0.0888,0
P0366,U006,0,0.783,0,1.511,0.645,0,0.5055,0,0.2775,0
P0366,U007,1,0.6593,1,1.157,0.452,1,0.7185,1,0.0592,0
P0366,U008,1,0.699,1,1.341,0.834,0,0.7156,1,0.0166,0
P0366,U009,0,0.7223,0,0.919,0.94,1,0.527,0,0.1953,0
P0366,U010,1,0.7994,1,1.29,0.376,0,0.8125,1,0.0131,0
P0367,U001,0,0.4179,1,1.335,0.745,0,0.2667,1,0.1511,0
P0367,U002,1,0.8808,1,1.433,0.533,0,0.8919,1,0.0111,0
P0367,U003,1,0.8076,1,1.196,0.069,1,0.8592,1,0.0516,0
P0367,U004,0,0.3156,1,1.362,0.587,1,0.2103,1,0.1053,0
P0367,U005,0,0.0314,1,0.842,0.753,0,0.0481,1,0.0167,0
P0367,U006,0,0.2698,1,1.511,0.645,0,0.2144,1,0.0554,0
P0367,U007,1,0.7821,1,1.157,0.452,1,0.8159,1,0.0338,0
P0367,U008,1,0.8378,1,1.341,0.834,0,0.8593,1,0.0215,0
P0367,U009,0,0.0632,1,0.919,0.94,1,0.0689,1,0.0057,0
P0367,U010,1,0.4852,0,1.29,0.376,0,0.6752,1,0.19,0
P0368,U001,0,0.3614,1,1.335,0.745,0,0.3246,1,0.0367,0
P0368,U002,1,0.7498,1,1.433,0.533,0,0.8062,1,0.0564,0
P0368,U003,1,0.9684,1,1.196,0.069,0,0.9657,1,0.0027,0
P0368,U004,0,0.0504,1,1.362,0.587,0,0.0559,1,0.0056,0
P0368,U005,0,0.4375,1,0.842,0.753,0,0.3245,1,0.1131,0
P0368,U006,0,0.2208,1,1.511,0.645,0,0.2029,1,0.0178,0
P0368,U007,1,0.7135,1,1.157,0.452,0,0.7491,1,0.0356,0
P0368,U008,1,0.7507,1,1.341,0.834,0,0.7906,1,0.0399,0
P0368,U009,0,0.4402,1,0.919,0.94,0,0.409,1,0.0312,0
P0368,U010,1,0.8907,1,1.29,0.376,0,0.8975,1,0.0069,0
P0369,U001,0,0.7822,0,1.335,0.745,1,0.6329,0,0.1493,0
P0369,U002,1,0.3424,0,1.433,0.533,0,0.4755,0,0.133,0
P0369,U003,1,0.839,1,1.196,0.069,1,0.848,1,0.009,0
P0369,U004,0,0.3422,1,1.362,0.587,0,0.2978,1,0.0443,0
P0369,U005,0,0.0153,1,0.842,0.753,1,0.027,1,0.0116,0
P0369,U006,0,0.5095,0,1.511,0.645,0,0.4046,1,0.1049,0
P0369,U007,1,0.7934,1,1.157,0.452,0,0.8108,1,0.0174,0
P0369,U008,1,0.6236,1,1.341,0.834,1,0.6763,1,0.0527,0
P0369,U009,0,0.3947,1,0.919,0.94,1,0.3307,1,0.064,0
P0369,U010,1,0.9461,1,1.29,0.376,0,0.9422,1,0.004,0
P0370,U001,0,0.0858,1,1.335,0.745,0,0.0844,1,0.0013,0
P0370,U002,1,0.9748,1,1.433,0.533,0,0.9572,1,0.0175,0
P0370,U003,1,0.9395,1,1.196,0.069,1,0.9352,1,0.0043,0
P0370,U004,0,0.248,1,1.362,0.587,0,0.2332,1,0.0148,0
P0370,U005,0,0.0402,1,0.842,0.753,0,0.0495,1,0.0094,0
P0370,U006,0,0.4796,1,1.511,0.645,0,0.4424,1,0.0372,0
P0370,U007,1,0.9788,1,1.157,0.452,0,0.9613,1,0.0175,0
P0370,U008,1,0.9254,1,1.341,0.834,0,0.9243,1,0.0011,0
P0370,U009,0,0.0237,1,0.919,0.94,1,0.0275,1,0.0038,0
P0370,U010,1,0.995,1,1.29,0.376,0,0.9893,1,0.0057,0
P0371,U001,0,0.4328,1,1.335,0.745,0,0.3103,1,0.1224,0
P0371,U002,1,0.9216,1,1.433,0.533,0,0.9209,1,0.0006,0
P0371,U003,1,0.9127,1,1.196,0.069,1,0.9149,1,0.0022,0
P0371,U004,0,0.3479,1,1.362,0.587,0,0.2669,1,0.081,0
P0371,U005,0,0.0318,1,0.842,0.753,0,0.0471,1,0.0154,0
P0371,U006,0,0.2536,1,1.511,0.645,0,0.1681,1,0.0855,0
P0371,U007,1,0.8785,1,1.157,0.452,0,0.8892,1,0.0107,0
P0371,U008,1,0.7112,1,1.341,0.834,0,0.7856,1,0.0744,0
P0371,U009,0,0.6717,0,0.919,0.94,0,0.5115,0,0.1603,0
P0371,U010,1,0.5434,1,1.29,0.376,0,0.6702,1,0.1268,0
P0372,U001,0,0.4497,1,1.335,0.745,0,0.3023,1,0.1474,0
P0372,U002,1,0.4577,0,1.433,0.533,0,0.6074,1,0.1497,0
P0372,U003,1,0.9128,1,1.196,0.069,1,0.9161,1,0.0033,0
P0372,U004,0,0.6965,0,1.362,0.587,0,0.4288,1,0.2677,0
P0372,U005,0,0.3681,1,0.842,0.753,0,0.2669,1,0.1012,0
P0372,U006,0,0.7177,0,1.511,0.645,0,0.4815,1,0.2362,0
P0372,U007,1,0.5567,1,1.157,0.452,0,0.6787,1,0.1221,0
P0372,U008,1,0.7158,1,1.341,0.834,0,0.7799,1,0.0641,0
P0372,U009,0,0.6618,0,0.919,0.94,0,0.5722,0,0.0896,0
P0372,U010,1,0.1636,0,1.29,0.376,0,0.43,0,0.2663,0
P0373,U001,0,0.6428,0,1.335,0.745,1,0.4379,1,0.2049,0
P0373,U002,1,0.8749,1,1.433,0.533,0,0.8804,1,0.0055,0
P0373,U003,1,0.9437,1,1.196,0.069,1,0.935,1,0.0087,0
P0373,U004,0,0.5622,0,1.362,0.587,1,0.4819,1,0.0803,0
P0373,U005,0,0.3706,1,0.842,0.753,0,0.3001,1,0.0706,0
P0373,U006,0,0.4384,1,1.511,0.645,1,0.3431,1,0.0953,0
P0373,U007,1,0.6545,1,1.157,0.452,0,0.7126,1,0.0581,1
P0373,U008,1,0.8646,1,1.341,0.834,0,0.8893,1,0.0248,0
P0373,U009,0,0.5864,0,0.919,0.94,0,0.5033,0,0.0831,0
P0373,U010,1,0.8385,1,1.29,0.376,0,0.863,1,0.0245,0
P0374,U001,0,0.0677,1,1.335,0.745,0,0.0712,1,0.0035,0
P0374,U002,1,0.8705,1,1.433,0.533,1,0.8878,1,0.0174,0
P0374,U003,1,0.9908,1,1.196,0.069,1,0.9679,1,0.0229,0
P0374,U004,0,0.3325,1,1.362,0.587,0,0.2386,1,0.0939,0
P0374,U005,0,0.2392,1,0.842,0.753,0,0.1861,1,0.0531,0
P0374,U006,0,0.3773,1,1.511,0.645,0,0.2672,1,0.1101,0
P0374,U007,1,0.6615,1,1.157,0.452,0,0.698,1,0.0365,0
P0374,U008,1,0.8111,1,1.341,0.834,0,0.8477,1,0.0366,0
P0374,U009,0,0.771,0,0.919,0.94,1,0.637,0,0.134,0
P0374,U010,1,0.8141,1,1.29,0.376,0,0.8472,1,0.0332,0
P0375,U001,0,0.6596,0,1.335,0.745,1,0.5773,0,0.0824,0
P0375,U002,1,0.8293,1,1.433,0.533,0,0.8463,1,0.0171,0
P0375,U003,1,0.6941,1,1.196,0.069,1,0.7793,1,0.0852,0
P0375,U004,0,0.3339,1,1.362,0.587,1,0.2522,1,0.0816,0
P0375,U005,0,0.2123,1,0.842,0.753,1,0.1827,1,0.0296,0
P0375,U006,0,0.7516,0,1.511,0.645,0,0.5868,0,0.1648,0
P0375,U007,1,0.3977,0,1.157,0.452,1,0.5374,1,0.1397,0
P0375,U008,1,0.064,0,1.341,0.834,0,0.3367,0,0.2727,0
P0375,U009,0,0.8359,0,0.919,0.94,0,0.6511,0,0.1847,0
P0375,U010,1,0.1667,0,1.29,0.376,0,0.3824,0,0.2157,0
P0376,U001,0,0.1594,1,1.335,0.745,0,0.1402,1,0.0192,0
P0376,U002,1,0.7607,1,1.433,0.533,0,0.8038,1,0.0431,0
P0376,U003,1,0.506,1,1.196,0.069,0,0.6507,1,0.1447,0
P0376,U004,0,0.3992,1,1.362,0.587,1,0.2913,1,0.108,0
P0376,U005,0,0.0443,1,0.842,0.753,1,0.0557,1,0.0114,0
P0376,U006,0,0.0437,1,1.511,0.645,0,0.0553,1,0.0116,0
P0376,U007,1,0.6385,1,1.157,0.452,0,0.6712,1,0.0326,0
P0376,U008,1,0.6358,1,1.341,0.834,0,0.7147,1,0.0789,0
P0376,U009,0,0.2994,1,0.919,0.94,0,0.2595,1,0.04,0
P0376,U010,1,0.4352,0,1.29,0.376,1,0.595,1,0.1598,0
P0377,U001,0,0.2865,1,1.335,0.745,1,0.2427,1,0.0438,0
P0377,U002,1,0.2771,0,1.433,0.533,1,0.5055,1,0.2283,0
P0377,U003,1,0.7881,1,1.196,0.069,0,0.8049,1,0.0168,0
P0377,U004,0,0.1323,1,1.362,0.587,0,0.1193,1,0.0129,0
P0377,U005,0,0.0284,1,0.842,0.753,1,0.0398,1,0.0113,0
P0377,U006,0,0.5049,0,1.511,0.645,1,0.4357,1,0.0692,0
P0377,U007,1,0.407,0,1.157,0.452,1,0.5249,1,0.1179,0
P0377,U008,1,0.3673,0,1.341,0.834,1,0.5104,1,0.1431,0
P0377,U009,0,0.5509,0,0.919,0.94,0,0.4695,1,0.0814,0
P0377,U010,1,0.1321,0,1.29,0.376,0,0.2197,0,0.0876,0
P0378,U001,0,0.308,1,1.335,0.745,0,0.212,1,0.096,0
P0378,U002,1,0.8122,1,1.433,0.533,0,0.8661,1,0.0539,0
P0378,U003,1,0.9593,1,1.196,0.069,0,0.9457,1,0.0136,0
P0378,U004,0,0.3991,1,1.362,0.587,0,0.3181,1,0.081,0
P0378,U005,0,0.0944,1,0.842,0.753,1,0.0913,1,0.0031,0
P0378,U006,0,0.152,1,1.511,0.645,0,0.1265,1,0.0255,0
P0378,U007,1,0.706,1,1.157,0.452,0,0.7743,1,0.0683,0
P0378,U008,1,0.5316,1,1.341,0.834,0,0.6532,1,0.1216,0
P0378,U009,0,0.1147,1,0.919,0.94,0,0.1013,1,0.0134,0
P0378,U010,1,0.4758,0,1.29,0.376,0,0.7317,1,0.2559,0
P0379,U001,0,0.8393,0,1.335,0.745,0,0.749,0,0.0903,0
P0379,U002,1,0.7617,1,1.433,0.533,0,0.7916,1,0.03,0
P0379,U003,1,0.8423,1,1.196,0.069,0,0.8621,1,0.0198,0
P0379,U004,0,0.5598,0,1.362,0.587,0,0.4525,1,0.1073,0
P0379,U005,0,0.0414,1,0.842,0.753,0,0.0453,1,0.0038,0
P0379,U006,0,0.4404,1,1.511,0.645,1,0.3547,1,0.0857,0
P0379,U007,1,0.4662,0,1.157,0.452,0,0.5178,1,0.0516,0
P0379,U008,1,0.3156,0,1.341,0.834,0,0.1809,0,-0.1347,1
P0379,U009,0,0.7285,0,0.919,0.94,0,0.655,0,0.0736,0
P0379,U010,1,0.4947,0,1.29,0.376,1,0.6292,1,0.1344,0
P0380,U001,0,0.556,0,1.335,0.745,0,0.4387,1,0.1173,0
P0380,U002,1,0.7699,1,1.433,0.533,0,0.7794,1,0.0095,0
P0380,U003,1,0.8433,1,1.196,0.069,0,0.8666,1,0.0233,0
P0380,U004,0,0.5038,0,1.362,0.587,0,0.4754,1,0.0284,0
P0380,U005,0,0.1602,1,0.842,0.753,1,0.1527,1,0.0075,0
P0380,U006,0,0.3873,1,1.511,0.645,0,0.329,1,0.0583,0
P0380,U007,1,0.3976,0,1.157,0.452,0,0.498,0,0.1003,0
P0380,U008,1,0.5861,1,1.341,0.834,0,0.6103,1,0.0242,0
P0380,U009,0,0.9215,0,0.919,0.94,1,0.99,0,-0.0685,1
P0380,U010,1,0.3618,0,1.29,0.376,1,0.4385,0,0.0767,0
P0381,U001,0,0.2663,1,1.335,0.745,0,0.239,1,0.0273,0
P0381,U002,1,0.967,1,1.433,0.533,1,0.964,1,0.0031,0
P0381,U003,1,0.9821,1,1.196,0.069,0,0.9717,1,0.0104,0
P0381,U004,0,0.0954,1,1.362,0.587,1,0.093,1,0.0025,0
P0381,U005,0,0.0084,1,0.842,0.753,0,0.0151,1,0.0067,0
P0381,U006,0,0.484,1,1.511,0.645,0,0.3806,1,0.1035,0
P0381,U007,1,0.6751,1,1.157,0.452,0,0.7285,1,0.0534,0
P0381,U008,1,0.8283,1,1.341,0.834,0,0.846,1,0.0177,0
P0381,U009,0,0.1651,1,0.919,0.94,0,0.1661,1,-0.0011,0
P0381,U010,1,0.7416,1,1.29,0.376,0,0.7831,1,0.0416,0
P0382,U001,0,0.2224,1,1.335,0.745,0,0.1801,1,0.0424,0
P0382,U002,1,0.5266,1,1.433,0.533,0,0.115,0,-0.4115,1
P0382,U003,1,0.4705,0,1.196,0.069,0,0.3738,0,-0.0968,1
P0382,U004,0,0.3117,1,1.362,0.587,1,0.2107,1,0.101,1
P0382,U005,0,0.0381,1,0.842,0.753,0,0.01,1,-0.0281,1
P0382,U006,0,0.4579,1,1.511,0.645,1,0.4414,1,0.0164,1
P0382,U007,1,0.2301,0,1.157,0.452,0,0.337,0,0.1069,0
P0382,U008,1,0.1838,0,1.341,0.834,0,0.01,0,-0.1738,1
P0382,U009,0,0.5874,0,0.919,0.94,0,0.4606,1,0.1269,0
P0382,U010,1,0.0303,0,1.29,0.376,0,0.1946,0,0.1644,0
P0383,U001,0,0.2093,1,1.335,0.745,0,0.2033,1,0.006,0
P0383,U002,1,0.8211,1,1.433,0.533,0,0.8307,1,0.0097,0
P0383,U003,1,0.0922,0,1.196,0.069,0,0.2024,0,0.1102,0
P0383,U004,0,0.2238,1,1.362,0.587,1,0.1777,1,0.046,0
P0383,U005,0,0.1052,1,0.842,0.753,0,0.01,1,-0.0448,1
P0383,U006,0,0.1374,1,1.511,0.645,0,0.1341,1,0.0034,0
P0383,U007,1,0.3499,0,1.157,0.452,0,0.4533,0,0.1034,0
P0383,U008,1,0.6125,1,1.341,0.834,0,0.6791,1,0.0667,0
P0383,U009,0,0.6814,0,0.919,0.94,0,0.5962,0,0.0852,0
P0383,U010,1,0.2374,0,1.29,0.376,0,0.3938,0,0.1565,0
P0384,U001,0,0.414,1,1.335,0.745,1,0.2644,1,0.1496,0
P0384,U002,1,0.8158,1,1.433,0.533,0,0.8428,1,0.027,0
P0384,U003,1,0.8079,1,1.196,0.069,1,0.8321,1,0.0242,0
P0384,U004,0,0.3665,1,1.362,0.587,0,0.2314,1,0.1351,0
P0384,U005,0,0.2879,1,0.842,0.753,1,0.256,1,0.032,0
P0384,U006,0,0.9087,0,1.511,0.645,1,0.5638,0,0.3449,0
P0384,U007,1,0.6278,1,1.157,0.452,0,0.6977,1,0.0699,0
P0384,U008,1,0.6152,1,1.341,0.834,0,0.6892,1,0.074,0
P0384,U009,0,0.9427,0,0.919,0.94,0,0.7026,0,0.2401,0
P0384,U010,1,0.6581,1,1.29,0.376,0,0.7784,1,0.1203,0
P0385,U001,0,0.8002,0,1.335,0.745,0,0.7329,0,0.0674,0
P0385,U002,1,0.694,1,1.433,0.533,0,0.7285,1,0.0345,0
P0385,U003,1,0.3917,0,1.196,0.069,1,0.4786,0,0.0869,0
P0385,U004,0,0.1745,1,1.362,0.587,1,0.1625,1,0.012,0
P0385,U005,0,0.323,1,0.842,0.753,1,0.2911,1,0.0319,0
P0385,U006,0,0.1883,1,1.511,0.645,0,0.1778,1,0.0105,0
P0385,U007,1,0.8802,1,1.157,0.452,0,0.8856,1,0.0054,0
P0385,U008,1,0.6319,1,1.341,0.834,1,0.6824,1,0.0506,0
P0385,U009,0,0.3588,1,0.919,0.94,0,0.3313,1,0.0275,0
P0385,U010,1,0.1028,0,1.29,0.376,0,0.3126,0,0.2098,0
P0386,U001,0,0.1461,1,1.335,0.745,0,0.1351,1,0.011,0
P0386,U002,1,0.7596,1,1.433,0.533,0,0.8147,1,0.0551,0
P0386,U003,1,0.3249,0,1.196,0.069,0,0.4095,0,0.0845,0
P0386,U004,0,0.1806,1,1.362,0.587,1,0.1555,1,0.0251,0
P0386,U005,0,0.0121,1,0.842,0.753,0,0.0166,1,0.0045,0
P0386,U006,0,0.2149,1,1.511,0.645,1,0.1752,1,0.0396,0
P0386,U007,1,0.6372,1,1.157,0.452,0,0.7058,1,0.0686,0
P0386,U008,1,0.5209,1,1.341,0.834,0,0.6192,1,0.0983,0
P0386,U009,0,0.1528,1,0.919,0.94,0,0.141,1,0.0119,0
P0386,U010,1,0.5936,1,1.29,0.376,0,0.697,1,0.1035,0
P0387,U001,0,0.545,0,1.335,0.745,1,0.4088,1,0.1362,0
P0387,U002,1,0.0912,0,1.433,0.533,0,0.3241,0,0.233,0
P0387,U003,1,0.6719,1,1.196,0.069,0,0.7168,1,0.0448,0
P0387,U004,0,0.1723,1,1.362,0.587,0,0.1327,1,0.0395,0
P0387,U005,0,0.4634,1,0.842,0.753,0,0.3525,1,0.1109,0
P0387,U006,0,0.4467,1,1.511,0.645,0,0.3575,1,0.0892,0
P0387,U007,1,0.2131,0,1.157,0.452,1,0.4129,0,0.1998,0
P0387,U008,1,0.2143,0,1.341,0.834,0,0.4828,0,0.2685,0
P0387,U009,0,0.7829,0,0.919,0.94,0,0.5504,0,0.2325,0
P0387,U010,1,0.2708,0,1.29,0.376,0,0.5703,1,0.2995,0
P0388,U001,0,0.4307,1,1.335,0.745,0,0.3373,1,0.0934,0
P0388,U002,1,0.7252,1,1.433,0.533,1,0.7933,1,0.0681,0
P0388,U003,1,0.8492,1,1.196,0.069,1,0.8643,1,0.0151,0
P0388,U004,0,0.2475,1,1.362,0.587,0,0.2023,1,0.0451,0
P0388,U005,0,0.3948,1,0.842,0.753,0,0.3747,1,0.0201,0
P0388,U006,0,0.8872,0,1.511,0.645,0,0.6076,0,0.2796,0
P0388,U007,1,0.7406,1,1.157,0.452,1,0.7981,1,0.0576,0
P0388,U008,1,0.8037,1,1.341,0.834,0,0.8403,1,0.0366,0
P0388,U009,0,0.6882,0,0.919,0.94,1,0.525,0,0.1631,0
P0388,U010,1,0.896,1,1.29,0.376,0,0.904,1,0.008,0
P0389,U001,0,0.1229,1,1.335,0.745,1,0.1178,1,0.0051,0
P0389,U002,1,0.9504,1,1.433,0.533,1,0.9427,1,0.0077,0
P0389,U003,1,0.8417,1,1.196,0.069,0,0.8532,1,0.0115,0
P0389,U004,0,0.3459,1,1.362,0.587,1,0.2927,1,0.0532,0
P0389,U005,0,0.0234,1,0.842,0.753,0,0.0307,1,0.0073,0
P0389,U006,0,0.2588,1,1.511,0.645,1,0.213,1,0.0458,0
P0389,U007,1,0.4933,0,1.157,0.452,0,0.5873,1,0.0939,0
P0389,U008,1,0.6116,1,1.341,0.834,1,0.6568,1,0.0452,0
P0389,U009,0,0.2245,1,0.919,0.94,1,0.175,1,0.0495,0
P0389,U010,1,0.7545,1,1.29,0.376,0,0.7991,1,0.0445,0
P0390,U001,0,0.249,1,1.335,0.745,0,0.2393,1,0.0097,0
P0390,U002,1,0.9062,1,1.433,0.533,0,0.9083,1,0.0021,0
P0390,U003,1,0.2749,0,1.196,0.069,0,0.3796,0,0.1047,0
P0390,U004,0,0.2098,1,1.362,0.587,0,0.1871,1,0.0227,0
P0390,U005,0,0.2533,1,0.842,0.753,1,0.2185,1,0.0349,0
P0390,U006,0,0.6644,0,1.511,0.645,1,0.8607,0,-0.1963,1
P0390,U007,1,0.5263,1,1.157,0.452,0,0.5672,1,0.0409,0
P0390,U008,1,0.8036,1,1.341,0.834,0,0.8175,1,0.0139,0
P0390,U009,0,0.5977,0,0.919,0.94,0,0.5851,0,0.0126,0
P0390,U010,1,0.2526,0,1.29,0.376,0,0.3307,0,0.078,0
P0391,U001,0,0.0484,1,1.335,0.745,1,0.059,1,0.0106,0
P0391,U002,1,0.9377,1,1.433,0.533,1,0.99,1,-0.0523,1
P0391,U003,1,0.9769,1,1.196,0.069,1,0.9493,1,0.0276,0
P0391,U004,0,0.0123,1,1.362,0.587,0,0.01,1,-0.0023,1
P0391,U005,0,0.0021,1,0.842,0.753,0,0.0252,1,0.0231,0
P0391,U006,0,0.1095,1,1.511,0.645,1,0.0945,1,0.0149,0
P0391,U007,1,0.5415,1,1.157,0.452,0,0.4328,0,-0.1087,1
P0391,U008,1,0.6928,1,1.341,0.834,0,0.7353,1,0.0425,1
P0391,U009,0,0.0267,1,0.919,0.94,1,0.0547,1,0.0281,0
P0391,U010,1,0.5128,1,1.29,0.376,1,0.6213,1,0.1085,1
P0392,U001,0,0.3111,1,1.335,0.745,0,0.2102,1,0.1009,0
P0392,U002,1,0.3189,0,1.433,0.533,0,0.5483,1,0.2294,0
P0392,U003,1,0.7163,1,1.196,0.069,0,0.81,1,0.0936,0
P0392,U004,0,0.7623,0,1.362,0.587,1,0.3752,1,0.3871,0
P0392,U005,0,0.3974,1,0.842,0.753,1,0.2695,1,0.1279,0
P0392,U006,0,0.5961,0,1.511,0.645,1,0.3841,1,0.212,0
P0392,U007,1,0.6729,1,1.157,0.452,1,0.7668,1,0.0939,0
P0392,U008,1,0.6657,1,1.341,0.834,1,0.8028,1,0.1371,0
P0392,U009,0,0.9085,0,0.919,0.94,0,0.616,0,0.2925,0
P0392,U010,1,0.13,0,1.29,0.376,1,0.4047,0,0.2747,0
P0393,U001,0,0.1958,1,1.335,0.745,0,0.1725,1,0.0233,0
P0393,U002,1,0.5175,1,1.433,0.533,0,0.5582,1,0.0407,0
P0393,U003,1,0.8158,1,1.196,0.069,1,0.833,1,0.0172,0
P0393,U004,0,0.6882,0,1.362,0.587,1,0.6332,0,0.0549,0
P0393,U005,0,0.5019,0,0.842,0.753,1,0.4389,1,0.063,0
P0393,U006,0,0.9026,0,1.511,0.645,1,0.6253,0,0.2773,0
P0393,U007,1,0.3089,0,1.157,0.452,0,0.389,0,0.0802,0
P0393,U008,1,0.4386,0,1.341,0.834,1,0.6341,1,0.1954,1
P0393,U009,0,0.8656,0,0.919,0.94,0,0.6455,0,0.2201,1
P0393,U010,1,0.2084,0,1.29,0.376,0,0.2189,0,0.0105,0
P0394,U001,0,0.7493,0,1.335,0.745,0,0.7502,0,-0.0009,1
P0394,U002,1,0.8479,1,1.433,0.533,1,0.8634,1,0.0155,0
P0394,U003,1,0.7406,1,1.196,0.069,1,0.8202,1,0.0795,0
P0394,U004,0,0.3925,1,1.362,0.587,0,0.3014,1,0.0911,1
P0394,U005,0,0.5871,0,0.842,0.753,1,0.4806,1,0.1066,0
P0394,U006,0,0.969,0,1.511,0.645,0,0.6826,0,0.2864,0
P0394,U007,1,0.9184,1,1.157,0.452,1,0.9189,1,0.0005,0
P0394,U008,1,0.7267,1,1.341,0.834,1,0.7778,1,0.0511,0
P0394,U009,0,0.9129,0,0.919,0.94,0,0.6639,0,0.249,0
P0394,U010,1,0.4168,0,1.29,0.376,0,0.8717,1,0.4549,1
P0395,U001,0,0.0976,1,1.335,0.745,0,0.0912,1,0.0064,0
P0395,U002,1,0.956,1,1.433,0.533,1,0.9398,1,0.0163,0
P0395,U003,1,0.976,1,1.196,0.069,0,0.9457,1,0.0304,0
P0395,U004,0,0.0404,1,1.362,0.587,0,0.0564,1,0.016,0
P0395,U005,0,0.0797,1,0.842,0.753,1,0.0798,1,0.0001,0
P0395,U006,0,0.7334,0,1.511,0.645,0,0.4296,1,0.3037,0
P0395,U007,1,0.9729,1,1.157,0.452,0,0.9498,1,0.0231,0
P0395,U008,1,0.8674,1,1.341,0.834,0,0.8928,1,0.0254,0
P0395,U009,0,0.5701,0,0.919,0.94,0,0.4089,1,0.1611,0
P0395,U010,1,0.8573,1,1.29,0.376,1,0.8846,1,0.0273,0
P0396,U001,0,0.1406,1,1.335,0.745,1,0.1092,1,0.0315,0
P0396,U002,1,0.3474,0,1.433,0.533,1,0.1978,0,-0.1496,1
P0396,U003,1,0.5672,1,1.196,0.069,0,0.7025,1,0.1353,0
P0396,U004,0,0.1752,1,1.362,0.587,1,0.01,1,0.0252,1
P0396,U005,0,0.0449,1,0.842,0.753,1,0.0573,1,0.0124,0
P0396,U006,0,0.4024,1,1.511,0.645,0,0.2621,1,0.1402,0
P0396,U007,1,0.7751,1,1.157,0.452,1,0.8225,1,0.0474,0
P0396,U008,1,0.5568,1,1.341,0.834,1,0.6758,1,0.119,0
P0396,U009,0,0.6643,0,0.919,0.94,0,0.5219,0,0.1424,0
P0396,U010,1,0.1911,0,1.29,0.376,1,0.5413,1,0.3502,0
P0397,U001,0,0.9124,0,1.335,0.745,0,0.7559,0,0.1565,0
P0397,U002,1,0.0799,0,1.433,0.533,0,0.01,0,-0.0699,1
P0397,U003,1,0.0849,0,1.196,0.069,0,0.264,0,0.1791,0
P0397,U004,0,0.0756,1,1.362,0.587,0,0.0773,1,0.0017,0
P0397,U005,0,0.3393,1,0.842,0.753,0,0.2712,1,0.0681,0
P0397,U006,0,0.699,0,1.511,0.645,0,0.5063,0,0.1927,0
P0397,U007,1,0.3506,0,1.157,0.452,0,0.5518,1,0.2012,0
P0397,U008,1,0.2266,0,1.341,0.834,0,0.3706,0,0.144,0
P0397,U009,0,0.8795,0,0.919,0.94,0,0.6514,0,0.2282,0
P0397,U010,1,0.0384,0,1.29,0.376,0,0.3783,0,0.3399,0
P0398,U001,0,0.5004,0,1.335,0.745,0,0.3853,1,0.1151,0
P0398,U002,1,0.2932,0,1.433,0.533,0,0.386,0,0.0927,0
P0398,U003,1,0.3444,0,1.196,0.069,1,0.1576,0,-0.1867,1
P0398,U004,0,0.3631,1,1.362,0.587,0,0.266,1,0.0971,0
P0398,U005,0,0.4494,1,0.842,0.753,0,0.3568,1,0.0925,0
P0398,U006,0,0.3439,1,1.511,0.645,0,0.2836,1,0.0603,0
P0398,U007,1,0.5622,1,1.157,0.452,1,0.6454,1,0.0832,0
P0398,U008,1,0.4467,0,1.341,0.834,0,0.4774,0,0.0307,0
P0398,U009,0,0.6224,0,0.919,0.94,0,0.4532,1,0.1692,0
P0398,U010,1,0.3047,0,1.29,0.376,0,0.3659,0,0.0612,0
P0399,U001,0,0.3817,1,1.335,0.745,1,0.2684,1,0.1132,0
P0399,U002,1,0.3254,0,1.433,0.533,1,0.4473,0,0.122,0
P0399,U003,1,0.8169,1,1.196,0.069,0,0.8464,1,0.0294,0
P0399,U004,0,0.3135,1,1.362,0.587,0,0.2663,1,0.0471,0
P0399,U005,0,0.0324,1,0.842,0.753,0,0.0459,1,0.0135,0
P0399,U006,0,0.5296,0,1.511,0.645,1,0.4021,1,0.1275,0
P0399,U007,1,0.7772,1,1.157,0.452,1,0.8271,1,0.0499,0
P0399,U008,1,0.826,1,1.341,0.834,1,0.852,1,0.026,0
P0399,U009,0,0.5132,0,0.919,0.94,0,0.3647,1,0.1484,0
P0399,U010,1,0.6229,1,1.29,0.376,0,0.7032,1,0.0803,0
P0400,U001,0,0.1906,1,1.335,0.745,0,0.1499,1,0.0407,0
P0400,U002,1,0.9377,1,1.433,0.533,0,0.9288,1,0.0089,0
P0400,U003,1,0.8616,1,1.196,0.069,1,0.8857,1,0.0241,0
P0400,U004,0,0.333,1,1.362,0.587,1,0.2025,1,0.1304,0
P0400,U005,0,0.1342,1,0.842,0.753,0,0.1145,1,0.0197,0
P0400,U006,0,0.0754,1,1.511,0.645,1,0.0779,1,0.0025,0
P0400,U007,1,0.9035,1,1.157,0.452,0,0.9114,1,0.0078,0
P0400,U008,1,0.7863,1,1.341,0.834,0,0.4252,0,-0.3611,1
P0400,U009,0,0.5258,0,0.919,0.94,0,0.4137,1,0.1121,0
P0400,U010,1,0.8192,1,1.29,0.376,0,0.855,1,0.0358,0
P0401,U001,0,0.0344,1,1.335,0.745,1,0.0607,1,0.0263,0
P0401,U002,1,0.9948,1,1.433,0.533,0,0.9584,1,0.0364,0
P0401,U003,1,0.9911,1,1.196,0.069,1,0.9486,1,0.0425,0
P0401,U004,0,0.0564,1,1.362,0.587,0,0.0701,1,0.0137,0
P0401,U005,0,0.0192,1,0.842,0.753,1,0.0491,1,0.0299,0
P0401,U006,0,0.3183,1,1.511,0.645,1,0.2103,1,0.108,0
P0401,U007,1,0.9643,1,1.157,0.452,0,0.9439,1,0.0204,0
P0401,U008,1,0.9928,1,1.341,0.834,0,0.9536,1,0.0392,0
P0401,U009,0,0.3106,1,0.919,0.94,0,0.1952,1,0.1155,0
P0401,U010,1,0.9871,1,1.29,0.376,1,0.9512,1,0.0359,0
P0402,U001,0,0.4096,1,1.335,0.745,1,0.2759,1,0.1337,0
P0402,U002,1,0.6111,1,1.433,0.533,1,0.7489,1,0.1378,0
P0402,U003,1,0.8071,1,1.196,0.069,1,0.8455,1,0.0384,0
P0402,U004,0,0.6941,0,1.362,0.587,1,0.4548,1,0.2393,0
P0402,U005,0,0.4086,1,0.842,0.753,0,0.2929,1,0.1157,0
P0402,U006,0,0.2289,1,1.511,0.645,1,0.1806,1,0.0484,0
P0402,U007,1,0.2451,0,1.157,0.452,0,0.4202,0,0.1751,0
P0402,U008,1,0.5433,1,1.341,0.834,1,0.7286,1,0.1854,0
P0402,U009,0,0.7706,0,0.919,0.94,0,0.6093,0,0.1613,0
P0402,U010,1,0.4774,0,1.29,0.376,1,0.6489,1,0.1714,0
P0403,U001,0,0.0824,1,1.335,0.745,1,0.0816,1,0.0008,0
P0403,U002,1,0.8053,1,1.433,0.533,1,0.8662,1,0.0608,0
P0403,U003,1,0.9658,1,1.196,0.069,0,0.9437,1,0.0221,0
P0403,U004,0,0.1047,1,1.362,0.587,1,0.0916,1,0.0131,0
P0403,U005,0,0.0343,1,0.842,0.753,1,0.0492,1,0.0149,0
P0403,U006,0,0.7675,0,1.511,0.645,0,0.9062,0,-0.1388,1
P0403,U007,1,0.7705,1,1.157,0.452,1,0.99,1,0.0795,1
P0403,U008,1,0.828,1,1.341,0.834,1,0.869,1,0.041,0
P0403,U009,0,0.1905,1,0.919,0.94,0,0.138,1,0.0525,0
P0403,U010,1,0.9651,1,1.29,0.376,1,0.99,1,-0.0249,1
P0404,U001,0,0.5314,0,1.335,0.745,0,0.462,1,0.0694,0
P0404,U002,1,0.9727,1,1.433,0.533,1,0.965,1,0.0077,0
P0404,U003,1,0.9236,1,1.196,0.069,1,0.9233,1,0.0003,0
P0404,U004,0,0.0598,1,1.362,0.587,0,0.0656,1,0.0057,0
P0404,U005,0,0.1086,1,0.842,0.753,0,0.1069,1,0.0017,0
P0404,U006,0,0.3595,1,1.511,0.645,0,0.3125,1,0.047,0
P0404,U007,1,0.3396,0,1.157,0.452,0,0.5371,1,0.1975,0
P0404,U008,1,0.8759,1,1.341,0.834,0,0.8852,1,0.0093,0
P0404,U009,0,0.5545,0,0.919,0.94,0,0.4533,1,0.1012,0
P0404,U010,1,0.917,1,1.29,0.376,0,0.9178,1,0.0008,0
P0405,U001,0,0.6109,0,1.335,0.745,0,0.5059,0,0.1051,0
P0405,U002,1,0.1139,0,1.433,0.533,0,0.2419,0,0.1279,0
P0405,U003,1,0.4268,0,1.196,0.069,1,0.5471,1,0.1202,0
P0405,U004,0,0.6182,0,1.362,0.587,1,0.4422,1,0.176,0
P0405,U005,0,0.6343,0,0.842,0.753,0,0.5893,0,0.045,0
P0405,U006,0,0.4116,1,1.511,0.645,0,0.3596,1,0.052,0
P0405,U007,1,0.2544,0,1.157,0.452,0,0.336,0,0.0817,0
P0405,U008,1,0.8015,1,1.341,0.834,1,0.519,1,-0.2825,1
P0405,U009,0,0.8498,0,0.919,0.94,0,0.7239,0,0.126,0
P0405,U010,1,0.0878,0,1.29,0.376,0,0.2889,0,0.2011,0
P0406,U001,0,0.0909,1,1.335,0.745,0,0.0855,1,0.0054,0
P0406,U002,1,0.9287,1,1.433,0.533,0,0.9244,1,0.0043,0
P0406,U003,1,0.7499,1,1.196,0.069,1,0.8187,1,0.0688,0
P0406,U004,0,0.0331,1,1.362,0.587,1,0.0555,1,0.0224,0
P0406,U005,0,0.0189,1,0.842,0.753,1,0.0335,1,0.0146,0
P0406,U006,0,0.2551,1,1.511,0.645,0,0.1784,1,0.0767,0
P0406,U007,1,0.7213,1,1.157,0.452,1,0.8046,1,0.0833,0
P0406,U008,1,0.9137,1,1.341,0.834,0,0.917,1,0.0033,0
P0406,U009,0,0.0895,1,0.919,0.94,1,0.0857,1,0.0038,0
P0406,U010,1,0.7935,1,1.29,0.376,1,0.8396,1,0.046,0
P0407,U001,0,0.4272,1,1.335,0.745,0,0.2928,1,0.1344,0
P0407,U002,1,0.919,1,1.433,0.533,0,0.9193,1,0.0003,0
P0407,U003,1,0.9623,1,1.196,0.069,0,0.9445,1,0.0178,0
P0407,U004,0,0.5607,0,1.362,0.587,0,0.3219,1,0.2388,1
P0407,U005,0,0.2192,1,0.842,0.753,0,0.391,1,-0.1719,1
P0407,U006,0,0.8266,0,1.511,0.645,0,0.6179,0,0.2087,0
P0407,U007,1,0.9233,1,1.157,0.452,1,0.9224,1,0.0009,0
P0407,U008,1,0.9779,1,1.341,0.834,1,0.9506,1,0.0273,0
P0407,U009,0,0.8887,0,0.919,0.94,0,0.7406,0,0.1481,0
P0407,U010,1,0.8652,1,1.29,0.376,0,0.8788,1,0.0136,0
P0408,U001,0,0.9018,0,1.335,0.745,0,0.6611,0,0.2407,0
P0408,U002,1,0.5966,1,1.433,0.533,0,0.6563,1,0.0597,0
P0408,U003,1,0.8615,1,1.196,0.069,0,0.872,1,0.0105,0
P0408,U004,0,0.5457,0,1.362,0.587,0,0.4339,1,0.1118,0
P0408,U005,0,0.4215,1,0.842,0.753,1,0.3967,1,0.0248,0
P0408,U006,0,0.5301,0,1.511,0.645,1,0.4467,1,0.0834,0
P0408,U007,1,0.5225,1,1.157,0.452,1,0.6211,1,0.0986,0
P0408,U008,1,0.8574,1,1.341,0.834,0,0.8704,1,0.013,0
P0408,U009,0,0.9874,0,0.919,0.94,0,0.7693,0,0.2181,0
P0408,U010,1,0.3886,0,1.29,0.376,1,0.496,0,0.1074,0
P0409,U001,0,0.0728,1,1.335,0.745,1,0.0768,1,0.004,0
P0409,U002,1,0.7839,1,1.433,0.533,0,0.8705,1,0.0866,0
P0409,U003,1,0.8061,1,1.196,0.069,1,0.8769,1,0.0708,0
P0409,U004,0,0.1292,1,1.362,0.587,1,0.1014,1,0.0278,0
P0409,U005,0,0.0039,1,0.842,0.753,0,0.0392,1,0.0353,0
P0409,U006,0,0.0468,1,1.511,0.645,1,0.0658,1,0.019,0
P0409,U007,1,0.3258,0,1.157,0.452,1,0.07,0,-0.2558,1
P0409,U008,1,0.7204,1,1.341,0.834,1,0.8496,1,0.1292,0
P0409,U009,0,0.1726,1,0.919,0.94,0,0.1352,1,0.0375,0
P0409,U010,1,0.6032,1,1.29,0.376,1,0.7964,1,0.1932,0
P0410,U001,0,0.2638,1,1.335,0.745,0,0.2211,1,0.0428,0
P0410,U002,1,0.9036,1,1.433,0.533,0,0.9074,1,0.0038,0
P0410,U003,1,0.9144,1,1.196,0.069,1,0.9162,1,0.0018,0
P0410,U004,0,0.1227,1,1.362,0.587,0,0.1133,1,0.0094,0
P0410,U005,0,0.0979,1,0.842,0.753,0,0.0969,1,0.0011,0
P0410,U006,0,0.2562,1,1.511,0.645,0,0.2105,1,0.0458,0
P0410,U007,1,0.3812,0,1.157,0.452,0,0.4306,0,0.0494,0
P0410,U008,1,0.5579,1,1.341,0.834,1,0.6163,1,0.0584,0
P0410,U009,0,0.2217,1,0.919,0.94,1,0.2057,1,0.0159,0
P0410,U010,1,0.7844,1,1.29,0.376,0,0.814,1,0.0297,0
P0411,U001,0,0.0303,1,1.335,0.745,0,0.0557,1,0.0254,0
P0411,U002,1,0.4682,0,1.433,0.533,1,0.6983,1,0.2301,0
P0411,U003,1,0.6066,1,1.196,0.069,1,0.7476,1,0.141,0
P0411,U004,0,0.0415,1,1.362,0.587,1,0.0567,1,0.0152,0
P0411,U005,0,0.0213,1,0.842,0.753,0,0.2393,1,-0.1006,1
P0411,U006,0,0.1343,1,1.511,0.645,0,0.1111,1,0.0232,0
P0411,U007,1,0.2629,0,1.157,0.452,0,0.5131,1,0.2502,0
P0411,U008,1,0.2902,0,1.341,0.834,0,0.5282,1,0.238,0
P0411,U009,0,0.2746,1,0.919,0.94,1,0.1932,1,0.0813,0
P0411,U010,1,0.6514,1,1.29,0.376,0,0.7522,1,0.1008,0
P0412,U001,0,0.384,1,1.335,0.745,0,0.3015,1,0.0825,0
P0412,U002,1,0.2334,0,1.433,0.533,0,0.4116,0,0.1783,0
P0412,U003,1,0.5713,1,1.196,0.069,1,0.711,1,0.1398,0
P0412,U004,0,0.5019,0,1.362,0.587,1,0.3537,1,0.1482,0
P0412,U005,0,0.033,1,0.842,0.753,0,0.0444,1,0.0114,0
P0412,U006,0,0.1903,1,1.511,0.645,0,0.1519,1,0.0384,0
P0412,U007,1,0.2164,0,1.157,0.452,0,0.4218,0,0.2054,0
P0412,U008,1,0.459,0,1.341,0.834,0,0.5508,1,0.0918,0
P0412,U009,0,0.6728,0,0.919,0.94,0,0.5561,0,0.1167,0
P0412,U010,1,0.0325,0,1.29,0.376,0,0.2075,0,0.175,0
P0413,U001,0,0.3828,1,1.335,0.745,0,0.3142,1,0.0686,0
P0413,U002,1,0.6852,1,1.433,0.533,0,0.7484,1,0.0632,0
P0413,U003,1,0.8127,1,1.196,0.069,1,0.8375,1,0.0248,0
P0413,U004,0,0.7659,0,1.362,0.587,0,0.694,0,0.072,0
P0413,U005,0,0.3624,1,0.842,0.753,0,0.3484,1,0.014,0
P0413,U006,0,0.4934,1,1.511,0.645,0,0.3692,1,0.1241,0
P0413,U007,1,0.5013,1,1.157,0.452,0,0.6298,1,0.1285,0
P0413,U008,1,0.3414,0,1.341,0.834,1,0.4471,0,0.1057,0
P0413,U009,0,0.7857,0,0.919,0.94,0,0.6941,0,0.0917,0
P0413,U010,1,0.4546,0,1.29,0.376,0,0.4815,0,0.0269,0
P0414,U001,0,0.0757,1,1.335,0.745,0,0.0764,1,0.0007,0
P0414,U002,1,0.4109,0,1.433,0.533,0,0.4735,0,0.0626,0
P0414,U003,1,0.9569,1,1.196,0.069,0,0.9452,1,0.0117,0
P0414,U004,0,0.3284,1,1.362,0.587,0,0.2934,1,0.035,0
P0414,U005,0,0.1532,1,0.842,0.753,0,0.1497,1,0.0035,0
P0414,U006,0,0.2181,1,1.511,0.645,1,0.2019,1,0.0162,0
P0414,U007,1,0.8004,1,1.157,0.452,0,0.8187,1,0.0183,0
P0414,U008,1,0.2517,0,1.341,0.834,0,0.408,0,0.1563,0
P0414,U009,0,0.6332,0,0.919,0.94,0,0.5855,0,0.0476,0
P0414,U010,1,0.5393,1,1.29,0.376,1,0.4513,0,-0.088,1
P0415,U001,0,0.4873,1,1.335,0.745,0,0.5902,0,-0.1029,1
P0415,U002,1,0.6823,1,1.433,0.533,0,0.8089,1,0.1266,0
P0415,U003,1,0.5948,1,1.196,0.069,0,0.7594,1,0.1647,0
P0415,U004,0,0.846,0,1.362,0.587,1,0.4807,1,0.3653,0
P0415,U005,0,0.4499,1,0.842,0.753,0,0.2511,1,0.1987,0
P0415,U006,0,0.7716,0,1.511,0.645,1,0.4232,1,0.3484,0
P0415,U007,1,0.7954,1,1.157,0.452,1,0.86,1,0.0646,0
P0415,U008,1,0.2757,0,1.341,0.834,0,0.6059,1,0.3303,0
P0415,U009,0,0.9808,0,0.919,0.94,0,0.5935,0,0.3873,0
P0415,U010,1,0.7957,1,1.29,0.376,1,0.8573,1,0.0615,0
P0416,U001,0,0.4365,1,1.335,0.745,0,0.3637,1,0.0729,0
P0416,U002,1,0.4899,0,1.433,0.533,0,0.5307,1,0.0407,0
P0416,U003,1,0.3835,0,1.196,0.069,1,0.2265,0,-0.157,1
P0416,U004,0,0.4127,1,1.362,0.587,0,0.3305,1,0.0821,0
P0416,U005,0,0.5293,0,0.842,0.753,0,0.5,0,0.0292,0
P0416,U006,0,0.1755,1,1.511,0.645,1,0.1434,1,0.0321,0
P0416,U007,1,0.5084,1,1.157,0.452,1,0.8533,1,0.3449,1
P0416,U008,1,0.3211,0,1.341,0.834,0,0.557,1,0.2359,0
P0416,U009,0,0.4665,1,0.919,0.94,0,0.4213,1,0.0453,0
P0416,U010,1,0.2442,0,1.29,0.376,0,0.4397,0,0.1955,0
P0417,U001,0,0.1567,1,1.335,0.745,0,0.1454,1,0.0113,0
P0417,U002,1,0.5897,1,1.433,0.533,0,0.5883,1,-0.0013,0
P0417,U003,1,0.5813,1,1.196,0.069,0,0.612,1,0.0307,0
P0417,U004,0,0.5113,0,1.362,0.587,1,0.4237,1,0.0877,1
P0417,U005,0,0.1768,1,0.842,0.753,0,0.1613,1,0.0155,0
P0417,U006,0,0.8891,0,1.511,0.645,0,0.8724,0,0.0166,0
P0417,U007,1,0.426,0,1.157,0.452,0,0.4899,0,0.0639,0
P0417,U008,1,0.5473,1,1.341,0.834,0,0.6649,1,0.1175,0
P0417,U009,0,0.8162,0,0.919,0.94,0,0.7676,0,0.0486,0
P0417,U010,1,0.1628,0,1.29,0.376,0,0.2167,0,0.0539,0
P0418,U001,0,0.9623,0,1.335,0.745,0,0.8589,0,0.1034,0
P0418,U002,1,0.8727,1,1.433,0.533,0,0.8828,1,0.0101,0
P0418,U003,1,0.8919,1,1.196,0.069,1,0.9008,1,0.0089,0
P0418,U004,0,0.2909,1,1.362,0.587,0,0.2557,1,0.0353,0
P0418,U005,0,0.9213,0,0.842,0.753,0,0.7053,0,0.2161,0
P0418,U006,0,0.9327,0,1.511,0.645,0,0.6909,0,0.2418,0
P0418,U007,1,0.594,1,1.157,0.452,1,0.6538,1,0.0599,0
P0418,U008,1,0.8576,1,1.341,0.834,0,0.8711,1,0.0135,0
P0418,U009,0,0.9419,0,0.919,0.94,1,0.6722,0,0.2697,0
P0418,U010,1,0.6596,1,1.29,0.376,0,0.7034,1,0.0438,0
P0419,U001,0,0.6519,0,1.335,0.745,0,0.4052,1,0.2467,0
P0419,U002,1,0.236,0,1.433,0.533,1,0.4803,0,0.2443,0
P0419,U003,1,0.7965,1,1.196,0.069,0,0.8607,1,0.0642,0
P0419,U004,0,0.4415,1,1.362,0.587,0,0.3679,1,0.0736,0
P0419,U005,0,0.1507,1,0.842,0.753,0,0.1279,1,0.0228,0
P0419,U006,0,0.2527,1,1.511,0.645,0,0.1632,1,0.0895,0
P0419,U007,1,0.1491,0,1.157,0.452,0,0.4545,0,0.3054,0
P0419,U008,1,0.6334,1,1.341,0.834,1,0.7889,1,0.1555,0
P0419,U009,0,0.2012,1,0.919,0.94,0,0.1763,1,0.0249,0
P0419,U010,1,0.2116,0,1.29,0.376,1,0.3745,0,0.1629,0
P0420,U001,0,0.2721,1,1.335,0.745,0,0.2383,1,0.0338,0
P0420,U002,1,0.0914,0,1.433,0.533,0,0.1381,0,0.0467,0
P0420,U003,1,0.1312,0,1.196,0.069,0,0.2298,0,0.0986,0
P0420,U004,0,0.4361,1,1.362,0.587,0,0.4148,1,0.0213,0
P0420,U005,0,0.6432,0,0.842,0.753,0,0.6086,0,0.0346,0
P0420,U006,0,0.1038,1,1.511,0.645,0,0.101,1,0.0028,0
P0420,U007,1,0.2107,0,1.157,0.452,0,0.2229,0,0.0122,0
P0420,U008,1,0.7515,1,1.341,0.834,0,0.7649,1,0.0134,0
P0420,U009,0,0.8666,0,0.919,0.94,0,0.8784,0,-0.0118,0
P0420,U010,1,0.0931,0,1.29,0.376,0,0.1126,0,0.0195,0
P0421,U001,0,0.1101,1,1.335,0.745,0,0.0995,1,0.0106,0
P0421,U002,1,0.9519,1,1.433,0.533,0,0.9383,1,0.0135,0
P0421,U003,1,0.8996,1,1.196,0.069,1,0.9062,1,0.0067,0
P0421,U004,0,0.2192,1,1.362,0.587,0,0.1485,1,0.0707,0
P0421,U005,0,0.128,1,0.842,0.753,0,0.1115,1,0.0165,0
P0421,U006,0,0.1127,1,1.511,0.645,0,0.0948,1,0.0178,0
P0421,U007,1,0.5745,1,1.157,0.452,0,0.7455,1,0.171,0
P0421,U008,1,0.956,1,1.341,0.834,0,0.9405,1,0.0155,0
P0421,U009,0,0.0269,1,0.919,0.94,1,0.0483,1,0.0214,0
P0421,U010,1,0.7595,1,1.29,0.376,0,0.817,1,0.0575,0
P0422,U001,0,0.7851,0,1.335,0.745,1,0.6022,0,0.1829,0
P0422,U002,1,0.7573,1,1.433,0.533,1,0.8205,1,0.0631,0
P0422,U003,1,0.2494,0,1.196,0.069,1,0.5094,1,0.26,0
P0422,U004,0,0.1067,1,1.362,0.587,1,0.0987,1,0.008,0
P0422,U005,0,0.068,1,0.842,0.753,1,0.0707,1,0.0028,0
P0422,U006,0,0.6093,0,1.511,0.645,1,0.4139,1,0.1954,0
P0422,U007,1,0.5275,1,1.157,0.452,1,0.7286,1,0.2011,0
P0422,U008,1,0.6575,1,1.341,0.834,1,0.7573,1,0.0998,0
P0422,U009,0,0.4985,1,0.919,0.94,0,0.3589,1,0.1396,0
P0422,U010,1,0.2792,0,1.29,0.376,0,0.4682,0,0.1891,0
P0423,U001,0,0.6216,0,1.335,0.745,1,0.576,0,0.0456,0
P0423,U002,1,0.5051,1,1.433,0.533,0,0.5742,1,0.069,0
P0423,U003,1,0.9462,1,1.196,0.069,0,0.9401,1,0.0061,0
P0423,U004,0,0.8314,0,1.362,0.587,0,0.6998,0,0.1316,0
P0423,U005,0,0.4431,1,0.842,0.753,0,0.4193,1,0.0238,0
P0423,U006,0,0.8862,0,1.511,0.645,0,0.8186,0,0.0676,0
P0423,U007,1,0.89,1,1.157,0.452,0,0.8962,1,0.0062,0
P0423,U008,1,0.9364,1,1.341,0.834,1,0.9335,1,0.003,0
P0423,U009,0,0.9772,0,0.919,0.94,1,0.825,0,0.1522,0
P0423,U010,1,0.8049,1,1.29,0.376,0,0.83,1,0.0251,0
P0424,U001,0,0.6945,0,1.335,0.745,1,0.5832,0,0.1113,0
P0424,U002,1,0.9697,1,1.433,0.533,0,0.9598,1,0.0099,0
P0424,U003,1,0.8517,1,1.196,0.069,0,0.6216,1,-0.2301,1
P0424,U004,0,0.7605,0,1.362,0.587,0,0.653,0,0.1075,0
P0424,U005,0,0.4905,1,0.842,0.753,0,0.4173,1,0.0733,0
P0424,U006,0,0.6497,0,1.511,0.645,0,0.5535,0,0.0962,0
P0424,U007,1,0.5967,1,1.157,0.452,1,0.6481,1,0.0514,0
P0424,U008,1,0.8097,1,1.341,0.834,0,0.8177,1,0.008,0
P0424,U009,0,0.9087,0,0.919,0.94,0,0.8473,0,0.0614,0
P0424,U010,1,0.9611,1,1.29,0.376,0,0.957,1,0.004,0
P0425,U001,0,0.2879,1,1.335,0.745,1,0.2253,1,0.0625,0
P0425,U002,1,0.3467,0,1.433,0.533,1,0.554,1,0.2073,0
P0425,U003,1,0.671,1,1.196,0.069,0,0.7936,1,0.1226,0
P0425,U004,0,0.3946,1,1.362,0.587,0,0.3031,1,0.0915,0
P0425,U005,0,0.0757,1,0.842,0.753,1,0.0769,1,0.0012,0
P0425,U006,0,0.5226,0,1.511,0.645,0,0.3497,1,0.1729,0
P0425,U007,1,0.5935,1,1.157,0.452,1,0.7339,1,0.1404,0
P0425,U008,1,0.7509,1,1.341,0.834,1,0.8139,1,0.063,0
P0425,U009,0,0.4097,1,0.919,0.94,1,0.3246,1,0.0851,0
P0425,U010,1,0.4738,0,1.29,0.376,1,0.6645,1,0.1907,0
P0426,U001,0,0.0724,1,1.335,0.745,1,0.0767,1,0.0044,0
P0426,U002,1,0.9911,1,1.433,0.533,1,0.9495,1,0.0416,0
P0426,U003,1,0.8525,1,1.196,0.069,1,0.8848,1,0.0324,0
P0426,U004,0,0.1126,1,1.362,0.587,0,0.0953,1,0.0173,0
P0426,U005,0,0.0018,1,0.842,0.753,1,0.0338,1,0.032,0
P0426,U006,0,0.019,1,1.511,0.645,1,0.0548,1,0.0358,0
P0426,U007,1,0.8108,1,1.157,0.452,1,0.8701,1,0.0593,0
P0426,U008,1,0.8716,1,1.341,0.834,1,0.8987,1,0.0271,0
P0426,U009,0,0.0562,1,0.919,0.94,0,0.2709,1,-0.1671,1
P0426,U010,1,0.7766,1,1.29,0.376,1,0.8547,1,0.0781,0
P0427,U001,0,0.765,0,1.335,0.745,0,0.696,0,0.0691,0
P0427,U002,1,0.9593,1,1.433,0.533,0,0.9526,1,0.0067,0
P0427,U003,1,0.9448,1,1.196,0.069,0,0.94,1,0.0048,0
P0427,U004,0,0.6864,0,1.362,0.587,0,0.6048,0,0.0815,0
P0427,U005,0,0.214,1,0.842,0.753,0,0.1925,1,0.0215,0
P0427,U006,0,0.3982,1,1.511,0.645,1,0.2952,1,0.103,0
P0427,U007,1,0.5942,1,1.157,0.452,0,0.6137,1,0.0195,0
P0427,U008,1,0.724,1,1.341,0.834,0,0.7511,1,0.0271,0
P0427,U009,0,0.753,0,0.919,0.94,0,0.6301,0,0.123,0
P0427,U010,1,0.9496,1,1.29,0.376,0,0.9485,1,0.0011,0
P0428,U001,0,0.3398,1,1.335,0.745,0,0.1981,1,0.1417,0
P0428,U002,1,0.403,0,1.433,0.533,0,0.6544,1,0.2514,0
P0428,U003,1,0.3399,0,1.196,0.069,0,0.616,1,0.2761,0
P0428,U004,0,0.351,1,1.362,0.587,0,0.1875,1,0.1635,0
P0428,U005,0,0.7672,0,0.842,0.753,0,0.4997,1,0.2675,0
P0428,U006,0,0.6999,0,1.511,0.645,0,0.3898,1,0.3101,0
P0428,U007,1,0.3783,0,1.157,0.452,1,0.6549,1,0.2766,0
P0428,U008,1,0.2684,0,1.341,0.834,1,0.5761,1,0.3076,0
P0428,U009,0,0.9091,0,0.919,0.94,0,0.5585,0,0.3506,0
P0428,U010,1,0.4336,0,1.29,0.376,1,0.7244,1,0.2909,0
P0429,U001,0,0.4919,1,1.335,0.745,0,0.4332,1,0.0587,0
P0429,U002,1,0.8966,1,1.433,0.533,0,0.9021,1,0.0054,0
P0429,U003,1,0.5006,1,1.196,0.069,1,0.6746,1,0.174,0
P0429,U004,0,0.1714,1,1.362,0.587,0,0.1455,1,0.026,0
P0429,U005,0,0.351,1,0.842,0.753,0,0.2625,1,0.0886,0
P0429,U006,0,0.8849,0,1.511,0.645,1,0.6618,0,0.2231,0
P0429,U007,1,0.4985,0,1.157,0.452,0,0.6771,1,0.1786,0
P0429,U008,1,0.7735,1,1.341,0.834,0,0.8089,1,0.0354,0
P0429,U009,0,0.9088,0,0.919,0.94,0,0.7019,0,0.2069,0
P0429,U010,1,0.6687,1,1.29,0.376,0,0.7477,1,0.079,0
P0430,U001,0,0.985,0,1.335,0.745,0,0.8745,0,0.1105,0
P0430,U002,1,0.7562,1,1.433,0.533,0,0.7854,1,0.0292,0
P0430,U003,1,0.3926,0,1.196,0.069,0,0.5796,1,0.187,0
P0430,U004,0,0.9631,0,1.362,0.587,0,0.8046,0,0.1585,0
P0430,U005,0,0.9618,0,0.842,0.753,0,0.8161,0,0.1457,0
P0430,U006,0,0.9917,0,1.511,0.645,0,0.821,0,0.1708,0
P0430,U007,1,0.6719,1,1.157,0.452,1,0.743,1,0.0711,0
P0430,U008,1,0.2939,0,1.341,0.834,0,0.4416,0,0.1476,0
P0430,U009,0,0.9958,0,0.919,0.94,0,0.8078,0,0.188,0
P0430,U010,1,0.1579,0,1.29,0.376,1,0.2888,0,0.131,0
P0431,U001,0,0.8865,0,1.335,0.745,1,0.661,0,0.2255,0
P0431,U002,1,0.2413,0,1.433,0.533,0,0.359,0,0.1177,0
P0431,U003,1,0.4337,0,1.196,0.069,1,0.4915,0,0.0579,0
P0431,U004,0,0.7299,0,1.362,0.587,0,0.6109,0,0.119,0
P0431,U005,0,0.302,1,0.842,0.753,0,0.2722,1,0.0298,0
P0431,U006,0,0.9595,0,1.511,0.645,0,0.8789,0,0.0806,0
P0431,U007,1,0.2961,0,1.157,0.452,1,0.3807,0,0.0846,0
P0431,U008,1,0.1073,0,1.341,0.834,1,0.071,0,-0.0363,1
P0431,U009,0,0.9656,0,0.919,0.94,0,0.8213,0,0.1443,0
P0431,U010,1,0.015,0,1.29,0.376,0,0.2051,0,0.1901,0
P0432,U001,0,0.1013,1,1.335,0.745,0,0.091,1,0.0103,0
P0432,U002,1,0.993,1,1.433,0.533,0,0.9632,1,0.0298,0
P0432,U003,1,0.9665,1,1.196,0.069,0,0.9499,1,0.0165,0
P0432,U004,0,0.4011,1,1.362,0.587,1,0.2409,1,0.1602,0
P0432,U005,0,0.0083,1,0.842,0.753,1,0.0371,1,0.0288,0
P0432,U006,0,0.6338,0,1.511,0.645,0,0.432,1,0.2019,0
P0432,U007,1,0.9074,1,1.157,0.452,1,0.9125,1,0.0052,0
P0432,U008,1,0.9065,1,1.341,0.834,1,0.915,1,0.0085,0
P0432,U009,0,0.0463,1,0.919,0.94,0,0.0551,1,0.0088,0
P0432,U010,1,0.9678,1,1.29,0.376,1,0.9413,1,0.0264,0
P0433,U001,0,0.4187,1,1.335,0.745,0,0.3024,1,0.1164,0
P0433,U002,1,0.8958,1,1.433,0.533,1,0.9024,1,0.0066,0
P0433,U003,1,0.8068,1,1.196,0.069,0,0.858,1,0.0512,0
P0433,U004,0,0.5672,0,1.362,0.587,0,0.4108,1,0.1564,0
P0433,U005,0,0.5513,0,0.842,0.753,0,0.3794,1,0.1719,0
P0433,U006,0,0.7502,0,1.511,0.645,1,0.5479,0,0.2023,0
P0433,U007,1,0.6909,1,1.157,0.452,1,0.8093,1,0.1184,0
P0433,U008,1,0.6243,1,1.341,0.834,0,0.7156,1,0.0913,0
P0433,U009,0,0.9458,0,0.919,0.94,0,0.672,0,0.2738,0
P0433,U010,1,0.701,1,1.29,0.376,1,0.7794,1,0.0785,0
P0434,U001,0,0.4032,1,1.335,0.745,1,0.3338,1,0.0694,0
P0434,U002,1,0.7698,1,1.433,0.533,1,0.8069,1,0.0371,0
P0434,U003,1,0.4118,0,1.196,0.069,0,0.5148,1,0.1031,0
P0434,U004,0,0.8236,0,1.362,0.587,0,0.6277,0,0.1959,0
P0434,U005,0,0.7961,0,0.842,0.753,1,0.6625,0,0.1337,0
P0434,U006,0,0.6106,0,1.511,0.645,0,0.4021,1,0.2085,0
P0434,U007,1,0.6901,1,1.157,0.452,0,0.7404,1,0.0503,0
P0434,U008,1,0.1625,0,1.341,0.834,1,0.01,0,-0.1525,1
P0434,U009,0,0.8648,0,0.919,0.94,0,0.6649,0,0.1998,0
P0434,U010,1,0.379,0,1.29,0.376,0,0.5405,1,0.1615,0
P0435,U001,0,0.2614,1,1.335,0.745,0,0.1635,1,0.0979,0
P0435,U002,1,0.9788,1,1.433,0.533,1,0.9623,1,0.0165,0
P0435,U003,1,0.7051,1,1.196,0.069,1,0.7677,1,0.0626,0
P0435,U004,0,0.6832,0,1.362,0.587,0,0.4449,1,0.2383,0
P0435,U005,0,0.1521,1,0.842,0.753,0,0.1306,1,0.0215,0
P0435,U006,0,0.6753,0,1.511,0.645,1,0.5213,0,0.1539,0
P0435,U007,1,0.7818,1,1.157,0.452,1,0.8249,1,0.0431,0
P0435,U008,1,0.9315,1,1.341,0.834,1,0.9263,1,0.0053,0
P0435,U009,0,0.6899,0,0.919,0.94,0,0.5054,0,0.1845,0
P0435,U010,1,0.9431,1,1.29,0.376,1,0.935,1,0.0081,0
P0436,U001,0,0.4914,1,1.335,0.745,0,0.459,1,0.0324,0
P0436,U002,1,0.6552,1,1.433,0.533,0,0.7036,1,0.0485,0
P0436,U003,1,0.2517,0,1.196,0.069,0,0.387,0,0.1353,0
P0436,U004,0,0.7547,0,1.362,0.587,0,0.6029,0,0.1518,0
P0436,U005,0,0.4177,1,0.842,0.753,0,0.3981,1,0.0196,0
P0436,U006,0,0.7527,0,1.511,0.645,0,0.6868,0,0.0659,0
P0436,U007,1,0.2237,0,1.157,0.452,1,0.0873,0,-0.1364,1
P0436,U008,1,0.4302,0,1.341,0.834,1,0.4559,0,0.0256,0
P0436,U009,0,0.7632,0,0.919,0.94,1,0.7291,0,0.0342,0
P0436,U010,1,0.4287,0,1.29,0.376,0,0.5154,1,0.0867,0
P0437,U001,0,0.3908,1,1.335,0.745,1,0.1759,1,0.2148,0
P0437,U002,1,0.9903,1,1.433,0.533,1,0.9539,1,0.0364,0
P0437,U003,1,0.959,1,1.196,0.069,1,0.9395,1,0.0195,0
P0437,U004,0,0.1913,1,1.362,0.587,1,0.6442,0,-0.453,1
P0437,U005,0,0.1073,1,0.842,0.753,1,0.0962,1,0.0111,0
P0437,U006,0,0.0411,1,1.511,0.645,1,0.0634,1,0.0223,0
P0437,U007,1,0.9029,1,1.157,0.452,0,0.9124,1,0.0095,0
P0437,U008,1,0.9662,1,1.341,0.834,0,0.9213,1,0.0449,1
P0437,U009,0,0.5196,0,0.919,0.94,1,0.3554,1,0.1641,0
P0437,U010,1,0.9294,1,1.29,0.376,0,0.9266,1,0.0028,0
P0438,U001,0,0.6388,0,1.335,0.745,1,0.3606,1,0.2782,0
P0438,U002,1,0.8757,1,1.433,0.533,0,0.8938,1,0.0181,0
P0438,U003,1,0.7178,1,1.196,0.069,0,0.8255,1,0.1077,0
P0438,U004,0,0.1021,1,1.362,0.587,1,0.0928,1,0.0094,0
P0438,U005,0,0.3013,1,0.842,0.753,0,0.2297,1,0.0717,0
P0438,U006,0,0.3634,1,1.511,0.645,0,0.2634,1,0.1,0
P0438,U007,1,0.5163,1,1.157,0.452,0,0.6599,1,0.1436,0
P0438,U008,1,0.7182,1,1.341,0.834,0,0.7888,1,0.0706,0
P0438,U009,0,0.1964,1,0.919,0.94,0,0.1511,1,0.0453,0
P0438,U010,1,0.1959,0,1.29,0.376,1,0.5017,1,0.3059,0
P0439,U001,0,0.5379,0,1.335,0.745,1,0.4568,1,0.0811,0
P0439,U002,1,0.565,1,1.433,0.533,1,0.6905,1,0.1256,0
P0439,U003,1,0.4129,0,1.196,0.069,0,0.5333,1,0.1204,0
P0439,U004,0,0.7291,0,1.362,0.587,0,0.4727,1,0.2564,0
P0439,U005,0,0.4438,1,0.842,0.753,0,0.3661,1,0.0777,0
P0439,U006,0,0.5059,0,1.511,0.645,0,0.374,1,0.132,0
P0439,U007,1,0.3817,0,1.157,0.452,1,0.5025,1,0.1208,0
P0439,U008,1,0.5014,1,1.341,0.834,1,0.6171,1,0.1157,0
P0439,U009,0,0.5081,0,0.919,0.94,1,0.3709,1,0.1372,0
P0439,U010,1,0.4789,0,1.29,0.376,0,0.5948,1,0.1159,0
P0440,U001,0,0.1738,1,1.335,0.745,0,0.1435,1,0.0303,0
P0440,U002,1,0.9911,1,1.433,0.533,1,0.9598,1,0.0313,0
P0440,U003,1,0.9863,1,1.196,0.069,1,0.9563,1,0.03,0
P0440,U004,0,0.1722,1,1.362,0.587,0,0.1309,1,0.0413,0
P0440,U005,0,0.0102,1,0.842,0.753,0,0.0301,1,0.0199,0
P0440,U006,0,0.6054,0,1.511,0.645,0,0.3186,1,0.2867,0
P0440,U007,1,0.9917,1,1.157,0.452,1,0.9635,1,0.0282,0
P0440,U008,1,0.9452,1,1.341,0.834,1,0.936,1,0.0092,0
P0440,U009,0,0.2211,1,0.919,0.94,0,0.1836,1,0.0375,0
P0440,U010,1,0.9978,1,1.29,0.376,1,0.9571,1,0.0407,0
P0441,U001,0,0.206,1,1.335,0.745,1,0.1824,1,0.0236,0
P0441,U002,1,0.8705,1,1.433,0.533,0,0.8792,1,0.0087,0
P0441,U003,1,0.6736,1,1.196,0.069,0,0.7097,1,0.0361,0
P0441,U004,0,0.0625,1,1.362,0.587,0,0.2305,1,-0.133,1
P0441,U005,0,0.0197,1,0.842,0.753,1,0.01,1,-0.0097,1
P0441,U006,0,0.535,0,1.511,0.645,0,0.4731,1,0.0619,0
P0441,U007,1,0.6036,1,1.157,0.452,1,0.6495,1,0.0459,0
P0441,U008,1,0.9609,1,1.341,0.834,0,0.9539,1,0.007,0
P0441,U009,0,0.7009,0,0.919,0.94,1,0.7002,0,0.0007,0
P0441,U010,1,0.2867,0,1.29,0.376,0,0.4328,0,0.1461,0
P0442,U001,0,0.2859,1,1.335,0.745,0,0.2337,1,0.0522,0
P0442,U002,1,0.6923,1,1.433,0.533,0,0.7446,1,0.0523,0
P0442,U003,1,0.9466,1,1.196,0.069,1,0.9414,1,0.0052,0
P0442,U004,0,0.5725,0,1.362,0.587,1,0.5115,0,0.061,0
P0442,U005,0,0.2227,1,0.842,0.753,0,0.2233,1,-0.0006,0
P0442,U006,0,0.2766,1,1.511,0.645,1,0.2403,1,0.0363,0
P0442,U007,1,0.6055,1,1.157,0.452,0,0.6236,1,0.0181,0
P0442,U008,1,0.524,1,1.341,0.834,1,0.6136,1,0.0896,0
P0442,U009,0,0.7106,0,0.919,0.94,0,0.6138,0,0.0968,0
P0442,U010,1,0.5618,1,1.29,0.376,0,0.6524,1,0.0906,0
P0443,U001,0,0.1417,1,1.335,0.745,0,0.1274,1,0.0143,0
P0443,U002,1,0.147,0,1.433,0.533,0,0.3186,0,0.1717,0
P0443,U003,1,0.4993,0,1.196,0.069,1,0.5583,1,0.059,0
P0443,U004,0,0.2167,1,1.362,0.587,0,0.192,1,0.0246,0
P0443,U005,0,0.072,1,0.842,0.753,0,0.0732,1,0.0012,0
P0443,U006,0,0.3412,1,1.511,0.645,0,0.2676,1,0.0736,0
P0443,U007,1,0.581,1,1.157,0.452,0,0.6421,1,0.0611,0
P0443,U008,1,0.0526,0,1.341,0.834,0,0.0847,0,0.0322,1
P0443,U009,0,0.368,1,0.919,0.94,1,0.2953,1,0.0727,0
P0443,U010,1,0.1641,0,1.29,0.376,0,0.3224,0,0.1584,0
P0444,U001,0,0.857,0,1.335,0.745,0,0.6278,0,0.2293,0
P0444,U002,1,0.9328,1,1.433,0.533,0,0.9301,1,0.0027,0
P0444,U003,1,0.4675,0,1.196,0.069,1,0.0666,0,-0.4009,1
P0444,U004,0,0.7634,0,1.362,0.587,1,0.6167,0,0.1467,0
P0444,U005,0,0.8915,0,0.842,0.753,0,0.8837,0,0.0078,0
P0444,U006,0,0.5796,0,1.511,0.645,0,0.4865,1,0.0931,0
P0444,U007,1,0.5467,1,1.157,0.452,1,0.5928,1,0.0461,0
P0444,U008,1,0.9469,1,1.341,0.834,1,0.9417,1,0.0052,0
P0444,U009,0,0.9054,0,0.919,0.94,0,0.6435,0,0.2618,0
P0444,U010,1,0.6678,1,1.29,0.376,0,0.713,1,0.0452,0
P0445,U001,0,0.4013,1,1.335,0.745,1,0.3025,1,0.0989,0
P0445,U002,1,0.8864,1,1.433,0.533,0,0.8935,1,0.0071,0
P0445,U003,1,0.6678,1,1.196,0.069,0,0.7411,1,0.0733,0
P0445,U004,0,0.0279,1,1.362,0.587,0,0.0441,1,0.0162,0
P0445,U005,0,0.3009,1,0.842,0.753,0,0.2688,1,0.0321,0
P0445,U006,0,0.8154,0,1.511,0.645,0,0.592,0,0.2234,0
P0445,U007,1,0.8129,1,1.157,0.452,0,0.824,1,0.0111,0
P0445,U008,1,0.8778,1,1.341,0.834,1,0.928,1,0.0342,1
P0445,U009,0,0.328,1,0.919,0.94,0,0.2793,1,0.0487,0
P0445,U010,1,0.7818,1,1.29,0.376,0,0.8313,1,0.0495,0
P0446,U001,0,0.2392,1,1.335,0.745,1,0.1596,1,0.0795,0
P0446,U002,1,0.9599,1,1.433,0.533,1,0.937,1,0.0229,0
P0446,U003,1,0.9486,1,1.196,0.069,1,0.9309,1,0.0177,0
P0446,U004,0,0.3557,1,1.362,0.587,1,0.1676,1,0.188,0
P0446,U005,0,0.0131,1,0.842,0.753,1,0.0477,1,0.0345,0
P0446,U006,0,0.1331,1,1.511,0.645,1,0.0993,1,0.0338,0
P0446,U007,1,0.8595,1,1.157,0.452,1,0.8917,1,0.0322,0
P0446,U008,1,0.8673,1,1.341,0.834,1,0.8941,1,0.0268,0
P0446,U009,0,0.1313,1,0.919,0.94,1,0.1046,1,0.0267,0
P0446,U010,1,0.9983,1,1.29,0.376,1,0.9463,1,0.052,0
P0447,U001,0,0.1943,1,1.335,0.745,1,0.1544,1,0.0399,0
P0447,U002,1,0.5199,1,1.433,0.533,1,0.6771,1,0.1573,0
P0447,U003,1,0.658,1,1.196,0.069,0,0.7083,1,0.0502,0
P0447,U004,0,0.5608,0,1.362,0.587,1,0.3615,1,0.1993,0
P0447,U005,0,0.7487,0,0.842,0.753,0,0.546,0,0.2027,0
P0447,U006,0,0.6959,0,1.511,0.645,0,0.5193,0,0.1767,0
P0447,U007,1,0.3349,0,1.157,0.452,1,0.5106,1,0.1756,0
P0447,U008,1,0.7947,1,1.341,0.834,1,0.8205,1,0.0258,0
P0447,U009,0,0.8315,0,0.919,0.94,0,0.6672,0,0.1643,0
P0447,U010,1,0.9256,1,1.29,0.376,1,0.9239,1,0.0018,0
P0448,U001,0,0.4484,1,1.335,0.745,1,0.2127,1,0.2357,0
P0448,U002,1,0.9545,1,1.433,0.533,1,0.9329,1,0.0216,0
P0448,U003,1,0.928,1,1.196,0.069,1,0.9232,1,0.0048,0
P0448,U004,0,0.3121,1,1.362,0.587,1,0.181,1,0.1311,0
P0448,U005,0,0.1489,1,0.842,0.753,0,0.1101,1,0.0388,0
P0448,U006,0,0.3662,1,1.511,0.645,1,0.198,1,0.1682,0
P0448,U007,1,0.6396,1,1.157,0.452,0,0.7999,1,0.1603,0
P0448,U008,1,0.8122,1,1.341,0.834,1,0.8779,1,0.0656,0
P0448,U009,0,0.7324,0,0.919,0.94,0,0.5201,0,0.2123,0
P0448,U010,1,0.9257,1,1.29,0.376,1,0.9221,1,0.0036,0
P0449,U001,0,0.5735,0,1.335,0.745,0,0.4333,1,0.1402,0
P0449,U002,1,0.0979,0,1.433,0.533,1,0.3821,0,0.2841,0
P0449,U003,1,0.5446,1,1.196,0.069,0,0.7093,1,0.1647,1
P0449,U004,0,0.2125,1,1.362,0.587,0,0.01,1,0.0625,1
P0449,U005,0,0.906,0,0.842,0.753,0,0.7274,0,0.1786,0
P0449,U006,0,0.9338,0,1.511,0.645,0,0.5783,0,0.3555,0
P0449,U007,1,0.6173,1,1.157,0.452,0,0.6299,1,0.0126,1
P0449,U008,1,0.0943,0,1.341,0.834,1,0.2116,0,0.1172,1
P0449,U009,0,0.9722,0,0.919,0.94,1,0.7299,0,0.2423,0
P0449,U010,1,0.0048,0,1.29,0.376,0,0.2443,0,0.2395,0
P0450,U001,0,0.7674,0,1.335,0.745,1,0.5023,0,0.2651,0
P0450,U002,1,0.9716,1,1.433,0.533,1,0.9584,1,0.0132,0
P0450,U003,1,0.9794,1,1.196,0.069,1,0.9562,1,0.0232,0
P0450,U004,0,0.5862,0,1.362,0.587,1,0.4654,1,0.1209,0
P0450,U005,0,0.5079,0,0.842,0.753,1,0.4335,1,0.0744,0
P0450,U006,0,0.1739,1,1.511,0.645,1,0.13,1,0.044,0
P0450,U007,1,0.9725,1,1.157,0.452,1,0.9528,1,0.0197,0
P0450,U008,1,0.8556,1,1.341,0.834,0,0.8723,1,0.0168,0
P0450,U009,0,0.7467,0,0.919,0.94,0,0.5868,0,0.1599,0
P0450,U010,1,0.9871,1,1.29,0.376,1,0.7618,1,-0.0911,1
P0451,U001,0,0.2686,1,1.335,0.745,0,0.2156,1,0.053,0
P0451,U002,1,0.9768,1,1.433,0.533,0,0.9602,1,0.0166,0
P0451,U003,1,0.9937,1,1.196,0.069,1,0.962,1,0.0317,0
P0451,U004,0,0.1442,1,1.362,0.587,1,0.1287,1,0.0155,0
P0451,U005,0,0.0212,1,0.842,0.753,0,0.0424,1,0.0211,0
P0451,U006,0,0.1115,1,1.511,0.645,0,0.0999,1,0.0116,0
P0451,U007,1,0.9255,1,1.157,0.452,1,0.9239,1,0.0016,0
P0451,U008,1,0.8711,1,1.341,0.834,1,0.8879,1,0.0167,0
P0451,U009,0,0.2029,1,0.919,0.94,1,0.1591,1,0.0438,0
P0451,U010,1,0.9592,1,1.29,0.376,0,0.948,1,0.0112,0
P0452,U001,0,0.7294,0,1.335,0.745,0,0.5301,0,0.1993,0
P0452,U002,1,0.7588,1,1.433,0.533,0,0.7958,1,0.037,0
P0452,U003,1,0.4144,0,1.196,0.069,0,0.5264,1,0.112,0
P0452,U004,0,0.7057,0,1.362,0.587,0,0.4897,1,0.216,0
P0452,U005,0,0.6729,0,0.842,0.753,0,0.5958,0,0.0771,0
P0452,U006,0,0.5046,0,1.511,0.645,0,0.386,1,0.1186,0
P0452,U007,1,0.4173,0,1.157,0.452,0,0.5548,1,0.1375,0
P0452,U008,1,0.4912,0,1.341,0.834,1,0.5961,1,0.1049,0
P0452,U009,0,0.9236,0,0.919,0.94,0,0.6738,0,0.2498,0
P0452,U010,1,0.2482,0,1.29,0.376,0,0.3648,0,0.1166,0
P0453,U001,0,0.3857,1,1.335,0.745,1,0.257,1,0.1287,0
P0453,U002,1,0.7799,1,1.433,0.533,0,0.8598,1,0.0798,0
P0453,U003,1,0.8338,1,1.196,0.069,1,0.862,1,0.0282,0
P0453,U004,0,0.6409,0,1.362,0.587,0,0.3673,1,0.2736,0
P0453,U005,0,0.1905,1,0.842,0.753,0,0.1448,1,0.0457,0
P0453,U006,0,0.3314,1,1.511,0.645,1,0.1979,1,0.1335,0
P0453,U007,1,0.4765,0,1.157,0.452,1,0.6161,1,0.1396,0
P0453,U008,1,0.7822,1,1.341,0.834,1,0.8273,1,0.0451,0
P0453,U009,0,0.5608,0,0.919,0.94,1,0.4155,1,0.1453,0
P0453,U010,1,0.4651,0,1.29,0.376,1,0.7248,1,0.2597,0
P0454,U001,0,0.7208,0,1.335,0.745,0,0.5664,0,0.1544,0
P0454,U002,1,0.5175,1,1.433,0.533,1,0.6581,1,0.1406,0
P0454,U003,1,0.7225,1,1.196,0.069,0,0.7602,1,0.0377,0
P0454,U004,0,0.7832,0,1.362,0.587,0,0.6717,0,0.1115,0
P0454,U005,0,0.6018,0,0.842,0.753,0,0.5638,0,0.038,0
P0454,U006,0,0.7627,0,1.511,0.645,0,0.5489,0,0.2138,0
P0454,U007,1,0.6492,1,1.157,0.452,1,0.692,1,0.0428,0
P0454,U008,1,0.5688,1,1.341,0.834,0,0.6135,1,0.0447,0
P0454,U009,0,0.8159,0,0.919,0.94,1,0.7685,0,0.0474,0
P0454,U010,1,0.4419,0,1.29,0.376,0,0.6034,1,0.1615,0
P0455,U001,0,0.7552,0,1.335,0.745,0,0.8654,0,-0.1102,1
P0455,U002,1,0.2552,0,1.433,0.533,0,0.5359,1,0.2807,0
P0455,U003,1,0.6911,1,1.196,0.069,0,0.7611,1,0.07,0
P0455,U004,0,0.6062,0,1.362,0.587,1,0.4395,1,0.1667,0
P0455,U005,0,0.8122,0,0.842,0.753,0,0.628,0,0.1842,0
P0455,U006,0,0.7886,0,1.511,0.645,0,0.4925,1,0.2961,0
P0455,U007,1,0.6435,1,1.157,0.452,0,0.7366,1,0.0931,0
P0455,U008,1,0.4288,0,1.341,0.834,1,0.5443,1,0.1155,0
P0455,U009,0,0.9674,0,0.919,0.94,0,0.8406,0,0.1268,0
P0455,U010,1,0.2085,0,1.29,0.376,1,0.4106,0,0.2022,0
P0456,U001,0,0.8406,0,1.335,0.745,1,0.5674,0,0.2731,0
P0456,U002,1,0.4561,0,1.433,0.533,0,0.5936,1,0.1375,0
P0456,U003,1,0.7347,1,1.196,0.069,1,0.7978,1,0.0631,0
P0456,U004,0,0.8306,0,1.362,0.587,1,0.642,0,0.1887,0
P0456,U005,0,0.6399,0,0.842,0.753,1,0.3812,1,0.2587,0
P0456,U006,0,0.5264,0,1.511,0.645,0,0.3774,1,0.149,0
P0456,U007,1,0.4011,0,1.157,0.452,1,0.6767,1,0.2756,0
P0456,U008,1,0.7665,1,1.341,0.834,1,0.8189,1,0.0524,0
P0456,U009,0,0.7212,0,0.919,0.94,0,0.6524,0,0.0688,0
P0456,U010,1,0.1754,0,1.29,0.376,1,0.369,0,0.1935,0
P0457,U001,0,0.7955,0,1.335,0.745,0,0.6642,0,0.1313,0
P0457,U002,1,0.4323,0,1.433,0.533,0,0.5395,1,0.1072,0
P0457,U003,1,0.8779,1,1.196,0.069,0,0.8816,1,0.0037,0
P0457,U004,0,0.8327,0,1.362,0.587,0,0.7119,0,0.1209,0
P0457,U005,0,0.9308,0,0.842,0.753,0,0.8109,0,0.1199,0
P0457,U006,0,0.7552,0,1.511,0.645,0,0.5365,0,0.2186,0
P0457,U007,1,0.2764,0,1.157,0.452,0,0.3398,0,0.0634,0
P0457,U008,1,0.4943,0,1.341,0.834,0,0.5658,1,0.0715,0
P0457,U009,0,0.9805,0,0.919,0.94,0,0.8185,0,0.162,0
P0457,U010,1,0.0515,0,1.29,0.376,0,0.259,0,0.2075,0
P0458,U001,0,0.1601,1,1.335,0.745,0,0.1396,1,0.0205,0
P0458,U002,1,0.9054,1,1.433,0.533,0,0.9087,1,0.0033,0
P0458,U003,1,0.3957,0,1.196,0.069,0,0.5235,1,0.1278,0
P0458,U004,0,0.4291,1,1.362,0.587,0,0.3554,1,0.0737,0
P0458,U005,0,0.5147,0,0.842,0.753,1,0.4064,1,0.1084,0
P0458,U006,0,0.5427,0,1.511,0.645,1,0.3727,1,0.17,0
P0458,U007,1,0.4521,0,1.157,0.452,0,0.5737,1,0.1217,0
P0458,U008,1,0.5939,1,1.341,0.834,0,0.6651,1,0.0712,0
P0458,U009,0,0.7185,0,0.919,0.94,0,0.5493,0,0.1692,0
P0458,U010,1,0.651,1,1.29,0.376,1,0.7289,1,0.0779,0
P0459,U001,0,0.1791,1,1.335,0.745,0,0.121,1,0.0581,0
P0459,U002,1,0.9809,1,1.433,0.533,0,0.9502,1,0.0307,0
P0459,U003,1,0.9923,1,1.196,0.069,1,0.952,1,0.0403,0
P0459,U004,0,0.0486,1,1.362,0.587,1,0.068,1,0.0194,0
P0459,U005,0,0.0216,1,0.842,0.753,1,0.0497,1,0.0281,0
P0459,U006,0,0.1031,1,1.511,0.645,1,0.0879,1,0.0152,0
P0459,U007,1,0.8392,1,1.157,0.452,0,0.8785,1,0.0392,0
P0459,U008,1,0.7397,1,1.341,0.834,1,0.8464,1,0.1067,0
P0459,U009,0,0.0422,1,0.919,0.94,1,0.0582,1,0.0161,0
P0459,U010,1,0.9761,1,1.29,0.376,1,0.942,1,0.0341,0
P0460,U001,0,0.162,1,1.335,0.745,0,0.1282,1,0.0338,0
P0460,U002,1,0.847,1,1.433,0.533,1,0.8621,1,0.0152,0
P0460,U003,1,0.9116,1,1.196,0.069,1,0.9137,1,0.0021,0
P0460,U004,0,0.1304,1,1.362,0.587,0,0.1113,1,0.0191,0
P0460,U005,0,0.0016,1,0.842,0.753,1,0.0251,1,0.0235,0
P0460,U006,0,0.1168,1,1.511,0.645,0,0.1016,1,0.0152,0
P0460,U007,1,0.6662,1,1.157,0.452,0,0.7708,1,0.1045,0
P0460,U008,1,0.6126,1,1.341,0.834,0,0.6828,1,0.0703,0
P0460,U009,0,0.4167,1,0.919,0.94,0,0.3037,1,0.1129,0
P0460,U010,1,0.2005,0,1.29,0.376,0,0.4099,0,0.2095,0
P0461,U001,0,0.3459,1,1.335,0.745,0,0.2817,1,0.0642,0
P0461,U002,1,0.5173,1,1.433,0.533,0,0.5762,1,0.0589,0
P0461,U003,1,0.5881,1,1.196,0.069,0,0.6816,1,0.0935,0
P0461,U004,0,0.859,0,1.362,0.587,0,0.7073,0,0.1517,0
P0461,U005,0,0.2458,1,0.842,0.753,0,0.067,1,0.1527,1
P0461,U006,0,0.4413,1,1.511,0.645,0,0.3285,1,0.1128,0
P0461,U007,1,0.3142,0,1.157,0.452,0,0.4709,0,0.1566,0
P0461,U008,1,0.6836,1,1.341,0.834,0,0.7182,1,0.0346,0
P0461,U009,0,0.5457,0,0.919,0.94,1,0.4451,1,0.1006,0
P0461,U010,1,0.5038,1,1.29,0.376,0,0.5877,1,0.0839,0
P0462,U001,0,0.9721,0,1.335,0.745,0,0.99,0,-0.0179,0
P0462,U002,1,0.594,1,1.433,0.533,0,0.6234,1,0.0294,0
P0462,U003,1,0.8214,1,1.196,0.069,1,0.8221,1,0.0007,0
P0462,U004,0,0.9694,0,1.362,0.587,0,0.8813,0,0.0881,0
P0462,U005,0,0.9926,0,0.842,0.753,0,0.8792,0,0.1133,0
P0462,U006,0,0.9518,0,1.511,0.645,0,0.9353,0,0.0165,0
P0462,U007,1,0.749,1,1.157,0.452,0,0.7815,1,0.0325,0
P0462,U008,1,0.7663,1,1.341,0.834,0,0.7805,1,0.0141,0
P0462,U009,0,0.9985,0,0.919,0.94,1,0.9642,0,0.0342,0
P0462,U010,1,0.529,1,1.29,0.376,0,0.6002,1,0.0712,0
P0463,U001,0,0.782,0,1.335,0.745,1,0.8137,0,-0.0317,1
P0463,U002,1,0.7411,1,1.433,0.533,0,0.7955,1,0.0545,0
P0463,U003,1,0.6511,1,1.196,0.069,0,0.7001,1,0.049,0
P0463,U004,0,0.5514,0,1.362,0.587,0,0.4216,1,0.1297,0
P0463,U005,0,0.1829,1,0.842,0.753,0,0.1693,1,0.0136,0
P0463,U006,0,0.621,0,1.511,0.645,0,0.5083,0,0.1127,0
P0463,U007,1,0.5473,1,1.157,0.452,0,0.6319,1,0.0846,0
P0463,U008,1,0.8365,1,1.341,0.834,0,0.8652,1,0.0287,0
P0463,U009,0,0.5715,0,0.919,0.94,0,0.4576,1,0.1139,0
P0463,U010,1,0.4804,0,1.29,0.376,0,0.6133,1,0.1328,0
P0464,U001,0,0.239,1,1.335,0.745,1,0.1474,1,0.0916,0
P0464,U002,1,0.9414,1,1.433,0.533,0,0.9333,1,0.0081,0
P0464,U003,1,0.9194,1,1.196,0.069,1,0.9197,1,0.0003,0
P0464,U004,0,0.0236,1,1.362,0.587,1,0.0485,1,0.025,0
P0464,U005,0,0.0197,1,0.842,0.753,0,0.0398,1,0.0202,0
P0464,U006,0,0.4027,1,1.511,0.645,0,0.2275,1,0.1751,0
P0464,U007,1,0.4964,0,1.157,0.452,0,0.7593,1,0.2629,0
P0464,U008,1,0.6259,1,1.341,0.834,0,0.7631,1,0.1373,0
P0464,U009,0,0.1287,1,0.919,0.94,0,0.1135,1,0.0152,0
P0464,U010,1,0.9202,1,1.29,0.376,0,0.9201,1,0.0001,0
P0465,U001,0,0.0787,1,1.335,0.745,1,0.0793,1,0.0007,0
P0465,U002,1,0.9766,1,1.433,0.533,0,0.9561,1,0.0205,0
P0465,U003,1,0.8965,1,1.196,0.069,1,0.9086,1,0.0121,0
P0465,U004,0,0.1292,1,1.362,0.587,1,0.1041,1,0.0251,0
P0465,U005,0,0.2411,1,0.842,0.753,0,0.1829,1,0.0582,0
P0465,U006,0,0.0648,1,1.511,0.645,0,0.0722,1,0.0074,0
P0465,U007,1,0.8,1,1.157,0.452,0,0.8437,1,0.0437,0
P0465,U008,1,0.8127,1,1.341,0.834,1,0.8575,1,0.0448,0
P0465,U009,0,0.2778,1,0.919,0.94,0,0.205,1,0.0728,0
P0465,U010,1,0.9694,1,1.29,0.376,0,0.9436,1,0.0258,0
P0466,U001,0,0.1334,1,1.335,0.745,0,0.1147,1,0.0187,0
P0466,U002,1,0.092,0,1.433,0.533,1,0.6213,1,0.5293,0
P0466,U003,1,0.1353,0,1.196,0.069,1,0.5648,1,0.4294,0
P0466,U004,0,0.4763,1,1.362,0.587,0,0.3297,1,0.1466,0
P0466,U005,0,0.2634,1,0.842,0.753,0,0.1692,1,0.0941,0
P0466,U006,0,0.559,0,1.511,0.645,1,0.2503,1,0.3087,0
P0466,U007,1,0.549,1,1.157,0.452,1,0.7519,1,0.2028,0
P0466,U008,1,0.3569,0,1.341,0.834,0,0.5971,1,0.2402,0
P0466,U009,0,0.5014,0,0.919,0.94,1,0.3251,1,0.1763,0
P0466,U010,1,0.0131,0,1.29,0.376,1,0.5157,1,0.5026,0
P0467,U001,0,0.4449,1,1.335,0.745,0,0.2683,1,0.1766,0
P0467,U002,1,0.1077,0,1.433,0.533,1,0.5402,1,0.4324,0
P0467,U003,1,0.1198,0,1.196,0.069,1,0.4466,0,0.3268,0
P0467,U004,0,0.3554,1,1.362,0.587,0,0.242,1,0.1134,0
P0467,U005,0,0.1262,1,0.842,0.753,1,0.01,1,-0.0238,1
P0467,U006,0,0.6345,0,1.511,0.645,1,0.259,1,0.3755,0
P0467,U007,1,0.3968,0,1.157,0.452,0,0.5198,1,0.123,0
P0467,U008,1,0.0354,0,1.341,0.834,0,0.3341,0,0.2987,0
P0467,U009,0,0.7588,0,0.919,0.94,0,0.4785,1,0.2803,0
P0467,U010,1,0.06,0,1.29,0.376,1,0.5272,1,0.4672,0
P0468,U001,0,0.391,1,1.335,0.745,0,0.3015,1,0.0895,0
P0468,U002,1,0.4304,0,1.433,0.533,1,0.5754,1,0.1451,0
P0468,U003,1,0.9018,1,1.196,0.069,1,0.9079,1,0.0062,0
P0468,U004,0,0.4662,1,1.362,0.587,1,0.3232,1,0.143,0
P0468,U005,0,0.1835,1,0.842,0.753,0,0.1523,1,0.0312,0
P0468,U006,0,0.4389,1,1.511,0.645,1,0.6542,0,-0.2152,1
P0468,U007,1,0.5132,1,1.157,0.452,0,0.612,1,0.0988,0
P0468,U008,1,0.3378,0,1.341,0.834,0,0.4731,0,0.1354,0
P0468,U009,0,0.681,0,0.919,0.94,0,0.5407,0,0.1403,0
P0468,U010,1,0.6946,1,1.29,0.376,0,0.7704,1,0.0758,0
P0469,U001,0,0.5586,0,1.335,0.745,0,0.4955,1,0.0631,1
P0469,U002,1,0.8417,1,1.433,0.533,1,0.8612,1,0.0195,0
P0469,U003,1,0.9277,1,1.196,0.069,1,0.9248,1,0.0029,0
P0469,U004,0,0.2581,1,1.362,0.587,0,0.2073,1,0.0508,0
P0469,U005,0,0.443,1,0.842,0.753,1,0.3251,1,0.1178,0
P0469,U006,0,0.9055,0,1.511,0.645,0,0.6689,0,0.2365,0
P0469,U007,1,0.8696,1,1.157,0.452,0,0.8813,1,0.0117,0
P0469,U008,1,0.5294,1,1.341,0.834,0,0.6597,1,0.1303,0
P0469,U009,0,0.6466,0,0.919,0.94,0,0.5183,0,0.1283,0
P0469,U010,1,0.5091,1,1.29,0.376,0,0.6628,1,0.1537,0
P0470,U001,0,0.3815,1,1.335,0.745,0,0.3597,1,0.0218,0
P0470,U002,1,0.8126,1,1.433,0.533,0,0.8283,1,0.0157,0
P0470,U003,1,0.8386,1,1.196,0.069,0,0.8459,1,0.0074,0
P0470,U004,0,0.179,1,1.362,0.587,1,0.1646,1,0.0144,0
P0470,U005,0,0.2677,1,0.842,0.753,0,0.2468,1,0.0209,0
P0470,U006,0,0.2503,1,1.511,0.645,0,0.2294,1,0.0208,0
P0470,U007,1,0.4777,0,1.157,0.452,0,0.5569,1,0.0792,0
P0470,U008,1,0.5048,1,1.341,0.834,0,0.5297,1,0.0249,0
P0470,U009,0,0.5169,0,0.919,0.94,0,0.4501,1,0.0669,0
P0470,U010,1,0.8748,1,1.29,0.376,0,0.8805,1,0.0056,0
P0471,U001,0,0.3073,1,1.335,0.745,1,0.3024,1,0.0049,0
P0471,U002,1,0.081,0,1.433,0.533,0,0.2911,0,0.2101,0
P0471,U003,1,0.6221,1,1.196,0.069,0,0.6553,1,0.0332,0
P0471,U004,0,0.2431,1,1.362,0.587,0,0.2335,1,0.0096,0
P0471,U005,0,0.2175,1,0.842,0.753,0,0.1951,1,0.0224,0
P0471,U006,0,0.1868,1,1.511,0.645,0,0.1634,1,0.0234,0
P0471,U007,1,0.4745,0,1.157,0.452,0,0.5222,1,0.0476,0
P0471,U008,1,0.1698,0,1.341,0.834,1,0.336,0,0.1662,0
P0471,U009,0,0.1581,1,0.919,0.94,0,0.1438,1,0.0143,0
P0471,U010,1,0.0165,0,1.29,0.376,0,0.1693,0,0.1529,0
P0472,U001,0,0.9058,0,1.335,0.745,0,0.8029,0,0.1029,0
P0472,U002,1,0.912,1,1.433,0.533,0,0.9145,1,0.0025,0
P0472,U003,1,0.6598,1,1.196,0.069,0,0.7561,1,0.0962,0
P0472,U004,0,0.5341,0,1.362,0.587,0,0.46,1,0.0741,0
P0472,U005,0,0.3179,1,0.842,0.753,0,0.2939,1,0.0241,0
P0472,U006,0,0.6476,0,1.511,0.645,0,0.5074,0,0.1403,0
P0472,U007,1,0.6851,1,1.157,0.452,1,0.7462,1,0.0611,0
P0472,U008,1,0.8845,1,1.341,0.834,1,0.8902,1,0.0057,0
P0472,U009,0,0.9249,0,0.919,0.94,0,0.8736,0,0.0513,0
P0472,U010,1,0.8657,1,1.29,0.376,0,0.8704,1,0.0047,0
P0473,U001,0,0.3649,1,1.335,0.745,0,0.2137,1,0.1511,0
P0473,U002,1,0.9993,1,1.433,0.533,1,0.971,1,0.0283,0
P0473,U003,1,0.9818,1,1.196,0.069,1,0.9582,1,0.0236,0
P0473,U004,0,0.12,1,1.362,0.587,0,0.1042,1,0.0158,0
P0473,U005,0,0.1081,1,0.842,0.753,1,0.0971,1,0.011,0
P0473,U006,0,0.167,1,1.511,0.645,1,0.1361,1,0.0308,0
P0473,U007,1,0.7445,1,1.157,0.452,1,0.7945,1,0.0499,0
P0473,U008,1,0.978,1,1.341,0.834,0,0.9532,1,0.0248,0
P0473,U009,0,0.2633,1,0.919,0.94,0,0.2329,1,0.0304,0
P0473,U010,1,0.9988,1,1.29,0.376,1,0.9646,1,0.0342,0
P0474,U001,0,0.542,0,1.335,0.745,0,0.5691,0,-0.0271,0
P0474,U002,1,0.144,0,1.433,0.533,0,0.1578,0,0.0138,0
P0474,U003,1,0.2366,0,1.196,0.069,1,0.2994,0,0.0628,0
P0474,U004,0,0.591,0,1.362,0.587,0,0.5405,0,0.0505,0
P0474,U005,0,0.5845,0,0.842,0.753,1,0.5412,0,0.0433,0
P0474,U006,0,0.7484,0,1.511,0.645,0,0.7106,0,0.0379,0
P0474,U007,1,0.1937,0,1.157,0.452,0,0.2682,0,0.0745,0
P0474,U008,1,0.165,0,1.341,0.834,0,0.1802,0,0.0153,0
P0474,U009,0,0.9247,0,0.919,0.94,0,0.7827,0,0.1421,0
P0474,U010,1,0.2711,0,1.29,0.376,0,0.3045,0,0.0335,0
P0475,U001,0,0.3915,1,1.335,0.745,1,0.2936,1,0.0979,0
P0475,U002,1,0.813,1,1.433,0.533,0,0.851,1,0.0379,0
P0475,U003,1,0.5532,1,1.196,0.069,0,0.6985,1,0.1453,0
P0475,U004,0,0.1271,1,1.362,0.587,1,0.1121,1,0.015,0
P0475,U005,0,0.1951,1,0.842,0.753,0,0.1503,1,0.0448,0
P0475,U006,0,0.5477,0,1.511,0.645,0,0.4518,1,0.0959,0
P0475,U007,1,0.5813,1,1.157,0.452,1,0.7208,1,0.1395,0
P0475,U008,1,0.8984,1,1.341,0.834,1,0.9079,1,0.0095,0
P0475,U009,0,0.6187,0,0.919,0.94,1,0.4919,1,0.1268,0
P0475,U010,1,0.8179,1,1.29,0.376,1,0.8542,1,0.0363,0
P0476,U001,0,0.0932,1,1.335,0.745,0,0.0891,1,0.0042,0
P0476,U002,1,0.9004,1,1.433,0.533,1,0.9083,1,0.0078,0
P0476,U003,1,0.8105,1,1.196,0.069,1,0.8443,1,0.0338,0
P0476,U004,0,0.3515,1,1.362,0.587,1,0.2789,1,0.0726,0
P0476,U005,0,0.1352,1,0.842,0.753,0,0.1215,1,0.0136,0
P0476,U006,0,0.396,1,1.511,0.645,0,0.2683,1,0.1277,0
P0476,U007,1,0.4474,0,1.157,0.452,1,0.5979,1,0.1504,0
P0476,U008,1,0.3805,0,1.341,0.834,1,0.5056,1,0.1251,0
P0476,U009,0,0.1088,1,0.919,0.94,0,0.2916,1,-0.1829,1
P0476,U010,1,0.6608,1,1.29,0.376,0,0.738,1,0.0772,0
P0477,U001,0,0.3338,1,1.335,0.745,1,0.2673,1,0.0666,0
P0477,U002,1,0.9735,1,1.433,0.533,1,0.9578,1,0.0157,0
P0477,U003,1,0.9219,1,1.196,0.069,1,0.9215,1,0.0004,0
P0477,U004,0,0.2332,1,1.362,0.587,0,0.1948,1,0.0384,0
P0477,U005,0,0.0481,1,0.842,0.753,1,0.0524,1,0.0043,0
P0477,U006,0,0.097,1,1.511,0.645,0,0.0918,1,0.0052,0
P0477,U007,1,0.8013,1,1.157,0.452,0,0.8098,1,0.0086,0
P0477,U008,1,0.866,1,1.341,0.834,1,0.8848,1,0.0188,0
P0477,U009,0,0.199,1,0.919,0.94,1,0.1866,1,0.0124,0
P0477,U010,1,0.9708,1,1.29,0.376,1,0.9638,1,0.007,0
P0478,U001,0,0.0986,1,1.335,0.745,1,0.092,1,0.0066,0
P0478,U002,1,0.9579,1,1.433,0.533,1,0.9436,1,0.0143,0
P0478,U003,1,0.9189,1,1.196,0.069,0,0.9191,1,0.0003,0
P0478,U004,0,0.1351,1,1.362,0.587,0,0.1153,1,0.0198,0
P0478,U005,0,0.7996,0,0.842,0.753,1,0.5561,0,0.2435,0
P0478,U006,0,0.6923,0,1.511,0.645,1,0.3908,1,0.3015,0
P0478,U007,1,0.7871,1,1.157,0.452,0,0.8327,1,0.0456,0
P0478,U008,1,0.8862,1,1.341,0.834,1,0.9027,1,0.0164,0
P0478,U009,0,0.4469,1,0.919,0.94,0,0.3487,1,0.0982,0
P0478,U010,1,0.9678,1,1.29,0.376,0,0.9486,1,0.0192,0
P0479,U001,0,0.0829,1,1.335,0.745,0,0.0824,1,0.0005,0
P0479,U002,1,0.0844,0,1.433,0.533,0,0.3825,0,0.2981,0
P0479,U003,1,0.5804,1,1.196,0.069,1,0.724,1,0.1437,0
P0479,U004,0,0.2884,1,1.362,0.587,1,0.2488,1,0.0396,0
P0479,U005,0,0.0805,1,0.842,0.753,0,0.0805,1,0.0001,0
P0479,U006,0,0.4961,1,1.511,0.645,0,0.3553,1,0.1408,0
P0479,U007,1,0.7213,1,1.157,0.452,0,0.7022,1,-0.0191,1
P0479,U008,1,0.3831,0,1.341,0.834,1,0.5102,1,0.1271,0
P0479,U009,0,0.8061,0,0.919,0.94,1,0.634,0,0.1721,0
P0479,U010,1,0.1139,0,1.29,0.376,1,0.2795,0,0.1656,0
P0480,U001,0,0.0837,1,1.335,0.745,1,0.2953,1,-0.2116,1
P0480,U002,1,0.8604,1,1.433,0.533,0,0.8828,1,0.0224,0
P0480,U003,1,0.8736,1,1.196,0.069,1,0.8888,1,0.0152,0
P0480,U004,0,0.2607,1,1.362,0.587,0,0.1974,1,0.0633,0
P0480,U005,0,0.0707,1,0.842,0.753,0,0.0734,1,0.0027,0
P0480,U006,0,0.0667,1,1.511,0.645,0,0.0718,1,0.0051,0
P0480,U007,1,0.747,1,1.157,0.452,1,0.8058,1,0.0588,0
P0480,U008,1,0.854,1,1.341,0.834,1,0.8804,1,0.0264,0
P0480,U009,0,0.055,1,0.919,0.94,1,0.0601,1,0.0051,0
P0480,U010,1,0.6896,1,1.29,0.376,1,0.7867,1,0.0972,0
P0481,U001,0,0.8706,0,1.335,0.745,1,0.9346,0,-0.064,1
P0481,U002,1,0.6792,1,1.433,0.533,0,0.6927,1,0.0135,0
P0481,U003,1,0.8602,1,1.196,0.069,0,0.8685,1,0.0083,0
P0481,U004,0,0.5301,0,1.362,0.587,0,0.4949,1,0.0352,0
P0481,U005,0,0.8273,0,0.842,0.753,0,0.8551,0,-0.0278,0
P0481,U006,0,0.8719,0,1.511,0.645,0,0.8204,0,0.0515,0
P0481,U007,1,0.5,0,1.157,0.452,0,0.5071,1,0.0071,0
P0481,U008,1,0.38,0,1.341,0.834,0,0.3864,0,0.0064,0
P0481,U009,0,0.9214,0,0.919,0.94,0,0.8332,0,0.0882,0
P0481,U010,1,0.3019,0,1.29,0.376,0,0.3325,0,0.0307,0
P0482,U001,0,0.5344,0,1.335,0.745,0,0.4676,1,0.0667,0
P0482,U002,1,0.8305,1,1.433,0.533,1,0.8676,1,0.0371,0
P0482,U003,1,0.9381,1,1.196,0.069,1,0.9332,1,0.0049,0
P0482,U004,0,0.6091,0,1.362,0.587,1,0.4561,1,0.1531,0
P0482,U005,0,0.1987,1,0.842,0.753,0,0.183,1,0.0157,0
P0482,U006,0,0.42,1,1.511,0.645,0,0.2759,1,0.1441,1
P0482,U007,1,0.8075,1,1.157,0.452,1,0.8349,1,0.0274,0
P0482,U008,1,0.4639,0,1.341,0.834,1,0.6475,1,0.1836,0
P0482,U009,0,0.4782,1,0.919,0.94,0,0.3739,1,0.1043,0
P0482,U010,1,0.8298,1,1.29,0.376,0,0.8679,1,0.0381,0
P0483,U001,0,0.111,1,1.335,0.745,0,0.1055,1,0.0054,0
P0483,U002,1,0.9321,1,1.433,0.533,0,0.9291,1,0.003,0
P0483,U003,1,0.7982,1,1.196,0.069,0,0.8139,1,0.0157,0
P0483,U004,0,0.6284,0,1.362,0.587,0,0.4896,1,0.1387,0
P0483,U005,0,0.3026,1,0.842,0.753,0,0.2448,1,0.0578,0
P0483,U006,0,0.4014,1,1.511,0.645,1,0.3327,1,0.0687,0
P0483,U007,1,0.7288,1,1.157,0.452,1,0.7914,1,0.0626,0
P0483,U008,1,0.3222,0,1.341,0.834,0,0.4736,0,0.1514,0
P0483,U009,0,0.7168,0,0.919,0.94,1,0.6325,0,0.0842,0
P0483,U010,1,0.2838,0,1.29,0.376,1,0.4258,0,0.142,0
P0484,U001,0,0.0878,1,1.335,0.745,1,0.0838,1,0.004,0
P0484,U002,1,0.7574,1,1.433,0.533,1,0.8329,1,0.0755,0
P0484,U003,1,0.4916,0,1.196,0.069,1,0.6618,1,0.1701,0
P0484,U004,0,0.3091,1,1.362,0.587,1,0.2124,1,0.0968,0
P0484,U005,0,0.0011,1,0.842,0.753,1,0.026,1,0.0249,0
P0484,U006,0,0.1397,1,1.511,0.645,1,0.1036,1,0.0361,0
P0484,U007,1,0.9139,1,1.157,0.452,1,0.9164,1,0.0025,0
P0484,U008,1,0.8686,1,1.341,0.834,1,0.8911,1,0.0224,0
P0484,U009,0,0.1259,1,0.919,0.94,0,0.1074,1,0.0185,0
P0484,U010,1,0.5026,1,1.29,0.376,1,0.7366,1,0.2341,0
P0485,U001,0,0.2596,1,1.335,0.745,0,0.1767,1,0.0829,0
P0485,U002,1,0.5268,1,1.433,0.533,1,0.7282,1,0.2015,0
P0485,U003,1,0.3974,0,1.196,0.069,1,0.6521,1,0.2547,0
P0485,U004,0,0.0108,1,1.362,0.587,1,0.0526,1,0.0418,0
P0485,U005,0,0.0144,1,0.842,0.753,1,0.0503,1,0.0359,0
P0485,U006,0,0.095,1,1.511,0.645,0,0.0878,1,0.0072,0
P0485,U007,1,0.1303,0,1.157,0.452,0,0.483,0,0.3527,0
P0485,U008,1,0.2217,0,1.341,0.834,0,0.4817,0,0.26,0
P0485,U009,0,0.0858,1,0.919,0.94,0,0.083,1,0.0028,0
P0485,U010,1,0.178,0,1.29,0.376,1,0.5076,1,0.3296,0
P0486,U001,0,0.7568,0,1.335,0.745,0,0.6569,0,0.0998,0
P0486,U002,1,0.5096,1,1.433,0.533,0,0.6449,1,0.1353,0
P0486,U003,1,0.7593,1,1.196,0.069,0,0.7868,1,0.0274,0
P0486,U004,0,0.8834,0,1.362,0.587,0,0.5814,0,0.302,0
P0486,U005,0,0.8529,0,0.842,0.753,0,0.5843,0,0.2686,0
P0486,U006,0,0.9507,0,1.511,0.645,0,0.7164,0,0.2343,0
P0486,U007,1,0.5549,1,1.157,0.452,0,0.6765,1,0.1216,0
P0486,U008,1,0.0971,0,1.341,0.834,0,0.2718,0,0.1746,0
P0486,U009,0,0.7842,0,0.919,0.94,0,0.6795,0,0.1047,0
P0486,U010,1,0.068,0,1.29,0.376,0,0.3615,0,0.2935,0
P0487,U001,0,0.1887,1,1.335,0.745,0,0.1536,1,0.035,0
P0487,U002,1,0.5558,1,1.433,0.533,1,0.6964,1,0.1406,0
P0487,U003,1,0.705,1,1.196,0.069,0,0.7757,1,0.0706,0
P0487,U004,0,0.0438,1,1.362,0.587,1,0.0565,1,0.0127,0
P0487,U005,0,0.0264,1,0.842,0.753,1,0.4292,1,-0.2956,1
P0487,U006,0,0.1695,1,1.511,0.645,0,0.1499,1,0.0196,0
P0487,U007,1,0.7455,1,1.157,0.452,1,0.7943,1,0.0487,0
P0487,U008,1,0.2079,0,1.341,0.834,0,0.3689,0,0.1611,0
P0487,U009,0,0.5172,0,0.919,0.94,0,0.4419,1,0.0753,0
P0487,U010,1,0.6732,1,1.29,0.376,0,0.695,1,0.0218,0
P0488,U001,0,0.2188,1,1.335,0.745,0,0.173,1,0.0458,0
P0488,U002,1,0.8308,1,1.433,0.533,0,0.8544,1,0.0235,0
P0488,U003,1,0.4899,0,1.196,0.069,1,0.5453,1,0.0554,0
P0488,U004,0,0.0632,1,1.362,0.587,1,0.0684,1,0.0051,0
P0488,U005,0,0.0381,1,0.842,0.753,1,0.0496,1,0.0115,0
P0488,U006,0,0.366,1,1.511,0.645,0,0.2656,1,0.1004,0
P0488,U007,1,0.2833,0,1.157,0.452,1,0.5811,1,0.2978,0
P0488,U008,1,0.8351,1,1.341,0.834,1,0.859,1,0.0239,0
P0488,U009,0,0.4883,1,0.919,0.94,0,0.4232,1,0.065,0
P0488,U010,1,0.1263,0,1.29,0.376,0,0.2314,0,0.1051,0
P0489,U001,0,0.4413,1,1.335,0.745,1,0.3589,1,0.0824,0
P0489,U002,1,0.4208,0,1.433,0.533,1,0.6345,1,0.2137,0
P0489,U003,1,0.6629,1,1.196,0.069,0,0.7512,1,0.0883,0
P0489,U004,0,0.0126,1,1.362,0.587,0,0.0316,1,0.019,0
P0489,U005,0,0.0063,1,0.842,0.753,0,0.0199,1,0.0136,0
P0489,U006,0,0.2139,1,1.511,0.645,1,0.1917,1,0.0222,0
P0489,U007,1,0.6491,1,1.157,0.452,1,0.7211,1,0.072,0
P0489,U008,1,0.2279,0,1.341,0.834,0,0.4855,0,0.2576,0
P0489,U009,0,0.2583,1,0.919,0.94,1,0.1932,1,0.0651,0
P0489,U010,1,0.4658,0,1.29,0.376,0,0.5924,1,0.1266,0
P0490,U001,0,0.8834,0,1.335,0.745,0,0.5374,0,0.346,0
P0490,U002,1,0.9641,1,1.433,0.533,0,0.9443,1,0.0198,0
P0490,U003,1,0.9325,1,1.196,0.069,1,0.9273,1,0.0051,0
P0490,U004,0,0.6619,0,1.362,0.587,1,0.2932,1,0.3687,0
P0490,U005,0,0.4765,1,0.842,0.753,0,0.3357,1,0.1407,0
P0490,U006,0,0.6697,0,1.511,0.645,0,0.4272,1,0.2425,0
P0490,U007,1,0.8858,1,1.157,0.452,0,0.8983,1,0.0124,0
P0490,U008,1,0.7756,1,1.341,0.834,0,0.8511,1,0.0756,0
P0490,U009,0,0.97,0,0.919,0.94,1,0.5818,0,0.3881,0
P0490,U010,1,0.4309,0,1.29,0.376,0,0.6216,1,0.1908,0
P0491,U001,0,0.1414,1,1.335,0.745,0,0.1194,1,0.022,0
P0491,U002,1,0.8349,1,1.433,0.533,0,0.8722,1,0.0374,0
P0491,U003,1,0.6478,1,1.196,0.069,0,0.7116,1,0.0638,0
P0491,U004,0,0.2263,1,1.362,0.587,0,0.1672,1,0.0591,0
P0491,U005,0,0.033,1,0.842,0.753,1,0.0483,1,0.0154,0
P0491,U006,0,0.3223,1,1.511,0.645,0,0.2138,1,0.1085,0
P0491,U007,1,0.3551,0,1.157,0.452,1,0.6136,1,0.2585,0
P0491,U008,1,0.2885,0,1.341,0.834,0,0.5389,1,0.2503,0
P0491,U009,0,0.3268,1,0.919,0.94,0,0.2415,1,0.0852,0
P0491,U010,1,0.1962,0,1.29,0.376,0,0.3965,0,0.2002,0
P0492,U001,0,0.173,1,1.335,0.745,0,0.1575,1,0.0155,0
P0492,U002,1,0.7545,1,1.433,0.533,0,0.7993,1,0.0448,0
P0492,U003,1,0.7428,1,1.196,0.069,0,0.8025,1,0.0597,0
P0492,U004,0,0.3611,1,1.362,0.587,0,0.2935,1,0.0676,0
P0492,U005,0,0.0278,1,0.842,0.753,0,0.0345,1,0.0067,0
P0492,U006,0,0.1834,1,1.511,0.645,1,0.01,1,0.0334,1
P0492,U007,1,0.7323,1,1.157,0.452,0,0.774,1,0.0417,0
P0492,U008,1,0.7837,1,1.341,0.834,0,0.8202,1,0.0365,0
P0492,U009,0,0.1819,1,0.919,0.94,0,0.1681,1,0.0139,0
P0492,U010,1,0.7133,1,1.29,0.376,0,0.7589,1,0.0456,0
P0493,U001,0,0.6357,0,1.335,0.745,1,0.3438,1,0.2919,0
P0493,U002,1,0.9958,1,1.433,0.533,0,0.9598,1,0.036,0
P0493,U003,1,0.992,1,1.196,0.069,1,0.9465,1,0.0455,0
P0493,U004,0,0.2245,1,1.362,0.587,1,0.1554,1,0.0691,0
P0493,U005,0,0.1039,1,0.842,0.753,0,0.0922,1,0.0117,0
P0493,U006,0,0.2525,1,1.511,0.645,1,0.1474,1,0.1051,0
P0493,U007,1,0.8317,1,1.157,0.452,0,0.8737,1,0.042,0
P0493,U008,1,0.949,1,1.341,0.834,0,0.9331,1,0.0159,0
P0493,U009,0,0.5769,0,0.919,0.94,0,0.4131,1,0.1638,0
P0493,U010,1,0.9018,1,1.29,0.376,0,0.9128,1,0.011,0
P0494,U001,0,0.4139,1,1.335,0.745,0,0.3894,1,0.0245,0
P0494,U002,1,0.6388,1,1.433,0.533,1,0.6519,1,0.0131,0
P0494,U003,1,0.9068,1,1.196,0.069,0,0.9078,1,0.001,0
P0494,U004,0,0.5169,0,1.362,0.587,1,0.4639,1,0.053,1
P0494,U005,0,0.3526,1,0.842,0.753,1,0.3073,1,0.0453,0
P0494,U006,0,0.6145,0,1.511,0.645,1,0.5927,0,0.0218,0
P0494,U007,1,0.5851,1,1.157,0.452,0,0.6284,1,0.0433,0
P0494,U008,1,0.9246,1,1.341,0.834,0,0.9236,1,0.0011,0
P0494,U009,0,0.4179,1,0.919,0.94,1,0.4231,1,-0.0052,0
P0494,U010,1,0.5355,1,1.29,0.376,0,0.5393,1,0.0038,0
P0495,U001,0,0.3166,1,1.335,0.745,0,0.2152,1,0.1014,0
P0495,U002,1,0.9611,1,1.433,0.533,0,0.9495,1,0.0116,0
P0495,U003,1,0.9524,1,1.196,0.069,1,0.9437,1,0.0087,0
P0495,U004,0,0.1694,1,1.362,0.587,0,0.1423,1,0.027,0
P0495,U005,0,0.1844,1,0.842,0.753,0,0.1522,1,0.0322,0
P0495,U006,0,0.7223,0,1.511,0.645,1,0.4534,1,0.2688,0
P0495,U007,1,0.3593,0,1.157,0.452,0,0.4399,0,0.0807,0
P0495,U008,1,0.8709,1,1.341,0.834,0,0.8936,1,0.0227,0
P0495,U009,0,0.2359,1,0.919,0.94,0,0.1866,1,0.0493,0
P0495,U010,1,0.9554,1,1.29,0.376,1,0.9415,1,0.0139,0
P0496,U001,0,0.0467,1,1.335,0.745,1,0.0564,1,0.0097,0
P0496,U002,1,0.897,1,1.433,0.533,1,0.9066,1,0.0096,0
P0496,U003,1,0.9703,1,1.196,0.069,1,0.9513,1,0.019,0
P0496,U004,0,0.1154,1,1.362,0.587,1,0.1029,1,0.0125,0
P0496,U005,0,0.0041,1,0.842,0.753,1,0.0212,1,0.0171,0
P0496,U006,0,0.0204,1,1.511,0.645,0,0.0334,1,0.013,0
P0496,U007,1,0.8263,1,1.157,0.452,1,0.8657,1,0.0394,0
P0496,U008,1,0.9125,1,1.341,0.834,1,0.9158,1,0.0033,0
P0496,U009,0,0.1524,1,0.919,0.94,0,0.1369,1,0.0154,0
P0496,U010,1,0.9813,1,1.29,0.376,1,0.9593,1,0.022,0
P0497,U001,0,0.4929,1,1.335,0.745,0,0.3939,1,0.099,0
P0497,U002,1,0.3353,0,1.433,0.533,0,0.4689,0,0.1336,0
P0497,U003,1,0.6144,1,1.196,0.069,1,0.6792,1,0.0648,0
P0497,U004,0,0.0714,1,1.362,0.587,1,0.0733,1,0.0018,0
P0497,U005,0,0.3268,1,0.842,0.753,1,0.2849,1,0.0419,0
P0497,U006,0,0.9666,0,1.511,0.645,0,0.99,0,-0.0234,1
P0497,U007,1,0.3776,0,1.157,0.452,0,0.4838,0,0.1062,0
P0497,U008,1,0.6294,1,1.341,0.834,1,0.6862,1,0.0567,0
P0497,U009,0,0.8697,0,0.919,0.94,1,0.6618,0,0.2079,0
P0497,U010,1,0.3418,0,1.29,0.376,0,0.4974,0,0.1556,0
P0498,U001,0,0.527,0,1.335,0.745,1,0.501,0,0.026,0
P0498,U002,1,0.8121,1,1.433,0.533,1,0.8321,1,0.02,0
P0498,U003,1,0.6448,1,1.196,0.069,0,0.72,1,0.0752,0
P0498,U004,0,0.7728,0,1.362,0.587,1,0.7414,0,0.0313,0
P0498,U005,0,0.7474,0,0.842,0.753,0,0.7042,0,0.0432,0
P0498,U006,0,0.9163,0,1.511,0.645,1,0.8387,0,0.0776,0
P0498,U007,1,0.2515,0,1.157,0.452,0,0.3167,0,0.0652,0
P0498,U008,1,0.8794,1,1.341,0.834,0,0.8806,1,0.0011,0
P0498,U009,0,0.8525,0,0.919,0.94,0,0.7634,0,0.0892,0
P0498,U010,1,0.0469,0,1.29,0.376,0,0.1179,0,0.071,0
P0499,U001,0,0.0912,1,1.335,0.745,0,0.0858,1,0.0055,0
P0499,U002,1,0.8517,1,1.433,0.533,0,0.8772,1,0.0256,0
P0499,U003,1,0.6922,1,1.196,0.069,1,0.8251,1,0.1329,0
P0499,U004,0,0.2145,1,1.362,0.587,0,0.1293,1,0.0852,0
P0499,U005,0,0.0882,1,0.842,0.753,0,0.0848,1,0.0034,0
P0499,U006,0,0.4209,1,1.511,0.645,0,0.2675,1,0.1535,0
P0499,U007,1,0.7954,1,1.157,0.452,1,0.8507,1,0.0553,0
P0499,U008,1,0.7992,1,1.341,0.834,0,0.8655,1,0.0663,0
P0499,U009,0,0.236,1,0.919,0.94,1,0.1582,1,0.0778,0
P0499,U010,1,0.4214,0,1.29,0.376,0,0.6729,1,0.2515,0
P0500,U001,0,0.8689,0,1.335,0.745,1,0.4485,1,0.4204,0
P0500,U002,1,0.959,1,1.433,0.533,0,0.9503,1,0.0087,0
P0500,U003,1,0.9715,1,1.196,0.069,0,0.9566,1,0.0149,0
P0500,U004,0,0.7093,0,1.362,0.587,1,0.5688,0,0.1404,0
P0500,U005,0,0.6341,0,0.842,0.753,0,0.4863,1,0.1477,0
P0500,U006,0,0.8643,0,1.511,0.645,0,0.602,0,0.2623,0
P0500,U007,1,0.8384,1,1.157,0.452,1,0.867,1,0.0287,0
P0500,U008,1,0.9158,1,1.341,0.834,0,0.9166,1,0.0008,0
P0500,U009,0,0.9763,0,0.919,0.94,0,0.689,0,0.2873,0
P0500,U010,1,0.9695,1,1.29,0.376,0,0.9556,1,0.0139,0
P0501,U001,0,0.9052,0,1.335,0.745,1,0.8047,0,0.1005,0
P0501,U002,1,0.2221,0,1.433,0.533,0,0.2827,0,0.0606,0
P0501,U003,1,0.8146,1,1.196,0.069,0,0.8289,1,0.0143,0
P0501,U004,0,0.5406,0,1.362,0.587,0,0.5261,0,0.0145,0
P0501,U005,0,0.8058,0,0.842,0.753,0,0.795,0,0.0107,0
P0501,U006,0,0.9264,0,1.511,0.645,0,0.7266,0,0.1998,0
P0501,U007,1,0.2739,0,1.157,0.452,0,0.4128,0,0.1389,0
P0501,U008,1,0.4688,0,1.341,0.834,0,0.4585,0,-0.0103,0
P0501,U009,0,0.9397,0,0.919,0.94,1,0.8289,0,0.1108,0
P0501,U010,1,0.5486,1,1.29,0.376,1,0.5715,1,0.0229,0
P0502,U001,0,0.8177,0,1.335,0.745,1,0.6715,0,0.1462,0
P0502,U002,1,0.9743,1,1.433,0.533,1,0.9577,1,0.0166,0
P0502,U003,1,0.8528,1,1.196,0.069,1,0.8822,1,0.0295,0
P0502,U004,0,0.9445,0,1.362,0.587,0,0.6764,0,0.2681,0
P0502,U005,0,0.7451,0,0.842,0.753,1,0.5709,0,0.1742,0
P0502,U006,0,0.9635,0,1.511,0.645,0,0.8911,0,0.0724,1
P0502,U007,1,0.9585,1,1.157,0.452,0,0.947,1,0.0116,0
P0502,U008,1,0.9141,1,1.341,0.834,0,0.9156,1,0.0014,0
P0502,U009,0,0.9868,0,0.919,0.94,0,0.7107,0,0.2761,0
P0502,U010,1,0.9535,1,1.29,0.376,1,0.9429,1,0.0106,0
P0503,U001,0,0.8041,0,1.335,0.745,0,0.5957,0,0.2083,0
P0503,U002,1,0.1993,0,1.433,0.533,0,0.4218,0,0.2225,0
P0503,U003,1,0.8454,1,1.196,0.069,0,0.8704,1,0.025,0
P0503,U004,0,0.3083,1,1.362,0.587,0,0.2627,1,0.0455,0
P0503,U005,0,0.5008,0,0.842,0.753,0,0.4164,1,0.0844,0
P0503,U006,0,0.608,0,1.511,0.645,0,0.4495,1,0.1585,0
P0503,U007,1,0.6585,1,1.157,0.452,1,0.7454,1,0.0869,0
P0503,U008,1,0.3804,0,1.341,0.834,0,0.6071,1,0.2267,0
P0503,U009,0,0.7636,0,0.919,0.94,0,0.5864,0,0.1772,0
P0503,U010,1,0.1708,0,1.29,0.376,0,0.3417,0,0.171,0
P0504,U001,0,0.7157,0,1.335,0.745,1,0.422,1,0.2936,0
P0504,U002,1,0.9599,1,1.433,0.533,0,0.9385,1,0.0214,0
P0504,U003,1,0.8877,1,1.196,0.069,1,0.9035,1,0.0158,0
P0504,U004,0,0.4653,1,1.362,0.587,1,0.2956,1,0.1697,0
P0504,U005,0,0.4108,1,0.842,0.753,1,0.2563,1,0.1545,0
P0504,U006,0,0.7497,0,1.511,0.645,1,0.441,1,0.3087,0
P0504,U007,1,0.9574,1,1.157,0.452,0,0.9401,1,0.0173,0
P0504,U008,1,0.9834,1,1.341,0.834,1,0.9578,1,0.0256,0
P0504,U009,0,0.8821,0,0.919,0.94,1,0.6061,0,0.276,0
P0504,U010,1,0.9364,1,1.29,0.376,1,0.9832,1,-0.0468,1
P0505,U001,0,0.4838,1,1.335,0.745,0,0.4121,1,0.0716,0
P0505,U002,1,0.5422,1,1.433,0.533,1,0.6873,1,0.1451,0
P0505,U003,1,0.7907,1,1.196,0.069,0,0.8313,1,0.0406,0
P0505,U004,0,0.4346,1,1.362,0.587,0,0.3718,1,0.0627,0
P0505,U005,0,0.3953,1,0.842,0.753,0,0.3343,1,0.061,0
P0505,U006,0,0.9634,0,1.511,0.645,0,0.6652,0,0.2981,0
P0505,U007,1,0.3784,0,1.157,0.452,0,0.423,0,0.0446,0
P0505,U008,1,0.267,0,1.341,0.834,0,0.4729,0,0.2059,0
P0505,U009,0,0.7486,0,0.919,0.94,0,0.7002,0,0.0484,0
P0505,U010,1,0.2538,0,1.29,0.376,0,0.3676,0,0.1138,0
P0506,U001,0,0.2965,1,1.335,0.745,0,0.2625,1,0.034,0
P0506,U002,1,0.8425,1,1.433,0.533,0,0.8628,1,0.0203,0
P0506,U003,1,0.9798,1,1.196,0.069,1,0.9667,1,0.0132,0
P0506,U004,0,0.2209,1,1.362,0.587,1,0.1912,1,0.0297,0
P0506,U005,0,0.0364,1,0.842,0.753,0,0.044,1,0.0076,0
P0506,U006,0,0.2443,1,1.511,0.645,0,0.2116,1,0.0327,0
P0506,U007,1,0.3315,0,1.157,0.452,0,0.3903,0,0.0588,0
P0506,U008,1,0.6889,1,1.341,0.834,0,0.7453,1,0.0564,0
P0506,U009,0,0.2058,1,0.919,0.94,1,0.1839,1,0.022,0
P0506,U010,1,0.9455,1,1.29,0.376,1,0.9384,1,0.007,0
P0507,U001,0,0.1463,1,1.335,0.745,1,0.109,1,0.0373,0
P0507,U002,1,0.9921,1,1.433,0.533,0,0.9472,1,0.0449,0
P0507,U003,1,0.965,1,1.196,0.069,0,0.9383,1,0.0268,0
P0507,U004,0,0.0778,1,1.362,0.587,0,0.0787,1,0.0009,0
P0507,U005,0,0.0781,1,0.842,0.753,1,0.0786,1,0.0005,0
P0507,U006,0,0.1631,1,1.511,0.645,1,0.1252,1,0.0379,0
P0507,U007,1,0.803,1,1.157,0.452,1,0.8651,1,0.0621,0
P0507,U008,1,0.9689,1,1.341,0.834,1,0.9418,1,0.0271,0
P0507,U009,0,0.4752,1,0.919,0.94,0,0.3365,1,0.1387,0
P0507,U010,1,0.589,1,1.29,0.376,0,0.7686,1,0.1795,0
P0508,U001,0,0.1099,1,1.335,0.745,0,0.096,1,0.0138,0
P0508,U002,1,0.9242,1,1.433,0.533,0,0.9223,1,0.0019,0
P0508,U003,1,0.931,1,1.196,0.069,0,0.9257,1,0.0053,0
P0508,U004,0,0.4385,1,1.362,0.587,0,0.3131,1,0.1254,0
P0508,U005,0,0.099,1,0.842,0.753,0,0.0924,1,0.0065,0
P0508,U006,0,0.1388,1,1.511,0.645,0,0.1088,1,0.0301,0
P0508,U007,1,0.6462,1,1.157,0.452,0,0.5952,1,-0.051,1
P0508,U008,1,0.8255,1,1.341,0.834,1,0.8598,1,0.0343,0
P0508,U009,0,0.2938,1,0.919,0.94,0,0.2042,1,0.0896,0
P0508,U010,1,0.9675,1,1.29,0.376,0,0.9491,1,0.0184,0
P0509,U001,0,0.3158,1,1.335,0.745,0,0.2405,1,0.0754,0
P0509,U002,1,0.1678,0,1.433,0.533,0,0.4859,0,0.3181,0
P0509,U003,1,0.8221,1,1.196,0.069,1,0.855,1,0.0329,0
P0509,U004,0,0.2388,1,1.362,0.587,0,0.2113,1,0.0276,0
P0509,U005,0,0.0437,1,0.842,0.753,0,0.0498,1,0.0061,0
P0509,U006,0,0.6642,0,1.511,0.645,0,0.5802,0,0.084,0
P0509,U007,1,0.6727,1,1.157,0.452,0,0.7343,1,0.0615,0
P0509,U008,1,0.0707,0,1.341,0.834,1,0.408,0,0.3374,0
P0509,U009,0,0.5406,0,0.919,0.94,0,0.4328,1,0.1078,0
P0509,U010,1,0.257,0,1.29,0.376,0,0.5054,1,0.2484,0
P0510,U001,0,0.0117,1,1.335,0.745,0,0.0293,1,0.0176,0
P0510,U002,1,0.9814,1,1.433,0.533,1,0.9713,1,0.0101,0
P0510,U003,1,0.9578,1,1.196,0.069,0,0.9514,1,0.0065,0
P0510,U004,0,0.1304,1,1.362,0.587,0,0.1217,1,0.0087,0
P0510,U005,0,0.0291,1,0.842,0.753,0,0.0363,1,0.0072,0
P0510,U006,0,0.0504,1,1.511,0.645,0,0.0572,1,0.0068,0
P0510,U007,1,0.9137,1,1.157,0.452,0,0.9146,1,0.0009,0
P0510,U008,1,0.6733,1,1.341,0.834,0,0.7038,1,0.0305,0
P0510,U009,0,0.0247,1,0.919,0.94,0,0.0348,1,0.0102,0
P0510,U010,1,0.8226,1,1.29,0.376,0,0.8408,1,0.0182,0
P0511,U001,0,0.2542,1,1.335,0.745,0,0.183,1,0.0712,0
P0511,U002,1,0.7565,1,1.433,0.533,0,0.838,1,0.0815,0
P0511,U003,1,0.7741,1,1.196,0.069,1,0.8682,1,0.0941,0
P0511,U004,0,0.1693,1,1.362,0.587,1,0.1215,1,0.0478,0
P0511,U005,0,0.0038,1,0.842,0.753,1,0.0272,1,0.0234,0
P0511,U006,0,0.3125,1,1.511,0.645,1,0.184,1,0.1284,0
P0511,U007,1,0.6785,1,1.157,0.452,1,0.7992,1,0.1207,0
P0511,U008,1,0.8881,1,1.341,0.834,1,0.9027,1,0.0145,0
P0511,U009,0,0.1292,1,0.919,0.94,0,0.106,1,0.0232,0
P0511,U010,1,0.4046,0,1.29,0.376,1,0.6628,1,0.2581,0
P0512,U001,0,0.2466,1,1.335,0.745,1,0.1449,1,0.1017,0
P0512,U002,1,0.7224,1,1.433,0.533,1,0.807,1,0.0846,0
P0512,U003,1,0.9304,1,1.196,0.069,1,0.9247,1,0.0058,0
P0512,U004,0,0.408,1,1.362,0.587,1,0.2352,1,0.1728,0
P0512,U005,0,0.2363,1,0.842,0.753,0,0.1715,1,0.0648,0
P0512,U006,0,0.5175,0,1.511,0.645,0,0.3392,1,0.1783,0
P0512,U007,1,0.8653,1,1.157,0.452,0,0.8825,1,0.0172,0
P0512,U008,1,0.7136,1,1.341,0.834,1,0.7752,1,0.0615,0
P0512,U009,0,0.1923,1,0.919,0.94,1,0.1609,1,0.0313,0
P0512,U010,1,0.7692,1,1.29,0.376,1,0.836,1,0.0668,0
P0513,U001,0,0.4052,1,1.335,0.745,0,0.3477,1,0.0575,0
P0513,U002,1,0.5988,1,1.433,0.533,0,0.686,1,0.0872,0
P0513,U003,1,0.8512,1,1.196,0.069,1,0.8623,1,0.0111,0
P0513,U004,0,0.3024,1,1.362,0.587,0,0.3017,1,0.0007,0
P0513,U005,0,0.3124,1,0.842,0.753,0,0.2653,1,0.0472,0
P0513,U006,0,0.3642,1,1.511,0.645,0,0.3257,1,0.0384,0
P0513,U007,1,0.7745,1,1.157,0.452,0,0.7859,1,0.0113,0
P0513,U008,1,0.6571,1,1.341,0.834,1,0.6842,1,0.0271,0
P0513,U009,0,0.6315,0,0.919,0.94,0,0.5336,0,0.0979,0
P0513,U010,1,0.48,0,1.29,0.376,0,0.5735,1,0.0935,0
P0514,U001,0,0.1042,1,1.335,0.745,1,0.1,1,0.0042,0
P0514,U002,1,0.2131,0,1.433,0.533,0,0.3829,0,0.1699,0
P0514,U003,1,0.3848,0,1.196,0.069,1,0.3884,0,0.0036,0
P0514,U004,0,0.342,1,1.362,0.587,1,0.4989,1,-0.1569,1
P0514,U005,0,0.0726,1,0.842,0.753,1,0.074,1,0.0015,0
P0514,U006,0,0.4406,1,1.511,0.645,0,0.3419,1,0.0987,0
P0514,U007,1,0.2905,0,1.157,0.452,0,0.3889,0,0.0985,0
P0514,U008,1,0.1514,0,1.341,0.834,0,0.4313,0,0.28,0
P0514,U009,0,0.3687,1,0.919,0.94,1,0.1434,1,0.2253,1
P0514,U010,1,0.0863,0,1.29,0.376,0,0.3391,0,0.2528,0
P0515,U001,0,0.2566,1,1.335,0.745,0,0.2098,1,0.0467,0
P0515,U002,1,0.862,1,1.433,0.533,0,0.8787,1,0.0167,0
P0515,U003,1,0.9801,1,1.196,0.069,1,0.9637,1,0.0165,0
P0515,U004,0,0.3471,1,1.362,0.587,0,0.2171,1,0.13,0
P0515,U005,0,0.054,1,0.842,0.753,1,0.0566,1,0.0026,0
P0515,U006,0,0.2027,1,1.511,0.645,1,0.1741,1,0.0286,0
P0515,U007,1,0.6742,1,1.157,0.452,1,0.7741,1,0.0999,0
P0515,U008,1,0.9134,1,1.341,0.834,0,0.9151,1,0.0017,0
P0515,U009,0,0.2348,1,0.919,0.94,1,0.1952,1,0.0396,0
P0515,U010,1,0.6736,1,1.29,0.376,1,0.771,1,0.0974,0
P0516,U001,0,0.4864,1,1.335,0.745,0,0.3956,1,0.0908,0
P0516,U002,1,0.3488,0,1.433,0.533,0,0.5407,1,0.1918,0
P0516,U003,1,0.4384,0,1.196,0.069,0,0.5367,1,0.0982,0
P0516,U004,0,0.5622,0,1.362,0.587,0,0.4245,1,0.1377,0
P0516,U005,0,0.4838,1,0.842,0.753,0,0.4081,1,0.0757,0
P0516,U006,0,0.8418,0,1.511,0.645,0,0.6987,0,0.143,0
P0516,U007,1,0.4888,0,1.157,0.452,1,0.6239,1,0.1352,0
P0516,U008,1,0.564,1,1.341,0.834,0,0.6566,1,0.0925,0
P0516,U009,0,0.9605,0,0.919,0.94,1,0.8599,0,0.1006,0
P0516,U010,1,0.189,0,1.29,0.376,0,0.3687,0,0.1798,0
P0517,U001,0,0.3831,1,1.335,0.745,1,0.2949,1,0.0882,0
P0517,U002,1,0.8708,1,1.433,0.533,0,0.8928,1,0.022,0
P0517,U003,1,0.9718,1,1.196,0.069,0,0.9568,1,0.015,0
P0517,U004,0,0.195,1,1.362,0.587,0,0.1645,1,0.0305,0
P0517,U005,0,0.1352,1,0.842,0.753,0,0.1156,1,0.0197,0
P0517,U006,0,0.24,1,1.511,0.645,0,0.1823,1,0.0577,0
P0517,U007,1,0.6065,1,1.157,0.452,0,0.6597,1,0.0533,0
P0517,U008,1,0.8482,1,1.341,0.834,1,0.8762,1,0.028,0
P0517,U009,0,0.5597,0,0.919,0.94,0,0.4719,1,0.0878,0
P0517,U010,1,0.8223,1,1.29,0.376,0,0.8586,1,0.0364,0
P0518,U001,0,0.903,0,1.335,0.745,1,0.7257,0,0.1774,0
P0518,U002,1,0.9235,1,1.433,0.533,0,0.9228,1,0.0007,0
P0518,U003,1,0.622,1,1.196,0.069,0,0.7747,1,0.1527,0
P0518,U004,0,0.6916,0,1.362,0.587,0,0.5113,0,0.1803,0
P0518,U005,0,0.8792,0,0.842,0.753,0,0.6998,0,0.1793,0
P0518,U006,0,0.8875,0,1.511,0.645,0,0.6124,0,0.2752,0
P0518,U007,1,0.2875,0,1.157,0.452,1,0.4397,0,0.1522,0
P0518,U008,1,0.8513,1,1.341,0.834,0,0.8741,1,0.0228,0
P0518,U009,0,0.9915,0,0.919,0.94,0,0.7822,0,0.2093,0
P0518,U010,1,0.4034,0,1.29,0.376,0,0.5486,1,0.1452,0
P0519,U001,0,0.7982,0,1.335,0.745,0,0.7435,0,0.0547,0
P0519,U002,1,0.4072,0,1.433,0.533,1,0.5092,1,0.102,0
P0519,U003,1,0.2655,0,1.196,0.069,0,0.4113,0,0.1458,0
P0519,U004,0,0.5895,0,1.362,0.587,0,0.4894,1,0.1001,0
P0519,U005,0,0.0768,1,0.842,0.753,1,0.1563,1,-0.0731,1
P0519,U006,0,0.3983,1,1.511,0.645,0,0.3475,1,0.0508,0
P0519,U007,1,0.5502,1,1.157,0.452,0,0.599,1,0.0488,0
P0519,U008,1,0.1165,0,1.341,0.834,0,0.1949,0,0.0783,0
P0519,U009,0,0.8221,0,0.919,0.94,1,0.751,0,0.0711,0
P0519,U010,1,0.0578,0,1.29,0.376,0,0.2923,0,0.2344,0
P0520,U001,0,0.4876,1,1.335,0.745,0,0.4741,1,0.0135,0
P0520,U002,1,0.8959,1,1.433,0.533,0,0.9024,1,0.0066,0
P0520,U003,1,0.6206,1,1.196,0.069,0,0.6485,1,0.0279,0
P0520,U004,0,0.4457,1,1.362,0.587,0,0.4585,1,-0.0128,0
P0520,U005,0,0.424,1,0.842,0.753,0,0.3827,1,0.0413,0
P0520,U006,0,0.3745,1,1.511,0.645,0,0.3591,1,0.0154,0
P0520,U007,1,0.1028,0,1.157,0.452,0,0.2208,0,0.118,0
P0520,U008,1,0.1474,0,1.341,0.834,0,0.2378,0,0.0904,0
P0520,U009,0,0.6566,0,0.919,0.94,0,0.5474,0,0.1092,0
P0520,U010,1,0.0365,0,1.29,0.376,0,0.1786,0,0.1421,0
P0521,U001,0,0.9122,0,1.335,0.745,1,0.9368,0,-0.0246,0
P0521,U002,1,0.7596,1,1.433,0.533,0,0.7742,1,0.0146,0
P0521,U003,1,0.9213,1,1.196,0.069,0,0.9212,1,0.0001,0
P0521,U004,0,0.9244,0,1.362,0.587,0,0.8963,0,0.0281,0
P0521,U005,0,0.9541,0,0.842,0.753,1,0.99,0,-0.0359,0
P0521,U006,0,0.6388,0,1.511,0.645,0,0.5581,0,0.0807,0
P0521,U007,1,0.5435,1,1.157,0.452,1,0.5291,1,-0.0144,0
P0521,U008,1,0.7386,1,1.341,0.834,0,0.7204,1,-0.0181,0
P0521,U009,0,0.9028,0,0.919,0.94,0,0.8017,0,0.1011,0
P0521,U010,1,0.4757,0,1.29,0.376,0,0.5002,1,0.0244,0
P0522,U001,0,0.203,1,1.335,0.745,1,0.1386,1,0.0644,0
P0522,U002,1,0.9908,1,1.433,0.533,1,0.9448,1,0.046,0
P0522,U003,1,0.9967,1,1.196,0.069,1,0.9572,1,0.0396,0
P0522,U004,0,0.0702,1,1.362,0.587,1,0.0753,1,0.0051,0
P0522,U005,0,0.0377,1,0.842,0.753,1,0.0579,1,0.0202,0
P0522,U006,0,0.3092,1,1.511,0.645,1,0.1695,1,0.1397,0
P0522,U007,1,0.9818,1,1.157,0.452,1,0.952,1,0.0298,0
P0522,U008,1,0.9669,1,1.341,0.834,0,0.9406,1,0.0263,0
P0522,U009,0,0.1468,1,0.919,0.94,1,0.116,1,0.0308,0
P0522,U010,1,0.9867,1,1.29,0.376,1,0.9479,1,0.0388,0
P0523,U001,0,0.3751,1,1.335,0.745,0,0.2667,1,0.1083,0
P0523,U002,1,0.5804,1,1.433,0.533,0,0.7218,1,0.1415,0
P0523,U003,1,0.8868,1,1.196,0.069,0,0.9033,1,0.0165,0
P0523,U004,0,0.56,0,1.362,0.587,0,0.4263,1,0.1336,0
P0523,U005,0,0.5353,0,0.842,0.753,0,0.4119,1,0.1234,0
P0523,U006,0,0.5377,0,1.511,0.645,0,0.3985,1,0.1392,0
P0523,U007,1,0.6711,1,1.157,0.452,1,0.7822,1,0.1111,0
P0523,U008,1,0.7939,1,1.341,0.834,0,0.8393,1,0.0455,0
P0523,U009,0,0.5074,0,0.919,0.94,0,0.3905,1,0.117,0
P0523,U010,1,0.4404,0,1.29,0.376,1,0.647,1,0.2067,0
P0524,U001,0,0.5556,0,1.335,0.745,1,0.4595,1,0.0961,0
P0524,U002,1,0.99,1,1.433,0.533,0,0.9771,1,0.0129,0
P0524,U003,1,0.9971,1,1.196,0.069,0,0.9659,1,0.0312,0
P0524,U004,0,0.758,0,1.362,0.587,1,0.5874,0,0.1707,0
P0524,U005,0,0.6213,0,0.842,0.753,1,0.4003,1,0.2211,0
P0524,U006,0,0.9696,0,1.511,0.645,1,0.5957,0,0.3739,0
P0524,U007,1,0.9814,1,1.157,0.452,0,0.9638,1,0.0176,0
P0524,U008,1,0.9115,1,1.341,0.834,0,0.9147,1,0.0032,0
P0524,U009,0,0.8525,0,0.919,0.94,1,0.6819,0,0.1707,0
P0524,U010,1,0.9958,1,1.29,0.376,1,0.9735,1,0.0222,0
P0525,U001,0,0.1506,1,1.335,0.745,1,0.1223,1,0.0283,0
P0525,U002,1,0.1699,0,1.433,0.533,0,0.5046,1,0.3346,0
P0525,U003,1,0.6519,1,1.196,0.069,0,0.7087,1,0.0568,1
P0525,U004,0,0.0979,1,1.362,0.587,0,0.3164,1,-0.2184,1
P0525,U005,0,0.012,1,0.842,0.753,0,0.0398,1,0.0278,0
P0525,U006,0,0.2068,1,1.511,0.645,0,0.1561,1,0.0506,0
P0525,U007,1,0.2021,0,1.157,0.452,1,0.3604,0,0.1583,0
P0525,U008,1,0.9176,1,1.341,0.834,1,0.9186,1,0.001,0
P0525,U009,0,0.1686,1,0.919,0.94,1,0.4367,1,-0.2681,1
P0525,U010,1,0.4066,0,1.29,0.376,1,0.7297,1,0.3231,1
P0526,U001,0,0.5619,0,1.335,0.745,1,0.3137,1,0.2482,0
P0526,U002,1,0.9867,1,1.433,0.533,1,0.9609,1,0.0258,0
P0526,U003,1,0.9275,1,1.196,0.069,1,0.9232,1,0.0043,0
P0526,U004,0,0.2877,1,1.362,0.587,0,0.1754,1,0.1123,0
P0526,U005,0,0.038,1,0.842,0.753,1,0.0553,1,0.0173,0
P0526,U006,0,0.3449,1,1.511,0.645,0,0.1793,1,0.1655,0
P0526,U007,1,0.8141,1,1.157,0.452,1,0.8603,1,0.0461,0
P0526,U008,1,0.8246,1,1.341,0.834,1,0.8634,1,0.0388,0
P0526,U009,0,0.7586,0,0.919,0.94,0,0.4722,1,0.2864,0
P0526,U010,1,0.9012,1,1.29,0.376,0,0.9106,1,0.0094,0
P0527,U001,0,0.8401,0,1.335,0.745,1,0.4249,1,0.4152,0
P0527,U002,1,0.6744,1,1.433,0.533,1,0.7957,1,0.1212,0
P0527,U003,1,0.852,1,1.196,0.069,1,0.8933,1,0.0412,0
P0527,U004,0,0.3329,1,1.362,0.587,1,0.2098,1,0.123,0
P0527,U005,0,0.5892,0,0.842,0.753,1,0.3595,1,0.2297,0
P0527,U006,0,0.3558,1,1.511,0.645,1,0.2469,1,0.1088,0
P0527,U007,1,0.6055,1,1.157,0.452,1,0.5978,1,-0.0077,1
P0527,U008,1,0.6547,1,1.341,0.834,1,0.7865,1,0.1318,0
P0527,U009,0,0.8799,0,0.919,0.94,0,0.5322,0,0.3476,0
P0527,U010,1,0.4931,0,1.29,0.376,1,0.7573,1,0.2642,0
P0528,U001,0,0.8271,0,1.335,0.745,1,0.4286,1,0.3985,0
P0528,U002,1,0.9238,1,1.433,0.533,0,0.9216,1,0.0022,0
P0528,U003,1,0.9381,1,1.196,0.069,1,0.9285,1,0.0096,0
P0528,U004,0,0.8673,0,1.362,0.587,1,0.4644,1,0.4029,0
P0528,U005,0,0.5115,0,0.842,0.753,1,0.2992,1,0.2123,0
P0528,U006,0,0.9788,0,1.511,0.645,0,0.5222,0,0.4566,0
P0528,U007,1,0.3861,0,1.157,0.452,0,0.6776,1,0.2915,0
P0528,U008,1,0.9757,1,1.341,0.834,0,0.9479,1,0.0279,0
P0528,U009,0,0.6313,0,0.919,0.94,1,0.3444,1,0.2869,0
P0528,U010,1,0.948,1,1.29,0.376,0,0.9344,1,0.0136,0
P0529,U001,0,0.0797,1,1.335,0.745,1,0.01,1,-0.0697,1
P0529,U002,1,0.9794,1,1.433,0.533,0,0.9551,1,0.0244,0
P0529,U003,1,0.9363,1,1.196,0.069,0,0.9277,1,0.0086,0
P0529,U004,0,0.0786,1,1.362,0.587,0,0.0795,1,0.0008,0
P0529,U005,0,0.0043,1,0.842,0.753,0,0.0408,1,0.0365,0
P0529,U006,0,0.0415,1,1.511,0.645,1,0.0634,1,0.0219,0
P0529,U007,1,0.7717,1,1.157,0.452,1,0.8435,1,0.0718,0
P0529,U008,1,0.8039,1,1.341,0.834,1,0.8446,1,0.0407,0
P0529,U009,0,0.1407,1,0.919,0.94,0,0.0433,1,0.0239,1
P0529,U010,1,0.9219,1,1.29,0.376,1,0.921,1,0.0009,0
P0530,U001,0,0.1337,1,1.335,0.745,0,0.1169,1,0.0168,0
P0530,U002,1,0.4217,0,1.433,0.533,0,0.505,1,0.0833,0
P0530,U003,1,0.8629,1,1.196,0.069,1,0.8802,1,0.0173,0
P0530,U004,0,0.288,1,1.362,0.587,1,0.2542,1,0.0337,0
P0530,U005,0,0.032,1,0.842,0.753,0,0.0478,1,0.0158,0
P0530,U006,0,0.0972,1,1.511,0.645,1,0.0926,1,0.0047,0
P0530,U007,1,0.6833,1,1.157,0.452,0,0.7254,1,0.0421,0
P0530,U008,1,0.2116,0,1.341,0.834,1,0.4199,0,0.2083,0
P0530,U009,0,0.1663,1,0.919,0.94,1,0.1474,1,0.0189,0
P0530,U010,1,0.2587,0,1.29,0.376,1,0.4746,0,0.2159,0
P0531,U001,0,0.0859,1,1.335,0.745,0,0.0837,1,0.0022,0
P0531,U002,1,0.9447,1,1.433,0.533,1,0.9297,1,0.015,0
P0531,U003,1,0.8469,1,1.196,0.069,1,0.885,1,0.0381,0
P0531,U004,0,0.0198,1,1.362,0.587,0,0.0418,1,0.022,0
P0531,U005,0,0.0097,1,0.842,0.753,0,0.0408,1,0.0311,0
P0531,U006,0,0.1305,1,1.511,0.645,1,0.105,1,0.0254,0
P0531,U007,1,0.928,1,1.157,0.452,1,0.9241,1,0.0039,0
P0531,U008,1,0.741,1,1.341,0.834,1,0.8378,1,0.0968,0
P0531,U009,0,0.1347,1,0.919,0.94,1,0.1138,1,0.0209,0
P0531,U010,1,0.8561,1,1.29,0.376,1,0.8817,1,0.0255,0
P0532,U001,0,0.5973,0,1.335,0.745,0,0.4741,1,0.1232,0
P0532,U002,1,0.9635,1,1.433,0.533,0,0.9551,1,0.0084,0
P0532,U003,1,0.9493,1,1.196,0.069,0,0.9413,1,0.008,0
P0532,U004,0,0.644,0,1.362,0.587,0,0.4536,1,0.1904,0
P0532,U005,0,0.1376,1,0.842,0.753,0,0.123,1,0.0146,0
P0532,U006,0,0.4076,1,1.511,0.645,0,0.2801,1,0.1274,0
P0532,U007,1,0.7446,1,1.157,0.452,1,0.7786,1,0.034,0
P0532,U008,1,0.9073,1,1.341,0.834,1,0.9121,1,0.0048,0
P0532,U009,0,0.8137,0,0.919,0.94,1,0.5937,0,0.22,0
P0532,U010,1,0.9444,1,1.29,0.376,1,0.9392,1,0.0052,0
P0533,U001,0,0.354,1,1.335,0.745,0,0.3563,1,-0.0024,0
P0533,U002,1,0.4414,0,1.433,0.533,0,0.4925,0,0.0511,0
P0533,U003,1,0.3049,0,1.196,0.069,1,0.363,0,0.0581,1
P0533,U004,0,0.4213,1,1.362,0.587,0,0.4298,1,-0.0085,0
P0533,U005,0,0.2209,1,0.842,0.753,1,0.1855,1,0.0354,0
P0533,U006,0,0.753,0,1.511,0.645,1,0.7721,0,-0.0192,0
P0533,U007,1,0.0803,0,1.157,0.452,0,0.1161,0,0.0357,0
P0533,U008,1,0.2192,0,1.341,0.834,1,0.1571,0,-0.0621,0
P0533,U009,0,0.9164,0,0.919,0.94,0,0.966,0,-0.0496,0
P0533,U010,1,0.0653,0,1.29,0.376,0,0.086,0,0.0207,0
P0534,U001,0,0.6544,0,1.335,0.745,0,0.3953,1,0.2591,0
P0534,U002,1,0.8314,1,1.433,0.533,0,0.8673,1,0.0358,0
P0534,U003,1,0.889,1,1.196,0.069,0,0.9047,1,0.0156,0
P0534,U004,0,0.0774,1,1.362,0.587,0,0.0783,1,0.0009,0
P0534,U005,0,0.0686,1,0.842,0.753,0,0.0725,1,0.0038,0
P0534,U006,0,0.4661,1,1.511,0.645,0,0.3205,1,0.1456,0
P0534,U007,1,0.5808,1,1.157,0.452,1,0.7884,1,0.2077,1
P0534,U008,1,0.4876,0,1.341,0.834,0,0.695,1,0.2074,0
P0534,U009,0,0.1843,1,0.919,0.94,0,0.147,1,0.0373,0
P0534,U010,1,0.5713,1,1.29,0.376,0,0.7294,1,0.158,0
P0535,U001,0,0.7521,0,1.335,0.745,0,0.5665,0,0.1856,0
P0535,U002,1,0.8953,1,1.433,0.533,1,0.9003,1,0.005,0
P0535,U003,1,0.9908,1,1.196,0.069,0,0.9792,1,0.0116,0
P0535,U004,0,0.8344,0,1.362,0.587,1,0.8718,0,-0.0374,1
P0535,U005,0,0.737,0,0.842,0.753,0,0.6247,0,0.1123,0
P0535,U006,0,0.835,0,1.511,0.645,0,0.6969,0,0.1381,0
P0535,U007,1,0.6393,1,1.157,0.452,0,0.6801,1,0.0408,0
P0535,U008,1,0.7354,1,1.341,0.834,0,0.7724,1,0.037,0
P0535,U009,0,0.9145,0,0.919,0.94,0,0.7613,0,0.1532,0
P0535,U010,1,0.7,1,1.29,0.376,0,0.7325,1,0.0326,0
P0536,U001,0,0.7651,0,1.335,0.745,1,0.5428,0,0.2223,0
P0536,U002,1,0.5158,1,1.433,0.533,0,0.6274,1,0.1116,0
P0536,U003,1,0.8966,1,1.196,0.069,0,0.9065,1,0.0099,0
P0536,U004,0,0.8397,0,1.362,0.587,1,0.5245,0,0.3152,0
P0536,U005,0,0.7896,0,0.842,0.753,1,0.6813,0,0.1083,0
P0536,U006,0,0.9487,0,1.511,0.645,0,0.6671,0,0.2816,0
P0536,U007,1,0.6597,1,1.157,0.452,1,0.7735,1,0.1138,0
P0536,U008,1,0.5996,1,1.341,0.834,0,0.7038,1,0.1043,0
P0536,U009,0,0.9395,0,0.919,0.94,0,0.8084,0,0.131,0
P0536,U010,1,0.1972,0,1.29,0.376,0,0.4115,0,0.2143,0
P0537,U001,0,0.3024,1,1.335,0.745,0,0.234,1,0.0683,0
P0537,U002,1,0.5826,1,1.433,0.533,1,0.6605,1,0.0779,0
P0537,U003,1,0.5792,1,1.196,0.069,0,0.6683,1,0.0891,0
P0537,U004,0,0.4112,1,1.362,0.587,0,0.317,1,0.0942,0
P0537,U005,0,0.7006,0,0.842,0.753,0,0.6894,0,0.0112,0
P0537,U006,0,0.7393,0,1.511,0.645,1,0.99,0,-0.2507,1
P0537,U007,1,0.733,1,1.157,0.452,0,0.7795,1,0.0465,0
P0537,U008,1,0.7533,1,1.341,0.834,0,0.7942,1,0.0409,0
P0537,U009,0,0.5601,0,0.919,0.94,0,0.5032,0,0.0569,0
P0537,U010,1,0.2162,0,1.29,0.376,1,0.2867,0,0.0705,0
P0538,U001,0,0.267,1,1.335,0.745,0,0.1926,1,0.0744,0
P0538,U002,1,0.4925,0,1.433,0.533,1,0.6466,1,0.1541,0
P0538,U003,1,0.4203,0,1.196,0.069,0,0.5616,1,0.1413,0
P0538,U004,0,0.5484,0,1.362,0.587,0,0.3123,1,0.2361,0
P0538,U005,0,0.0145,1,0.842,0.753,1,0.0383,1,0.0239,0
P0538,U006,0,0.2532,1,1.511,0.645,0,0.1633,1,0.0899,0
P0538,U007,1,0.3699,0,1.157,0.452,1,0.618,1,0.2481,0
P0538,U008,1,0.0389,0,1.341,0.834,0,0.394,0,0.3551,0
P0538,U009,0,0.1878,1,0.919,0.94,0,0.1464,1,0.0414,0
P0538,U010,1,0.0455,0,1.29,0.376,1,0.467,0,0.4215,0
P0539,U001,0,0.2846,1,1.335,0.745,0,0.1961,1,0.0885,0
P0539,U002,1,0.9229,1,1.433,0.533,0,0.9218,1,0.0011,0
P0539,U003,1,0.7849,1,1.196,0.069,1,0.8511,1,0.0662,0
P0539,U004,0,0.8325,0,1.362,0.587,0,0.5254,0,0.3071,0
P0539,U005,0,0.126,1,0.842,0.753,1,0.0836,1,0.0425,1
P0539,U006,0,0.4425,1,1.511,0.645,0,0.263,1,0.1794,0
P0539,U007,1,0.9358,1,1.157,0.452,1,0.9296,1,0.0062,0
P0539,U008,1,0.8402,1,1.341,0.834,1,0.8728,1,0.0325,0
P0539,U009,0,0.5979,0,0.919,0.94,1,0.4517,1,0.1462,0
P0539,U010,1,0.8997,1,1.29,0.376,1,0.9118,1,0.0121,0
P0540,U001,0,0.0677,1,1.335,0.745,0,0.0702,1,0.0025,0
P0540,U002,1,0.8597,1,1.433,0.533,0,0.8883,1,0.0286,0
P0540,U003,1,0.7961,1,1.196,0.069,1,0.849,1,0.0529,0
P0540,U004,0,0.1848,1,1.362,0.587,0,0.1448,1,0.0399,0
P0540,U005,0,0.0097,1,0.842,0.753,0,0.0271,1,0.0174,0
P0540,U006,0,0.0708,1,1.511,0.645,1,0.0745,1,0.0036,0
P0540,U007,1,0.7169,1,1.157,0.452,1,0.7725,1,0.0556,0
P0540,U008,1,0.7035,1,1.341,0.834,0,0.792,1,0.0885,0
P0540,U009,0,0.0203,1,0.919,0.94,1,0.0378,1,0.0175,0
P0540,U010,1,0.7401,1,1.29,0.376,1,0.8362,1,0.0961,0
P0541,U001,0,0.8062,0,1.335,0.745,1,0.7344,0,0.0718,0
P0541,U002,1,0.3075,0,1.433,0.533,0,0.4131,0,0.1057,0
P0541,U003,1,0.2427,0,1.196,0.069,1,0.2963,0,0.0537,0
P0541,U004,0,0.757,0,1.362,0.587,1,0.9677,0,-0.2106,1
P0541,U005,0,0.3118,1,0.842,0.753,0,0.2951,1,0.0167,0
P0541,U006,0,0.6167,0,1.511,0.645,0,0.5177,0,0.099,0
P0541,U007,1,0.2578,0,1.157,0.452,0,0.3825,0,0.1246,0
P0541,U008,1,0.1588,0,1.341,0.834,1,0.3701,0,0.2114,0
P0541,U009,0,0.9689,0,0.919,0.94,0,0.8513,0,0.1176,0
P0541,U010,1,0.1339,0,1.29,0.376,1,0.151,0,0.0171,1
P0542,U001,0,0.1292,1,1.335,0.745,0,0.1164,1,0.0128,0
P0542,U002,1,0.782,1,1.433,0.533,0,0.8226,1,0.0406,0
P0542,U003,1,0.954,1,1.196,0.069,1,0.9406,1,0.0133,0
P0542,U004,0,0.1312,1,1.362,0.587,0,0.1138,1,0.0173,0
P0542,U005,0,0.0832,1,0.842,0.753,0,0.082,1,0.0012,0
P0542,U006,0,0.3767,1,1.511,0.645,1,0.2875,1,0.0892,0
P0542,U007,1,0.7276,1,1.157,0.452,0,0.7815,1,0.0539,0
P0542,U008,1,0.8518,1,1.341,0.834,1,0.8802,1,0.0284,0
P0542,U009,0,0.5687,0,0.919,0.94,1,0.3501,1,0.2187,0
P0542,U010,1,0.7788,1,1.29,0.376,0,0.839,1,0.0602,0
P0543,U001,0,0.1645,1,1.335,0.745,0,0.1499,1,0.0146,0
P0543,U002,1,0.4963,0,1.433,0.533,0,0.5233,1,0.0271,0
P0543,U003,1,0.3953,0,1.196,0.069,0,0.5044,1,0.1091,0
P0543,U004,0,0.1829,1,1.362,0.587,0,0.1572,1,0.0257,0
P0543,U005,0,0.0694,1,0.842,0.753,0,0.0697,1,0.0002,0
P0543,U006,0,0.442,1,1.511,0.645,0,0.3549,1,0.087,0
P0543,U007,1,0.561,1,1.157,0.452,0,0.6299,1,0.0689,0
P0543,U008,1,0.3195,0,1.341,0.834,0,0.5076,1,0.188,0
P0543,U009,0,0.7348,0,0.919,0.94,1,0.6413,0,0.0935,0
P0543,U010,1,0.0809,0,1.29,0.376,0,0.1745,0,0.0937,0
P0544,U001,0,0.9806,0,1.335,0.745,0,0.8846,0,0.096,0
P0544,U002,1,0.2355,0,1.433,0.533,1,0.215,0,-0.0205,0
P0544,U003,1,0.725,1,1.196,0.069,0,0.7236,1,-0.0013,0
P0544,U004,0,0.7828,0,1.362,0.587,1,0.8856,0,-0.1028,1
P0544,U005,0,0.9629,0,0.842,0.753,0,0.9409,0,0.0221,0
P0544,U006,0,0.9806,0,1.511,0.645,0,0.863,0,0.1177,0
P0544,U007,1,0.5718,1,1.157,0.452,0,0.5667,1,-0.0051,0
P0544,U008,1,0.1817,0,1.341,0.834,0,0.2934,0,0.1116,0
P0544,U009,0,0.9908,0,0.919,0.94,0,0.8187,0,0.1721,0
P0544,U010,1,0.2187,0,1.29,0.376,0,0.2934,0,0.0747,0
P0545,U001,0,0.594,0,1.335,0.745,1,0.3739,1,0.2201,0
P0545,U002,1,0.9051,1,1.433,0.533,0,0.913,1,0.0079,0
P0545,U003,1,0.6742,1,1.196,0.069,1,0.7696,1,0.0954,0
P0545,U004,0,0.2595,1,1.362,0.587,1,0.1807,1,0.0788,0
P0545,U005,0,0.6258,0,0.842,0.753,0,0.3581,1,0.2676,0
P0545,U006,0,0.8424,0,1.511,0.645,0,0.5642,0,0.2782,0
P0545,U007,1,0.292,0,1.157,0.452,0,0.5083,1,0.2163,0
P0545,U008,1,0.3445,0,1.341,0.834,0,0.5777,1,0.2332,0
P0545,U009,0,0.7855,0,0.919,0.94,0,0.5686,0,0.2169,0
P0545,U010,1,0.556,1,1.29,0.376,1,0.6964,1,0.1405,0
P0546,U001,0,0.6434,0,1.335,0.745,0,0.5219,0,0.1215,0
P0546,U002,1,0.8935,1,1.433,0.533,0,0.8992,1,0.0056,0
P0546,U003,1,0.9505,1,1.196,0.069,0,0.9415,1,0.009,0
P0546,U004,0,0.4531,1,1.362,0.587,0,0.4091,1,0.0441,0
P0546,U005,0,0.6644,0,0.842,0.753,0,0.5094,0,0.155,0
P0546,U006,0,0.6713,0,1.511,0.645,0,0.6094,0,0.0618,0
P0546,U007,1,0.3145,0,1.157,0.452,0,0.451,0,0.1365,0
P0546,U008,1,0.6552,1,1.341,0.834,1,0.7017,1,0.0465,0
P0546,U009,0,0.7392,0,0.919,0.94,0,0.613,0,0.1261,0
P0546,U010,1,0.423,0,1.29,0.376,0,0.4724,0,0.0494,0
P0547,U001,0,0.5356,0,1.335,0.745,0,0.383,1,0.1526,0
P0547,U002,1,0.9933,1,1.433,0.533,0,0.9825,1,0.0108,0
P0547,U003,1,0.9773,1,1.196,0.069,1,0.9668,1,0.0105,0
P0547,U004,0,0.12,1,1.362,0.587,1,0.1069,1,0.0131,0
P0547,U005,0,0.5275,0,0.842,0.753,1,0.4863,1,0.0412,0
P0547,U006,0,0.743,0,1.511,0.645,1,0.5977,0,0.1453,0
P0547,U007,1,0.7297,1,1.157,0.452,0,0.7725,1,0.0428,0
P0547,U008,1,0.9053,1,1.341,0.834,0,0.9101,1,0.0048,0
P0547,U009,0,0.4225,1,0.919,0.94,0,0.3695,1,0.053,0
P0547,U010,1,0.961,1,1.29,0.376,0,0.9558,1,0.0052,0
P0548,U001,0,0.8928,0,1.335,0.745,0,0.8176,0,0.0752,0
P0548,U002,1,0.226,0,1.433,0.533,0,0.3371,0,0.1111,0
P0548,U003,1,0.1301,0,1.196,0.069,0,0.2751,0,0.145,0
P0548,U004,0,0.7917,0,1.362,0.587,0,0.7418,0,0.05,0
P0548,U005,0,0.2362,1,0.842,0.753,0,0.211,1,0.0252,0
P0548,U006,0,0.7475,0,1.511,0.645,0,0.636,0,0.1116,0
P0548,U007,1,0.0955,0,1.157,0.452,0,0.1261,0,0.0306,0
P0548,U008,1,0.1293,0,1.341,0.834,0,0.1327,0,0.0034,0
P0548,U009,0,0.5484,0,0.919,0.94,0,0.5158,0,0.0326,0
P0548,U010,1,0.086,0,1.29,0.376,1,0.0917,0,0.0057,0
P0549,U001,0,0.2469,1,1.335,0.745,0,0.2133,1,0.0336,0
P0549,U002,1,0.0828,0,1.433,0.533,1,0.2479,0,0.1651,0
P0549,U003,1,0.3684,0,1.196,0.069,1,0.2476,0,-0.1207,1
P0549,U004,0,0.3953,1,1.362,0.587,1,0.3063,1,0.089,0
P0549,U005,0,0.3963,1,0.842,0.753,1,0.3658,1,0.0305,0
P0549,U006,0,0.7514,0,1.511,0.645,0,0.645,0,0.1064,0
P0549,U007,1,0.3413,0,1.157,0.452,0,0.4537,0,0.1124,0
P0549,U008,1,0.1051,0,1.341,0.834,0,0.2755,0,0.1704,0
P0549,U009,0,0.4458,1,0.919,0.94,0,0.07,1,0.3557,1
P0549,U010,1,0.5079,1,1.29,0.376,1,0.5949,1,0.087,0
P0550,U001,0,0.0157,1,1.335,0.745,0,0.0352,1,0.0195,0
P0550,U002,1,0.9776,1,1.433,0.533,0,0.9431,1,0.0345,0
P0550,U003,1,0.8055,1,1.196,0.069,0,0.8552,1,0.0497,0
P0550,U004,0,0.0361,1,1.362,0.587,0,0.0536,1,0.0175,0
P0550,U005,0,0.0019,1,0.842,0.753,1,0.0261,1,0.0242,0
P0550,U006,0,0.0527,1,1.511,0.645,0,0.0686,1,0.016,0
P0550,U007,1,0.5438,1,1.157,0.452,0,0.6943,1,0.1505,0
P0550,U008,1,0.7505,1,1.341,0.834,0,0.8096,1,0.0591,0
P0550,U009,0,0.0437,1,0.919,0.94,0,0.0573,1,0.0136,0
P0550,U010,1,0.6533,1,1.29,0.376,1,0.7345,1,0.0812,0
P0551,U001,0,0.1227,1,1.335,0.745,1,0.1117,1,0.011,0
P0551,U002,1,0.993,1,1.433,0.533,1,0.9676,1,0.0254,0
P0551,U003,1,0.9845,1,1.196,0.069,1,0.9555,1,0.029,0
P0551,U004,0,0.2642,1,1.362,0.587,0,0.1901,1,0.0741,0
P0551,U005,0,0.2136,1,0.842,0.753,1,0.1709,1,0.0427,0
P0551,U006,0,0.2887,1,1.511,0.645,0,0.1818,1,0.1069,0
P0551,U007,1,0.8504,1,1.157,0.452,1,0.8752,1,0.0248,0
P0551,U008,1,0.9098,1,1.341,0.834,0,0.9148,1,0.0051,0
P0551,U009,0,0.3231,1,0.919,0.94,0,0.232,1,0.091,0
P0551,U010,1,0.9336,1,1.29,0.376,1,0.9286,1,0.005,0
P0552,U001,0,0.1422,1,1.335,0.745,0,0.1422,1,0.0,0
P0552,U002,1,0.1784,0,1.433,0.533,0,0.2602,0,0.0818,0
P0552,U003,1,0.3054,0,1.196,0.069,0,0.3424,0,0.037,0
P0552,U004,0,0.1543,1,1.362,0.587,0,0.1415,1,0.0128,0
P0552,U005,0,0.0397,1,0.842,0.753,0,0.0462,1,0.0064,0
P0552,U006,0,0.1514,1,1.511,0.645,0,0.136,1,0.0154,0
P0552,U007,1,0.1781,0,1.157,0.452,1,0.217,0,0.0389,0
P0552,U008,1,0.0654,0,1.341,0.834,0,0.2701,0,0.2047,0
P0552,U009,0,0.3128,1,0.919,0.94,0,0.2809,1,0.032,0
P0552,U010,1,0.1136,0,1.29,0.376,0,0.3445,0,0.2309,0
P0553,U001,0,0.082,1,1.335,0.745,1,0.0809,1,0.001,0
P0553,U002,1,0.9656,1,1.433,0.533,0,0.9414,1,0.0242,0
P0553,U003,1,0.9696,1,1.196,0.069,1,0.9458,1,0.0238,0
P0553,U004,0,0.1867,1,1.362,0.587,1,0.1343,1,0.0524,0
P0553,U005,0,0.0064,1,0.842,0.753,1,0.0288,1,0.0225,0
P0553,U006,0,0.0547,1,1.511,0.645,1,0.0705,1,0.0157,0
P0553,U007,1,0.8227,1,1.157,0.452,1,0.8716,1,0.0488,0
P0553,U008,1,0.984,1,1.341,0.834,1,0.9557,1,0.0283,0
P0553,U009,0,0.0298,1,0.919,0.94,1,0.0464,1,0.0166,0
P0553,U010,1,0.9727,1,1.29,0.376,1,0.9469,1,0.0258,0
P0554,U001,0,0.2731,1,1.335,0.745,0,0.2337,1,0.0394,0
P0554,U002,1,0.7347,1,1.433,0.533,1,0.6161,1,-0.1186,1
P0554,U003,1,0.9183,1,1.196,0.069,1,0.8516,1,-0.0667,1
P0554,U004,0,0.4805,1,1.362,0.587,0,0.4247,1,0.0558,0
P0554,U005,0,0.1819,1,0.842,0.753,0,0.1673,1,0.0146,0
P0554,U006,0,0.6757,0,1.511,0.645,1,0.555,0,0.1207,0
P0554,U007,1,0.8029,1,1.157,0.452,0,0.8164,1,0.0135,0
P0554,U008,1,0.8383,1,1.341,0.834,0,0.8512,1,0.0129,0
P0554,U009,0,0.6611,0,0.919,0.94,1,0.8887,0,-0.2276,1
P0554,U010,1,0.7506,1,1.29,0.376,1,0.748,1,-0.0025,0
P0555,U001,0,0.4673,1,1.335,0.745,0,0.3419,1,0.1254,0
P0555,U002,1,0.6508,1,1.433,0.533,1,0.7389,1,0.088,0
P0555,U003,1,0.9756,1,1.196,0.069,0,0.954,1,0.0217,0
P0555,U004,0,0.3531,1,1.362,0.587,0,0.2576,1,0.0956,0
P0555,U005,0,0.0546,1,0.842,0.753,0,0.0613,1,0.0067,0
P0555,U006,0,0.2484,1,1.511,0.645,1,0.1704,1,0.078,0
P0555,U007,1,0.7477,1,1.157,0.452,1,0.819,1,0.0713,0
P0555,U008,1,0.8039,1,1.341,0.834,1,0.6088,1,-0.1951,1
P0555,U009,0,0.5998,0,0.919,0.94,0,0.4971,1,0.1028,0
P0555,U010,1,0.6245,1,1.29,0.376,0,0.7112,1,0.0867,0
P0556,U001,0,0.6353,0,1.335,0.745,1,0.5059,0,0.1294,0
P0556,U002,1,0.5736,1,1.433,0.533,1,0.669,1,0.0954,0
P0556,U003,1,0.5555,1,1.196,0.069,1,0.7799,1,0.2244,1
P0556,U004,0,0.7384,0,1.362,0.587,0,0.5405,0,0.1979,0
P0556,U005,0,0.1563,1,0.842,0.753,0,0.1388,1,0.0175,0
P0556,U006,0,0.609,0,1.511,0.645,0,0.5501,0,0.059,0
P0556,U007,1,0.7239,1,1.157,0.452,0,0.6575,1,-0.0664,1
P0556,U008,1,0.2545,0,1.341,0.834,1,0.3788,0,0.1244,0
P0556,U009,0,0.7913,0,0.919,0.94,1,0.5783,0,0.213,0
P0556,U010,1,0.2481,0,1.29,0.376,1,0.064,0,-0.1841,1
P0557,U001,0,0.4562,1,1.335,0.745,0,0.2944,1,0.1618,0
P0557,U002,1,0.9586,1,1.433,0.533,0,0.9454,1,0.0132,0
P0557,U003,1,0.6765,1,1.196,0.069,1,0.7697,1,0.0932,0
P0557,U004,0,0.6053,0,1.362,0.587,0,0.5316,0,0.0737,0
P0557,U005,0,0.0457,1,0.842,0.753,1,0.0514,1,0.0058,0
P0557,U006,0,0.3013,1,1.511,0.645,0,0.2436,1,0.0577,0
P0557,U007,1,0.5212,1,1.157,0.452,0,0.6335,1,0.1123,0
P0557,U008,1,0.5942,1,1.341,0.834,0,0.6538,1,0.0595,0
P0557,U009,0,0.7745,0,0.919,0.94,0,0.6753,0,0.0992,0
P0557,U010,1,0.8503,1,1.29,0.376,0,0.856,1,0.0057,0
P0558,U001,0,0.1158,1,1.335,0.745,0,0.1001,1,0.0157,0
P0558,U002,1,0.9373,1,1.433,0.533,0,0.9281,1,0.0092,0
P0558,U003,1,0.922,1,1.196,0.069,0,0.99,1,-0.068,1
P0558,U004,0,0.1835,1,1.362,0.587,0,0.1425,1,0.0409,0
P0558,U005,0,0.0358,1,0.842,0.753,1,0.0494,1,0.0136,0
P0558,U006,0,0.3671,1,1.511,0.645,0,0.2692,1,0.0978,0
P0558,U007,1,0.9042,1,1.157,0.452,0,0.9127,1,0.0086,0
P0558,U008,1,0.1632,0,1.341,0.834,1,0.5521,1,0.3889,0
P0558,U009,0,0.0548,1,0.919,0.94,0,0.0637,1,0.0089,0
P0558,U010,1,0.8314,1,1.29,0.376,1,0.8659,1,0.0345,0
P0559,U001,0,0.7074,0,1.335,0.745,0,0.663,0,0.0443,0
P0559,U002,1,0.4397,0,1.433,0.533,0,0.4989,0,0.0592,0
P0559,U003,1,0.7997,1,1.196,0.069,0,0.8149,1,0.0152,0
P0559,U004,0,0.5359,0,1.362,0.587,0,0.4703,1,0.0656,0
P0559,U005,0,0.7654,0,0.842,0.753,0,0.6444,0,0.1211,0
P0559,U006,0,0.962,0,1.511,0.645,0,0.68,0,0.282,0
P0559,U007,1,0.4323,0,1.157,0.452,0,0.5215,1,0.0892,0
P0559,U008,1,0.2179,0,1.341,0.834,1,0.2747,0,0.0568,0
P0559,U009,0,0.982,0,0.919,0.94,0,0.8751,0,0.1069,0
P0559,U010,1,0.0613,0,1.29,0.376,0,0.1775,0,0.1162,0
P0560,U001,0,0.1162,1,1.335,0.745,0,0.1016,1,0.0146,0
P0560,U002,1,0.9532,1,1.433,0.533,0,0.6033,1,-0.2835,1
P0560,U003,1,0.9783,1,1.196,0.069,0,0.9503,1,0.028,0
P0560,U004,0,0.3653,1,1.362,0.587,0,0.2479,1,0.1174,0
P0560,U005,0,0.1327,1,0.842,0.753,1,0.1141,1,0.0185,0
P0560,U006,0,0.4051,1,1.511,0.645,0,0.293,1,0.1121,0
P0560,U007,1,0.5039,1,1.157,0.452,1,0.5576,1,0.0537,1
P0560,U008,1,0.8728,1,1.341,0.834,1,0.8965,1,0.0236,0
P0560,U009,0,0.3783,1,0.919,0.94,0,0.2523,1,0.126,0
P0560,U010,1,0.2951,0,1.29,0.376,0,0.5521,1,0.257,0
P0561,U001,0,0.817,0,1.335,0.745,0,0.7473,0,0.0696,0
P0561,U002,1,0.2844,0,1.433,0.533,1,0.4031,0,0.1187,0
P0561,U003,1,0.1803,0,1.196,0.069,1,0.36,0,0.1797,0
P0561,U004,0,0.2163,1,1.362,0.587,0,0.1882,1,0.0282,0
P0561,U005,0,0.3014,1,0.842,0.753,0,0.269,1,0.0324,0
P0561,U006,0,0.5377,0,1.511,0.645,0,0.458,1,0.0797,0
P0561,U007,1,0.3646,0,1.157,0.452,0,0.4632,0,0.0986,0
P0561,U008,1,0.4,0,1.341,0.834,1,0.4925,0,0.0926,0
P0561,U009,0,0.5604,0,0.919,0.94,0,0.5419,0,0.0185,0
P0561,U010,1,0.053,0,1.29,0.376,0,0.225,0,0.172,0
P0562,U001,0,0.1657,1,1.335,0.745,1,0.1371,1,0.0287,0
P0562,U002,1,0.8706,1,1.433,0.533,1,0.8929,1,0.0223,0
P0562,U003,1,0.3134,0,1.196,0.069,1,0.519,1,0.2056,0
P0562,U004,0,0.4474,1,1.362,0.587,0,0.3391,1,0.1082,0
P0562,U005,0,0.3841,1,0.842,0.753,1,0.3027,1,0.0814,0
P0562,U006,0,0.2445,1,1.511,0.645,0,0.1707,1,0.0738,0
P0562,U007,1,0.6418,1,1.157,0.452,0,0.7497,1,0.1079,0
P0562,U008,1,0.3415,0,1.341,0.834,0,0.5443,1,0.2028,0
P0562,U009,0,0.4859,1,0.919,0.94,1,0.3667,1,0.1192,0
P0562,U010,1,0.2095,0,1.29,0.376,0,0.4408,0,0.2313,0
P0563,U001,0,0.4781,1,1.335,0.745,1,0.315,1,0.1631,0
P0563,U002,1,0.0659,0,1.433,0.533,0,0.338,0,0.2721,0
P0563,U003,1,0.7241,1,1.196,0.069,0,0.7945,1,0.0703,0
P0563,U004,0,0.2246,1,1.362,0.587,1,0.1717,1,0.0529,0
P0563,U005,0,0.0724,1,0.842,0.753,1,0.0456,1,-0.0268,1
P0563,U006,0,0.406,1,1.511,0.645,0,0.3014,1,0.1047,0
P0563,U007,1,0.2581,0,1.157,0.452,1,0.4733,0,0.2152,0
P0563,U008,1,0.6136,1,1.341,0.834,1,0.6885,1,0.075,0
P0563,U009,0,0.3936,1,0.919,0.94,0,0.296,1,0.0976,0
P0563,U010,1,0.1952,0,1.29,0.376,1,0.3898,0,0.1946,0
P0564,U001,0,0.675,0,1.335,0.745,0,0.6428,0,0.0322,0
P0564,U002,1,0.1049,0,1.433,0.533,0,0.2547,0,0.1498,0
P0564,U003,1,0.1498,0,1.196,0.069,0,0.1982,0,0.0484,0
P0564,U004,0,0.1656,1,1.362,0.587,0,0.1625,1,0.003,0
P0564,U005,0,0.2463,1,0.842,0.753,0,0.2499,1,-0.0035,0
P0564,U006,0,0.1457,1,1.511,0.645,0,0.1449,1,0.0008,0
P0564,U007,1,0.4182,0,1.157,0.452,0,0.4945,0,0.0763,0
P0564,U008,1,0.4041,0,1.341,0.834,0,0.5212,1,0.1171,0
P0564,U009,0,0.6618,0,0.919,0.94,0,0.6757,0,-0.0139,0
P0564,U010,1,0.0356,0,1.29,0.376,0,0.1665,0,0.131,0
P0565,U001,0,0.2295,1,1.335,0.745,1,0.1686,1,0.0609,0
P0565,U002,1,0.1847,0,1.433,0.533,0,0.522,1,0.3373,0
P0565,U003,1,0.5289,1,1.196,0.069,1,0.6757,1,0.1469,0
P0565,U004,0,0.2502,1,1.362,0.587,1,0.1756,1,0.0745,0
P0565,U005,0,0.095,1,0.842,0.753,0,0.0911,1,0.0039,0
P0565,U006,0,0.4665,1,1.511,0.645,0,0.3393,1,0.1272,0
P0565,U007,1,0.6166,1,1.157,0.452,1,0.754,1,0.1375,0
P0565,U008,1,0.6503,1,1.341,0.834,1,0.759,1,0.1086,0
P0565,U009,0,0.2915,1,0.919,0.94,0,0.206,1,0.0855,0
P0565,U010,1,0.5837,1,1.29,0.376,0,0.7193,1,0.1355,0
P0566,U001,0,0.3792,1,1.335,0.745,0,0.2743,1,0.1049,0
P0566,U002,1,0.7805,1,1.433,0.533,1,0.8326,1,0.0521,0
P0566,U003,1,0.8434,1,1.196,0.069,0,0.8564,1,0.0131,0
P0566,U004,0,0.7934,0,1.362,0.587,1,0.7744,0,0.019,1
P0566,U005,0,0.1158,1,0.842,0.753,0,0.1112,1,0.0046,0
P0566,U006,0,0.8297,0,1.511,0.645,1,0.5323,0,0.2973,0
P0566,U007,1,0.8789,1,1.157,0.452,0,0.888,1,0.009,0
P0566,U008,1,0.7335,1,1.341,0.834,0,0.7837,1,0.0502,0
P0566,U009,0,0.5146,0,0.919,0.94,0,0.452,1,0.0625,0
P0566,U010,1,0.8078,1,1.29,0.376,0,0.826,1,0.0182,0
P0567,U001,0,0.7535,0,1.335,0.745,0,0.7273,0,0.0262,0
P0567,U002,1,0.0515,0,1.433,0.533,0,0.0928,0,0.0413,0
P0567,U003,1,0.5655,1,1.196,0.069,0,0.6178,1,0.0523,0
P0567,U004,0,0.5859,0,1.362,0.587,0,0.516,0,0.0699,0
P0567,U005,0,0.6554,0,0.842,0.753,0,0.5744,0,0.081,0
P0567,U006,0,0.6548,0,1.511,0.645,0,0.6348,0,0.02,0
P0567,U007,1,0.5788,1,1.157,0.452,0,0.5972,1,0.0184,0
P0567,U008,1,0.1817,0,1.341,0.834,0,0.1908,0,0.0092,0
P0567,U009,0,0.8673,0,0.919,0.94,0,0.7215,0,0.1458,0
P0567,U010,1,0.1141,0,1.29,0.376,0,0.3364,0,0.2224,0
P0568,U001,0,0.404,1,1.335,0.745,0,0.3106,1,0.0935,0
P0568,U002,1,0.111,0,1.433,0.533,0,0.2694,0,0.1584,0
P0568,U003,1,0.0819,0,1.196,0.069,0,0.3377,0,0.2559,0
P0568,U004,0,0.3363,1,1.362,0.587,0,0.239,1,0.0973,0
P0568,U005,0,0.1719,1,0.842,0.753,1,0.1577,1,0.0141,0
P0568,U006,0,0.5369,0,1.511,0.645,0,0.4511,1,0.0858,0
P0568,U007,1,0.2743,0,1.157,0.452,1,0.4132,0,0.1389,0
P0568,U008,1,0.0356,0,1.341,0.834,0,0.2426,0,0.2071,0
P0568,U009,0,0.6268,0,0.919,0.94,0,0.5788,0,0.048,0
P0568,U010,1,0.0353,0,1.29,0.376,1,0.2845,0,0.2491,0
P0569,U001,0,0.4223,1,1.335,0.745,0,0.2914,1,0.1309,0
P0569,U002,1,0.6477,1,1.433,0.533,0,0.7919,1,0.1442,0
P0569,U003,1,0.7578,1,1.196,0.069,0,0.8167,1,0.0589,0
P0569,U004,0,0.2788,1,1.362,0.587,0,0.2073,1,0.0715,0
P0569,U005,0,0.6181,0,0.842,0.753,0,0.4334,1,0.1847,0
P0569,U006,0,0.4943,1,1.511,0.645,0,0.3091,1,0.1852,0
P0569,U007,1,0.6141,1,1.157,0.452,0,0.7364,1,0.1223,0
P0569,U008,1,0.8035,1,1.341,0.834,0,0.8304,1,0.0269,0
P0569,U009,0,0.8213,0,0.919,0.94,0,0.5412,0,0.2801,0
P0569,U010,1,0.8572,1,1.29,0.376,0,0.8853,1,0.0281,0
P0570,U001,0,0.3096,1,1.335,0.745,1,0.2034,1,0.1062,0
P0570,U002,1,0.9439,1,1.433,0.533,0,0.9332,1,0.0107,0
P0570,U003,1,0.7092,1,1.196,0.069,1,0.814,1,0.1049,0
P0570,U004,0,0.0764,1,1.362,0.587,0,0.078,1,0.0015,0
P0570,U005,0,0.0382,1,0.842,0.753,0,0.0512,1,0.013,0
P0570,U006,0,0.1106,1,1.511,0.645,0,0.0959,1,0.0147,0
P0570,U007,1,0.4555,0,1.157,0.452,1,0.6319,1,0.1764,0
P0570,U008,1,0.3321,0,1.341,0.834,1,0.5895,1,0.2574,0
P0570,U009,0,0.3072,1,0.919,0.94,0,0.5894,0,-0.2823,1
P0570,U010,1,0.6063,1,1.29,0.376,1,0.7785,1,0.1722,0
P0571,U001,0,0.2384,1,1.335,0.745,1,0.1772,1,0.0612,0
P0571,U002,1,0.7854,1,1.433,0.533,1,0.8139,1,0.0285,0
P0571,U003,1,0.8286,1,1.196,0.069,0,0.8443,1,0.0157,0
P0571,U004,0,0.2514,1,1.362,0.587,0,0.2104,1,0.041,0
P0571,U005,0,0.0917,1,0.842,0.753,0,0.0883,1,0.0034,0
P0571,U006,0,0.5092,0,1.511,0.645,0,0.4067,1,0.1025,0
P0571,U007,1,0.6882,1,1.157,0.452,0,0.7473,1,0.0591,0
P0571,U008,1,0.9358,1,1.341,0.834,0,0.9331,1,0.0028,0
P0571,U009,0,0.4594,1,0.919,0.94,0,0.381,1,0.0784,0
P0571,U010,1,0.9258,1,1.29,0.376,0,0.9249,1,0.0009,0
P0572,U001,0,0.2978,1,1.335,0.745,0,0.205,1,0.0929,0
P0572,U002,1,0.9673,1,1.433,0.533,1,0.9427,1,0.0246,0
P0572,U003,1,0.9071,1,1.196,0.069,0,0.9152,1,0.0081,0
P0572,U004,0,0.1128,1,1.362,0.587,1,0.0906,1,0.0222,0
P0572,U005,0,0.0021,1,0.842,0.753,0,0.0371,1,0.0351,0
P0572,U006,0,0.0508,1,1.511,0.645,0,0.0698,1,0.0191,0
P0572,U007,1,0.8346,1,1.157,0.452,0,0.8659,1,0.0314,0
P0572,U008,1,0.6799,1,1.341,0.834,1,0.7983,1,0.1184,0
P0572,U009,0,0.1579,1,0.919,0.94,0,0.1238,1,0.0341,0
P0572,U010,1,0.889,1,1.29,0.376,1,0.902,1,0.0129,0
P0573,U001,0,0.4136,1,1.335,0.745,0,0.3774,1,0.0362,0
P0573,U002,1,0.0615,0,1.433,0.533,0,0.2358,0,0.1743,0
P0573,U003,1,0.3839,0,1.196,0.069,0,0.473,0,0.089,0
P0573,U004,0,0.6282,0,1.362,0.587,0,0.5193,0,0.109,0
P0573,U005,0,0.4083,1,0.842,0.753,1,0.3333,1,0.075,0
P0573,U006,0,0.7473,0,1.511,0.645,0,0.541,0,0.2063,0
P0573,U007,1,0.1478,0,1.157,0.452,0,0.2673,0,0.1195,0
P0573,U008,1,0.3765,0,1.341,0.834,0,0.4557,0,0.0792,0
P0573,U009,0,0.2906,1,0.919,0.94,0,0.302,1,-0.0114,0
P0573,U010,1,0.0399,0,1.29,0.376,1,0.1458,0,0.1059,0
P0574,U001,0,0.1939,1,1.335,0.745,1,0.1711,1,0.0227,0
P0574,U002,1,0.4854,0,1.433,0.533,0,0.6774,1,0.192,0
P0574,U003,1,0.4328,0,1.196,0.069,0,0.6178,1,0.1851,0
P0574,U004,0,0.4919,1,1.362,0.587,0,0.4274,1,0.0645,0
P0574,U005,0,0.0224,1,0.842,0.753,0,0.0335,1,0.0111,0
P0574,U006,0,0.2323,1,1.511,0.645,0,0.2012,1,0.0311,0
P0574,U007,1,0.7323,1,1.157,0.452,0,0.7769,1,0.0446,0
P0574,U008,1,0.3306,0,1.341,0.834,1,0.4729,0,0.1423,0
P0574,U009,0,0.7205,0,0.919,0.94,0,0.6152,0,0.1053,0
P0574,U010,1,0.2021,0,1.29,0.376,0,0.3636,0,0.1615,0
P0575,U001,0,0.5013,0,1.335,0.745,0,0.4149,1,0.0863,1
P0575,U002,1,0.7975,1,1.433,0.533,0,0.8107,1,0.0132,0
P0575,U003,1,0.5218,1,1.196,0.069,1,0.7365,1,0.2148,1
P0575,U004,0,0.2885,1,1.362,0.587,0,0.2589,1,0.0296,0
P0575,U005,0,0.65,0,0.842,0.753,0,0.583,0,0.0669,0
P0575,U006,0,0.5653,0,1.511,0.645,0,0.4381,1,0.1272,0
P0575,U007,1,0.5895,1,1.157,0.452,0,0.8973,1,0.3078,1
P0575,U008,1,0.3948,0,1.341,0.834,1,0.4036,0,0.0088,1
P0575,U009,0,0.8941,0,0.919,0.94,1,0.7189,0,0.1752,1
P0575,U010,1,0.6797,1,1.29,0.376,0,0.7028,1,0.023,0
P0576,U001,0,0.7196,0,1.335,0.745,0,0.6317,0,0.0879,0
P0576,U002,1,0.1188,0,1.433,0.533,0,0.105,0,-0.0139,0
P0576,U003,1,0.1402,0,1.196,0.069,0,0.237,0,0.0969,0
P0576,U004,0,0.7394,0,1.362,0.587,1,0.9237,0,-0.1843,1
P0576,U005,0,0.836,0,0.842,0.753,0,0.8457,0,-0.0097,0
P0576,U006,0,0.7676,0,1.511,0.645,0,0.6384,0,0.1291,0
P0576,U007,1,0.5357,1,1.157,0.452,1,0.5801,1,0.0445,0
P0576,U008,1,0.1419,0,1.341,0.834,0,0.01,0,-0.1319,1
P0576,U009,0,0.9495,0,0.919,0.94,0,0.8685,0,0.081,0
P0576,U010,1,0.103,0,1.29,0.376,0,0.01,0,-0.093,1
P0577,U001,0,0.3542,1,1.335,0.745,1,0.2377,1,0.1166,0
P0577,U002,1,0.777,1,1.433,0.533,1,0.8566,1,0.0796,0
P0577,U003,1,0.9682,1,1.196,0.069,1,0.9483,1,0.0199,0
P0577,U004,0,0.3791,1,1.362,0.587,0,0.2621,1,0.117,0
P0577,U005,0,0.0499,1,0.842,0.753,1,0.0589,1,0.009,0
P0577,U006,0,0.4497,1,1.511,0.645,0,0.2736,1,0.1761,0
P0577,U007,1,0.9541,1,1.157,0.452,0,0.9384,1,0.0158,0
P0577,U008,1,0.8406,1,1.341,0.834,0,0.8735,1,0.0329,0
P0577,U009,0,0.5698,0,0.919,0.94,1,0.3873,1,0.1825,0
P0577,U010,1,0.8464,1,1.29,0.376,1,0.8883,1,0.0419,0
P0578,U001,0,0.1769,1,1.335,0.745,0,0.1583,1,0.0186,0
P0578,U002,1,0.8508,1,1.433,0.533,0,0.8703,1,0.0195,0
P0578,U003,1,0.9354,1,1.196,0.069,0,0.9315,1,0.0039,0
P0578,U004,0,0.1317,1,1.362,0.587,0,0.1229,1,0.0087,0
P0578,U005,0,0.1181,1,0.842,0.753,0,0.1112,1,0.0069,0
P0578,U006,0,0.2835,1,1.511,0.645,0,0.2453,1,0.0382,0
P0578,U007,1,0.5974,1,1.157,0.452,1,0.6539,1,0.0565,0
P0578,U008,1,0.8268,1,1.341,0.834,0,0.8449,1,0.0181,0
P0578,U009,0,0.5227,0,0.919,0.94,0,0.4752,1,0.0475,0
P0578,U010,1,0.7574,1,1.29,0.376,1,0.7939,1,0.0365,0
P0579,U001,0,0.3979,1,1.335,0.745,0,0.3731,1,0.0247,0
P0579,U002,1,0.874,1,1.433,0.533,0,0.8804,1,0.0064,0
P0579,U003,1,0.8735,1,1.196,0.069,1,0.8844,1,0.0109,0
P0579,U004,0,0.5201,0,1.362,0.587,0,0.4564,1,0.0637,0
P0579,U005,0,0.1115,1,0.842,0.753,1,0.1056,1,0.0059,0
P0579,U006,0,0.2019,1,1.511,0.645,1,0.1772,1,0.0247,0
P0579,U007,1,0.9606,1,1.157,0.452,0,0.9537,1,0.0069,0
P0579,U008,1,0.7092,1,1.341,0.834,1,0.7614,1,0.0522,0
P0579,U009,0,0.6099,0,0.919,0.94,0,0.5675,0,0.0424,0
P0579,U010,1,0.2657,0,1.29,0.376,0,0.2952,0,0.0294,0
P0580,U001,0,0.8635,0,1.335,0.745,0,0.8663,0,-0.0028,0
P0580,U002,1,0.5776,1,1.433,0.533,0,0.6085,1,0.0309,0
P0580,U003,1,0.5823,1,1.196,0.069,1,0.7107,1,0.1284,1
P0580,U004,0,0.4483,1,1.362,0.587,0,0.4392,1,0.0091,0
P0580,U005,0,0.4978,1,0.842,0.753,0,0.5152,0,-0.0174,0
P0580,U006,0,0.7443,0,1.511,0.645,1,0.7913,0,-0.0469,0
P0580,U007,1,0.3924,0,1.157,0.452,0,0.4643,0,0.0719,0
P0580,U008,1,0.6544,1,1.341,0.834,0,0.6588,1,0.0045,0
P0580,U009,0,0.6491,0,0.919,0.94,0,0.5608,0,0.0884,0
P0580,U010,1,0.1306,0,1.29,0.376,0,0.1952,0,0.0646,0
P0581,U001,0,0.1226,1,1.335,0.745,0,0.1181,1,0.0045,0
P0581,U002,1,0.2496,0,1.433,0.533,0,0.3927,0,0.1431,0
P0581,U003,1,0.1787,0,1.196,0.069,1,0.3071,0,0.1284,0
P0581,U004,0,0.13,1,1.362,0.587,0,0.1269,1,0.0031,0
P0581,U005,0,0.0307,1,0.842,0.753,0,0.0365,1,0.0058,0
P0581,U006,0,0.1972,1,1.511,0.645,0,0.1854,1,0.0118,0
P0581,U007,1,0.09,0,1.157,0.452,1,0.266,0,0.1761,0
P0581,U008,1,0.0924,0,1.341,0.834,0,0.207,0,0.1146,0
P0581,U009,0,0.3334,1,0.919,0.94,0,0.292,1,0.0414,0
P0581,U010,1,0.053,0,1.29,0.376,0,0.1827,0,0.1297,0
P0582,U001,0,0.1618,1,1.335,0.745,0,0.1558,1,0.006,0
P0582,U002,1,0.3979,0,1.433,0.533,0,0.4972,0,0.0993,0
P0582,U003,1,0.2197,0,1.196,0.069,1,0.3656,0,0.1459,0
P0582,U004,0,0.2508,1,1.362,0.587,0,0.209,1,0.0418,0
P0582,U005,0,0.0514,1,0.842,0.753,0,0.0564,1,0.005,0
P0582,U006,0,0.4123,1,1.511,0.645,1,0.3631,1,0.0492,0
P0582,U007,1,0.0979,0,1.157,0.452,0,0.2496,0,0.1517,0
P0582,U008,1,0.3883,0,1.341,0.834,0,0.5363,1,0.148,0
P0582,U009,0,0.2161,1,0.919,0.94,1,0.1826,1,0.0335,0
P0582,U010,1,0.1136,0,1.29,0.376,1,0.4209,0,0.3072,0
P0583,U001,0,0.0122,1,1.335,0.745,1,0.0501,1,0.038,0
P0583,U002,1,0.7281,1,1.433,0.533,1,0.8297,1,0.1017,0
P0583,U003,1,0.8241,1,1.196,0.069,0,0.862,1,0.0379,0
P0583,U004,0,0.0413,1,1.362,0.587,0,0.0573,1,0.0159,0
P0583,U005,0,0.0175,1,0.842,0.753,0,0.0499,1,0.0323,0
P0583,U006,0,0.2579,1,1.511,0.645,1,0.1655,1,0.0924,0
P0583,U007,1,0.9399,1,1.157,0.452,1,0.9297,1,0.0102,0
P0583,U008,1,0.9235,1,1.341,0.834,0,0.9217,1,0.0018,0
P0583,U009,0,0.0474,1,0.919,0.94,1,0.01,1,-0.0374,1
P0583,U010,1,0.7279,1,1.29,0.376,1,0.8132,1,0.0854,0
P0584,U001,0,0.1651,1,1.335,0.745,1,0.1264,1,0.0387,0
P0584,U002,1,0.7956,1,1.433,0.533,0,0.8461,1,0.0505,0
P0584,U003,1,0.8221,1,1.196,0.069,1,0.865,1,0.043,0
P0584,U004,0,0.0042,1,1.362,0.587,0,0.0367,1,0.0325,0
P0584,U005,0,0.2923,1,0.842,0.753,1,0.2211,1,0.0712,0
P0584,U006,0,0.6111,0,1.511,0.645,1,0.3844,1,0.2266,1
P0584,U007,1,0.4464,0,1.157,0.452,0,0.6434,1,0.197,0
P0584,U008,1,0.8043,1,1.341,0.834,0,0.8462,1,0.0419,0
P0584,U009,0,0.2593,1,0.919,0.94,0,0.1917,1,0.0676,0
P0584,U010,1,0.5939,1,1.29,0.376,1,0.7315,1,0.1376,0
P0585,U001,0,0.3748,1,1.335,0.745,0,0.3385,1,0.0362,0
P0585,U002,1,0.8754,1,1.433,0.533,0,0.8818,1,0.0064,0
P0585,U003,1,0.7133,1,1.196,0.069,0,0.7703,1,0.0569,0
P0585,U004,0,0.258,1,1.362,0.587,0,0.2567,1,0.0013,0
P0585,U005,0,0.223,1,0.842,0.753,0,0.1957,1,0.0273,0
P0585,U006,0,0.2923,1,1.511,0.645,0,0.2488,1,0.0435,0
P0585,U007,1,0.7383,1,1.157,0.452,0,0.769,1,0.0306,0
P0585,U008,1,0.6434,1,1.341,0.834,0,0.6342,1,-0.0092,0
P0585,U009,0,0.874,0,0.919,0.94,0,0.8181,0,0.0558,0
P0585,U010,1,0.4511,0,1.29,0.376,0,0.5185,1,0.0674,0
P0586,U001,0,0.9327,0,1.335,0.745,0,0.8191,0,0.1136,0
P0586,U002,1,0.0551,0,1.433,0.533,1,0.2218,0,0.1667,0
P0586,U003,1,0.1266,0,1.196,0.069,0,0.2986,0,0.172,0
P0586,U004,0,0.7705,0,1.362,0.587,1,0.5734,0,0.1972,0
P0586,U005,0,0.9326,0,0.842,0.753,0,0.7682,0,0.1644,0
P0586,U006,0,0.8318,0,1.511,0.645,0,0.6874,0,0.1444,0
P0586,U007,1,0.2127,0,1.157,0.452,0,0.3508,0,0.1381,0
P0586,U008,1,0.4333,0,1.341,0.834,1,0.5253,1,0.092,0
P0586,U009,0,0.9849,0,0.919,0.94,0,0.9279,0,0.057,0
P0586,U010,1,0.4088,0,1.29,0.376,1,0.5645,1,0.1557,0
P0587,U001,0,0.5669,0,1.335,0.745,1,0.3634,1,0.2035,0
P0587,U002,1,0.9539,1,1.433,0.533,0,0.9385,1,0.0154,0
P0587,U003,1,0.9514,1,1.196,0.069,1,0.9403,1,0.011,0
P0587,U004,0,0.3914,1,1.362,0.587,1,0.2019,1,0.1896,0
P0587,U005,0,0.2581,1,0.842,0.753,1,0.2053,1,0.0528,0
P0587,U006,0,0.4933,1,1.511,0.645,1,0.2308,1,0.2625,0
P0587,U007,1,0.7093,1,1.157,0.452,0,0.8107,1,0.1014,0
P0587,U008,1,0.9077,1,1.341,0.834,0,0.9128,1,0.0051,0
P0587,U009,0,0.884,0,0.919,0.94,1,0.5639,0,0.3201,0
P0587,U010,1,0.6477,1,1.29,0.376,0,0.7778,1,0.1302,0
P0588,U001,0,0.1405,1,1.335,0.745,0,0.1211,1,0.0194,0
P0588,U002,1,0.5106,1,1.433,0.533,0,0.6706,1,0.16,0
P0588,U003,1,0.607,1,1.196,0.069,1,0.7508,1,0.1438,0
P0588,U004,0,0.4041,1,1.362,0.587,0,0.2714,1,0.1327,0
P0588,U005,0,0.1518,1,0.842,0.753,0,0.1322,1,0.0196,0
P0588,U006,0,0.4544,1,1.511,0.645,1,0.3345,1,0.1199,0
P0588,U007,1,0.4549,0,1.157,0.452,0,0.5958,1,0.141,0
P0588,U008,1,0.6492,1,1.341,0.834,0,0.7301,1,0.0808,0
P0588,U009,0,0.1168,1,0.919,0.94,0,0.1076,1,0.0092,0
P0588,U010,1,0.5953,1,1.29,0.376,1,0.7527,1,0.1574,0
P0589,U001,0,0.2182,1,1.335,0.745,1,0.1442,1,0.074,0
P0589,U002,1,0.8905,1,1.433,0.533,1,0.908,1,0.0174,0
P0589,U003,1,0.8943,1,1.196,0.069,1,0.8718,1,-0.0225,1
P0589,U004,0,0.3825,1,1.362,0.587,1,0.2294,1,0.1531,0
P0589,U005,0,0.1986,1,0.842,0.753,1,0.1377,1,0.0609,0
P0589,U006,0,0.4167,1,1.511,0.645,1,0.231,1,0.1857,0
P0589,U007,1,0.3025,0,1.157,0.452,0,0.6807,1,0.3782,0
P0589,U008,1,0.9369,1,1.341,0.834,0,0.9273,1,0.0096,0
P0589,U009,0,0.084,1,0.919,0.94,1,0.0827,1,0.0013,0
P0589,U010,1,0.9228,1,1.29,0.376,1,0.9211,1,0.0017,0
P0590,U001,0,0.1862,1,1.335,0.745,0,0.1588,1,0.0274,0
P0590,U002,1,0.9172,1,1.433,0.533,0,0.9181,1,0.0009,0
P0590,U003,1,0.5837,1,1.196,0.069,0,0.6599,1,0.0762,0
P0590,U004,0,0.0528,1,1.362,0.587,0,0.0601,1,0.0073,0
P0590,U005,0,0.0119,1,0.842,0.753,0,0.0239,1,0.012,0
P0590,U006,0,0.1682,1,1.511,0.645,1,0.1522,1,0.016,0
P0590,U007,1,0.3285,0,1.157,0.452,0,0.3976,0,0.0691,0
P0590,U008,1,0.6835,1,1.341,0.834,0,0.7461,1,0.0626,0
P0590,U009,0,0.086,1,0.919,0.94,0,0.0852,1,0.0008,0
P0590,U010,1,0.1975,0,1.29,0.376,1,0.3836,0,0.1862,0
P0591,U001,0,0.5348,0,1.335,0.745,1,0.429,1,0.1058,0
P0591,U002,1,0.6801,1,1.433,0.533,0,0.7382,1,0.0581,0
P0591,U003,1,0.5033,1,1.196,0.069,1,0.5685,1,0.0652,0
P0591,U004,0,0.634,0,1.362,0.587,1,0.51,0,0.124,0
P0591,U005,0,0.055,1,0.842,0.753,0,0.0584,1,0.0034,0
P0591,U006,0,0.4851,1,1.511,0.645,0,0.3991,1,0.086,0
P0591,U007,1,0.2802,0,1.157,0.452,0,0.4755,0,0.1953,0
P0591,U008,1,0.4888,0,1.341,0.834,0,0.5493,1,0.0606,0
P0591,U009,0,0.6268,0,0.919,0.94,0,0.5323,0,0.0945,0
P0591,U010,1,0.3493,0,1.29,0.376,1,0.4711,0,0.1218,0
P0592,U001,0,0.0655,1,1.335,0.745,1,0.072,1,0.0064,0
P0592,U002,1,0.963,1,1.433,0.533,0,0.9465,1,0.0164,0
P0592,U003,1,0.8146,1,1.196,0.069,0,0.8505,1,0.0359,0
P0592,U004,0,0.4108,1,1.362,0.587,0,0.3491,1,0.0618,0
P0592,U005,0,0.0334,1,0.842,0.753,1,0.0498,1,0.0164,0
P0592,U006,0,0.6782,0,1.511,0.645,0,0.4929,1,0.1853,0
P0592,U007,1,0.8383,1,1.157,0.452,0,0.875,1,0.0368,0
P0592,U008,1,0.9526,1,1.341,0.834,0,0.9464,1,0.0062,0
P0592,U009,0,0.3754,1,0.919,0.94,0,0.315,1,0.0604,0
P0592,U010,1,0.9485,1,1.29,0.376,0,0.9395,1,0.0089,0
P0593,U001,0,0.0628,1,1.335,0.745,0,0.0717,1,0.0089,0
P0593,U002,1,0.4237,0,1.433,0.533,0,0.6504,1,0.2267,0
P0593,U003,1,0.5756,1,1.196,0.069,1,0.7498,1,0.1743,0
P0593,U004,0,0.2049,1,1.362,0.587,1,0.131,1,0.0739,0
P0593,U005,0,0.0434,1,0.842,0.753,0,0.0612,1,0.0179,0
P0593,U006,0,0.3724,1,1.511,0.645,1,0.2072,1,0.1652,0
P0593,U007,1,0.1105,0,1.157,0.452,1,0.3593,0,0.2487,1
P0593,U008,1,0.5009,1,1.341,0.834,1,0.7513,1,0.2505,0
P0593,U009,0,0.361,1,0.919,0.94,0,0.2873,1,0.0737,0
P0593,U010,1,0.5353,1,1.29,0.376,1,0.7361,1,0.2007,0
P0594,U001,0,0.3794,1,1.335,0.745,0,0.3658,1,0.0136,0
P0594,U002,1,0.0668,0,1.433,0.533,0,0.1262,0,0.0594,0
P0594,U003,1,0.0445,0,1.196,0.069,0,0.058,0,0.0136,0
P0594,U004,0,0.801,0,1.362,0.587,0,0.6892,0,0.1118,0
P0594,U005,0,0.868,0,0.842,0.753,0,0.8515,0,0.0165,0
P0594,U006,0,0.6486,0,1.511,0.645,0,0.6143,0,0.0343,0
P0594,U007,1,0.0271,0,1.157,0.452,0,0.1798,0,0.1527,0
P0594,U008,1,0.1186,0,1.341,0.834,0,0.2367,0,0.1181,0
P0594,U009,0,0.9831,0,0.919,0.94,0,0.8836,0,0.0995,0
P0594,U010,1,0.0115,0,1.29,0.376,1,0.0511,0,0.0396,0
P0595,U001,0,0.0706,1,1.335,0.745,0,0.01,1,-0.0606,1
P0595,U002,1,0.5813,1,1.433,0.533,0,0.671,1,0.0897,0
P0595,U003,1,0.8543,1,1.196,0.069,1,0.8729,1,0.0186,0
P0595,U004,0,0.0836,1,1.362,0.587,0,0.0826,1,0.001,0
P0595,U005,0,0.0448,1,0.842,0.753,0,0.0581,1,0.0133,0
P0595,U006,0,0.4588,1,1.511,0.645,1,0.2883,1,0.1705,0
P0595,U007,1,0.2534,0,1.157,0.452,1,0.4154,0,0.162,0
P0595,U008,1,0.142,0,1.341,0.834,1,0.3937,0,0.2517,0
P0595,U009,0,0.1274,1,0.919,0.94,0,0.1188,1,0.0086,0
P0595,U010,1,0.3497,0,1.29,0.376,0,0.5138,1,0.1642,0
P0596,U001,0,0.6721,0,1.335,0.745,0,0.6575,0,0.0145,0
P0596,U002,1,0.0514,0,1.433,0.533,0,0.2256,0,0.1742,0
P0596,U003,1,0.2213,0,1.196,0.069,1,0.4112,0,0.19,0
P0596,U004,0,0.9017,0,1.362,0.587,0,0.8865,0,0.0152,0
P0596,U005,0,0.8932,0,0.842,0.753,0,0.7668,0,0.1264,0
P0596,U006,0,0.9066,0,1.511,0.645,0,0.8025,0,0.1041,0
P0596,U007,1,0.0406,0,1.157,0.452,0,0.2256,0,0.185,0
P0596,U008,1,0.2494,0,1.341,0.834,0,0.3768,0,0.1274,0
P0596,U009,0,0.8962,0,0.919,0.94,0,0.7525,0,0.1437,0
P0596,U010,1,0.0167,0,1.29,0.376,0,0.1553,0,0.1386,0
P0597,U001,0,0.3226,1,1.335,0.745,1,0.3064,1,0.0162,0
P0597,U002,1,0.8006,1,1.433,0.533,1,0.8391,1,0.0384,0
P0597,U003,1,0.6852,1,1.196,0.069,0,0.7459,1,0.0607,0
P0597,U004,0,0.6348,0,1.362,0.587,1,0.5018,0,0.1329,0
P0597,U005,0,0.0337,1,0.842,0.753,0,0.0491,1,0.0155,0
P0597,U006,0,0.2601,1,1.511,0.645,1,0.2341,1,0.0261,0
P0597,U007,1,0.5948,1,1.157,0.452,0,0.6309,1,0.0361,0
P0597,U008,1,0.6274,1,1.341,0.834,1,0.6992,1,0.0718,0
P0597,U009,0,0.2439,1,0.919,0.94,0,0.2202,1,0.0237,0
P0597,U010,1,0.2416,0,1.29,0.376,0,0.4461,0,0.2045,0
P0598,U001,0,0.1559,1,1.335,0.745,0,0.1271,1,0.0287,0
P0598,U002,1,0.5676,1,1.433,0.533,0,0.4204,0,-0.1472,1
P0598,U003,1,0.6298,1,1.196,0.069,1,0.7508,1,0.1209,0
P0598,U004,0,0.0348,1,1.362,0.587,1,0.0511,1,0.0163,0
P0598,U005,0,0.0168,1,0.842,0.753,0,0.038,1,0.0213,0
P0598,U006,0,0.0654,1,1.511,0.645,0,0.0697,1,0.0044,0
P0598,U007,1,0.7694,1,1.157,0.452,1,0.8078,1,0.0384,0
P0598,U008,1,0.8276,1,1.341,0.834,0,0.8621,1,0.0345,0
P0598,U009,0,0.0226,1,0.919,0.94,1,0.0358,1,0.0132,0
P0598,U010,1,0.2938,0,1.29,0.376,0,0.6238,1,0.33,0
P0599,U001,0,0.1708,1,1.335,0.745,0,0.1589,1,0.0119,0
P0599,U002,1,0.9699,1,1.433,0.533,0,0.9638,1,0.0061,0
P0599,U003,1,0.8754,1,1.196,0.069,0,0.882,1,0.0066,0
P0599,U004,0,0.1043,1,1.362,0.587,0,0.1042,1,0.0001,0
P0599,U005,0,0.0621,1,0.842,0.753,1,0.0639,1,0.0018,0
P0599,U006,0,0.421,1,1.511,0.645,0,0.3573,1,0.0637,0
P0599,U007,1,0.8544,1,1.157,0.452,0,0.8568,1,0.0024,0
P0599,U008,1,0.9866,1,1.341,0.834,0,0.9798,1,0.0069,0
P0599,U009,0,0.3082,1,0.919,0.94,0,0.2956,1,0.0125,0
P0599,U010,1,0.7354,1,1.29,0.376,1,0.7535,1,0.018,0
P0600,U001,0,0.7521,0,1.335,0.745,0,0.5532,0,0.1989,0
P0600,U002,1,0.8502,1,1.433,0.533,0,0.8655,1,0.0153,0
P0600,U003,1,0.7909,1,1.196,0.069,0,0.8226,1,0.0317,0
P0600,U004,0,0.5877,0,1.362,0.587,0,0.3983,1,0.1894,0
P0600,U005,0,0.4735,1,0.842,0.753,0,0.3374,1,0.1362,0
P0600,U006,0,0.8005,0,1.511,0.645,1,0.5656,0,0.2349,0
P0600,U007,1,0.9386,1,1.157,0.452,0,0.9305,1,0.0081,0
P0600,U008,1,0.6311,1,1.341,0.834,0,0.6963,1,0.0652,0
P0600,U009,0,0.9619,0,0.919,0.94,0,0.6857,0,0.2762,0
P0600,U010,1,0.4213,0,1.29,0.376,0,0.6193,1,0.198,0
P0601,U001,0,0.0778,1,1.335,0.745,0,0.0783,1,0.0005,0
P0601,U002,1,0.8419,1,1.433,0.533,0,0.8542,1,0.0123,0
P0601,U003,1,0.4598,0,1.196,0.069,0,0.528,1,0.0682,0
P0601,U004,0,0.0829,1,1.362,0.587,0,0.0829,1,0.0,0
P0601,U005,0,0.0429,1,0.842,0.753,0,0.0449,1,0.002,0
P0601,U006,0,0.2846,1,1.511,0.645,0,0.2289,1,0.0558,0
P0601,U007,1,0.5807,1,1.157,0.452,0,0.6008,1,0.0202,0
P0601,U008,1,0.9071,1,1.341,0.834,0,0.9097,1,0.0026,0
P0601,U009,0,0.7102,0,0.919,0.94,0,0.6499,0,0.0604,0
P0601,U010,1,0.9012,1,1.29,0.376,0,0.9023,1,0.0011,0
P0602,U001,0,0.7721,0,1.335,0.745,1,0.5709,0,0.2012,0
P0602,U002,1,0.7733,1,1.433,0.533,1,0.7906,1,0.0173,0
P0602,U003,1,0.7114,1,1.196,0.069,0,0.7476,1,0.0362,0
P0602,U004,0,0.7306,0,1.362,0.587,1,0.5801,0,0.1505,0
P0602,U005,0,0.1767,1,0.842,0.753,0,0.1423,1,0.0344,0
P0602,U006,0,0.6768,0,1.511,0.645,1,0.5509,0,0.1259,0
P0602,U007,1,0.422,0,1.157,0.452,1,0.4648,0,0.0428,0
P0602,U008,1,0.7583,1,1.341,0.834,0,0.7828,1,0.0245,0
P0602,U009,0,0.7315,0,0.919,0.94,1,0.6396,0,0.0919,0
P0602,U010,1,0.4635,0,1.29,0.376,1,0.4962,0,0.0326,0
P0603,U001,0,0.0356,1,1.335,0.745,1,0.0452,1,0.0096,0
P0603,U002,1,0.5353,1,1.433,0.533,0,0.6161,1,0.0808,0
P0603,U003,1,0.7053,1,1.196,0.069,1,0.8118,1,0.1066,0
P0603,U004,0,0.1143,1,1.362,0.587,0,0.1059,1,0.0084,0
P0603,U005,0,0.1902,1,0.842,0.753,1,0.1761,1,0.0141,0
P0603,U006,0,0.0172,1,1.511,0.645,1,0.0346,1,0.0173,0
P0603,U007,1,0.4114,0,1.157,0.452,0,0.4877,0,0.0763,0
P0603,U008,1,0.7209,1,1.341,0.834,0,0.7668,1,0.0459,0
P0603,U009,0,0.2577,1,0.919,0.94,1,0.2243,1,0.0334,0
P0603,U010,1,0.7577,1,1.29,0.376,1,0.7968,1,0.0391,0
P0604,U001,0,0.3817,1,1.335,0.745,1,0.2089,1,0.1728,0
P0604,U002,1,0.5879,1,1.433,0.533,1,0.7757,1,0.1879,0
P0604,U003,1,0.7053,1,1.196,0.069,1,0.8428,1,0.1375,0
P0604,U004,0,0.1922,1,1.362,0.587,1,0.1263,1,0.0659,0
P0604,U005,0,0.4083,1,0.842,0.753,1,0.203,1,0.2053,0
P0604,U006,0,0.4069,1,1.511,0.645,1,0.2343,1,0.1726,0
P0604,U007,1,0.3671,0,1.157,0.452,1,0.6611,1,0.294,0
P0604,U008,1,0.8152,1,1.341,0.834,1,0.8648,1,0.0496,0
P0604,U009,0,0.8574,0,0.919,0.94,1,0.4257,1,0.4317,0
P0604,U010,1,0.2384,0,1.29,0.376,0,0.6267,1,0.3884,0
P0605,U001,0,0.9702,0,1.335,0.745,0,0.8298,0,0.1404,0
P0605,U002,1,0.9492,1,1.433,0.533,0,0.9399,1,0.0092,0
P0605,U003,1,0.9446,1,1.196,0.069,1,0.9392,1,0.0054,0
P0605,U004,0,0.8582,0,1.362,0.587,0,0.598,0,0.2602,0
P0605,U005,0,0.3447,1,0.842,0.753,0,0.2678,1,0.077,0
P0605,U006,0,0.5566,0,1.511,0.645,1,0.3855,1,0.1712,0
P0605,U007,1,0.686,1,1.157,0.452,0,0.7454,1,0.0595,0
P0605,U008,1,0.9141,1,1.341,0.834,0,0.9164,1,0.0023,0
P0605,U009,0,0.9537,0,0.919,0.94,1,0.7451,0,0.2086,0
P0605,U010,1,0.969,1,1.29,0.376,0,0.9582,1,0.0107,0
P0606,U001,0,0.5157,0,1.335,0.745,0,0.2944,1,0.2213,0
P0606,U002,1,0.1926,0,1.433,0.533,0,0.6157,1,0.4231,0
P0606,U003,1,0.152,0,1.196,0.069,0,0.5234,1,0.3714,0
P0606,U004,0,0.2699,1,1.362,0.587,0,0.1912,1,0.0787,0
P0606,U005,0,0.6399,0,0.842,0.753,0,0.4227,1,0.2173,0
P0606,U006,0,0.7778,0,1.511,0.645,1,0.4287,1,0.3491,0
P0606,U007,1,0.532,1,1.157,0.452,0,0.7557,1,0.2237,0
P0606,U008,1,0.454,0,1.341,0.834,1,0.6652,1,0.2112,0
P0606,U009,0,0.2101,1,0.919,0.94,0,0.1549,1,0.0552,0
P0606,U010,1,0.0095,0,1.29,0.376,0,0.6099,1,0.6004,0
P0607,U001,0,0.5093,0,1.335,0.745,0,0.3474,1,0.1618,0
P0607,U002,1,0.937,1,1.433,0.533,0,0.7243,1,-0.1786,1
P0607,U003,1,0.8004,1,1.196,0.069,1,0.8448,1,0.0444,0
P0607,U004,0,0.5285,0,1.362,0.587,1,0.3324,1,0.1962,0
P0607,U005,0,0.0384,1,0.842,0.753,1,0.0461,1,0.0077,0
P0607,U006,0,0.178,1,1.511,0.645,0,0.1502,1,0.0278,0
P0607,U007,1,0.9096,1,1.157,0.452,0,0.9112,1,0.0016,0
P0607,U008,1,0.7714,1,1.341,0.834,0,0.8049,1,0.0335,0
P0607,U009,0,0.7789,0,0.919,0.94,1,0.5925,0,0.1864,0
P0607,U010,1,0.8103,1,1.29,0.376,0,0.857,1,0.0467,0
P0608,U001,0,0.553,0,1.335,0.745,0,0.4864,1,0.0666,0
P0608,U002,1,0.5172,1,1.433,0.533,1,0.5979,1,0.0807,0
P0608,U003,1,0.5286,1,1.196,0.069,0,0.5634,1,0.0348,0
P0608,U004,0,0.1681,1,1.362,0.587,0,0.1527,1,0.0154,0
P0608,U005,0,0.0651,1,0.842,0.753,0,0.0671,1,0.002,0
P0608,U006,0,0.4036,1,1.511,0.645,1,0.3191,1,0.0845,0
P0608,U007,1,0.1313,0,1.157,0.452,0,0.3793,0,0.248,0
P0608,U008,1,0.5784,1,1.341,0.834,0,0.6394,1,0.061,0
P0608,U009,0,0.6484,0,0.919,0.94,0,0.5198,0,0.1286,0
P0608,U010,1,0.3993,0,1.29,0.376,0,0.5084,1,0.1091,0
P0609,U001,0,0.3779,1,1.335,0.745,0,0.2013,1,0.1766,0
P0609,U002,1,0.9949,1,1.433,0.533,0,0.9619,1,0.033,0
P0609,U003,1,0.8879,1,1.196,0.069,0,0.9034,1,0.0155,0
P0609,U004,0,0.0133,1,1.362,0.587,0,0.0461,1,0.0328,0
P0609,U005,0,0.0074,1,0.842,0.753,1,0.0464,1,0.039,0
P0609,U006,0,0.0559,1,1.511,0.645,0,0.0651,1,0.0092,0
P0609,U007,1,0.9521,1,1.157,0.452,1,0.9359,1,0.0162,0
P0609,U008,1,0.8255,1,1.341,0.834,0,0.8734,1,0.0479,0
P0609,U009,0,0.0294,1,0.919,0.94,0,0.0506,1,0.0212,0
P0609,U010,1,0.9623,1,1.29,0.376,1,0.9434,1,0.0189,0
P0610,U001,0,0.4606,1,1.335,0.745,0,0.2932,1,0.1675,0
P0610,U002,1,0.2041,0,1.433,0.533,1,0.494,0,0.2899,0
P0610,U003,1,0.3066,0,1.196,0.069,1,0.5323,1,0.2257,0
P0610,U004,0,0.5982,0,1.362,0.587,0,0.2833,1,0.3149,0
P0610,U005,0,0.166,1,0.842,0.753,0,0.1508,1,0.0151,0
P0610,U006,0,0.6272,0,1.511,0.645,1,0.3812,1,0.246,0
P0610,U007,1,0.5646,1,1.157,0.452,1,0.6897,1,0.1251,0
P0610,U008,1,0.2924,0,1.341,0.834,0,0.6259,1,0.3335,0
P0610,U009,0,0.7512,0,0.919,0.94,0,0.5508,0,0.2004,0
P0610,U010,1,0.085,0,1.29,0.376,1,0.3422,0,0.2572,0
P0611,U001,0,0.604,0,1.335,0.745,1,0.6494,0,-0.0454,1
P0611,U002,1,0.9818,1,1.433,0.533,1,0.8897,1,0.0315,1
P0611,U003,1,0.9783,1,1.196,0.069,0,0.9667,1,0.0115,0
P0611,U004,0,0.6603,0,1.362,0.587,0,0.8226,0,-0.1622,1
P0611,U005,0,0.1494,1,0.842,0.753,0,0.1403,1,0.0091,0
P0611,U006,0,0.292,1,1.511,0.645,0,0.2762,1,0.0158,0
P0611,U007,1,0.9816,1,1.157,0.452,0,0.8535,1,-0.0049,1
P0611,U008,1,0.9775,1,1.341,0.834,0,0.9749,1,0.0025,0
P0611,U009,0,0.7092,0,0.919,0.94,0,0.732,0,-0.0228,1
P0611,U010,1,0.9935,1,1.29,0.376,0,0.9763,1,0.0172,0
P0612,U001,0,0.1395,1,1.335,0.745,0,0.183,1,-0.0436,1
P0612,U002,1,0.9705,1,1.433,0.533,0,0.9575,1,0.0129,0
P0612,U003,1,0.8645,1,1.196,0.069,1,0.8753,1,0.0109,0
P0612,U004,0,0.7308,0,1.362,0.587,0,0.6536,0,0.0771,0
P0612,U005,0,0.0464,1,0.842,0.753,0,0.0503,1,0.0039,0
P0612,U006,0,0.3241,1,1.511,0.645,0,0.2785,1,0.0455,0
P0612,U007,1,0.7868,1,1.157,0.452,0,0.7877,1,0.0009,0
P0612,U008,1,0.9164,1,1.341,0.834,0,0.9167,1,0.0003,0
P0612,U009,0,0.6819,0,0.919,0.94,0,0.5528,0,0.1291,0
P0612,U010,1,0.7136,1,1.29,0.376,0,0.7761,1,0.0624,0
P0613,U001,0,0.0502,1,1.335,0.745,0,0.0566,1,0.0064,0
P0613,U002,1,0.5414,1,1.433,0.533,1,0.6176,1,0.0762,0
P0613,U003,1,0.6805,1,1.196,0.069,1,0.724,1,0.0436,0
P0613,U004,0,0.1206,1,1.362,0.587,0,0.1094,1,0.0113,0
P0613,U005,0,0.0053,1,0.842,0.753,0,0.0169,1,0.0116,0
P0613,U006,0,0.3189,1,1.511,0.645,0,0.2779,1,0.041,0
P0613,U007,1,0.2753,0,1.157,0.452,1,0.0338,0,-0.2415,1
P0613,U008,1,0.2675,0,1.341,0.834,0,0.3596,0,0.0921,0
P0613,U009,0,0.0409,1,0.919,0.94,0,0.0495,1,0.0086,0
P0613,U010,1,0.1563,0,1.29,0.376,0,0.2005,0,0.0443,0
P0614,U001,0,0.343,1,1.335,0.745,0,0.249,1,0.0939,0
P0614,U002,1,0.774,1,1.433,0.533,1,0.8289,1,0.0549,0
P0614,U003,1,0.9287,1,1.196,0.069,1,0.9247,1,0.0039,0
P0614,U004,0,0.7103,0,1.362,0.587,0,0.4394,1,0.2709,0
P0614,U005,0,0.2009,1,0.842,0.753,0,0.1586,1,0.0423,0
P0614,U006,0,0.7069,0,1.511,0.645,0,0.4692,1,0.2377,0
P0614,U007,1,0.8436,1,1.157,0.452,1,0.8722,1,0.0287,0
P0614,U008,1,0.9332,1,1.341,0.834,1,0.9276,1,0.0056,0
P0614,U009,0,0.6134,0,0.919,0.94,0,0.4708,1,0.1427,0
P0614,U010,1,0.3889,0,1.29,0.376,1,0.5814,1,0.1925,0
P0615,U001,0,0.323,1,1.335,0.745,0,0.2401,1,0.0829,0
P0615,U002,1,0.5158,1,1.433,0.533,0,0.6346,1,0.1188,0
P0615,U003,1,0.4441,0,1.196,0.069,0,0.5688,1,0.1247,0
P0615,U004,0,0.5313,0,1.362,0.587,1,0.3787,1,0.1527,0
P0615,U005,0,0.0811,1,0.842,0.753,0,0.0806,1,0.0005,0
P0615,U006,0,0.5351,0,1.511,0.645,1,0.3678,1,0.1673,0
P0615,U007,1,0.3037,0,1.157,0.452,0,0.4269,0,0.1232,0
P0615,U008,1,0.6952,1,1.341,0.834,0,0.7773,1,0.0821,0
P0615,U009,0,0.5763,0,0.919,0.94,0,0.4303,1,0.146,0
P0615,U010,1,0.1664,0,1.29,0.376,1,0.4598,0,0.2934,0
P0616,U001,0,0.3491,1,1.335,0.745,0,0.2316,1,0.1176,0
P0616,U002,1,0.9962,1,1.433,0.533,0,0.9578,1,0.0384,0
P0616,U003,1,0.9586,1,1.196,0.069,1,0.9466,1,0.012,0
P0616,U004,0,0.8287,0,1.362,0.587,0,0.5996,0,0.2291,0
P0616,U005,0,0.3985,1,0.842,0.753,0,0.3248,1,0.0737,0
P0616,U006,0,0.7003,0,1.511,0.645,0,0.427,1,0.2732,0
P0616,U007,1,0.9732,1,1.157,0.452,0,0.9558,1,0.0174,0
P0616,U008,1,0.9913,1,1.341,0.834,0,0.9691,1,0.0222,0
P0616,U009,0,0.9189,0,0.919,0.94,0,0.7257,0,0.1931,0
P0616,U010,1,0.9989,1,1.29,0.376,0,0.9728,1,0.0261,0
P0617,U001,0,0.517,0,1.335,0.745,1,0.3527,1,0.1643,0
P0617,U002,1,0.6276,1,1.433,0.533,1,0.7692,1,0.1416,0
P0617,U003,1,0.161,0,1.196,0.069,1,0.467,0,0.306,0
P0617,U004,0,0.5648,0,1.362,0.587,1,0.3348,1,0.2299,0
P0617,U005,0,0.5964,0,0.842,0.753,1,0.4316,1,0.1649,0
P0617,U006,0,0.8165,0,1.511,0.645,0,0.4169,1,0.3996,0
P0617,U007,1,0.0781,0,1.157,0.452,1,0.4531,0,0.375,0
P0617,U008,1,0.4346,0,1.341,0.834,1,0.6317,1,0.1971,0
P0617,U009,0,0.7352,0,0.919,0.94,0,0.552,0,0.1832,0
P0617,U010,1,0.0215,0,1.29,0.376,0,0.3946,0,0.3731,0
P0618,U001,0,0.6524,0,1.335,0.745,0,0.3974,1,0.255,0
P0618,U002,1,0.8702,1,1.433,0.533,0,0.99,1,-0.0202,1
P0618,U003,1,0.949,1,1.196,0.069,0,0.9357,1,0.0132,0
P0618,U004,0,0.8312,0,1.362,0.587,1,0.5403,0,0.2909,0
P0618,U005,0,0.2703,1,0.842,0.753,0,0.2295,1,0.0408,0
P0618,U006,0,0.8168,0,1.511,0.645,0,0.5019,0,0.315,0
P0618,U007,1,0.9467,1,1.157,0.452,0,0.937,1,0.0097,0
P0618,U008,1,0.526,1,1.341,0.834,1,0.7236,1,0.1976,0
P0618,U009,0,0.8265,0,0.919,0.94,0,0.99,0,-0.1635,1
P0618,U010,1,0.8286,1,1.29,0.376,0,0.854,1,0.0254,0
P0619,U001,0,0.264,1,1.335,0.745,0,0.215,1,0.0491,0
P0619,U002,1,0.6142,1,1.433,0.533,0,0.6579,1,0.0436,0
P0619,U003,1,0.8286,1,1.196,0.069,0,0.8346,1,0.0059,0
P0619,U004,0,0.6649,0,1.362,0.587,0,0.6302,0,0.0347,0
P0619,U005,0,0.5338,0,0.842,0.753,0,0.4998,1,0.034,0
P0619,U006,0,0.6694,0,1.511,0.645,0,0.585,0,0.0844,0
P0619,U007,1,0.1943,0,1.157,0.452,0,0.2435,0,0.0492,0
P0619,U008,1,0.2502,0,1.341,0.834,0,0.3842,0,0.134,0
P0619,U009,0,0.8509,0,0.919,0.94,0,0.6324,0,0.2186,0
P0619,U010,1,0.3309,0,1.29,0.376,1,0.4383,0,0.1074,0
P0620,U001,0,0.6036,0,1.335,0.745,1,0.4109,1,0.1927,0
P0620,U002,1,0.9867,1,1.433,0.533,0,0.9598,1,0.0269,0
P0620,U003,1,0.8794,1,1.196,0.069,0,0.9032,1,0.0238,0
P0620,U004,0,0.5589,0,1.362,0.587,0,0.3063,1,0.2526,0
P0620,U005,0,0.5931,0,0.842,0.753,1,0.4528,1,0.1404,0
P0620,U006,0,0.6409,0,1.511,0.645,0,0.392,1,0.2489,0
P0620,U007,1,0.6842,1,1.157,0.452,0,0.7625,1,0.0782,0
P0620,U008,1,0.9456,1,1.341,0.834,0,0.935,1,0.0106,0
P0620,U009,0,0.9405,0,0.919,0.94,1,0.6015,0,0.339,0
P0620,U010,1,0.8167,1,1.29,0.376,0,0.8602,1,0.0436,0
P0621,U001,0,0.1713,1,1.335,0.745,0,0.1501,1,0.0212,0
P0621,U002,1,0.6423,1,1.433,0.533,0,0.7414,1,0.099,0
P0621,U003,1,0.811,1,1.196,0.069,0,0.8493,1,0.0383,0
P0621,U004,0,0.1752,1,1.362,0.587,0,0.1466,1,0.0286,0
P0621,U005,0,0.0072,1,0.842,0.753,0,0.0294,1,0.0222,0
P0621,U006,0,0.2387,1,1.511,0.645,1,0.151,1,0.0877,0
P0621,U007,1,0.5656,1,1.157,0.452,1,0.7218,1,0.1561,0
P0621,U008,1,0.6909,1,1.341,0.834,0,0.846,1,0.1551,1
P0621,U009,0,0.1744,1,0.919,0.94,1,0.1408,1,0.0336,0
P0621,U010,1,0.7126,1,1.29,0.376,0,0.8084,1,0.0958,0
P0622,U001,0,0.3946,1,1.335,0.745,1,0.3027,1,0.0919,0
P0622,U002,1,0.3666,0,1.433,0.533,1,0.4734,0,0.1067,0
P0622,U003,1,0.9549,1,1.196,0.069,1,0.946,1,0.0089,0
P0622,U004,0,0.6523,0,1.362,0.587,0,0.5756,0,0.0767,0
P0622,U005,0,0.0935,1,0.842,0.753,1,0.0889,1,0.0046,0
P0622,U006,0,0.2136,1,1.511,0.645,1,0.186,1,0.0277,0
P0622,U007,1,0.7352,1,1.157,0.452,0,0.7741,1,0.0388,0
P0622,U008,1,0.77,1,1.341,0.834,0,0.8125,1,0.0425,0
P0622,U009,0,0.1485,1,0.919,0.94,0,0.1462,1,0.0023,0
P0622,U010,1,0.9128,1,1.29,0.376,0,0.914,1,0.0012,0
P0623,U001,0,0.0271,1,1.335,0.745,0,0.0408,1,0.0137,0
P0623,U002,1,0.9077,1,1.433,0.533,0,0.9135,1,0.0058,0
P0623,U003,1,0.8721,1,1.196,0.069,0,0.8898,1,0.0176,0
P0623,U004,0,0.0917,1,1.362,0.587,0,0.0889,1,0.0029,0
P0623,U005,0,0.0239,1,0.842,0.753,0,0.0377,1,0.0138,0
P0623,U006,0,0.0618,1,1.511,0.645,0,0.0649,1,0.003,0
P0623,U007,1,0.7757,1,1.157,0.452,0,0.8244,1,0.0488,0
P0623,U008,1,0.7154,1,1.341,0.834,0,0.8048,1,0.0894,0
P0623,U009,0,0.2037,1,0.919,0.94,0,0.177,1,0.0267,0
P0623,U010,1,0.8361,1,1.29,0.376,1,0.8638,1,0.0277,0
P0624,U001,0,0.594,0,1.335,0.745,1,0.3219,1,0.2721,0
P0624,U002,1,0.9423,1,1.433,0.533,1,0.93,1,0.0123,0
P0624,U003,1,0.8882,1,1.196,0.069,1,0.9059,1,0.0178,0
P0624,U004,0,0.1827,1,1.362,0.587,0,0.1152,1,0.0675,0
P0624,U005,0,0.6167,0,0.842,0.753,1,0.4074,1,0.2094,0
P0624,U006,0,0.2266,1,1.511,0.645,1,0.1628,1,0.0638,0
P0624,U007,1,0.9464,1,1.157,0.452,1,0.9317,1,0.0147,0
P0624,U008,1,0.6737,1,1.341,0.834,0,0.7756,1,0.1019,0
P0624,U009,0,0.5796,0,0.919,0.94,0,0.3879,1,0.1916,0
P0624,U010,1,0.9372,1,1.29,0.376,0,0.9296,1,0.0076,0
P0625,U001,0,0.0451,1,1.335,0.745,0,0.055,1,0.0099,0
P0625,U002,1,0.9497,1,1.433,0.533,1,0.9402,1,0.0095,0
P0625,U003,1,0.9847,1,1.196,0.069,1,0.9712,1,0.0135,0
P0625,U004,0,0.0623,1,1.362,0.587,1,0.0696,1,0.0073,0
P0625,U005,0,0.0076,1,0.842,0.753,1,0.0335,1,0.0259,0
P0625,U006,0,0.0769,1,1.511,0.645,0,0.0781,1,0.0013,0
P0625,U007,1,0.6983,1,1.157,0.452,1,0.8073,1,0.109,0
P0625,U008,1,0.9795,1,1.341,0.834,0,0.9618,1,0.0177,0
P0625,U009,0,0.328,1,0.919,0.94,0,0.7357,0,-0.4077,1
P0625,U010,1,0.8976,1,1.29,0.376,1,0.99,1,-0.0476,1
P0626,U001,0,0.4504,1,1.335,0.745,0,0.2512,1,0.1992,0
P0626,U002,1,0.959,1,1.433,0.533,1,0.94,1,0.019,0
P0626,U003,1,0.967,1,1.196,0.069,1,0.9448,1,0.0222,0
P0626,U004,0,0.142,1,1.362,0.587,0,0.1128,1,0.0292,0
P0626,U005,0,0.1671,1,0.842,0.753,0,0.126,1,0.0411,0
P0626,U006,0,0.3963,1,1.511,0.645,0,0.2393,1,0.1571,0
P0626,U007,1,0.8889,1,1.157,0.452,1,0.9023,1,0.0134,0
P0626,U008,1,0.834,1,1.341,0.834,0,0.8678,1,0.0338,0
P0626,U009,0,0.4083,1,0.919,0.94,0,0.3002,1,0.1082,0
P0626,U010,1,0.7386,1,1.29,0.376,0,0.8139,1,0.0753,0
P0627,U001,0,0.3307,1,1.335,0.745,0,0.181,1,0.1497,0
P0627,U002,1,0.9943,1,1.433,0.533,1,0.9506,1,0.0437,0
P0627,U003,1,0.9785,1,1.196,0.069,0,0.9522,1,0.0263,0
P0627,U004,0,0.2796,1,1.362,0.587,1,0.1905,1,0.0891,0
P0627,U005,0,0.0242,1,0.842,0.753,0,0.0479,1,0.0237,0
P0627,U006,0,0.3529,1,1.511,0.645,0,0.2166,1,0.1362,0
P0627,U007,1,0.953,1,1.157,0.452,0,0.9382,1,0.0148,0
P0627,U008,1,0.9862,1,1.341,0.834,0,0.9526,1,0.0336,0
P0627,U009,0,0.4728,1,0.919,0.94,0,0.2946,1,0.1783,0
P0627,U010,1,0.9281,1,1.29,0.376,0,0.9241,1,0.004,0
P0628,U001,0,0.1157,1,1.335,0.745,1,0.094,1,0.0217,0
P0628,U002,1,0.6912,1,1.433,0.533,0,0.7669,1,0.0757,0
P0628,U003,1,0.6166,1,1.196,0.069,0,0.8028,1,0.1863,0
P0628,U004,0,0.0634,1,1.362,0.587,0,0.0713,1,0.0079,0
P0628,U005,0,0.1219,1,0.842,0.753,1,0.1012,1,0.0207,0
P0628,U006,0,0.3076,1,1.511,0.645,1,0.1893,1,0.1183,0
P0628,U007,1,0.7492,1,1.157,0.452,0,0.8081,1,0.0589,0
P0628,U008,1,0.3427,0,1.341,0.834,0,0.5522,1,0.2094,0
P0628,U009,0,0.6134,0,0.919,0.94,1,0.3646,1,0.2489,0
P0628,U010,1,0.6669,1,1.29,0.376,0,0.7866,1,0.1197,0
P0629,U001,0,0.1565,1,1.335,0.745,1,0.1175,1,0.039,0
P0629,U002,1,0.3324,0,1.433,0.533,1,0.5602,1,0.2278,0
P0629,U003,1,0.8653,1,1.196,0.069,1,0.8842,1,0.0189,0
P0629,U004,0,0.2549,1,1.362,0.587,0,0.1845,1,0.0704,0
P0629,U005,0,0.3258,1,0.842,0.753,0,0.2372,1,0.0885,0
P0629,U006,0,0.6291,0,1.511,0.645,0,0.3916,1,0.2375,0
P0629,U007,1,0.6077,1,1.157,0.452,1,0.7038,1,0.0961,0
P0629,U008,1,0.6846,1,1.341,0.834,0,0.788,1,0.1034,0
P0629,U009,0,0.2735,1,0.919,0.94,1,0.2066,1,0.0669,0
P0629,U010,1,0.5907,1,1.29,0.376,1,0.7781,1,0.1874,0
P0630,U001,0,0.0917,1,1.335,0.745,1,0.0875,1,0.0042,0
P0630,U002,1,0.2874,0,1.433,0.533,1,0.4861,0,0.1987,0
P0630,U003,1,0.3454,0,1.196,0.069,1,0.5923,1,0.2469,0
P0630,U004,0,0.515,0,1.362,0.587,1,0.2957,1,0.2193,0
P0630,U005,0,0.1018,1,0.842,0.753,1,0.0953,1,0.0064,0
P0630,U006,0,0.1745,1,1.511,0.645,1,0.1217,1,0.0529,0
P0630,U007,1,0.3013,0,1.157,0.452,1,0.4266,0,0.1253,0
P0630,U008,1,0.7001,1,1.341,0.834,1,0.7888,1,0.0887,0
P0630,U009,0,0.8046,0,0.919,0.94,1,0.4483,1,0.3563,0
P0630,U010,1,0.4723,0,1.29,0.376,1,0.6513,1,0.179,0
P0631,U001,0,0.4362,1,1.335,0.745,0,0.4261,1,0.0101,0
P0631,U002,1,0.2942,0,1.433,0.533,0,0.3583,0,0.0641,0
P0631,U003,1,0.2054,0,1.196,0.069,0,0.3376,0,0.1322,0
P0631,U004,0,0.4774,1,1.362,0.587,0,0.4509,1,0.0264,0
P0631,U005,0,0.0282,1,0.842,0.753,0,0.0306,1,0.0025,0
P0631,U006,0,0.4972,1,1.511,0.645,0,0.4762,1,0.021,0
P0631,U007,1,0.4843,0,1.157,0.452,0,0.5107,1,0.0264,0
P0631,U008,1,0.1573,0,1.341,0.834,0,0.1972,0,0.04,0
P0631,U009,0,0.6678,0,0.919,0.94,0,0.6765,0,-0.0086,0
P0631,U010,1,0.0204,0,1.29,0.376,0,0.2319,0,0.2115,0
P0632,U001,0,0.9184,0,1.335,0.745,1,0.9224,0,-0.004,0
P0632,U002,1,0.877,1,1.433,0.533,0,0.8832,1,0.0062,0
P0632,U003,1,0.5228,1,1.196,0.069,0,0.5462,1,0.0235,0
P0632,U004,0,0.9093,0,1.362,0.587,0,0.7994,0,0.1098,0
P0632,U005,0,0.7991,0,0.842,0.753,0,0.7501,0,0.049,0
P0632,U006,0,0.8408,0,1.511,0.645,0,0.8142,0,0.0267,0
P0632,U007,1,0.6158,1,1.157,0.452,0,0.647,1,0.0312,0
P0632,U008,1,0.5892,1,1.341,0.834,1,0.6769,1,0.0877,0
P0632,U009,0,0.9846,0,0.919,0.94,0,0.9432,0,0.0414,0
P0632,U010,1,0.279,0,1.29,0.376,0,0.4396,0,0.1606,0
P0633,U001,0,0.2634,1,1.335,0.745,1,0.2179,1,0.0455,0
P0633,U002,1,0.3008,0,1.433,0.533,0,0.3692,0,0.0685,0
P0633,U003,1,0.1744,0,1.196,0.069,1,0.3258,0,0.1514,0
P0633,U004,0,0.7526,0,1.362,0.587,1,0.5943,0,0.1583,0
P0633,U005,0,0.3442,1,0.842,0.753,1,0.2793,1,0.0649,0
P0633,U006,0,0.6134,0,1.511,0.645,0,0.4992,1,0.1141,0
P0633,U007,1,0.1344,0,1.157,0.452,0,0.3473,0,0.2129,0
P0633,U008,1,0.1116,0,1.341,0.834,0,0.1436,0,0.032,0
P0633,U009,0,0.9328,0,0.919,0.94,0,0.8007,0,0.1321,0
P0633,U010,1,0.1652,0,1.29,0.376,0,0.2309,0,0.0657,0
P0634,U001,0,0.4389,1,1.335,0.745,1,0.2373,1,0.2017,1
P0634,U002,1,0.0377,0,1.433,0.533,1,0.3538,0,0.3161,0
P0634,U003,1,0.4278,0,1.196,0.069,0,0.6117,1,0.1839,0
P0634,U004,0,0.4169,1,1.362,0.587,0,0.2906,1,0.1264,0
P0634,U005,0,0.1753,1,0.842,0.753,1,0.1406,1,0.0348,0
P0634,U006,0,0.6382,0,1.511,0.645,0,0.3927,1,0.2455,0
P0634,U007,1,0.1575,0,1.157,0.452,1,0.4337,0,0.2762,0
P0634,U008,1,0.2742,0,1.341,0.834,1,0.4715,0,0.1974,0
P0634,U009,0,0.6383,0,0.919,0.94,1,0.3972,1,0.2411,0
P0634,U010,1,0.0609,0,1.29,0.376,1,0.5666,1,0.5057,0
P0635,U001,0,0.7797,0,1.335,0.745,1,0.6098,0,0.1699,1
P0635,U002,1,0.9501,1,1.433,0.533,1,0.9481,1,0.0019,0
P0635,U003,1,0.4342,0,1.196,0.069,1,0.5656,1,0.1315,0
P0635,U004,0,0.4816,1,1.362,0.587,1,0.4096,1,0.072,0
P0635,U005,0,0.0489,1,0.842,0.753,1,0.0515,1,0.0026,0
P0635,U006,0,0.7308,0,1.511,0.645,0,0.6794,0,0.0513,0
P0635,U007,1,0.1564,0,1.157,0.452,1,0.1906,0,0.0342,0
P0635,U008,1,0.3474,0,1.341,0.834,0,0.3313,0,-0.016,0
P0635,U009,0,0.6945,0,0.919,0.94,0,0.5713,0,0.1232,0
P0635,U010,1,0.0194,0,1.29,0.376,1,0.2532,0,0.2337,0
P0636,U001,0,0.2995,1,1.335,0.745,0,0.4601,1,-0.1606,1
P0636,U002,1,0.4317,0,1.433,0.533,0,0.7126,1,0.2808,0
P0636,U003,1,0.6236,1,1.196,0.069,0,0.7859,1,0.1623,0
P0636,U004,0,0.4848,1,1.362,0.587,1,0.301,1,0.1837,0
P0636,U005,0,0.3067,1,0.842,0.753,0,0.2233,1,0.0834,0
P0636,U006,0,0.4996,1,1.511,0.645,1,0.246,1,0.2536,0
P0636,U007,1,0.8054,1,1.157,0.452,0,0.8633,1,0.0579,0
P0636,U008,1,0.4912,0,1.341,0.834,0,0.7345,1,0.2433,0
P0636,U009,0,0.602,0,0.919,0.94,0,0.4117,1,0.1903,0
P0636,U010,1,0.3381,0,1.29,0.376,1,0.5913,1,0.2532,0
P0637,U001,0,0.1162,1,1.335,0.745,1,0.0991,1,0.0171,0
P0637,U002,1,0.1623,0,1.433,0.533,0,0.3587,0,0.1964,0
P0637,U003,1,0.9418,1,1.196,0.069,0,0.99,1,-0.0482,1
P0637,U004,0,0.058,1,1.362,0.587,1,0.067,1,0.0091,0
P0637,U005,0,0.0458,1,0.842,0.753,0,0.0854,1,0.0289,1
P0637,U006,0,0.1088,1,1.511,0.645,0,0.098,1,0.0108,0
P0637,U007,1,0.5736,1,1.157,0.452,0,0.6849,1,0.1113,0
P0637,U008,1,0.265,0,1.341,0.834,1,0.3667,0,0.1017,1
P0637,U009,0,0.449,1,0.919,0.94,1,0.3476,1,0.1014,0
P0637,U010,1,0.1511,0,1.29,0.376,0,0.5412,1,0.3902,0
P0638,U001,0,0.1018,1,1.335,0.745,0,0.0965,1,0.0053,0
P0638,U002,1,0.5181,1,1.433,0.533,0,0.6012,1,0.0831,0
P0638,U003,1,0.81,1,1.196,0.069,1,0.836,1,0.0261,0
P0638,U004,0,0.0786,1,1.362,0.587,0,0.079,1,0.0003,0
P0638,U005,0,0.1694,1,0.842,0.753,0,0.1511,1,0.0182,0
P0638,U006,0,0.1464,1,1.511,0.645,1,0.1277,1,0.0187,0
P0638,U007,1,0.7875,1,1.157,0.452,1,0.7968,1,0.0092,0
P0638,U008,1,0.4397,0,1.341,0.834,0,0.5386,1,0.0989,0
P0638,U009,0,0.5803,0,0.919,0.94,1,0.405,1,0.1753,0
P0638,U010,1,0.4729,0,1.29,0.376,0,0.5627,1,0.0898,0
P0639,U001,0,0.2478,1,1.335,0.745,0,0.2141,1,0.0337,0
P0639,U002,1,0.7782,1,1.433,0.533,1,0.7974,1,0.0192,0
P0639,U003,1,0.6427,1,1.196,0.069,1,0.7241,1,0.0814,0
P0639,U004,0,0.0281,1,1.362,0.587,1,0.0374,1,0.0093,0
P0639,U005,0,0.0025,1,0.842,0.753,0,0.016,1,0.0135,0
P0639,U006,0,0.1172,1,1.511,0.645,1,0.108,1,0.0093,0
P0639,U007,1,0.8854,1,1.157,0.452,0,0.8917,1,0.0062,0
P0639,U008,1,0.7202,1,1.341,0.834,0,0.7573,1,0.0372,0
P0639,U009,0,0.0218,1,0.919,0.94,0,0.038,1,0.0162,0
P0639,U010,1,0.3152,0,1.29,0.376,1,0.4773,0,0.1621,0
P0640,U001,0,0.7172,0,1.335,0.745,0,0.4326,1,0.2846,0
P0640,U002,1,0.9652,1,1.433,0.533,0,0.949,1,0.0162,0
P0640,U003,1,0.9217,1,1.196,0.069,0,0.9209,1,0.0008,0
P0640,U004,0,0.8571,0,1.362,0.587,0,0.4417,1,0.4154,0
P0640,U005,0,0.0937,1,0.842,0.753,0,0.0858,1,0.0079,0
P0640,U006,0,0.2552,1,1.511,0.645,0,0.1581,1,0.0971,0
P0640,U007,1,0.7766,1,1.157,0.452,1,0.8585,1,0.082,0
P0640,U008,1,0.9,1,1.341,0.834,1,0.9116,1,0.0116,0
P0640,U009,0,0.3756,1,0.919,0.94,0,0.2884,1,0.0872,0
P0640,U010,1,0.6786,1,1.29,0.376,0,0.7741,1,0.0954,0
P0641,U001,0,0.4235,1,1.335,0.745,0,0.3735,1,0.0501,0
P0641,U002,1,0.4667,0,1.433,0.533,0,0.5236,1,0.0569,0
P0641,U003,1,0.1365,0,1.196,0.069,0,0.2841,0,0.1475,0
P0641,U004,0,0.32,1,1.362,0.587,0,0.3053,1,0.0147,0
P0641,U005,0,0.3695,1,0.842,0.753,1,0.3379,1,0.0316,0
P0641,U006,0,0.8273,0,1.511,0.645,0,0.7412,0,0.0861,0
P0641,U007,1,0.482,0,1.157,0.452,0,0.5823,1,0.1003,0
P0641,U008,1,0.489,0,1.341,0.834,1,0.5502,1,0.0612,0
P0641,U009,0,0.546,0,0.919,0.94,0,0.5228,0,0.0233,0
P0641,U010,1,0.1795,0,1.29,0.376,0,0.2738,0,0.0943,0
P0642,U001,0,0.7658,0,1.335,0.745,0,0.481,1,0.2847,0
P0642,U002,1,0.8228,1,1.433,0.533,1,0.8607,1,0.0379,0
P0642,U003,1,0.813,1,1.196,0.069,0,0.8331,1,0.0201,0
P0642,U004,0,0.3589,1,1.362,0.587,1,0.2415,1,0.1175,0
P0642,U005,0,0.1468,1,0.842,0.753,0,0.1398,1,0.007,0
P0642,U006,0,0.2538,1,1.511,0.645,0,0.2064,1,0.0474,0
P0642,U007,1,0.7235,1,1.157,0.452,1,0.81,1,0.0864,0
P0642,U008,1,0.8153,1,1.341,0.834,0,0.8367,1,0.0215,0
P0642,U009,0,0.9652,0,0.919,0.94,0,0.8369,0,0.1283,0
P0642,U010,1,0.7601,1,1.29,0.376,0,0.815,1,0.0549,0
P0643,U001,0,0.1173,1,1.335,0.745,0,0.1132,1,0.0042,0
P0643,U002,1,0.8258,1,1.433,0.533,0,0.8447,1,0.0189,0
P0643,U003,1,0.2293,0,1.196,0.069,1,0.3397,0,0.1104,0
P0643,U004,0,0.2428,1,1.362,0.587,0,0.2254,1,0.0174,0
P0643,U005,0,0.141,1,0.842,0.753,1,0.132,1,0.0091,0
P0643,U006,0,0.767,0,1.511,0.645,1,0.7301,0,0.0369,0
P0643,U007,1,0.1451,0,1.157,0.452,1,0.2556,0,0.1105,0
P0643,U008,1,0.2965,0,1.341,0.834,0,0.387,0,0.0905,0
P0643,U009,0,0.6443,0,0.919,0.94,0,0.5512,0,0.0931,0
P0643,U010,1,0.2069,0,1.29,0.376,0,0.342,0,0.1351,0
P0644,U001,0,0.4433,1,1.335,0.745,1,0.3566,1,0.0868,0
P0644,U002,1,0.3333,0,1.433,0.533,0,0.4761,0,0.1429,0
P0644,U003,1,0.1979,0,1.196,0.069,0,0.439,0,0.2411,0
P0644,U004,0,0.4061,1,1.362,0.587,0,0.2843,1,0.1218,0
P0644,U005,0,0.0595,1,0.842,0.753,0,0.0624,1,0.0029,0
P0644,U006,0,0.4073,1,1.511,0.645,1,0.2937,1,0.1136,0
P0644,U007,1,0.0705,0,1.157,0.452,0,0.2183,0,0.1478,0
P0644,U008,1,0.2506,0,1.341,0.834,0,0.4572,0,0.2066,0
P0644,U009,0,0.8843,0,0.919,0.94,1,0.6417,0,0.2426,0
P0644,U010,1,0.0119,0,1.29,0.376,1,0.2262,0,0.2144,0
P0645,U001,0,0.3846,1,1.335,0.745,0,0.2559,1,0.1288,0
P0645,U002,1,0.3349,0,1.433,0.533,1,0.5987,1,0.2638,0
P0645,U003,1,0.9052,1,1.196,0.069,1,0.912,1,0.0068,0
P0645,U004,0,0.2257,1,1.362,0.587,0,0.1601,1,0.0656,0
P0645,U005,0,0.6868,0,0.842,0.753,0,0.3905,1,0.2963,0
P0645,U006,0,0.6224,0,1.511,0.645,1,0.3259,1,0.2965,0
P0645,U007,1,0.5828,1,1.157,0.452,0,0.7741,1,0.1913,0
P0645,U008,1,0.3729,0,1.341,0.834,0,0.6461,1,0.2732,0
P0645,U009,0,0.9028,0,0.919,0.94,0,0.6572,0,0.2456,0
P0645,U010,1,0.2689,0,1.29,0.376,0,0.5486,1,0.2797,0
P0646,U001,0,0.0346,1,1.335,0.745,0,0.0536,1,0.019,0
P0646,U002,1,0.9811,1,1.433,0.533,1,0.903,1,0.0441,1
P0646,U003,1,0.98,1,1.196,0.069,0,0.9553,1,0.0247,0
P0646,U004,0,0.1635,1,1.362,0.587,0,0.1348,1,0.0287,0
P0646,U005,0,0.0086,1,0.842,0.753,0,0.0313,1,0.0227,0
P0646,U006,0,0.1053,1,1.511,0.645,1,0.0939,1,0.0114,0
P0646,U007,1,0.8041,1,1.157,0.452,0,0.8056,1,0.0015,1
P0646,U008,1,0.9055,1,1.341,0.834,1,0.9107,1,0.0053,0
P0646,U009,0,0.1396,1,0.919,0.94,0,0.1167,1,0.0229,0
P0646,U010,1,0.963,1,1.29,0.376,0,0.7159,1,-0.161,1
P0647,U001,0,0.126,1,1.335,0.745,1,0.1185,1,0.0075,1
P0647,U002,1,0.4867,0,1.433,0.533,0,0.6025,1,0.1158,0
P0647,U003,1,0.2918,0,1.196,0.069,1,0.4935,0,0.2017,0
P0647,U004,0,0.5628,0,1.362,0.587,0,0.462,1,0.1008,1
P0647,U005,0,0.2156,1,0.842,0.753,0,0.1978,1,0.0177,0
P0647,U006,0,0.3204,1,1.511,0.645,0,0.29,1,0.0303,0
P0647,U007,1,0.3145,0,1.157,0.452,0,0.4792,0,0.1647,0
P0647,U008,1,0.4822,0,1.341,0.834,1,0.5317,1,0.0495,1
P0647,U009,0,0.6179,0,0.919,0.94,1,0.3876,1,0.2304,1
P0647,U010,1,0.1957,0,1.29,0.376,1,0.536,1,0.3403,0
P0648,U001,0,0.2357,1,1.335,0.745,0,0.1803,1,0.0554,0
P0648,U002,1,0.9974,1,1.433,0.533,1,0.6335,1,-0.2092,1
P0648,U003,1,0.9677,1,1.196,0.069,1,0.9477,1,0.0201,0
P0648,U004,0,0.1622,1,1.362,0.587,0,0.1305,1,0.0317,0
P0648,U005,0,0.0138,1,0.842,0.753,0,0.0408,1,0.027,0
P0648,U006,0,0.163,1,1.511,0.645,1,0.1324,1,0.0306,0
P0648,U007,1,0.9861,1,1.157,0.452,1,0.9596,1,0.0265,0
P0648,U008,1,0.9721,1,1.341,0.834,0,0.9578,1,0.0144,0
P0648,U009,0,0.1796,1,0.919,0.94,0,0.156,1,0.0236,0
P0648,U010,1,0.9752,1,1.29,0.376,0,0.9571,1,0.0182,0
P0649,U001,0,0.4605,1,1.335,0.745,1,0.2497,1,0.2108,0
P0649,U002,1,0.9458,1,1.433,0.533,0,0.9298,1,0.016,0
P0649,U003,1,0.9847,1,1.196,0.069,1,0.9343,1,0.0504,0
P0649,U004,0,0.6281,0,1.362,0.587,1,0.3689,1,0.2592,0
P0649,U005,0,0.123,1,0.842,0.753,0,0.1019,1,0.0211,0
P0649,U006,0,0.5203,0,1.511,0.645,1,0.2648,1,0.2555,0
P0649,U007,1,0.9676,1,1.157,0.452,1,0.939,1,0.0286,0
P0649,U008,1,0.933,1,1.341,0.834,1,0.9252,1,0.0077,0
P0649,U009,0,0.6819,0,0.919,0.94,0,0.3848,1,0.2971,0
P0649,U010,1,0.8579,1,1.29,0.376,1,0.8991,1,0.0412,0
P0650,U001,0,0.0368,1,1.335,0.745,1,0.0542,1,0.0174,0
P0650,U002,1,0.9642,1,1.433,0.533,1,0.9347,1,0.0294,0
P0650,U003,1,0.9972,1,1.196,0.069,1,0.957,1,0.0403,0
P0650,U004,0,0.1162,1,1.362,0.587,1,0.1011,1,0.0151,0
P0650,U005,0,0.0014,1,0.842,0.753,1,0.0514,1,0.05,0
P0650,U006,0,0.0751,1,1.511,0.645,1,0.0776,1,0.0026,0
P0650,U007,1,0.9038,1,1.157,0.452,1,0.9112,1,0.0074,0
P0650,U008,1,0.9816,1,1.341,0.834,1,0.9615,1,0.0201,0
P0650,U009,0,0.1193,1,0.919,0.94,1,0.1052,1,0.0141,0
P0650,U010,1,0.9853,1,1.29,0.376,1,0.9452,1,0.04,0
P0651,U001,0,0.9117,0,1.335,0.745,0,0.7653,0,0.1465,0
P0651,U002,1,0.6822,1,1.433,0.533,1,0.7591,1,0.0769,0
P0651,U003,1,0.6897,1,1.196,0.069,0,0.7379,1,0.0482,0
P0651,U004,0,0.6091,0,1.362,0.587,0,0.8379,0,-0.2288,1
P0651,U005,0,0.5159,0,0.842,0.753,0,0.4702,1,0.0457,0
P0651,U006,0,0.8798,0,1.511,0.645,1,0.6826,0,0.1971,0
P0651,U007,1,0.8064,1,1.157,0.452,0,0.8418,1,0.0354,0
P0651,U008,1,0.8092,1,1.341,0.834,1,0.8358,1,0.0266,0
P0651,U009,0,0.965,0,0.919,0.94,0,0.7728,0,0.1922,0
P0651,U010,1,0.3997,0,1.29,0.376,0,0.4948,0,0.0951,0
P0652,U001,0,0.2859,1,1.335,0.745,1,0.1998,1,0.0861,0
P0652,U002,1,0.9388,1,1.433,0.533,1,0.9309,1,0.0079,0
P0652,U003,1,0.928,1,1.196,0.069,1,0.9255,1,0.0026,0
P0652,U004,0,0.1958,1,1.362,0.587,0,0.1547,1,0.041,0
P0652,U005,0,0.0094,1,0.842,0.753,1,0.0386,1,0.0293,0
P0652,U006,0,0.1651,1,1.511,0.645,0,0.1231,1,0.042,0
P0652,U007,1,0.8776,1,1.157,0.452,0,0.898,1,0.0204,0
P0652,U008,1,0.773,1,1.341,0.834,0,0.8386,1,0.0656,0
P0652,U009,0,0.2971,1,0.919,0.94,1,0.2157,1,0.0814,0
P0652,U010,1,0.8039,1,1.29,0.376,0,0.8487,1,0.0448,0
P0653,U001,0,0.2011,1,1.335,0.745,0,0.1393,1,0.0618,0
P0653,U002,1,0.8169,1,1.433,0.533,1,0.877,1,0.0601,0
P0653,U003,1,0.9842,1,1.196,0.069,0,0.9565,1,0.0277,0
P0653,U004,0,0.2074,1,1.362,0.587,1,0.1471,1,0.0603,0
P0653,U005,0,0.0651,1,0.842,0.753,1,0.07,1,0.0048,0
P0653,U006,0,0.6445,0,1.511,0.645,1,0.3447,1,0.2998,0
P0653,U007,1,0.853,1,1.157,0.452,1,0.8833,1,0.0303,0
P0653,U008,1,0.8602,1,1.341,0.834,1,0.888,1,0.0278,0
P0653,U009,0,0.1473,1,0.919,0.94,1,0.1216,1,0.0257,0
P0653,U010,1,0.9941,1,1.29,0.376,1,0.9478,1,0.0463,0
P0654,U001,0,0.3554,1,1.335,0.745,0,0.2903,1,0.0651,0
P0654,U002,1,0.742,1,1.433,0.533,0,0.8364,1,0.0943,0
P0654,U003,1,0.7965,1,1.196,0.069,0,0.8561,1,0.0595,0
P0654,U004,0,0.5451,0,1.362,0.587,0,0.3944,1,0.1507,0
P0654,U005,0,0.1423,1,0.842,0.753,1,0.1202,1,0.0221,0
P0654,U006,0,0.7838,0,1.511,0.645,1,0.4568,1,0.327,0
P0654,U007,1,0.8258,1,1.157,0.452,0,0.8545,1,0.0287,0
P0654,U008,1,0.8491,1,1.341,0.834,1,0.8758,1,0.0266,0
P0654,U009,0,0.2912,1,0.919,0.94,1,0.1984,1,0.0929,0
P0654,U010,1,0.1514,0,1.29,0.376,0,0.5003,1,0.349,0
P0655,U001,0,0.0612,1,1.335,0.745,0,0.0682,1,0.0071,0
P0655,U002,1,0.5476,1,1.433,0.533,0,0.6819,1,0.1343,0
P0655,U003,1,0.9421,1,1.196,0.069,1,0.9328,1,0.0093,0
P0655,U004,0,0.2498,1,1.362,0.587,0,0.1967,1,0.0531,0
P0655,U005,0,0.0146,1,0.842,0.753,1,0.0447,1,0.0301,0
P0655,U006,0,0.2429,1,1.511,0.645,0,0.1724,1,0.0706,0
P0655,U007,1,0.163,0,1.157,0.452,1,0.4162,0,0.2532,0
P0655,U008,1,0.3757,0,1.341,0.834,0,0.4996,0,0.1239,0
P0655,U009,0,0.6704,0,0.919,0.94,0,0.612,0,0.0584,0
P0655,U010,1,0.1066,0,1.29,0.376,0,0.3695,0,0.263,0
P0656,U001,0,0.0785,1,1.335,0.745,0,0.079,1,0.0005,0
P0656,U002,1,0.7231,1,1.433,0.533,1,0.8052,1,0.0821,0
P0656,U003,1,0.2859,0,1.196,0.069,0,0.5333,1,0.2474,0
P0656,U004,0,0.0964,1,1.362,0.587,0,0.0898,1,0.0066,0
P0656,U005,0,0.0023,1,0.842,0.753,1,0.0327,1,0.0304,0
P0656,U006,0,0.2236,1,1.511,0.645,0,0.1654,1,0.0582,0
P0656,U007,1,0.3621,0,1.157,0.452,1,0.5708,1,0.2087,0
P0656,U008,1,0.4125,0,1.341,0.834,0,0.5793,1,0.1669,0
P0656,U009,0,0.0344,1,0.919,0.94,1,0.0521,1,0.0177,0
P0656,U010,1,0.1715,0,1.29,0.376,1,0.5095,1,0.338,0
P0657,U001,0,0.6502,0,1.335,0.745,1,0.3579,1,0.2923,0
P0657,U002,1,0.9475,1,1.433,0.533,1,0.9321,1,0.0155,0
P0657,U003,1,0.9013,1,1.196,0.069,1,0.9091,1,0.0078,0
P0657,U004,0,0.2047,1,1.362,0.587,1,0.01,1,0.0547,1
P0657,U005,0,0.2534,1,0.842,0.753,1,0.1494,1,0.104,0
P0657,U006,0,0.2299,1,1.511,0.645,1,0.1493,1,0.0806,0
P0657,U007,1,0.9615,1,1.157,0.452,1,0.9428,1,0.0186,0
P0657,U008,1,0.9178,1,1.341,0.834,1,0.9189,1,0.0011,0
P0657,U009,0,0.336,1,0.919,0.94,1,0.1974,1,0.1386,0
P0657,U010,1,0.9127,1,1.29,0.376,0,0.9152,1,0.0025,0
P0658,U001,0,0.0257,1,1.335,0.745,1,0.0625,1,0.0368,0
P0658,U002,1,0.9345,1,1.433,0.533,1,0.9288,1,0.0058,0
P0658,U003,1,0.9249,1,1.196,0.069,0,0.9219,1,0.003,0
P0658,U004,0,0.1447,1,1.362,0.587,1,0.1031,1,0.0415,0
P0658,U005,0,0.0109,1,0.842,0.753,1,0.0431,1,0.0322,0
P0658,U006,0,0.2945,1,1.511,0.645,1,0.1751,1,0.1195,0
P0658,U007,1,0.5622,1,1.157,0.452,1,0.8098,1,0.2477,0
P0658,U008,1,0.7288,1,1.341,0.834,1,0.8478,1,0.119,0
P0658,U009,0,0.154,1,0.919,0.94,0,0.1209,1,0.0331,0
P0658,U010,1,0.4857,0,1.29,0.376,0,0.767,1,0.2813,0
P0659,U001,0,0.1845,1,1.335,0.745,0,0.1486,1,0.0359,0
P0659,U002,1,0.9305,1,1.433,0.533,1,0.9451,1,-0.0146,1
P0659,U003,1,0.9462,1,1.196,0.069,1,0.9317,1,0.0145,0
P0659,U004,0,0.0374,1,1.362,0.587,0,0.0561,1,0.0186,0
P0659,U005,0,0.0213,1,0.842,0.753,0,0.0439,1,0.0226,0
P0659,U006,0,0.1405,1,1.511,0.645,1,0.1158,1,0.0247,0
P0659,U007,1,0.6906,1,1.157,0.452,0,0.8083,1,0.1177,0
P0659,U008,1,0.729,1,1.341,0.834,0,0.8107,1,0.0816,0
P0659,U009,0,0.0265,1,0.919,0.94,0,0.0446,1,0.018,0
P0659,U010,1,0.9728,1,1.29,0.376,0,0.9458,1,0.027,0
P0660,U001,0,0.1931,1,1.335,0.745,1,0.1225,1,0.0706,0
P0660,U002,1,0.9996,1,1.433,0.533,1,0.9609,1,0.0387,0
P0660,U003,1,0.9958,1,1.196,0.069,0,0.954,1,0.0417,0
P0660,U004,0,0.1702,1,1.362,0.587,1,0.1282,1,0.042,0
P0660,U005,0,0.2059,1,0.842,0.753,0,0.1432,1,0.0627,0
P0660,U006,0,0.0642,1,1.511,0.645,1,0.0737,1,0.0094,0
P0660,U007,1,0.9782,1,1.157,0.452,1,0.9405,1,0.0377,0
P0660,U008,1,0.9954,1,1.341,0.834,1,0.9572,1,0.0382,0
P0660,U009,0,0.2959,1,0.919,0.94,1,0.2064,1,0.0895,0
P0660,U010,1,0.9982,1,1.29,0.376,1,0.9547,1,0.0436,0
P0661,U001,0,0.5541,0,1.335,0.745,1,0.3438,1,0.2103,0
P0661,U002,1,0.297,0,1.433,0.533,0,0.5875,1,0.2906,0
P0661,U003,1,0.7056,1,1.196,0.069,0,0.7927,1,0.0872,0
P0661,U004,0,0.8202,0,1.362,0.587,0,0.99,0,-0.1698,1
P0661,U005,0,0.9916,0,0.842,0.753,1,0.5559,0,0.4356,0
P0661,U006,0,0.9791,0,1.511,0.645,1,0.638,0,0.3411,0
P0661,U007,1,0.5452,1,1.157,0.452,1,0.705,1,0.1598,0
P0661,U008,1,0.1712,0,1.341,0.834,0,0.5266,1,0.3554,0
P0661,U009,0,0.9911,0,0.919,0.94,0,0.7124,0,0.2787,0
P0661,U010,1,0.2345,0,1.29,0.376,1,0.5695,1,0.335,0
P0662,U001,0,0.9447,0,1.335,0.745,0,0.99,0,-0.0453,0
P0662,U002,1,0.285,0,1.433,0.533,0,0.3674,0,0.0824,0
P0662,U003,1,0.5898,1,1.196,0.069,1,0.9493,1,0.3008,1
P0662,U004,0,0.7378,0,1.362,0.587,0,0.6896,0,0.0481,0
P0662,U005,0,0.5281,0,0.842,0.753,0,0.819,0,-0.2909,1
P0662,U006,0,0.797,0,1.511,0.645,0,0.7903,0,0.0067,0
P0662,U007,1,0.4925,0,1.157,0.452,0,0.5562,1,0.0637,0
P0662,U008,1,0.0572,0,1.341,0.834,0,0.1442,0,0.087,0
P0662,U009,0,0.9803,0,0.919,0.94,0,0.9213,0,0.059,0
P0662,U010,1,0.3316,0,1.29,0.376,0,0.4195,0,0.0879,0
P0663,U001,0,0.1509,1,1.335,0.745,1,0.1189,1,0.032,0
P0663,U002,1,0.9741,1,1.433,0.533,1,0.9478,1,0.0263,0
P0663,U003,1,0.9599,1,1.196,0.069,1,0.9455,1,0.0144,0
P0663,U004,0,0.1254,1,1.362,0.587,0,0.1037,1,0.0218,0
P0663,U005,0,0.2305,1,0.842,0.753,1,0.16,1,0.0706,0
P0663,U006,0,0.4551,1,1.511,0.645,1,0.2391,1,0.216,0
P0663,U007,1,0.245,0,1.157,0.452,1,0.5047,1,0.2597,0
P0663,U008,1,0.9173,1,1.341,0.834,1,0.9188,1,0.0015,0
P0663,U009,0,0.173,1,0.919,0.94,1,0.1395,1,0.0334,0
P0663,U010,1,0.8779,1,1.29,0.376,1,0.898,1,0.0201,0
P0664,U001,0,0.1401,1,1.335,0.745,0,0.1164,1,0.0237,0
P0664,U002,1,0.4828,0,1.433,0.533,0,0.613,1,0.1303,0
P0664,U003,1,0.7149,1,1.196,0.069,1,0.7608,1,0.0459,0
P0664,U004,0,0.3214,1,1.362,0.587,0,0.2493,1,0.0721,0
P0664,U005,0,0.1059,1,0.842,0.753,1,0.1024,1,0.0035,0
P0664,U006,0,0.645,0,1.511,0.645,1,0.6195,0,0.0255,1
P0664,U007,1,0.5986,1,1.157,0.452,1,0.6446,1,0.0461,1
P0664,U008,1,0.3329,0,1.341,0.834,1,0.5501,1,0.2171,0
P0664,U009,0,0.4977,1,0.919,0.94,0,0.4107,1,0.0871,0
P0664,U010,1,0.5719,1,1.29,0.376,0,0.6559,1,0.084,0
P0665,U001,0,0.1816,1,1.335,0.745,0,0.1731,1,0.0084,0
P0665,U002,1,0.5969,1,1.433,0.533,0,0.6359,1,0.039,0
P0665,U003,1,0.9443,1,1.196,0.069,0,0.9441,1,0.0002,0
P0665,U004,0,0.4903,1,1.362,0.587,0,0.4176,1,0.0727,0
P0665,U005,0,0.2017,1,0.842,0.753,0,0.1818,1,0.0198,0
P0665,U006,0,0.7293,0,1.511,0.645,0,0.6715,0,0.0578,0
P0665,U007,1,0.6056,1,1.157,0.452,1,0.6304,1,0.0248,0
P0665,U008,1,0.8616,1,1.341,0.834,1,0.8671,1,0.0055,0
P0665,U009,0,0.9201,0,0.919,0.94,0,0.7885,0,0.1317,0
P0665,U010,1,0.6879,1,1.29,0.376,1,0.6777,1,-0.0102,0
P0666,U001,0,0.1441,1,1.335,0.745,0,0.1239,1,0.0202,0
P0666,U002,1,0.8087,1,1.433,0.533,1,0.8538,1,0.0452,0
P0666,U003,1,0.9369,1,1.196,0.069,0,0.9323,1,0.0046,0
P0666,U004,0,0.238,1,1.362,0.587,0,0.2011,1,0.0369,0
P0666,U005,0,0.0734,1,0.842,0.753,1,0.0753,1,0.0019,0
P0666,U006,0,0.3273,1,1.511,0.645,0,0.2048,1,0.1225,0
P0666,U007,1,0.1549,0,1.157,0.452,0,0.3852,0,0.2303,0
P0666,U008,1,0.2638,0,1.341,0.834,0,0.4684,0,0.2046,0
P0666,U009,0,0.3018,1,0.919,0.94,0,0.2281,1,0.0737,0
P0666,U010,1,0.9463,1,1.29,0.376,0,0.9379,1,0.0084,0
P0667,U001,0,0.0322,1,1.335,0.745,1,0.0581,1,0.0259,0
P0667,U002,1,0.9722,1,1.433,0.533,0,0.9399,1,0.0323,0
P0667,U003,1,0.913,1,1.196,0.069,1,0.9161,1,0.0031,0
P0667,U004,0,0.009,1,1.362,0.587,1,0.0428,1,0.0338,0
P0667,U005,0,0.0009,1,0.842,0.753,1,0.0307,1,0.0298,0
P0667,U006,0,0.0189,1,1.511,0.645,1,0.0515,1,0.0326,0
P0667,U007,1,0.7305,1,1.157,0.452,1,0.7859,1,0.0555,0
P0667,U008,1,0.8075,1,1.341,0.834,1,0.8642,1,0.0568,0
P0667,U009,0,0.0064,1,0.919,0.94,1,0.0403,1,0.0339,0
P0667,U010,1,0.5368,1,1.29,0.376,1,0.7161,1,0.1793,0
P0668,U001,0,0.6331,0,1.335,0.745,1,0.5038,0,0.1293,0
P0668,U002,1,0.8943,1,1.433,0.533,1,0.99,1,-0.0443,1
P0668,U003,1,0.907,1,1.196,0.069,0,0.9082,1,0.0012,0
P0668,U004,0,0.1427,1,1.362,0.587,0,0.1265,1,0.0162,0
P0668,U005,0,0.1322,1,0.842,0.753,1,0.1855,1,-0.0533,1
P0668,U006,0,0.2493,1,1.511,0.645,1,0.2167,1,0.0326,0
P0668,U007,1,0.8497,1,1.157,0.452,1,0.99,1,0.0003,1
P0668,U008,1,0.8339,1,1.341,0.834,1,0.99,1,0.0161,1
P0668,U009,0,0.7898,0,0.919,0.94,0,0.6444,0,0.1455,0
P0668,U010,1,0.8461,1,1.29,0.376,0,0.8621,1,0.0159,0
P0669,U001,0,0.0589,1,1.335,0.745,0,0.0613,1,0.0024,0
P0669,U002,1,0.8488,1,1.433,0.533,1,0.8541,1,0.0053,0
P0669,U003,1,0.5075,1,1.196,0.069,0,0.6088,1,0.1013,0
P0669,U004,0,0.1789,1,1.362,0.587,0,0.173,1,0.0059,0
P0669,U005,0,0.0746,1,0.842,0.753,1,0.0751,1,0.0006,0
P0669,U006,0,0.1148,1,1.511,0.645,0,0.108,1,0.0068,0
P0669,U007,1,0.8645,1,1.157,0.452,0,0.8771,1,0.0126,0
P0669,U008,1,0.8672,1,1.341,0.834,0,0.8816,1,0.0144,0
P0669,U009,0,0.2315,1,0.919,0.94,0,0.1178,1,0.1137,1
P0669,U010,1,0.5001,1,1.29,0.376,0,0.6065,1,0.1064,0
P0670,U001,0,0.4811,1,1.335,0.745,0,0.2654,1,0.2157,0
P0670,U002,1,0.9205,1,1.433,0.533,1,0.9202,1,0.0004,0
P0670,U003,1,0.8771,1,1.196,0.069,0,0.8962,1,0.0192,0
P0670,U004,0,0.8218,0,1.362,0.587,0,0.2662,1,0.5557,0
P0670,U005,0,0.1018,1,0.842,0.753,1,0.0888,1,0.0129,0
P0670,U006,0,0.3974,1,1.511,0.645,0,0.3011,1,0.0963,1
P0670,U007,1,0.5657,1,1.157,0.452,0,0.7126,1,0.1469,0
P0670,U008,1,0.8882,1,1.341,0.834,0,0.9097,1,0.0214,0
P0670,U009,0,0.8095,0,0.919,0.94,1,0.4063,1,0.4032,0
P0670,U010,1,0.781,1,1.29,0.376,1,0.8511,1,0.0701,0
P0671,U001,0,0.3365,1,1.335,0.745,1,0.2403,1,0.0962,0
P0671,U002,1,0.8016,1,1.433,0.533,1,0.8446,1,0.043,0
P0671,U003,1,0.9225,1,1.196,0.069,0,0.9216,1,0.0009,0
P0671,U004,0,0.4717,1,1.362,0.587,1,0.3561,1,0.1156,0
P0671,U005,0,0.0607,1,0.842,0.753,1,0.0648,1,0.004,0
P0671,U006,0,0.3015,1,1.511,0.645,1,0.2246,1,0.0769,0
P0671,U007,1,0.9199,1,1.157,0.452,0,0.9199,1,0.0,0
P0671,U008,1,0.9673,1,1.341,0.834,1,0.9581,1,0.0092,0
P0671,U009,0,0.7811,0,0.919,0.94,1,0.5908,0,0.1903,0
P0671,U010,1,0.9764,1,1.29,0.376,1,0.9554,1,0.0211,0
P0672,U001,0,0.2844,1,1.335,0.745,1,0.242,1,0.0424,0
P0672,U002,1,0.4963,0,1.433,0.533,0,0.5414,1,0.0451,0
P0672,U003,1,0.7997,1,1.196,0.069,0,0.8436,1,0.0439,0
P0672,U004,0,0.0906,1,1.362,0.587,1,0.0886,1,0.0019,0
P0672,U005,0,0.2392,1,0.842,0.753,0,0.2141,1,0.0251,0
P0672,U006,0,0.2211,1,1.511,0.645,0,0.1819,1,0.0392,0
P0672,U007,1,0.501,1,1.157,0.452,0,0.5508,1,0.0498,0
P0672,U008,1,0.9258,1,1.341,0.834,0,0.925,1,0.0008,0
P0672,U009,0,0.225,1,0.919,0.94,1,0.4022,1,-0.1771,1
P0672,U010,1,0.8043,1,1.29,0.376,0,0.84,1,0.0357,0
P0673,U001,0,0.1416,1,1.335,0.745,0,0.1329,1,0.0087,0
P0673,U002,1,0.9382,1,1.433,0.533,1,0.9336,1,0.0047,0
P0673,U003,1,0.8052,1,1.196,0.069,0,0.7481,1,-0.0571,1
P0673,U004,0,0.2475,1,1.362,0.587,1,0.1961,1,0.0514,0
P0673,U005,0,0.4621,1,0.842,0.753,0,0.4285,1,0.0335,0
P0673,U006,0,0.6964,0,1.511,0.645,0,0.3846,1,0.3118,1
P0673,U007,1,0.7268,1,1.157,0.452,1,0.7665,1,0.0398,0
P0673,U008,1,0.8996,1,1.341,0.834,1,0.9042,1,0.0047,0
P0673,U009,0,0.7138,0,0.919,0.94,0,0.5833,0,0.1305,0
P0673,U010,1,0.387,0,1.29,0.376,0,0.5159,1,0.1289,0
P0674,U001,0,0.1438,1,1.335,0.745,1,0.1074,1,0.0364,0
P0674,U002,1,0.7171,1,1.433,0.533,1,0.8037,1,0.0867,0
P0674,U003,1,0.7762,1,1.196,0.069,0,0.8565,1,0.0803,0
P0674,U004,0,0.3641,1,1.362,0.587,0,0.2676,1,0.0965,0
P0674,U005,0,0.1412,1,0.842,0.753,1,0.1229,1,0.0183,0
P0674,U006,0,0.0952,1,1.511,0.645,1,0.0872,1,0.008,0
P0674,U007,1,0.6319,1,1.157,0.452,1,0.7164,1,0.0845,0
P0674,U008,1,0.8407,1,1.341,0.834,1,0.8839,1,0.0431,0
P0674,U009,0,0.1153,1,0.919,0.94,1,0.1008,1,0.0144,0
P0674,U010,1,0.3419,0,1.29,0.376,0,0.5112,1,0.1692,0
P0675,U001,0,0.6245,0,1.335,0.745,0,0.4298,1,0.1947,0
P0675,U002,1,0.7067,1,1.433,0.533,0,0.4551,0,-0.2516,1
P0675,U003,1,0.3563,0,1.196,0.069,0,0.5182,1,0.1618,0
P0675,U004,0,0.3647,1,1.362,0.587,0,0.3255,1,0.0392,0
P0675,U005,0,0.0898,1,0.842,0.753,0,0.0883,1,0.0015,0
P0675,U006,0,0.1669,1,1.511,0.645,0,0.152,1,0.0149,0
P0675,U007,1,0.6324,1,1.157,0.452,0,0.6952,1,0.0628,0
P0675,U008,1,0.3941,0,1.341,0.834,0,0.5095,1,0.1154,0
P0675,U009,0,0.9036,0,0.919,0.94,0,0.7598,0,0.1438,0
P0675,U010,1,0.2105,0,1.29,0.376,1,0.285,0,0.0745,0
P0676,U001,0,0.1947,1,1.335,0.745,1,0.1452,1,0.0495,0
P0676,U002,1,0.9201,1,1.433,0.533,1,0.9839,1,-0.0638,1
P0676,U003,1,0.9282,1,1.196,0.069,1,0.9255,1,0.0027,0
P0676,U004,0,0.2422,1,1.362,0.587,1,0.1561,1,0.0861,0
P0676,U005,0,0.1341,1,0.842,0.753,1,0.1052,1,0.0288,0
P0676,U006,0,0.4871,1,1.511,0.645,1,0.3118,1,0.1753,0
P0676,U007,1,0.7699,1,1.157,0.452,1,0.8517,1,0.0818,0
P0676,U008,1,0.8744,1,1.341,0.834,0,0.8958,1,0.0214,0
P0676,U009,0,0.6133,0,0.919,0.94,1,0.3981,1,0.2152,0
P0676,U010,1,0.931,1,1.29,0.376,1,0.9243,1,0.0067,0
P0677,U001,0,0.0834,1,1.335,0.745,1,0.0819,1,0.0015,0
P0677,U002,1,0.7476,1,1.433,0.533,0,0.7994,1,0.0517,0
P0677,U003,1,0.513,1,1.196,0.069,0,0.6723,1,0.1592,0
P0677,U004,0,0.5414,0,1.362,0.587,0,0.3547,1,0.1867,0
P0677,U005,0,0.1183,1,0.842,0.753,1,0.1015,1,0.0168,0
P0677,U006,0,0.0307,1,1.511,0.645,1,0.0492,1,0.0184,0
P0677,U007,1,0.9214,1,1.157,0.452,0,0.9209,1,0.0005,0
P0677,U008,1,0.7597,1,1.341,0.834,1,0.8307,1,0.071,0
P0677,U009,0,0.3528,1,0.919,0.94,1,0.2969,1,0.0559,0
P0677,U010,1,0.8862,1,1.29,0.376,0,0.9662,1,-0.0124,1
P0678,U001,0,0.0478,1,1.335,0.745,1,0.0564,1,0.0086,0
P0678,U002,1,0.8199,1,1.433,0.533,1,0.8571,1,0.0372,0
P0678,U003,1,0.4925,0,1.196,0.069,1,0.631,1,0.1385,0
P0678,U004,0,0.1782,1,1.362,0.587,1,0.1621,1,0.0162,0
P0678,U005,0,0.0469,1,0.842,0.753,1,0.055,1,0.0081,0
P0678,U006,0,0.0238,1,1.511,0.645,0,0.2695,1,-0.1334,1
P0678,U007,1,0.947,1,1.157,0.452,1,0.9365,1,0.0105,0
P0678,U008,1,0.5242,1,1.341,0.834,0,0.561,1,0.0368,0
P0678,U009,0,0.7064,0,0.919,0.94,1,0.5194,0,0.187,0
P0678,U010,1,0.6846,1,1.29,0.376,1,0.7765,1,0.0919,0
P0679,U001,0,0.3477,1,1.335,0.745,0,0.2847,1,0.063,0
P0679,U002,1,0.9861,1,1.433,0.533,1,0.8803,1,0.0264,1
P0679,U003,1,0.9184,1,1.196,0.069,0,0.9189,1,0.0005,0
P0679,U004,0,0.6215,0,1.362,0.587,0,0.4951,1,0.1263,0
P0679,U005,0,0.5757,0,0.842,0.753,1,0.4098,1,0.1659,0
P0679,U006,0,0.8277,0,1.511,0.645,1,0.6343,0,0.1934,0
P0679,U007,1,0.8277,1,1.157,0.452,0,0.8475,1,0.0199,0
P0679,U008,1,0.4741,0,1.341,0.834,0,0.6168,1,0.1427,0
P0679,U009,0,0.4994,1,0.919,0.94,0,0.4248,1,0.0747,0
P0679,U010,1,0.8656,1,1.29,0.376,0,0.8738,1,0.0082,0
P0680,U001,0,0.3496,1,1.335,0.745,1,0.0751,1,0.2648,1
P0680,U002,1,0.943,1,1.433,0.533,1,0.9301,1,0.0129,0
P0680,U003,1,0.8594,1,1.196,0.069,1,0.8906,1,0.0313,0
P0680,U004,0,0.0247,1,1.362,0.587,1,0.0485,1,0.0238,0
P0680,U005,0,0.0049,1,0.842,0.753,1,0.0938,1,0.0614,1
P0680,U006,0,0.0137,1,1.511,0.645,0,0.0674,1,0.0537,1
P0680,U007,1,0.8067,1,1.157,0.452,1,0.8754,1,0.0686,0
P0680,U008,1,0.8786,1,1.341,0.834,0,0.5974,1,-0.2812,1
P0680,U009,0,0.0129,1,0.919,0.94,1,0.01,1,-0.0029,1
P0680,U010,1,0.8523,1,1.29,0.376,1,0.9769,1,0.0109,1
P0681,U001,0,0.8121,0,1.335,0.745,0,0.6145,0,0.1976,0
P0681,U002,1,0.7521,1,1.433,0.533,0,0.7931,1,0.041,0
P0681,U003,1,0.945,1,1.196,0.069,1,0.9391,1,0.0059,0
P0681,U004,0,0.1783,1,1.362,0.587,0,0.1558,1,0.0224,0
P0681,U005,0,0.0363,1,0.842,0.753,1,0.0496,1,0.0133,0
P0681,U006,0,0.4662,1,1.511,0.645,0,0.3592,1,0.107,0
P0681,U007,1,0.8665,1,1.157,0.452,1,0.8824,1,0.0159,0
P0681,U008,1,0.6818,1,1.341,0.834,1,0.7311,1,0.0493,0
P0681,U009,0,0.3581,1,0.919,0.94,1,0.2937,1,0.0644,0
P0681,U010,1,0.7474,1,1.29,0.376,1,0.778,1,0.0305,0
P0682,U001,0,0.1442,1,1.335,0.745,0,0.1143,1,0.0299,0
P0682,U002,1,0.5329,1,1.433,0.533,0,0.6858,1,0.1529,0
P0682,U003,1,0.9289,1,1.196,0.069,1,0.9246,1,0.0042,0
P0682,U004,0,0.6895,0,1.362,0.587,1,0.362,1,0.3274,0
P0682,U005,0,0.0292,1,0.842,0.753,1,0.0444,1,0.0152,0
P0682,U006,0,0.1706,1,1.511,0.645,1,0.1303,1,0.0403,0
P0682,U007,1,0.7283,1,1.157,0.452,0,0.8084,1,0.0801,0
P0682,U008,1,0.7852,1,1.341,0.834,1,0.8376,1,0.0524,0
P0682,U009,0,0.7578,0,0.919,0.94,0,0.5235,0,0.2343,0
P0682,U010,1,0.5394,1,1.29,0.376,1,0.7125,1,0.173,0
P0683,U001,0,0.6051,0,1.335,0.745,0,0.455,1,0.1501,0
P0683,U002,1,0.4444,0,1.433,0.533,0,0.6121,1,0.1677,0
P0683,U003,1,0.5723,1,1.196,0.069,1,0.697,1,0.1247,0
P0683,U004,0,0.8194,0,1.362,0.587,0,0.6573,0,0.162,0
P0683,U005,0,0.7386,0,0.842,0.753,1,0.4832,1,0.2554,0
P0683,U006,0,0.9737,0,1.511,0.645,0,0.6538,0,0.3198,0
P0683,U007,1,0.3406,0,1.157,0.452,0,0.5505,1,0.21,0
P0683,U008,1,0.7428,1,1.341,0.834,0,0.8222,1,0.0793,0
P0683,U009,0,0.9512,0,0.919,0.94,0,0.7191,0,0.2322,0
P0683,U010,1,0.8941,1,1.29,0.376,0,0.9063,1,0.0122,0
P0684,U001,0,0.6995,0,1.335,0.745,0,0.6466,0,0.0529,0
P0684,U002,1,0.8695,1,1.433,0.533,0,0.8765,1,0.007,0
P0684,U003,1,0.7085,1,1.196,0.069,0,0.7583,1,0.0497,0
P0684,U004,0,0.3831,1,1.362,0.587,0,0.3561,1,0.0269,0
P0684,U005,0,0.7579,0,0.842,0.753,0,0.7615,0,-0.0036,0
P0684,U006,0,0.3943,1,1.511,0.645,0,0.395,1,-0.0007,0
P0684,U007,1,0.8832,1,1.157,0.452,0,0.8868,1,0.0036,0
P0684,U008,1,0.5877,1,1.341,0.834,0,0.3623,0,-0.2254,1
P0684,U009,0,0.9559,0,0.919,0.94,0,0.6839,0,0.272,0
P0684,U010,1,0.795,1,1.29,0.376,0,0.8102,1,0.0151,0
P0685,U001,0,0.6108,0,1.335,0.745,0,0.4772,1,0.1336,0
P0685,U002,1,0.2396,0,1.433,0.533,1,0.2514,0,0.0118,0
P0685,U003,1,0.5937,1,1.196,0.069,0,0.6432,1,0.0495,0
P0685,U004,0,0.9229,0,1.362,0.587,1,0.8827,0,0.0402,0
P0685,U005,0,0.783,0,0.842,0.753,0,0.6978,0,0.0852,0
P0685,U006,0,0.6238,0,1.511,0.645,0,0.508,0,0.1158,0
P0685,U007,1,0.4627,0,1.157,0.452,0,0.4907,0,0.028,0
P0685,U008,1,0.32,0,1.341,0.834,1,0.3981,0,0.0782,0
P0685,U009,0,0.9133,0,0.919,0.94,0,0.8987,0,0.0146,0
P0685,U010,1,0.0507,0,1.29,0.376,0,0.1546,0,0.1039,0
P0686,U001,0,0.47,1,1.335,0.745,1,0.2641,1,0.2059,0
P0686,U002,1,0.9333,1,1.433,0.533,0,0.9256,1,0.0077,0
P0686,U003,1,0.8747,1,1.196,0.069,1,0.8979,1,0.0232,0
P0686,U004,0,0.1256,1,1.362,0.587,0,0.1034,1,0.0222,0
P0686,U005,0,0.0131,1,0.842,0.753,1,0.0382,1,0.0251,0
P0686,U006,0,0.5588,0,1.511,0.645,0,0.3441,1,0.2147,0
P0686,U007,1,0.7576,1,1.157,0.452,0,0.8534,1,0.0958,0
P0686,U008,1,0.6912,1,1.341,0.834,1,0.8295,1,0.1384,0
P0686,U009,0,0.0977,1,0.919,0.94,0,0.0896,1,0.0081,0
P0686,U010,1,0.6924,1,1.29,0.376,0,0.8185,1,0.1261,0
P0687,U001,0,0.0493,1,1.335,0.745,1,0.0634,1,0.0141,0
P0687,U002,1,0.2641,0,1.433,0.533,0,0.5866,1,0.3226,0
P0687,U003,1,0.5311,1,1.196,0.069,1,0.7463,1,0.2151,0
P0687,U004,0,0.0323,1,1.362,0.587,0,0.058,1,0.0257,0
P0687,U005,0,0.0164,1,0.842,0.753,1,0.0423,1,0.026,0
P0687,U006,0,0.0576,1,1.511,0.645,0,0.0703,1,0.0128,0
P0687,U007,1,0.5077,1,1.157,0.452,1,0.7231,1,0.2154,0
P0687,U008,1,0.6033,1,1.341,0.834,0,0.782,1,0.1787,0
P0687,U009,0,0.0478,1,0.919,0.94,1,0.0638,1,0.0159,0
P0687,U010,1,0.5179,1,1.29,0.376,1,0.7329,1,0.2149,0
P0688,U001,0,0.2299,1,1.335,0.745,0,0.1932,1,0.0367,0
P0688,U002,1,0.8288,1,1.433,0.533,1,0.856,1,0.0272,0
P0688,U003,1,0.9535,1,1.196,0.069,0,0.9452,1,0.0083,0
P0688,U004,0,0.7207,0,1.362,0.587,1,0.4878,1,0.2329,0
P0688,U005,0,0.0756,1,0.842,0.753,0,0.077,1,0.0015,0
P0688,U006,0,0.568,0,1.511,0.645,1,0.6302,0,-0.0622,1
P0688,U007,1,0.9291,1,1.157,0.452,0,0.9254,1,0.0037,0
P0688,U008,1,0.4241,0,1.341,0.834,0,0.5818,1,0.1577,0
P0688,U009,0,0.4795,1,0.919,0.94,0,0.3429,1,0.1366,0
P0688,U010,1,0.6249,1,1.29,0.376,0,0.7155,1,0.0906,0
P0689,U001,0,0.3555,1,1.335,0.745,0,0.2258,1,0.1297,0
P0689,U002,1,0.5847,1,1.433,0.533,0,0.7457,1,0.161,0
P0689,U003,1,0.6686,1,1.196,0.069,1,0.7922,1,0.1237,0
P0689,U004,0,0.3576,1,1.362,0.587,1,0.2446,1,0.113,0
P0689,U005,0,0.3974,1,0.842,0.753,0,0.2621,1,0.1353,0
P0689,U006,0,0.6554,0,1.511,0.645,0,0.4456,1,0.2098,0
P0689,U007,1,0.8379,1,1.157,0.452,1,0.878,1,0.04,0
P0689,U008,1,0.5752,1,1.341,0.834,0,0.7028,1,0.1276,0
P0689,U009,0,0.7494,0,0.919,0.94,0,0.5007,0,0.2487,0
P0689,U010,1,0.3462,0,1.29,0.376,1,0.6064,1,0.2602,0
P0690,U001,0,0.682,0,1.335,0.745,1,0.4706,1,0.2114,0
P0690,U002,1,0.0585,0,1.433,0.533,1,0.3205,0,0.262,0
P0690,U003,1,0.7843,1,1.196,0.069,1,0.8308,1,0.0465,0
P0690,U004,0,0.4111,1,1.362,0.587,0,0.3744,1,0.0367,0
P0690,U005,0,0.6106,0,0.842,0.753,0,0.5485,0,0.0622,0
P0690,U006,0,0.6577,0,1.511,0.645,0,0.5599,0,0.0978,0
P0690,U007,1,0.2534,0,1.157,0.452,0,0.4618,0,0.2084,0
P0690,U008,1,0.3072,0,1.341,0.834,0,0.4778,0,0.1706,0
P0690,U009,0,0.9769,0,0.919,0.94,0,0.6406,0,0.3363,0
P0690,U010,1,0.1531,0,1.29,0.376,0,0.3807,0,0.2275,0
P0691,U001,0,0.1231,1,1.335,0.745,1,0.1053,1,0.0179,0
P0691,U002,1,0.692,1,1.433,0.533,0,0.7874,1,0.0954,0
P0691,U003,1,0.9355,1,1.196,0.069,1,0.929,1,0.0065,0
P0691,U004,0,0.1461,1,1.362,0.587,1,0.116,1,0.0301,0
P0691,U005,0,0.0159,1,0.842,0.753,1,0.0381,1,0.0222,0
P0691,U006,0,0.0249,1,1.511,0.645,0,0.0498,1,0.0249,0
P0691,U007,1,0.5599,1,1.157,0.452,1,0.7155,1,0.1556,0
P0691,U008,1,0.6778,1,1.341,0.834,1,0.7632,1,0.0854,0
P0691,U009,0,0.1356,1,0.919,0.94,1,0.1128,1,0.0228,0
P0691,U010,1,0.779,1,1.29,0.376,0,0.8304,1,0.0515,0
P0692,U001,0,0.4824,1,1.335,0.745,1,0.3707,1,0.1116,0
P0692,U002,1,0.9363,1,1.433,0.533,1,0.9284,1,0.0078,0
P0692,U003,1,0.9499,1,1.196,0.069,1,0.9356,1,0.0143,0
P0692,U004,0,0.5789,0,1.362,0.587,0,0.4371,1,0.1417,0
P0692,U005,0,0.3893,1,0.842,0.753,1,0.3336,1,0.0556,0
P0692,U006,0,0.5307,0,1.511,0.645,1,0.3254,1,0.2052,0
P0692,U007,1,0.6369,1,1.157,0.452,0,0.7639,1,0.1271,0
P0692,U008,1,0.5356,1,1.341,0.834,1,0.7386,1,0.203,0
P0692,U009,0,0.7293,0,0.919,0.94,0,0.4827,1,0.2466,0
P0692,U010,1,0.7883,1,1.29,0.376,1,0.8504,1,0.0622,0
P0693,U001,0,0.724,0,1.335,0.745,0,0.5796,0,0.1445,0
P0693,U002,1,0.1683,0,1.433,0.533,0,0.3395,0,0.1712,0
P0693,U003,1,0.6723,1,1.196,0.069,1,0.7014,1,0.0291,0
P0693,U004,0,0.098,1,1.362,0.587,0,0.01,1,-0.052,1
P0693,U005,0,0.408,1,0.842,0.753,0,0.3579,1,0.0502,0
P0693,U006,0,0.4169,1,1.511,0.645,1,0.2886,1,0.1283,0
P0693,U007,1,0.5398,1,1.157,0.452,0,0.6557,1,0.1159,0
P0693,U008,1,0.7384,1,1.341,0.834,0,0.793,1,0.0546,0
P0693,U009,0,0.5117,0,0.919,0.94,0,0.4569,1,0.0548,0
P0693,U010,1,0.1464,0,1.29,0.376,0,0.3196,0,0.1732,0
P0694,U001,0,0.3796,1,1.335,0.745,0,0.3229,1,0.0567,0
P0694,U002,1,0.8602,1,1.433,0.533,0,0.8662,1,0.006,0
P0694,U003,1,0.9782,1,1.196,0.069,1,0.9678,1,0.0104,0
P0694,U004,0,0.1588,1,1.362,0.587,1,0.1478,1,0.011,0
P0694,U005,0,0.013,1,0.842,0.753,0,0.0165,1,0.0036,0
P0694,U006,0,0.1348,1,1.511,0.645,1,0.1227,1,0.0121,0
P0694,U007,1,0.4925,0,1.157,0.452,1,0.5567,1,0.0642,0
P0694,U008,1,0.9174,1,1.341,0.834,0,0.9179,1,0.0005,0
P0694,U009,0,0.585,0,0.919,0.94,0,0.5073,0,0.0777,0
P0694,U010,1,0.9169,1,1.29,0.376,0,0.9175,1,0.0005,0
P0695,U001,0,0.4622,1,1.335,0.745,0,0.3197,1,0.1425,0
P0695,U002,1,0.8336,1,1.433,0.533,0,0.8637,1,0.0301,0
P0695,U003,1,0.9861,1,1.196,0.069,0,0.9701,1,0.016,0
P0695,U004,0,0.7726,0,1.362,0.587,1,0.4933,1,0.2793,0
P0695,U005,0,0.5218,0,0.842,0.753,0,0.3545,1,0.1673,0
P0695,U006,0,0.9284,0,1.511,0.645,0,0.7254,0,0.203,0
P0695,U007,1,0.8528,1,1.157,0.452,0,0.8708,1,0.0181,0
P0695,U008,1,0.945,1,1.341,0.834,0,0.9359,1,0.0091,0
P0695,U009,0,0.8101,0,0.919,0.94,0,0.6833,0,0.1269,0
P0695,U010,1,0.8342,1,1.29,0.376,1,0.8774,1,0.0432,0
P0696,U001,0,0.5857,0,1.335,0.745,0,0.6179,0,-0.0321,0
P0696,U002,1,0.9028,1,1.433,0.533,0,0.9036,1,0.0008,0
P0696,U003,1,0.7821,1,1.196,0.069,0,0.7809,1,-0.0012,0
P0696,U004,0,0.6407,0,1.362,0.587,0,0.6404,0,0.0003,0
P0696,U005,0,0.0572,1,0.842,0.753,0,0.0565,1,-0.0008,0
P0696,U006,0,0.1317,1,1.511,0.645,0,0.1364,1,-0.0047,0
P0696,U007,1,0.7882,1,1.157,0.452,0,0.7863,1,-0.0018,0
P0696,U008,1,0.8603,1,1.341,0.834,1,0.8739,1,0.0136,0
P0696,U009,0,0.3535,1,0.919,0.94,0,0.3246,1,0.0288,0
P0696,U010,1,0.3011,0,1.29,0.376,1,0.3157,0,0.0145,0
P0697,U001,0,0.3193,1,1.335,0.745,0,0.2346,1,0.0847,0
P0697,U002,1,0.721,1,1.433,0.533,0,0.7672,1,0.0462,0
P0697,U003,1,0.8932,1,1.196,0.069,1,0.9025,1,0.0093,0
P0697,U004,0,0.4127,1,1.362,0.587,1,0.2755,1,0.1372,0
P0697,U005,0,0.1598,1,0.842,0.753,1,0.1411,1,0.0187,0
P0697,U006,0,0.6802,0,1.511,0.645,0,0.5859,0,0.0943,0
P0697,U007,1,0.8643,1,1.157,0.452,0,0.8789,1,0.0146,0
P0697,U008,1,0.8768,1,1.341,0.834,0,0.8886,1,0.0118,0
P0697,U009,0,0.5671,0,0.919,0.94,0,0.5072,0,0.0599,1
P0697,U010,1,0.6299,1,1.29,0.376,0,0.7037,1,0.0737,0
P0698,U001,0,0.6092,0,1.335,0.745,0,0.4161,1,0.1931,0
P0698,U002,1,0.2705,0,1.433,0.533,0,0.4646,0,0.1941,0
P0698,U003,1,0.2764,0,1.196,0.069,0,0.518,1,0.2416,0
P0698,U004,0,0.6661,0,1.362,0.587,0,0.482,1,0.1841,0
P0698,U005,0,0.6254,0,0.842,0.753,0,0.5066,0,0.1188,0
P0698,U006,0,0.9187,0,1.511,0.645,1,0.5995,0,0.3192,0
P0698,U007,1,0.1982,0,1.157,0.452,1,0.4114,0,0.2132,0
P0698,U008,1,0.3549,0,1.341,0.834,0,0.5379,1,0.1829,0
P0698,U009,0,0.883,0,0.919,0.94,0,0.691,0,0.1921,0
P0698,U010,1,0.1168,0,1.29,0.376,1,0.3243,0,0.2075,0
P0699,U001,0,0.3383,1,1.335,0.745,1,0.1057,1,0.2327,1
P0699,U002,1,0.9592,1,1.433,0.533,0,0.9539,1,0.0053,0
P0699,U003,1,0.8357,1,1.196,0.069,0,0.8492,1,0.0134,0
P0699,U004,0,0.5438,0,1.362,0.587,0,0.3609,1,0.1828,0
P0699,U005,0,0.169,1,0.842,0.753,0,0.149,1,0.02,0
P0699,U006,0,0.5958,0,1.511,0.645,0,0.4048,1,0.191,0
P0699,U007,1,0.9182,1,1.157,0.452,1,0.9187,1,0.0005,0
P0699,U008,1,0.7454,1,1.341,0.834,0,0.8099,1,0.0645,0
P0699,U009,0,0.346,1,0.919,0.94,0,0.2734,1,0.0727,0
P0699,U010,1,0.6532,1,1.29,0.376,1,0.7333,1,0.0801,0
P0700,U001,0,0.2982,1,1.335,0.745,0,0.2304,1,0.0678,0
P0700,U002,1,0.7627,1,1.433,0.533,1,0.8409,1,0.0783,0
P0700,U003,1,0.9473,1,1.196,0.069,0,0.939,1,0.0083,0
P0700,U004,0,0.0773,1,1.362,0.587,0,0.0785,1,0.0012,0
P0700,U005,0,0.2103,1,0.842,0.753,0,0.1594,1,0.0509,0
P0700,U006,0,0.3534,1,1.511,0.645,0,0.2307,1,0.1226,0
P0700,U007,1,0.8673,1,1.157,0.452,0,0.882,1,0.0147,0
P0700,U008,1,0.9091,1,1.341,0.834,0,0.9123,1,0.0032,0
P0700,U009,0,0.7441,0,0.919,0.94,1,0.6282,0,0.1159,0
P0700,U010,1,0.5723,1,1.29,0.376,0,0.7493,1,0.177,0
P0701,U001,0,0.4971,1,1.335,0.745,0,0.4283,1,0.0687,0
P0701,U002,1,0.067,0,1.433,0.533,1,0.287,0,0.2201,0
P0701,U003,1,0.2605,0,1.196,0.069,0,0.4318,0,0.1713,0
P0701,U004,0,0.6878,0,1.362,0.587,0,0.4996,1,0.1883,0
P0701,U005,0,0.4959,1,0.842,0.753,0,0.4289,1,0.0671,0
P0701,U006,0,0.4863,1,1.511,0.645,0,0.3762,1,0.1101,0
P0701,U007,1,0.6355,1,1.157,0.452,0,0.6857,1,0.0502,0
P0701,U008,1,0.2284,0,1.341,0.834,0,0.2847,0,0.0563,0
P0701,U009,0,0.8898,0,0.919,0.94,0,0.7952,0,0.0946,0
P0701,U010,1,0.2377,0,1.29,0.376,0,0.3744,0,0.1367,0
P0702,U001,0,0.622,0,1.335,0.745,0,0.5074,0,0.1146,0
P0702,U002,1,0.7341,1,1.433,0.533,1,0.775,1,0.0409,0
P0702,U003,1,0.9247,1,1.196,0.069,0,0.9237,1,0.001,0
P0702,U004,0,0.2242,1,1.362,0.587,1,0.1916,1,0.0327,0
P0702,U005,0,0.1098,1,0.842,0.753,1,0.1079,1,0.002,0
P0702,U006,0,0.439,1,1.511,0.645,1,0.3551,1,0.0839,0
P0702,U007,1,0.6487,1,1.157,0.452,0,0.6878,1,0.0392,0
P0702,U008,1,0.8711,1,1.341,0.834,1,0.8735,1,0.0024,0
P0702,U009,0,0.1969,1,0.919,0.94,0,0.1859,1,0.011,0
P0702,U010,1,0.9374,1,1.29,0.376,0,0.9353,1,0.002,0
P0703,U001,0,0.6828,0,1.335,0.745,1,0.6303,0,0.0526,0
P0703,U002,1,0.5247,1,1.433,0.533,0,0.5429,1,0.0182,0
P0703,U003,1,0.87,1,1.196,0.069,1,0.8781,1,0.008,0
P0703,U004,0,0.4937,1,1.362,0.587,0,0.4596,1,0.0341,0
P0703,U005,0,0.1472,1,0.842,0.753,0,0.1452,1,0.002,0
P0703,U006,0,0.2339,1,1.511,0.645,0,0.2345,1,-0.0006,0
P0703,U007,1,0.2377,0,1.157,0.452,0,0.2518,0,0.0142,0
P0703,U008,1,0.5148,1,1.341,0.834,1,0.5585,1,0.0437,0
P0703,U009,0,0.4826,1,0.919,0.94,0,0.3899,1,0.0927,0
P0703,U010,1,0.5422,1,1.29,0.376,0,0.5926,1,0.0504,0
P0704,U001,0,0.0355,1,1.335,0.745,1,0.0501,1,0.0146,0
P0704,U002,1,0.4028,0,1.433,0.533,0,0.612,1,0.2093,0
P0704,U003,1,0.9635,1,1.196,0.069,0,0.9514,1,0.012,0
P0704,U004,0,0.0304,1,1.362,0.587,1,0.0446,1,0.0142,0
P0704,U005,0,0.0529,1,0.842,0.753,0,0.0585,1,0.0056,0
P0704,U006,0,0.0944,1,1.511,0.645,1,0.0886,1,0.0057,0
P0704,U007,1,0.4802,0,1.157,0.452,0,0.6643,1,0.1841,0
P0704,U008,1,0.7229,1,1.341,0.834,0,0.7724,1,0.0494,0
P0704,U009,0,0.0657,1,0.919,0.94,0,0.0695,1,0.0038,0
P0704,U010,1,0.2692,0,1.29,0.376,0,0.4693,0,0.2001,0
P0705,U001,0,0.8671,0,1.335,0.745,0,0.7581,0,0.109,0
P0705,U002,1,0.3375,0,1.433,0.533,1,0.4907,0,0.1533,0
P0705,U003,1,0.6084,1,1.196,0.069,0,0.6642,1,0.0558,0
P0705,U004,0,0.4934,1,1.362,0.587,0,0.4665,1,0.0269,0
P0705,U005,0,0.7441,0,0.842,0.753,0,0.6529,0,0.0912,0
P0705,U006,0,0.6776,0,1.511,0.645,0,0.6211,0,0.0564,0
P0705,U007,1,0.366,0,1.157,0.452,0,0.4612,0,0.0952,0
P0705,U008,1,0.5546,1,1.341,0.834,0,0.6331,1,0.0785,0
P0705,U009,0,0.9267,0,0.919,0.94,0,0.8149,0,0.1118,0
P0705,U010,1,0.214,0,1.29,0.376,0,0.28,0,0.066,0
P0706,U001,0,0.8918,0,1.335,0.745,1,0.99,0,-0.0982,1
P0706,U002,1,0.9947,1,1.433,0.533,1,0.9739,1,0.0207,0
P0706,U003,1,0.9617,1,1.196,0.069,1,0.7273,1,-0.151,1
P0706,U004,0,0.8582,0,1.362,0.587,0,0.5331,0,0.3251,0
P0706,U005,0,0.8033,0,0.842,0.753,0,0.6406,0,0.1627,0
P0706,U006,0,0.9186,0,1.511,0.645,0,0.5547,0,0.3639,0
P0706,U007,1,0.7206,1,1.157,0.452,1,0.633,1,-0.0876,1
P0706,U008,1,0.9687,1,1.341,0.834,0,0.9524,1,0.0163,0
P0706,U009,0,0.8839,0,0.919,0.94,0,0.6383,0,0.2455,1
P0706,U010,1,0.977,1,1.29,0.376,1,0.9623,1,0.0147,0
P0707,U001,0,0.1198,1,1.335,0.745,0,0.1082,1,0.0116,0
P0707,U002,1,0.9916,1,1.433,0.533,1,0.99,1,0.0016,1
P0707,U003,1,0.9308,1,1.196,0.069,1,0.9274,1,0.0034,0
P0707,U004,0,0.6051,0,1.362,0.587,0,0.3992,1,0.2059,0
P0707,U005,0,0.1469,1,0.842,0.753,0,0.1251,1,0.0218,0
P0707,U006,0,0.3305,1,1.511,0.645,0,0.2387,1,0.0918,0
P0707,U007,1,0.9521,1,1.157,0.452,1,0.9459,1,0.0063,0
P0707,U008,1,0.9505,1,1.341,0.834,0,0.9421,1,0.0084,0
P0707,U009,0,0.836,0,0.919,0.94,0,0.99,0,-0.154,1
P0707,U010,1,0.9919,1,1.29,0.376,0,0.9684,1,0.0235,0
P0708,U001,0,0.7976,0,1.335,0.745,0,0.7459,0,0.0517,0
P0708,U002,1,0.3226,0,1.433,0.533,0,0.4001,0,0.0775,0
P0708,U003,1,0.2678,0,1.196,0.069,1,0.3622,0,0.0944,0
P0708,U004,0,0.6054,0,1.362,0.587,0,0.5124,0,0.093,0
P0708,U005,0,0.2076,1,0.842,0.753,0,0.1962,1,0.0114,0
P0708,U006,0,0.7542,0,1.511,0.645,0,0.7356,0,0.0187,0
P0708,U007,1,0.2918,0,1.157,0.452,0,0.3975,0,0.1057,0
P0708,U008,1,0.4052,0,1.341,0.834,0,0.5351,1,0.1299,0
P0708,U009,0,0.7977,0,0.919,0.94,0,0.7491,0,0.0485,0
P0708,U010,1,0.4113,0,1.29,0.376,0,0.4527,0,0.0414,0
P0709,U001,0,0.635,0,1.335,0.745,1,0.8701,0,-0.2351,1
P0709,U002,1,0.9762,1,1.433,0.533,0,0.9564,1,0.0198,0
P0709,U003,1,0.9587,1,1.196,0.069,1,0.9504,1,0.0082,0
P0709,U004,0,0.6037,0,1.362,0.587,0,0.4726,1,0.131,0
P0709,U005,0,0.1116,1,0.842,0.753,0,0.1067,1,0.0049,0
P0709,U006,0,0.6351,0,1.511,0.645,1,0.5482,0,0.0868,0
P0709,U007,1,0.6864,1,1.157,0.452,1,0.8003,1,0.1139,0
P0709,U008,1,0.928,1,1.341,0.834,1,0.9256,1,0.0024,0
P0709,U009,0,0.796,0,0.919,0.94,0,0.6551,0,0.141,0
P0709,U010,1,0.7685,1,1.29,0.376,0,0.8382,1,0.0697,0
P0710,U001,0,0.3462,1,1.335,0.745,1,0.2787,1,0.0675,0
P0710,U002,1,0.8296,1,1.433,0.533,1,0.8488,1,0.0191,0
P0710,U003,1,0.8966,1,1.196,0.069,0,0.9066,1,0.01,0
P0710,U004,0,0.1524,1,1.362,0.587,0,0.1279,1,0.0245,0
P0710,U005,0,0.0076,1,0.842,0.753,1,0.0222,1,0.0146,0
P0710,U006,0,0.2624,1,1.511,0.645,0,0.2153,1,0.0471,0
P0710,U007,1,0.8706,1,1.157,0.452,0,0.8847,1,0.0141,0
P0710,U008,1,0.9024,1,1.341,0.834,0,0.9061,1,0.0038,0
P0710,U009,0,0.2525,1,0.919,0.94,0,0.2144,1,0.0381,0
P0710,U010,1,0.4418,0,1.29,0.376,0,0.5402,1,0.0984,0
P0711,U001,0,0.9781,0,1.335,0.745,1,0.7942,0,0.1839,0
P0711,U002,1,0.9448,1,1.433,0.533,1,0.9382,1,0.0066,0
P0711,U003,1,0.8726,1,1.196,0.069,1,0.8818,1,0.0092,0
P0711,U004,0,0.8281,0,1.362,0.587,0,0.6651,0,0.163,0
P0711,U005,0,0.6955,0,0.842,0.753,0,0.5791,0,0.1164,0
P0711,U006,0,0.2674,1,1.511,0.645,0,0.1958,1,0.0716,0
P0711,U007,1,0.5511,1,1.157,0.452,1,0.6924,1,0.1413,0
P0711,U008,1,0.8595,1,1.341,0.834,1,0.8735,1,0.014,0
P0711,U009,0,0.9336,0,0.919,0.94,1,0.645,0,0.2886,0
P0711,U010,1,0.7439,1,1.29,0.376,0,0.6194,1,-0.1244,1
P0712,U001,0,0.6672,0,1.335,0.745,0,0.4424,1,0.2248,0
P0712,U002,1,0.9524,1,1.433,0.533,1,0.9368,1,0.0155,0
P0712,U003,1,0.4125,0,1.196,0.069,0,0.5458,1,0.1333,0
P0712,U004,0,0.4846,1,1.362,0.587,0,0.3088,1,0.1758,0
P0712,U005,0,0.4752,1,0.842,0.753,0,0.3633,1,0.112,0
P0712,U006,0,0.8992,0,1.511,0.645,1,0.5635,0,0.3357,0
P0712,U007,1,0.5003,1,1.157,0.452,1,0.6337,1,0.1334,0
P0712,U008,1,0.4677,0,1.341,0.834,0,0.6281,1,0.1604,0
P0712,U009,0,0.9665,0,0.919,0.94,0,0.5936,0,0.3729,0
P0712,U010,1,0.235,0,1.29,0.376,0,0.5203,1,0.2853,0
P0713,U001,0,0.1656,1,1.335,0.745,1,0.1203,1,0.0452,0
P0713,U002,1,0.9378,1,1.433,0.533,1,0.9281,1,0.0097,0
P0713,U003,1,0.9924,1,1.196,0.069,0,0.952,1,0.0404,0
P0713,U004,0,0.2626,1,1.362,0.587,1,0.1863,1,0.0763,0
P0713,U005,0,0.0571,1,0.842,0.753,0,0.0662,1,0.0091,0
P0713,U006,0,0.3563,1,1.511,0.645,0,0.2312,1,0.1251,0
P0713,U007,1,0.94,1,1.157,0.452,0,0.9292,1,0.0108,0
P0713,U008,1,0.7496,1,1.341,0.834,0,0.8358,1,0.0863,0
P0713,U009,0,0.3803,1,0.919,0.94,0,0.2593,1,0.121,0
P0713,U010,1,0.9626,1,1.29,0.376,0,0.8672,1,-0.0102,1
P0714,U001,0,0.1185,1,1.335,0.745,0,0.1064,1,0.0121,0
P0714,U002,1,0.9722,1,1.433,0.533,0,0.9649,1,0.0074,0
P0714,U003,1,0.7246,1,1.196,0.069,1,0.77,1,0.0454,0
P0714,U004,0,0.1678,1,1.362,0.587,0,0.144,1,0.0238,0
P0714,U005,0,0.1849,1,0.842,0.753,1,0.1698,1,0.0151,0
P0714,U006,0,0.2108,1,1.511,0.645,0,0.1801,1,0.0307,0
P0714,U007,1,0.9315,1,1.157,0.452,1,0.9289,1,0.0026,0
P0714,U008,1,0.5778,1,1.341,0.834,0,0.6591,1,0.0813,0
P0714,U009,0,0.4973,1,0.919,0.94,0,0.4337,1,0.0635,0
P0714,U010,1,0.918,1,1.29,0.376,0,0.9186,1,0.0006,0
P0715,U001,0,0.5735,0,1.335,0.745,0,0.2505,1,0.3231,0
P0715,U002,1,0.9446,1,1.433,0.533,1,0.5997,1,-0.2957,1
P0715,U003,1,0.9261,1,1.196,0.069,0,0.9232,1,0.0028,0
P0715,U004,0,0.3845,1,1.362,0.587,0,0.2349,1,0.1496,0
P0715,U005,0,0.0888,1,0.842,0.753,1,0.0853,1,0.0035,0
P0715,U006,0,0.8546,0,1.511,0.645,1,0.4029,1,0.4517,0
P0715,U007,1,0.9686,1,1.157,0.452,1,0.9431,1,0.0255,0
P0715,U008,1,0.7537,1,1.341,0.834,0,0.8932,1,0.1396,1
P0715,U009,0,0.7233,0,0.919,0.94,1,0.4602,1,0.2631,0
P0715,U010,1,0.8397,1,1.29,0.376,1,0.8716,1,0.032,0
P0716,U001,0,0.8899,0,1.335,0.745,0,0.6192,0,0.2707,0
P0716,U002,1,0.0988,0,1.433,0.533,0,0.2759,0,0.1772,0
P0716,U003,1,0.2116,0,1.196,0.069,0,0.4069,0,0.1953,0
P0716,U004,0,0.7138,0,1.362,0.587,0,0.516,0,0.1978,0
P0716,U005,0,0.4333,1,0.842,0.753,0,0.3952,1,0.0381,0
P0716,U006,0,0.889,0,1.511,0.645,0,0.9438,0,-0.0548,1
P0716,U007,1,0.0264,0,1.157,0.452,0,0.3321,0,0.3057,0
P0716,U008,1,0.1141,0,1.341,0.834,0,0.2589,0,0.1448,0
P0716,U009,0,0.8936,0,0.919,0.94,1,0.6843,0,0.2093,0
P0716,U010,1,0.0164,0,1.29,0.376,0,0.2836,0,0.2673,0
P0717,U001,0,0.7063,0,1.335,0.745,1,0.5182,0,0.1881,0
P0717,U002,1,0.6749,1,1.433,0.533,1,0.5507,1,-0.1242,1
P0717,U003,1,0.6069,1,1.196,0.069,0,0.6738,1,0.0668,0
P0717,U004,0,0.8779,0,1.362,0.587,1,0.7096,0,0.1683,0
P0717,U005,0,0.3488,1,0.842,0.753,1,0.2889,1,0.06,0
P0717,U006,0,0.9863,0,1.511,0.645,0,0.8022,0,0.1841,0
P0717,U007,1,0.34,0,1.157,0.452,0,0.442,0,0.102,1
P0717,U008,1,0.5222,1,1.341,0.834,0,0.5535,1,0.0314,0
P0717,U009,0,0.9668,0,0.919,0.94,0,0.943,0,0.0238,0
P0717,U010,1,0.3728,0,1.29,0.376,1,0.498,0,0.1252,0
P0718,U001,0,0.3773,1,1.335,0.745,0,0.2771,1,0.1001,0
P0718,U002,1,0.4204,0,1.433,0.533,0,0.6027,1,0.1824,0
P0718,U003,1,0.9209,1,1.196,0.069,0,0.9205,1,0.0004,0
P0718,U004,0,0.4817,1,1.362,0.587,1,0.3223,1,0.1593,0
P0718,U005,0,0.7577,0,0.842,0.753,0,0.4286,1,0.3291,0
P0718,U006,0,0.5172,0,1.511,0.645,1,0.3437,1,0.1735,0
P0718,U007,1,0.3437,0,1.157,0.452,1,0.5778,1,0.2341,0
P0718,U008,1,0.1281,0,1.341,0.834,0,0.511,1,0.3829,0
P0718,U009,0,0.8595,0,0.919,0.94,0,0.5892,0,0.2703,0
P0718,U010,1,0.1603,0,1.29,0.376,0,0.4492,0,0.2889,0
P0719,U001,0,0.3216,1,1.335,0.745,0,0.283,1,0.0386,0
P0719,U002,1,0.8614,1,1.433,0.533,0,0.8781,1,0.0167,0
P0719,U003,1,0.6607,1,1.196,0.069,1,0.7594,1,0.0987,0
P0719,U004,0,0.1001,1,1.362,0.587,0,0.0961,1,0.004,0
P0719,U005,0,0.0791,1,0.842,0.753,0,0.0793,1,0.0002,0
P0719,U006,0,0.4153,1,1.511,0.645,0,0.3554,1,0.06,0
P0719,U007,1,0.3527,0,1.157,0.452,0,0.4866,0,0.1339,0
P0719,U008,1,0.7616,1,1.341,0.834,0,0.8083,1,0.0467,0
P0719,U009,0,0.5812,0,0.919,0.94,0,0.477,1,0.1042,0
P0719,U010,1,0.4836,0,1.29,0.376,0,0.5993,1,0.1157,0
P0720,U001,0,0.3172,1,1.335,0.745,1,0.3292,1,-0.0119,0
P0720,U002,1,0.7958,1,1.433,0.533,1,0.837,1,0.0411,0
P0720,U003,1,0.9168,1,1.196,0.069,1,0.9174,1,0.0005,0
P0720,U004,0,0.4319,1,1.362,0.587,1,0.3929,1,0.039,0
P0720,U005,0,0.4653,1,0.842,0.753,1,0.3935,1,0.0718,0
P0720,U006,0,0.1284,1,1.511,0.645,0,0.1213,1,0.007,0
P0720,U007,1,0.7992,1,1.157,0.452,0,0.813,1,0.0138,0
P0720,U008,1,0.4651,0,1.341,0.834,1,0.4909,0,0.0258,0
P0720,U009,0,0.8143,0,0.919,0.94,0,0.7753,0,0.039,0
P0720,U010,1,0.9759,1,1.29,0.376,1,0.9667,1,0.0092,0
P0721,U001,0,0.8078,0,1.335,0.745,1,0.6688,0,0.139,0
P0721,U002,1,0.487,0,1.433,0.533,0,0.5391,1,0.0521,0
P0721,U003,1,0.2359,0,1.196,0.069,1,0.3268,0,0.0909,0
P0721,U004,0,0.5879,0,1.362,0.587,0,0.5362,0,0.0517,0
P0721,U005,0,0.374,1,0.842,0.753,0,0.3463,1,0.0277,0
P0721,U006,0,0.9242,0,1.511,0.645,0,0.8103,0,0.1138,0
P0721,U007,1,0.5161,1,1.157,0.452,0,0.5784,1,0.0623,0
P0721,U008,1,0.3061,0,1.341,0.834,0,0.4514,0,0.1452,0
P0721,U009,0,0.9754,0,0.919,0.94,0,0.7192,0,0.2562,1
P0721,U010,1,0.1113,0,1.29,0.376,1,0.2651,0,0.1538,0
P0722,U001,0,0.0843,1,1.335,0.745,1,0.0826,1,0.0017,0
P0722,U002,1,0.9696,1,1.433,0.533,1,0.951,1,0.0186,0
P0722,U003,1,0.8489,1,1.196,0.069,0,0.8823,1,0.0334,0
P0722,U004,0,0.0751,1,1.362,0.587,0,0.0766,1,0.0015,0
P0722,U005,0,0.086,1,0.842,0.753,0,0.0849,1,0.0011,0
P0722,U006,0,0.0944,1,1.511,0.645,0,0.0879,1,0.0065,0
P0722,U007,1,0.8796,1,1.157,0.452,1,0.8986,1,0.019,0
P0722,U008,1,0.7111,1,1.341,0.834,0,0.7935,1,0.0824,0
P0722,U009,0,0.1061,1,0.919,0.94,1,0.0986,1,0.0075,0
P0722,U010,1,0.9092,1,1.29,0.376,0,0.9122,1,0.0029,0
P0723,U001,0,0.6749,0,1.335,0.745,0,0.4088,1,0.2661,0
P0723,U002,1,0.0452,0,1.433,0.533,1,0.4688,0,0.4237,0
P0723,U003,1,0.2493,0,1.196,0.069,1,0.5048,1,0.2556,0
P0723,U004,0,0.3094,1,1.362,0.587,1,0.26,1,0.0494,0
P0723,U005,0,0.9071,0,0.842,0.753,0,0.5656,0,0.3415,0
P0723,U006,0,0.8324,0,1.511,0.645,0,0.625,0,0.2074,0
P0723,U007,1,0.3912,0,1.157,0.452,1,0.5745,1,0.1834,0
P0723,U008,1,0.2707,0,1.341,0.834,0,0.5362,1,0.2656,0
P0723,U009,0,0.9943,0,0.919,0.94,0,0.7608,0,0.2335,0
P0723,U010,1,0.0096,0,1.29,0.376,0,0.3744,0,0.3649,0
P0724,U001,0,0.5404,0,1.335,0.745,0,0.538,0,0.0024,0
P0724,U002,1,0.8894,1,1.433,0.533,1,0.8934,1,0.004,0
P0724,U003,1,0.9027,1,1.196,0.069,1,0.9071,1,0.0044,0
P0724,U004,0,0.2272,1,1.362,0.587,0,0.1982,1,0.0289,0
P0724,U005,0,0.7009,0,0.842,0.753,0,0.5621,0,0.1388,0
P0724,U006,0,0.6488,0,1.511,0.645,0,0.6196,0,0.0292,0
P0724,U007,1,0.7687,1,1.157,0.452,1,0.7944,1,0.0256,0
P0724,U008,1,0.7889,1,1.341,0.834,1,0.8059,1,0.017,0
P0724,U009,0,0.7101,0,0.919,0.94,1,0.4961,1,0.214,1
P0724,U010,1,0.4946,0,1.29,0.376,0,0.5724,1,0.0778,0
P0725,U001,0,0.1411,1,1.335,0.745,1,0.0976,1,0.0435,0
P0725,U002,1,0.8966,1,1.433,0.533,1,0.9106,1,0.0139,0
P0725,U003,1,0.9549,1,1.196,0.069,1,0.9348,1,0.0201,0
P0725,U004,0,0.2972,1,1.362,0.587,1,0.1503,1,0.1469,0
P0725,U005,0,0.0013,1,0.842,0.753,1,0.0486,1,0.0473,0
P0725,U006,0,0.0966,1,1.511,0.645,0,0.0875,1,0.0091,0
P0725,U007,1,0.675,1,1.157,0.452,1,0.7998,1,0.1248,0
P0725,U008,1,0.943,1,1.341,0.834,0,0.9282,1,0.0148,0
P0725,U009,0,0.0502,1,0.919,0.94,0,0.0637,1,0.0134,0
P0725,U010,1,0.8979,1,1.29,0.376,1,0.9109,1,0.013,0
P0726,U001,0,0.0204,1,1.335,0.745,1,0.056,1,0.0356,0
P0726,U002,1,0.9967,1,1.433,0.533,1,0.9601,1,0.0367,0
P0726,U003,1,0.9939,1,1.196,0.069,0,0.9544,1,0.0395,0
P0726,U004,0,0.0053,1,1.362,0.587,1,0.0442,1,0.039,0
P0726,U005,0,0.0017,1,0.842,0.753,1,0.024,1,0.0224,0
P0726,U006,0,0.0013,1,1.511,0.645,1,0.043,1,0.0418,0
P0726,U007,1,0.9296,1,1.157,0.452,1,0.9254,1,0.0042,0
P0726,U008,1,0.9103,1,1.341,0.834,1,0.9146,1,0.0042,0
P0726,U009,0,0.0053,1,0.919,0.94,1,0.0375,1,0.0322,0
P0726,U010,1,0.9957,1,1.29,0.376,1,0.9541,1,0.0417,0
P0727,U001,0,0.696,0,1.335,0.745,1,0.5958,0,0.1002,0
P0727,U002,1,0.9003,1,1.433,0.533,1,0.9063,1,0.006,0
P0727,U003,1,0.9004,1,1.196,0.069,1,0.9073,1,0.0068,0
P0727,U004,0,0.5965,0,1.362,0.587,1,0.3682,1,0.2283,0
P0727,U005,0,0.4668,1,0.842,0.753,0,0.3353,1,0.1315,0
P0727,U006,0,0.8237,0,1.511,0.645,0,0.6217,0,0.2021,0
P0727,U007,1,0.4489,0,1.157,0.452,1,0.5339,1,0.085,0
P0727,U008,1,0.7048,1,1.341,0.834,1,0.6504,1,-0.0544,1
P0727,U009,0,0.8105,0,0.919,0.94,0,0.5281,0,0.2824,0
P0727,U010,1,0.5992,1,1.29,0.376,1,0.7079,1,0.1087,0
P0728,U001,0,0.3546,1,1.335,0.745,1,0.2082,1,0.1464,0
P0728,U002,1,0.9765,1,1.433,0.533,0,0.9485,1,0.028,0
P0728,U003,1,0.8693,1,1.196,0.069,0,0.8913,1,0.022,0
P0728,U004,0,0.097,1,1.362,0.587,1,0.0549,1,-0.0081,1
P0728,U005,0,0.0092,1,0.842,0.753,1,0.0449,1,0.0357,0
P0728,U006,0,0.3058,1,1.511,0.645,0,0.204,1,0.1018,0
P0728,U007,1,0.2443,0,1.157,0.452,1,0.5173,1,0.273,0
P0728,U008,1,0.6647,1,1.341,0.834,0,0.7927,1,0.1281,0
P0728,U009,0,0.5529,0,0.919,0.94,0,0.4199,1,0.1331,0
P0728,U010,1,0.792,1,1.29,0.376,0,0.8511,1,0.0591,0
P0729,U001,0,0.3628,1,1.335,0.745,0,0.2325,1,0.1303,0
P0729,U002,1,0.8281,1,1.433,0.533,0,0.8834,1,0.0553,0
P0729,U003,1,0.9412,1,1.196,0.069,0,0.933,1,0.0083,0
P0729,U004,0,0.3212,1,1.362,0.587,0,0.2438,1,0.0773,0
P0729,U005,0,0.154,1,0.842,0.753,0,0.1285,1,0.0255,0
P0729,U006,0,0.3204,1,1.511,0.645,0,0.2477,1,0.0728,0
P0729,U007,1,0.6762,1,1.157,0.452,0,0.7818,1,0.1056,0
P0729,U008,1,0.6842,1,1.341,0.834,0,0.7639,1,0.0798,0
P0729,U009,0,0.86,0,0.919,0.94,0,0.6146,0,0.2454,0
P0729,U010,1,0.6006,1,1.29,0.376,0,0.7446,1,0.144,0
P0730,U001,0,0.0648,1,1.335,0.745,0,0.0696,1,0.0048,0
P0730,U002,1,0.9446,1,1.433,0.533,1,0.9335,1,0.0111,0
P0730,U003,1,0.5685,1,1.196,0.069,1,0.7335,1,0.1651,0
P0730,U004,0,0.3782,1,1.362,0.587,0,0.2249,1,0.1533,0
P0730,U005,0,0.0187,1,0.842,0.753,1,0.0417,1,0.023,0
P0730,U006,0,0.1185,1,1.511,0.645,0,0.0975,1,0.021,0
P0730,U007,1,0.8343,1,1.157,0.452,0,0.8665,1,0.0322,0
P0730,U008,1,0.8521,1,1.341,0.834,0,0.8901,1,0.038,0
P0730,U009,0,0.1863,1,0.919,0.94,1,0.01,1,0.0363,1
P0730,U010,1,0.6943,1,1.29,0.376,1,0.8446,1,0.1503,0
P0731,U001,0,0.1098,1,1.335,0.745,0,0.1419,1,-0.032,1
P0731,U002,1,0.8681,1,1.433,0.533,0,0.883,1,0.0148,0
P0731,U003,1,0.3941,0,1.196,0.069,1,0.5649,1,0.1708,0
P0731,U004,0,0.1993,1,1.362,0.587,1,0.1693,1,0.03,0
P0731,U005,0,0.0269,1,0.842,0.753,0,0.0422,1,0.0153,0
P0731,U006,0,0.4224,1,1.511,0.645,0,0.3203,1,0.102,0
P0731,U007,1,0.2876,0,1.157,0.452,0,0.4769,0,0.1893,0
P0731,U008,1,0.824,1,1.341,0.834,0,0.8537,1,0.0297,0
P0731,U009,0,0.2854,1,0.919,0.94,0,0.2387,1,0.0467,0
P0731,U010,1,0.2372,0,1.29,0.376,1,0.3504,0,0.1132,0
P0732,U001,0,0.5553,0,1.335,0.745,0,0.4723,1,0.083,0
P0732,U002,1,0.9214,1,1.433,0.533,0,0.9208,1,0.0006,0
P0732,U003,1,0.6584,1,1.196,0.069,1,0.7166,1,0.0581,0
P0732,U004,0,0.4204,1,1.362,0.587,1,0.2847,1,0.1357,0
P0732,U005,0,0.0681,1,0.842,0.753,0,0.071,1,0.0029,0
P0732,U006,0,0.2079,1,1.511,0.645,1,0.139,1,0.0689,0
P0732,U007,1,0.9662,1,1.157,0.452,1,0.9425,1,0.0237,0
P0732,U008,1,0.7931,1,1.341,0.834,0,0.8483,1,0.0552,0
P0732,U009,0,0.6766,0,0.919,0.94,0,0.4775,1,0.1991,0
P0732,U010,1,0.876,1,1.29,0.376,1,0.8924,1,0.0164,0
P0733,U001,0,0.6583,0,1.335,0.745,0,0.3809,1,0.2774,0
P0733,U002,1,0.9201,1,1.433,0.533,0,0.92,1,0.0,0
P0733,U003,1,0.9107,1,1.196,0.069,0,0.9155,1,0.0048,0
P0733,U004,0,0.0103,1,1.362,0.587,1,0.0375,1,0.0272,0
P0733,U005,0,0.1401,1,0.842,0.753,1,0.1134,1,0.0267,0
P0733,U006,0,0.0356,1,1.511,0.645,1,0.0599,1,0.0244,0
P0733,U007,1,0.8247,1,1.157,0.452,1,0.8771,1,0.0524,0
P0733,U008,1,0.5482,1,1.341,0.834,0,0.7536,1,0.2054,0
P0733,U009,0,0.3126,1,0.919,0.94,0,0.2377,1,0.0749,0
P0733,U010,1,0.8378,1,1.29,0.376,0,0.8842,1,0.0464,0
P0734,U001,0,0.9979,0,1.335,0.745,0,0.8837,0,0.1142,0
P0734,U002,1,0.5484,1,1.433,0.533,0,0.5853,1,0.0368,0
P0734,U003,1,0.3371,0,1.196,0.069,1,0.4526,0,0.1155,0
P0734,U004,0,0.9319,0,1.362,0.587,0,0.7342,0,0.1977,1
P0734,U005,0,0.9854,0,0.842,0.753,0,0.8812,0,0.1043,0
P0734,U006,0,0.9373,0,1.511,0.645,1,0.8265,0,0.1108,0
P0734,U007,1,0.1567,0,1.157,0.452,0,0.1562,0,-0.0005,0
P0734,U008,1,0.5943,1,1.341,0.834,0,0.6076,1,0.0133,0
P0734,U009,0,0.9998,0,0.919,0.94,0,0.8198,0,0.18,0
P0734,U010,1,0.0322,0,1.29,0.376,0,0.0331,0,0.001,0
P0735,U001,0,0.3091,1,1.335,0.745,0,0.2446,1,0.0645,0
P0735,U002,1,0.9391,1,1.433,0.533,1,0.9334,1,0.0057,0
P0735,U003,1,0.78,1,1.196,0.069,0,0.8194,1,0.0394,0
P0735,U004,0,0.0454,1,1.362,0.587,0,0.0525,1,0.0071,0
P0735,U005,0,0.0433,1,0.842,0.753,1,0.0481,1,0.0048,0
P0735,U006,0,0.1403,1,1.511,0.645,0,0.1281,1,0.0123,0
P0735,U007,1,0.8933,1,1.157,0.452,1,0.9068,1,0.0135,0
P0735,U008,1,0.7621,1,1.341,0.834,1,0.7948,1,0.0327,0
P0735,U009,0,0.5002,0,0.919,0.94,1,0.3336,1,0.1665,0
P0735,U010,1,0.3892,0,1.29,0.376,0,0.6024,1,0.2132,0
P0736,U001,0,0.0951,1,1.335,0.745,0,0.0882,1,0.0069,0
P0736,U002,1,0.9984,1,1.433,0.533,1,0.9584,1,0.04,0
P0736,U003,1,0.9689,1,1.196,0.069,1,0.9395,1,0.0294,0
P0736,U004,0,0.0407,1,1.362,0.587,0,0.0601,1,0.0194,0
P0736,U005,0,0.0049,1,0.842,0.753,0,0.0354,1,0.0304,0
P0736,U006,0,0.1232,1,1.511,0.645,0,0.0988,1,0.0244,0
P0736,U007,1,0.9952,1,1.157,0.452,1,0.9535,1,0.0417,0
P0736,U008,1,0.8864,1,1.341,0.834,1,0.9076,1,0.0212,0
P0736,U009,0,0.0538,1,0.919,0.94,1,0.0632,1,0.0094,0
P0736,U010,1,0.9983,1,1.29,0.376,0,0.9632,1,0.0351,0
P0737,U001,0,0.2889,1,1.335,0.745,1,0.2554,1,0.0335,0
P0737,U002,1,0.9581,1,1.433,0.533,1,0.944,1,0.0142,0
P0737,U003,1,0.868,1,1.196,0.069,0,0.8779,1,0.0099,0
P0737,U004,0,0.0469,1,1.362,0.587,0,0.0528,1,0.0059,0
P0737,U005,0,0.0825,1,0.842,0.753,0,0.082,1,0.0005,0
P0737,U006,0,0.0425,1,1.511,0.645,0,0.0559,1,0.0135,0
P0737,U007,1,0.8162,1,1.157,0.452,0,0.8551,1,0.0389,0
P0737,U008,1,0.8928,1,1.341,0.834,0,0.9022,1,0.0094,0
P0737,U009,0,0.237,1,0.919,0.94,0,0.2231,1,0.0139,0
P0737,U010,1,0.9734,1,1.29,0.376,0,0.9577,1,0.0157,0
P0738,U001,0,0.2237,1,1.335,0.745,0,0.1962,1,0.0275,0
P0738,U002,1,0.9766,1,1.433,0.533,1,0.9609,1,0.0157,0
P0738,U003,1,0.9099,1,1.196,0.069,0,0.9131,1,0.0033,0
P0738,U004,0,0.1019,1,1.362,0.587,0,0.0976,1,0.0043,0
P0738,U005,0,0.071,1,0.842,0.753,1,0.0727,1,0.0017,0
P0738,U006,0,0.2363,1,1.511,0.645,1,0.1653,1,0.0711,0
P0738,U007,1,0.9591,1,1.157,0.452,1,0.9488,1,0.0103,0
P0738,U008,1,0.8559,1,1.341,0.834,0,0.8885,1,0.0326,0
P0738,U009,0,0.2799,1,0.919,0.94,0,0.2415,1,0.0384,0
P0738,U010,1,0.9536,1,1.29,0.376,0,0.9442,1,0.0094,0
P0739,U001,0,0.6657,0,1.335,0.745,0,0.3923,1,0.2733,0
P0739,U002,1,0.8143,1,1.433,0.533,1,0.8565,1,0.0422,0
P0739,U003,1,0.8375,1,1.196,0.069,1,0.8743,1,0.0368,0
P0739,U004,0,0.339,1,1.362,0.587,0,0.1953,1,0.1437,0
P0739,U005,0,0.3286,1,0.842,0.753,1,0.26,1,0.0686,0
P0739,U006,0,0.7201,0,1.511,0.645,1,0.5844,0,0.1357,0
P0739,U007,1,0.9555,1,1.157,0.452,1,0.9379,1,0.0176,0
P0739,U008,1,0.8444,1,1.341,0.834,0,0.8655,1,0.0211,0
P0739,U009,0,0.7502,0,0.919,0.94,1,0.4814,1,0.2688,0
P0739,U010,1,0.5585,1,1.29,0.376,0,0.7184,1,0.1599,0
P0740,U001,0,0.4057,1,1.335,0.745,1,0.264,1,0.1417,0
P0740,U002,1,0.8056,1,1.433,0.533,1,0.8314,1,0.0259,0
P0740,U003,1,0.5027,1,1.196,0.069,1,0.7338,1,0.2311,0
P0740,U004,0,0.4122,1,1.362,0.587,0,0.3236,1,0.0887,0
P0740,U005,0,0.2328,1,0.842,0.753,0,0.1856,1,0.0472,0
P0740,U006,0,0.0475,1,1.511,0.645,1,0.0578,1,0.0103,0
P0740,U007,1,0.3497,0,1.157,0.452,1,0.6122,1,0.2625,0
P0740,U008,1,0.8801,1,1.341,0.834,1,0.8966,1,0.0165,0
P0740,U009,0,0.5932,0,0.919,0.94,1,0.4361,1,0.1571,0
P0740,U010,1,0.5427,1,1.29,0.376,0,0.6802,1,0.1375,0
P0741,U001,0,0.8423,0,1.335,0.745,1,0.6245,0,0.2177,0
P0741,U002,1,0.9417,1,1.433,0.533,0,0.9344,1,0.0073,0
P0741,U003,1,0.7999,1,1.196,0.069,1,0.8254,1,0.0255,0
P0741,U004,0,0.3072,1,1.362,0.587,1,0.2217,1,0.0855,0
P0741,U005,0,0.1908,1,0.842,0.753,0,0.1561,1,0.0347,0
P0741,U006,0,0.6338,0,1.511,0.645,1,0.5039,0,0.13,0
P0741,U007,1,0.7744,1,1.157,0.452,0,0.835,1,0.0607,0
P0741,U008,1,0.9166,1,1.341,0.834,0,0.9178,1,0.0012,0
P0741,U009,0,0.3454,1,0.919,0.94,0,0.2778,1,0.0676,0
P0741,U010,1,0.9609,1,1.29,0.376,1,0.9473,1,0.0136,0
P0742,U001,0,0.7782,0,1.335,0.745,0,0.7181,0,0.0601,0
P0742,U002,1,0.2571,0,1.433,0.533,0,0.3992,0,0.1421,0
P0742,U003,1,0.2479,0,1.196,0.069,0,0.346,0,0.0981,0
P0742,U004,0,0.989,0,1.362,0.587,1,0.9172,0,0.0718,0
P0742,U005,0,0.6532,0,0.842,0.753,0,0.5415,0,0.1117,0
P0742,U006,0,0.9622,0,1.511,0.645,0,0.8967,0,0.0654,0
P0742,U007,1,0.1804,0,1.157,0.452,0,0.1864,0,0.006,0
P0742,U008,1,0.2644,0,1.341,0.834,0,0.3747,0,0.1103,0
P0742,U009,0,0.9401,0,0.919,0.94,1,0.8109,0,0.1292,0
P0742,U010,1,0.0474,0,1.29,0.376,0,0.1841,0,0.1367,0
P0743,U001,0,0.6172,0,1.335,0.745,0,0.5594,0,0.0578,0
P0743,U002,1,0.0669,0,1.433,0.533,0,0.2388,0,0.1719,0
P0743,U003,1,0.1771,0,1.196,0.069,0,0.2128,0,0.0356,0
P0743,U004,0,0.7738,0,1.362,0.587,0,0.7103,0,0.0635,0
P0743,U005,0,0.8688,0,0.842,0.753,0,0.7632,0,0.1056,0
P0743,U006,0,0.8904,0,1.511,0.645,0,0.7956,0,0.0948,0
P0743,U007,1,0.1762,0,1.157,0.452,0,0.2877,0,0.1115,0
P0743,U008,1,0.1107,0,1.341,0.834,0,0.2139,0,0.1032,0
P0743,U009,0,0.9676,0,0.919,0.94,0,0.9305,0,0.0371,0
P0743,U010,1,0.0097,0,1.29,0.376,0,0.1662,0,0.1565,0
P0744,U001,0,0.6598,0,1.335,0.745,0,0.5837,0,0.076,0
P0744,U002,1,0.2007,0,1.433,0.533,0,0.3285,0,0.1278,0
P0744,U003,1,0.7377,1,1.196,0.069,0,0.7886,1,0.051,0
P0744,U004,0,0.4025,1,1.362,0.587,0,0.3405,1,0.062,0
P0744,U005,0,0.1166,1,0.842,0.753,0,0.1119,1,0.0046,0
P0744,U006,0,0.3705,1,1.511,0.645,0,0.331,1,0.0395,0
P0744,U007,1,0.1277,0,1.157,0.452,1,0.338,0,0.2103,0
P0744,U008,1,0.6239,1,1.341,0.834,0,0.6963,1,0.0723,0
P0744,U009,0,0.7166,0,0.919,0.94,0,0.6405,0,0.0761,0
P0744,U010,1,0.1864,0,1.29,0.376,1,0.468,0,0.2816,0
P0745,U001,0,0.8193,0,1.335,0.745,0,0.6124,0,0.2069,0
P0745,U002,1,0.6913,1,1.433,0.533,1,0.7736,1,0.0823,0
P0745,U003,1,0.4702,0,1.196,0.069,0,0.5966,1,0.1264,0
P0745,U004,0,0.5766,0,1.362,0.587,0,0.4727,1,0.1039,0
P0745,U005,0,0.3129,1,0.842,0.753,0,0.2642,1,0.0487,0
P0745,U006,0,0.8886,0,1.511,0.645,1,0.618,0,0.2706,0
P0745,U007,1,0.1394,0,1.157,0.452,1,0.0682,0,-0.0712,1
P0745,U008,1,0.8647,1,1.341,0.834,0,0.8848,1,0.0201,0
P0745,U009,0,0.704,0,0.919,0.94,0,0.6533,0,0.0507,0
P0745,U010,1,0.3029,0,1.29,0.376,0,0.4291,0,0.1262,0
P0746,U001,0,0.518,0,1.335,0.745,0,0.4373,1,0.0807,0
P0746,U002,1,0.932,1,1.433,0.533,1,0.9254,1,0.0065,0
P0746,U003,1,0.8917,1,1.196,0.069,1,0.9036,1,0.0118,0
P0746,U004,0,0.5032,0,1.362,0.587,0,0.3096,1,0.1936,0
P0746,U005,0,0.3851,1,0.842,0.753,1,0.3006,1,0.0845,0
P0746,U006,0,0.6253,0,1.511,0.645,1,0.3797,1,0.2456,0
P0746,U007,1,0.7292,1,1.157,0.452,0,0.8041,1,0.0749,0
P0746,U008,1,0.8334,1,1.341,0.834,0,0.8496,1,0.0162,0
P0746,U009,0,0.5189,0,0.919,0.94,1,0.3947,1,0.1242,0
P0746,U010,1,0.5631,1,1.29,0.376,1,0.6701,1,0.1071,0
P0747,U001,0,0.3431,1,1.335,0.745,1,0.1916,1,0.1516,0
P0747,U002,1,0.3515,0,1.433,0.533,1,0.5374,1,0.1859,0
P0747,U003,1,0.92,1,1.196,0.069,0,0.92,1,0.0,0
P0747,U004,0,0.1093,1,1.362,0.587,1,0.1001,1,0.0092,0
P0747,U005,0,0.1333,1,0.842,0.753,0,0.1236,1,0.0097,0
P0747,U006,0,0.32,1,1.511,0.645,0,0.2416,1,0.0784,0
P0747,U007,1,0.6047,1,1.157,0.452,1,0.6793,1,0.0746,0
P0747,U008,1,0.6401,1,1.341,0.834,0,0.7611,1,0.121,0
P0747,U009,0,0.4768,1,0.919,0.94,1,0.4061,1,0.0708,0
P0747,U010,1,0.3416,0,1.29,0.376,1,0.6108,1,0.2692,0
P0748,U001,0,0.5799,0,1.335,0.745,1,0.3688,1,0.2111,0
P0748,U002,1,0.3543,0,1.433,0.533,0,0.519,1,0.1646,0
P0748,U003,1,0.6783,1,1.196,0.069,0,0.7627,1,0.0844,0
P0748,U004,0,0.5867,0,1.362,0.587,1,0.401,1,0.1857,0
P0748,U005,0,0.0905,1,0.842,0.753,1,0.0889,1,0.0016,0
P0748,U006,0,0.1977,1,1.511,0.645,1,0.1547,1,0.043,0
P0748,U007,1,0.2049,0,1.157,0.452,1,0.4219,0,0.2169,0
P0748,U008,1,0.462,0,1.341,0.834,0,0.6742,1,0.2122,0
P0748,U009,0,0.7508,0,0.919,0.94,0,0.5576,0,0.1932,0
P0748,U010,1,0.5795,1,1.29,0.376,1,0.4635,0,-0.116,1
P0749,U001,0,0.0779,1,1.335,0.745,1,0.0789,1,0.001,0
P0749,U002,1,0.5359,1,1.433,0.533,1,0.7106,1,0.1747,0
P0749,U003,1,0.8789,1,1.196,0.069,1,0.8963,1,0.0175,0
P0749,U004,0,0.253,1,1.362,0.587,1,0.1892,1,0.0638,0
P0749,U005,0,0.0149,1,0.842,0.753,0,0.0361,1,0.0212,0
P0749,U006,0,0.0795,1,1.511,0.645,1,0.0798,1,0.0002,0
P0749,U007,1,0.5955,1,1.157,0.452,0,0.6762,1,0.0806,0
P0749,U008,1,0.7361,1,1.341,0.834,1,0.7974,1,0.0614,0
P0749,U009,0,0.5045,0,0.919,0.94,0,0.4372,1,0.0673,0
P0749,U010,1,0.4747,0,1.29,0.376,1,0.6682,1,0.1935,0
P0750,U001,0,0.4604,1,1.335,0.745,0,0.2752,1,0.1852,0
P0750,U002,1,0.6765,1,1.433,0.533,1,0.815,1,0.1384,0
P0750,U003,1,0.8322,1,1.196,0.069,1,0.8704,1,0.0382,0
P0750,U004,0,0.3964,1,1.362,0.587,0,0.2279,1,0.1685,0
P0750,U005,0,0.0288,1,0.842,0.753,0,0.0402,1,0.0114,0
P0750,U006,0,0.8262,0,1.511,0.645,0,0.6603,0,0.1659,0
P0750,U007,1,0.7039,1,1.157,0.452,0,0.7889,1,0.0851,0
P0750,U008,1,0.4159,0,1.341,0.834,1,0.6626,1,0.2468,0
P0750,U009,0,0.5195,0,0.919,0.94,0,0.3285,1,0.191,0
P0750,U010,1,0.2026,0,1.29,0.376,1,0.5415,1,0.3389,0
P0751,U001,0,0.4138,1,1.335,0.745,0,0.3181,1,0.0957,0
P0751,U002,1,0.9657,1,1.433,0.533,1,0.945,1,0.0207,0
P0751,U003,1,0.8253,1,1.196,0.069,0,0.8619,1,0.0366,0
P0751,U004,0,0.5168,0,1.362,0.587,0,0.4018,1,0.115,0
P0751,U005,0,0.1641,1,0.842,0.753,0,0.1386,1,0.0255,0
P0751,U006,0,0.7011,0,1.511,0.645,0,0.5421,0,0.159,0
P0751,U007,1,0.6062,1,1.157,0.452,0,0.6727,1,0.0664,0
P0751,U008,1,0.9386,1,1.341,0.834,0,0.9311,1,0.0075,0
P0751,U009,0,0.8427,0,0.919,0.94,0,0.5952,0,0.2475,0
P0751,U010,1,0.8046,1,1.29,0.376,0,0.8407,1,0.0361,0
P0752,U001,0,0.6343,0,1.335,0.745,0,0.3763,1,0.258,0
P0752,U002,1,0.1062,0,1.433,0.533,0,0.358,0,0.2519,0
P0752,U003,1,0.8322,1,1.196,0.069,0,0.871,1,0.0388,0
P0752,U004,0,0.7527,0,1.362,0.587,0,0.5226,0,0.2301,0
P0752,U005,0,0.9628,0,0.842,0.753,0,0.8854,0,0.0775,1
P0752,U006,0,0.989,0,1.511,0.645,1,0.5216,0,0.4674,0
P0752,U007,1,0.4497,0,1.157,0.452,1,0.151,0,-0.2986,1
P0752,U008,1,0.341,0,1.341,0.834,1,0.6773,1,0.3363,1
P0752,U009,0,0.9826,0,0.919,0.94,0,0.6678,0,0.3148,0
P0752,U010,1,0.9376,1,1.29,0.376,0,0.9305,1,0.007,0
P0753,U001,0,0.1555,1,1.335,0.745,0,0.1398,1,0.0157,0
P0753,U002,1,0.9958,1,1.433,0.533,0,0.9833,1,0.0125,0
P0753,U003,1,0.8642,1,1.196,0.069,1,0.8849,1,0.0207,0
P0753,U004,0,0.3185,1,1.362,0.587,0,0.2299,1,0.0885,0
P0753,U005,0,0.0575,1,0.842,0.753,0,0.0628,1,0.0053,0
P0753,U006,0,0.4201,1,1.511,0.645,1,0.284,1,0.1362,0
P0753,U007,1,0.7141,1,1.157,0.452,1,0.7376,1,0.0235,0
P0753,U008,1,0.9812,1,1.341,0.834,1,0.9654,1,0.0158,0
P0753,U009,0,0.4495,1,0.919,0.94,0,0.3442,1,0.1053,0
P0753,U010,1,0.9781,1,1.29,0.376,1,0.9654,1,0.0127,0
P0754,U001,0,0.0836,1,1.335,0.745,1,0.0824,1,0.0012,0
P0754,U002,1,0.9649,1,1.433,0.533,0,0.9408,1,0.0241,0
P0754,U003,1,0.993,1,1.196,0.069,1,0.955,1,0.038,0
P0754,U004,0,0.0565,1,1.362,0.587,1,0.0649,1,0.0084,0
P0754,U005,0,0.0128,1,0.842,0.753,0,0.0397,1,0.027,0
P0754,U006,0,0.3312,1,1.511,0.645,1,0.218,1,0.1132,0
P0754,U007,1,0.9135,1,1.157,0.452,1,0.9154,1,0.0019,0
P0754,U008,1,0.9561,1,1.341,0.834,1,0.9463,1,0.0098,0
P0754,U009,0,0.04,1,0.919,0.94,1,0.0554,1,0.0154,0
P0754,U010,1,0.961,1,1.29,0.376,1,0.943,1,0.018,0
P0755,U001,0,0.7874,0,1.335,0.745,1,0.4618,1,0.3255,0
P0755,U002,1,0.964,1,1.433,0.533,0,0.9451,1,0.0189,0
P0755,U003,1,0.876,1,1.196,0.069,1,0.8979,1,0.0219,0
P0755,U004,0,0.7132,0,1.362,0.587,1,0.3984,1,0.3148,0
P0755,U005,0,0.5201,0,0.842,0.753,1,0.2748,1,0.2452,0
P0755,U006,0,0.9034,0,1.511,0.645,1,0.3518,1,0.5515,0
P0755,U007,1,0.806,1,1.157,0.452,0,0.863,1,0.057,0
P0755,U008,1,0.4663,0,1.341,0.834,0,0.8097,1,0.3434,0
P0755,U009,0,0.9274,0,0.919,0.94,0,0.5379,0,0.3894,0
P0755,U010,1,0.8017,1,1.29,0.376,1,0.8685,1,0.0668,0
P0756,U001,0,0.155,1,1.335,0.745,1,0.1198,1,0.0353,0
P0756,U002,1,0.4837,0,1.433,0.533,0,0.6082,1,0.1245,0
P0756,U003,1,0.6804,1,1.196,0.069,0,0.7433,1,0.0629,0
P0756,U004,0,0.0403,1,1.362,0.587,1,0.0561,1,0.0158,0
P0756,U005,0,0.0112,1,0.842,0.753,0,0.0357,1,0.0245,0
P0756,U006,0,0.0267,1,1.511,0.645,0,0.0484,1,0.0217,0
P0756,U007,1,0.6495,1,1.157,0.452,1,0.7584,1,0.1089,0
P0756,U008,1,0.6785,1,1.341,0.834,0,0.8189,1,0.1404,0
P0756,U009,0,0.1052,1,0.919,0.94,0,0.0975,1,0.0077,0
P0756,U010,1,0.5696,1,1.29,0.376,0,0.7184,1,0.1488,0
P0757,U001,0,0.6698,0,1.335,0.745,1,0.4578,1,0.212,0
P0757,U002,1,0.9694,1,1.433,0.533,0,0.9469,1,0.0224,0
P0757,U003,1,0.9611,1,1.196,0.069,0,0.9468,1,0.0143,0
P0757,U004,0,0.439,1,1.362,0.587,1,0.2944,1,0.1446,0
P0757,U005,0,0.0713,1,0.842,0.753,0,0.0736,1,0.0023,0
P0757,U006,0,0.3338,1,1.511,0.645,0,0.2212,1,0.1127,0
P0757,U007,1,0.8309,1,1.157,0.452,1,0.8598,1,0.0289,0
P0757,U008,1,0.8762,1,1.341,0.834,0,0.8937,1,0.0174,0
P0757,U009,0,0.1978,1,0.919,0.94,0,0.1654,1,0.0324,0
P0757,U010,1,0.9286,1,1.29,0.376,0,0.9249,1,0.0037,0
P0758,U001,0,0.7235,0,1.335,0.745,1,0.5453,0,0.1782,0
P0758,U002,1,0.4267,0,1.433,0.533,1,0.4679,0,0.0412,0
P0758,U003,1,0.2315,0,1.196,0.069,1,0.4258,0,0.1943,0
P0758,U004,0,0.7022,0,1.362,0.587,0,0.5581,0,0.144,0
P0758,U005,0,0.4219,1,0.842,0.753,0,0.3495,1,0.0724,0
P0758,U006,0,0.5366,0,1.511,0.645,0,0.4355,1,0.1011,0
P0758,U007,1,0.1994,0,1.157,0.452,0,0.3835,0,0.1841,0
P0758,U008,1,0.2441,0,1.341,0.834,1,0.5114,1,0.2673,0
P0758,U009,0,0.776,0,0.919,0.94,0,0.621,0,0.1549,0
P0758,U010,1,0.0243,0,1.29,0.376,1,0.1761,0,0.1517,0
P0759,U001,0,0.2319,1,1.335,0.745,0,0.1838,1,0.0481,0
P0759,U002,1,0.8781,1,1.433,0.533,1,0.891,1,0.0129,0
P0759,U003,1,0.4179,0,1.196,0.069,0,0.545,1,0.127,0
P0759,U004,0,0.7952,0,1.362,0.587,0,0.7014,0,0.0938,0
P0759,U005,0,0.1018,1,0.842,0.753,0,0.0966,1,0.0052,0
P0759,U006,0,0.4761,1,1.511,0.645,0,0.3694,1,0.1067,0
P0759,U007,1,0.3616,0,1.157,0.452,1,0.3627,0,0.0011,1
P0759,U008,1,0.3702,0,1.341,0.834,1,0.5415,1,0.1713,0
P0759,U009,0,0.9087,0,0.919,0.94,1,0.645,0,0.2637,0
P0759,U010,1,0.3221,0,1.29,0.376,0,0.5529,1,0.2308,0
P0760,U001,0,0.1946,1,1.335,0.745,0,0.1536,1,0.041,0
P0760,U002,1,0.7455,1,1.433,0.533,0,0.9431,1,0.1514,1
P0760,U003,1,0.7242,1,1.196,0.069,1,0.7894,1,0.0653,0
P0760,U004,0,0.1207,1,1.362,0.587,1,0.1085,1,0.0122,0
P0760,U005,0,0.0083,1,0.842,0.753,0,0.0321,1,0.0238,0
P0760,U006,0,0.1367,1,1.511,0.645,0,0.1158,1,0.021,0
P0760,U007,1,0.2379,0,1.157,0.452,1,0.4745,0,0.2366,0
P0760,U008,1,0.8548,1,1.341,0.834,0,0.99,1,-0.0048,1
P0760,U009,0,0.1369,1,0.919,0.94,0,0.1231,1,0.0138,0
P0760,U010,1,0.8893,1,1.29,0.376,0,0.8998,1,0.0105,0
P0761,U001,0,0.8986,0,1.335,0.745,0,0.8437,0,0.0549,0
P0761,U002,1,0.8979,1,1.433,0.533,1,0.9021,1,0.0042,0
P0761,U003,1,0.8857,1,1.196,0.069,0,0.8909,1,0.0052,0
P0761,U004,0,0.8508,0,1.362,0.587,0,0.813,0,0.0378,0
P0761,U005,0,0.9913,0,0.842,0.753,0,0.99,0,0.0013,0
P0761,U006,0,0.9864,0,1.511,0.645,0,0.9494,0,0.0369,0
P0761,U007,1,0.6593,1,1.157,0.452,0,0.6661,1,0.0068,0
P0761,U008,1,0.4357,0,1.341,0.834,0,0.5158,1,0.0801,0
P0761,U009,0,0.9988,0,0.919,0.94,1,0.9534,0,0.0454,0
P0761,U010,1,0.6072,1,1.29,0.376,1,0.6518,1,0.0445,0
P0762,U001,0,0.1919,1,1.335,0.745,0,0.1563,1,0.0356,0
P0762,U002,1,0.8358,1,1.433,0.533,1,0.8761,1,0.0403,0
P0762,U003,1,0.5679,1,1.196,0.069,1,0.7122,1,0.1443,0
P0762,U004,0,0.2935,1,1.362,0.587,1,0.2011,1,0.0923,0
P0762,U005,0,0.0722,1,0.842,0.753,0,0.0745,1,0.0023,0
P0762,U006,0,0.3149,1,1.511,0.645,1,0.2079,1,0.107,0
P0762,U007,1,0.9239,1,1.157,0.452,1,0.9223,1,0.0016,0
P0762,U008,1,0.5387,1,1.341,0.834,0,0.6494,1,0.1107,0
P0762,U009,0,0.5191,0,0.919,0.94,0,0.3803,1,0.1388,0
P0762,U010,1,0.9077,1,1.29,0.376,1,0.9138,1,0.0061,0
P0763,U001,0,0.6309,0,1.335,0.745,0,0.5315,0,0.0994,0
P0763,U002,1,0.7402,1,1.433,0.533,1,0.7768,1,0.0366,0
P0763,U003,1,0.7852,1,1.196,0.069,0,0.8016,1,0.0164,0
P0763,U004,0,0.8157,0,1.362,0.587,0,0.7648,0,0.0508,0
P0763,U005,0,0.7382,0,0.842,0.753,0,0.7226,0,0.0157,0
P0763,U006,0,0.7345,0,1.511,0.645,0,0.6415,0,0.093,0
P0763,U007,1,0.7523,1,1.157,0.452,0,0.7715,1,0.0191,0
P0763,U008,1,0.9358,1,1.341,0.834,1,0.9314,1,0.0043,0
P0763,U009,0,0.9166,0,0.919,0.94,0,0.7447,0,0.172,0
P0763,U010,1,0.9183,1,1.29,0.376,0,0.9184,1,0.0001,0
P0764,U001,0,0.7875,0,1.335,0.745,0,0.6414,0,0.1462,0
P0764,U002,1,0.1189,0,1.433,0.533,1,0.4974,0,0.3785,0
P0764,U003,1,0.7051,1,1.196,0.069,1,0.7591,1,0.054,0
P0764,U004,0,0.5079,0,1.362,0.587,0,0.4083,1,0.0996,0
P0764,U005,0,0.5737,0,0.842,0.753,0,0.4269,1,0.1469,0
P0764,U006,0,0.4293,1,1.511,0.645,0,0.3451,1,0.0841,0
P0764,U007,1,0.3281,0,1.157,0.452,0,0.4876,0,0.1594,0
P0764,U008,1,0.1007,0,1.341,0.834,0,0.4355,0,0.3349,0
P0764,U009,0,0.8335,0,0.919,0.94,0,0.6748,0,0.1587,0
P0764,U010,1,0.1162,0,1.29,0.376,0,0.3649,0,0.2487,0
P0765,U001,0,0.3879,1,1.335,0.745,0,0.3309,1,0.057,0
P0765,U002,1,0.9639,1,1.433,0.533,0,0.9566,1,0.0073,0
P0765,U003,1,0.9232,1,1.196,0.069,0,0.9229,1,0.0004,0
P0765,U004,0,0.3013,1,1.362,0.587,0,0.2394,1,0.0619,0
P0765,U005,0,0.1144,1,0.842,0.753,0,0.1109,1,0.0034,0
P0765,U006,0,0.7799,0,1.511,0.645,0,0.7006,0,0.0793,0
P0765,U007,1,0.4686,0,1.157,0.452,0,0.5141,1,0.0455,0
P0765,U008,1,0.6235,1,1.341,0.834,1,0.6654,1,0.0419,0
P0765,U009,0,0.577,0,0.919,0.94,0,0.4959,1,0.081,0
P0765,U010,1,0.5026,1,1.29,0.376,1,0.5087,1,0.0061,0
P0766,U001,0,0.2122,1,1.335,0.745,0,0.1611,1,0.0511,0
P0766,U002,1,0.4134,0,1.433,0.533,0,0.6034,1,0.1901,0
P0766,U003,1,0.6058,1,1.196,0.069,0,0.6887,1,0.083,0
P0766,U004,0,0.4375,1,1.362,0.587,0,0.3717,1,0.0657,0
P0766,U005,0,0.6124,0,0.842,0.753,0,0.5173,0,0.0951,0
P0766,U006,0,0.7293,0,1.511,0.645,0,0.5346,0,0.1947,0
P0766,U007,1,0.3225,0,1.157,0.452,0,0.5531,1,0.2307,0
P0766,U008,1,0.2955,0,1.341,0.834,1,0.4151,0,0.1195,0
P0766,U009,0,0.7759,0,0.919,0.94,0,0.682,0,0.094,0
P0766,U010,1,0.0878,0,1.29,0.376,0,0.2265,0,0.1387,0
P0767,U001,0,0.5279,0,1.335,0.745,0,0.4681,1,0.0598,0
P0767,U002,1,0.8769,1,1.433,0.533,1,0.8847,1,0.0079,0
P0767,U003,1,0.577,1,1.196,0.069,1,0.6161,1,0.0391,0
P0767,U004,0,0.4567,1,1.362,0.587,1,0.4481,1,0.0086,0
P0767,U005,0,0.5088,0,0.842,0.753,0,0.4158,1,0.093,0
P0767,U006,0,0.784,0,1.511,0.645,1,0.6552,0,0.1288,0
P0767,U007,1,0.1469,0,1.157,0.452,0,0.2021,0,0.0552,0
P0767,U008,1,0.86,1,1.341,0.834,0,0.8641,1,0.0042,0
P0767,U009,0,0.5881,0,0.919,0.94,0,0.5528,0,0.0353,0
P0767,U010,1,0.5755,1,1.29,0.376,1,0.6738,1,0.0983,0
P0768,U001,0,0.7242,0,1.335,0.745,1,0.6249,0,0.0993,0
P0768,U002,1,0.8916,1,1.433,0.533,0,0.8968,1,0.0052,0
P0768,U003,1,0.9656,1,1.196,0.069,0,0.9623,1,0.0033,0
P0768,U004,0,0.979,0,1.362,0.587,0,0.808,0,0.1711,0
P0768,U005,0,0.8975,0,0.842,0.753,0,0.606,0,0.2914,0
P0768,U006,0,0.8787,0,1.511,0.645,0,0.684,0,0.1946,0
P0768,U007,1,0.6216,1,1.157,0.452,0,0.6736,1,0.052,0
P0768,U008,1,0.453,0,1.341,0.834,0,0.5248,1,0.0717,0
P0768,U009,0,0.9736,0,0.919,0.94,0,0.8161,0,0.1575,0
P0768,U010,1,0.6206,1,1.29,0.376,0,0.7164,1,0.0958,0
P0769,U001,0,0.1032,1,1.335,0.745,1,0.0965,1,0.0067,0
P0769,U002,1,0.9623,1,1.433,0.533,1,0.9432,1,0.0191,0
P0769,U003,1,0.9075,1,1.196,0.069,1,0.9123,1,0.0047,0
P0769,U004,0,0.2499,1,1.362,0.587,1,0.1927,1,0.0572,0
P0769,U005,0,0.0362,1,0.842,0.753,1,0.0519,1,0.0156,0
P0769,U006,0,0.1711,1,1.511,0.645,1,0.1235,1,0.0475,0
P0769,U007,1,0.8251,1,1.157,0.452,0,0.8537,1,0.0286,0
P0769,U008,1,0.8566,1,1.341,0.834,0,0.8719,1,0.0153,0
P0769,U009,0,0.1438,1,0.919,0.94,1,0.1201,1,0.0237,0
P0769,U010,1,0.7195,1,1.29,0.376,1,0.7993,1,0.0798,0
P0770,U001,0,0.782,0,1.335,0.745,0,0.6567,0,0.1253,0
P0770,U002,1,0.2281,0,1.433,0.533,0,0.2832,0,0.0552,0
P0770,U003,1,0.1262,0,1.196,0.069,0,0.2721,0,0.1458,0
P0770,U004,0,0.9241,0,1.362,0.587,0,0.8338,0,0.0903,0
P0770,U005,0,0.3207,1,0.842,0.753,0,0.3159,1,0.0048,0
P0770,U006,0,0.8042,0,1.511,0.645,0,0.7205,0,0.0837,0
P0770,U007,1,0.5112,1,1.157,0.452,0,0.5938,1,0.0826,0
P0770,U008,1,0.2129,0,1.341,0.834,0,0.2216,0,0.0088,0
P0770,U009,0,0.8992,0,0.919,0.94,0,0.7187,0,0.1805,0
P0770,U010,1,0.1718,0,1.29,0.376,0,0.2795,0,0.1077,0
P0771,U001,0,0.044,1,1.335,0.745,0,0.0504,1,0.0063,0
P0771,U002,1,0.8883,1,1.433,0.533,0,0.8957,1,0.0075,0
P0771,U003,1,0.5724,1,1.196,0.069,0,0.6421,1,0.0697,0
P0771,U004,0,0.3573,1,1.362,0.587,1,0.2855,1,0.0719,0
P0771,U005,0,0.0178,1,0.842,0.753,0,0.0326,1,0.0148,0
P0771,U006,0,0.1187,1,1.511,0.645,0,0.1125,1,0.0061,0
P0771,U007,1,0.6164,1,1.157,0.452,1,0.6831,1,0.0667,0
P0771,U008,1,0.3964,0,1.341,0.834,0,0.4399,0,0.0434,0
P0771,U009,0,0.28,1,0.919,0.94,0,0.2519,1,0.0281,0
P0771,U010,1,0.4298,0,1.29,0.376,0,0.4242,0,-0.0056,0
P0772,U001,0,0.8633,0,1.335,0.745,0,0.7022,0,0.161,0
P0772,U002,1,0.3888,0,1.433,0.533,0,0.4224,0,0.0336,0
P0772,U003,1,0.1907,0,1.196,0.069,1,0.01,0,-0.1807,1
P0772,U004,0,0.4984,1,1.362,0.587,1,0.4699,1,0.0284,0
P0772,U005,0,0.8238,0,0.842,0.753,0,0.6947,0,0.129,0
P0772,U006,0,0.6557,0,1.511,0.645,1,0.7704,0,-0.1147,1
P0772,U007,1,0.3146,0,1.157,0.452,0,0.01,0,-0.3046,1
P0772,U008,1,0.2166,0,1.341,0.834,0,0.3166,0,0.1,0
P0772,U009,0,0.9449,0,0.919,0.94,1,0.9367,0,0.0082,1
P0772,U010,1,0.498,0,1.29,0.376,0,0.5644,1,0.0664,0
P0773,U001,0,0.1931,1,1.335,0.745,0,0.1364,1,0.0567,0
P0773,U002,1,0.9664,1,1.433,0.533,1,0.9438,1,0.0226,0
P0773,U003,1,0.9639,1,1.196,0.069,1,0.9441,1,0.0198,0
P0773,U004,0,0.0441,1,1.362,0.587,1,0.0697,1,0.0255,0
P0773,U005,0,0.207,1,0.842,0.753,0,0.1547,1,0.0524,0
P0773,U006,0,0.3278,1,1.511,0.645,0,0.231,1,0.0969,0
P0773,U007,1,0.9083,1,1.157,0.452,1,0.9131,1,0.0048,0
P0773,U008,1,0.8,1,1.341,0.834,1,0.8588,1,0.0587,0
P0773,U009,0,0.3902,1,0.919,0.94,0,0.2799,1,0.1103,0
P0773,U010,1,0.8274,1,1.29,0.376,1,0.882,1,0.0546,0
P0774,U001,0,0.9782,0,1.335,0.745,0,0.8836,0,0.0947,0
P0774,U002,1,0.7384,1,1.433,0.533,0,0.7808,1,0.0423,0
P0774,U003,1,0.9493,1,1.196,0.069,1,0.944,1,0.0054,0
P0774,U004,0,0.8272,0,1.362,0.587,0,0.6346,0,0.1926,0
P0774,U005,0,0.9857,0,0.842,0.753,1,0.8853,0,0.1005,0
P0774,U006,0,0.791,0,1.511,0.645,0,0.5821,0,0.2089,0
P0774,U007,1,0.9094,1,1.157,0.452,1,0.9124,1,0.0029,0
P0774,U008,1,0.9514,1,1.341,0.834,0,0.9474,1,0.004,0
P0774,U009,0,0.9275,0,0.919,0.94,1,0.6988,0,0.2287,0
P0774,U010,1,0.9184,1,1.29,0.376,1,0.9189,1,0.0004,0
P0775,U001,0,0.3771,1,1.335,0.745,1,0.2472,1,0.13,0
P0775,U002,1,0.9872,1,1.433,0.533,0,0.9757,1,0.0114,0
P0775,U003,1,0.967,1,1.196,0.069,0,0.9505,1,0.0165,0
P0775,U004,0,0.7528,0,1.362,0.587,0,0.5685,0,0.1843,0
P0775,U005,0,0.5797,0,0.842,0.753,0,0.5082,0,0.0715,0
P0775,U006,0,0.2165,1,1.511,0.645,0,0.1784,1,0.0381,0
P0775,U007,1,0.4243,0,1.157,0.452,1,0.6615,1,0.2372,0
P0775,U008,1,0.7911,1,1.341,0.834,0,0.8447,1,0.0535,0
P0775,U009,0,0.86,0,0.919,0.94,0,0.6758,0,0.1842,0
P0775,U010,1,0.6176,1,1.29,0.376,1,0.7154,1,0.0978,0
P0776,U001,0,0.3052,1,1.335,0.745,0,0.2824,1,0.0227,1
P0776,U002,1,0.8267,1,1.433,0.533,0,0.8874,1,0.0607,1
P0776,U003,1,0.7073,1,1.196,0.069,1,0.7864,1,0.079,0
P0776,U004,0,0.2438,1,1.362,0.587,0,0.2687,1,-0.0249,1
P0776,U005,0,0.0451,1,0.842,0.753,1,0.0605,1,0.0154,0
P0776,U006,0,0.3333,1,1.511,0.645,1,0.2213,1,0.112,0
P0776,U007,1,0.9117,1,1.157,0.452,1,0.9157,1,0.004,0
P0776,U008,1,0.5724,1,1.341,0.834,1,0.7185,1,0.1461,0
P0776,U009,0,0.2537,1,0.919,0.94,1,0.1932,1,0.0604,0
P0776,U010,1,0.6432,1,1.29,0.376,1,0.7384,1,0.0952,0
P0777,U001,0,0.05,1,1.335,0.745,0,0.0601,1,0.01,0
P0777,U002,1,0.7051,1,1.433,0.533,0,0.7725,1,0.0674,0
P0777,U003,1,0.9231,1,1.196,0.069,1,0.922,1,0.001,0
P0777,U004,0,0.4133,1,1.362,0.587,1,0.2566,1,0.1566,0
P0777,U005,0,0.0231,1,0.842,0.753,1,0.0425,1,0.0193,0
P0777,U006,0,0.3833,1,1.511,0.645,0,0.2667,1,0.1166,0
P0777,U007,1,0.4487,0,1.157,0.452,1,0.6495,1,0.2008,0
P0777,U008,1,0.8496,1,1.341,0.834,0,0.8754,1,0.0258,0
P0777,U009,0,0.3173,1,0.919,0.94,0,0.2231,1,0.0942,0
P0777,U010,1,0.5945,1,1.29,0.376,0,0.6583,1,0.0638,0
P0778,U001,0,0.1464,1,1.335,0.745,0,0.1264,1,0.02,0
P0778,U002,1,0.995,1,1.433,0.533,0,0.9619,1,0.0332,0
P0778,U003,1,0.9978,1,1.196,0.069,1,0.9625,1,0.0353,0
P0778,U004,0,0.1755,1,1.362,0.587,1,0.1471,1,0.0284,0
P0778,U005,0,0.2408,1,0.842,0.753,0,0.51,0,-0.2692,1
P0778,U006,0,0.2104,1,1.511,0.645,1,0.1559,1,0.0545,0
P0778,U007,1,0.9568,1,1.157,0.452,1,0.944,1,0.0128,0
P0778,U008,1,0.9862,1,1.341,0.834,1,0.9497,1,0.0365,0
P0778,U009,0,0.583,0,0.919,0.94,0,0.4249,1,0.1581,0
P0778,U010,1,0.9836,1,1.29,0.376,0,0.9651,1,0.0185,0
P0779,U001,0,0.8241,0,1.335,0.745,0,0.6376,0,0.1864,0
P0779,U002,1,0.5306,1,1.433,0.533,1,0.6248,1,0.0942,0
P0779,U003,1,0.4544,0,1.196,0.069,0,0.5301,1,0.0757,0
P0779,U004,0,0.6594,0,1.362,0.587,0,0.5811,0,0.0784,0
P0779,U005,0,0.4807,1,0.842,0.753,0,0.4494,1,0.0313,0
P0779,U006,0,0.3219,1,1.511,0.645,0,0.2692,1,0.0527,0
P0779,U007,1,0.6183,1,1.157,0.452,0,0.6395,1,0.0212,0
P0779,U008,1,0.3645,0,1.341,0.834,0,0.3976,0,0.0331,0
P0779,U009,0,0.6793,0,0.919,0.94,0,0.529,0,0.1504,0
P0779,U010,1,0.4594,0,1.29,0.376,1,0.5493,1,0.0899,0
P0780,U001,0,0.0812,1,1.335,0.745,0,0.0806,1,0.0006,0
P0780,U002,1,0.9961,1,1.433,0.533,1,0.955,1,0.0411,0
P0780,U003,1,0.9708,1,1.196,0.069,0,0.9569,1,0.0139,0
P0780,U004,0,0.1746,1,1.362,0.587,1,0.1165,1,0.0581,0
P0780,U005,0,0.0661,1,0.842,0.753,0,0.0713,1,0.0053,0
P0780,U006,0,0.1405,1,1.511,0.645,0,0.1143,1,0.0262,0
P0780,U007,1,0.8153,1,1.157,0.452,0,0.8584,1,0.0431,0
P0780,U008,1,0.5419,1,1.341,0.834,0,0.7036,1,0.1617,0
P0780,U009,0,0.4342,1,0.919,0.94,0,0.3291,1,0.1051,0
P0780,U010,1,0.9693,1,1.29,0.376,1,0.9493,1,0.02,0
P0781,U001,0,0.512,0,1.335,0.745,1,0.3767,1,0.1354,0
P0781,U002,1,0.2214,0,1.433,0.533,0,0.4123,0,0.1909,0
P0781,U003,1,0.4931,0,1.196,0.069,1,0.6973,1,0.2042,0
P0781,U004,0,0.6163,0,1.362,0.587,0,0.4041,1,0.2122,0
P0781,U005,0,0.1411,1,0.842,0.753,0,0.1243,1,0.0168,0
P0781,U006,0,0.4865,1,1.511,0.645,0,0.3977,1,0.0888,0
P0781,U007,1,0.5119,1,1.157,0.452,0,0.666,1,0.1541,0
P0781,U008,1,0.5906,1,1.341,0.834,1,0.7056,1,0.115,0
P0781,U009,0,0.6264,0,0.919,0.94,0,0.5088,0,0.1176,0
P0781,U010,1,0.0955,0,1.29,0.376,1,0.4192,0,0.3237,0
P0782,U001,0,0.6409,0,1.335,0.745,1,0.514,0,0.1269,0
P0782,U002,1,0.0766,0,1.433,0.533,0,0.194,0,0.1174,0
P0782,U003,1,0.1503,0,1.196,0.069,0,0.2818,0,0.1315,0
P0782,U004,0,0.8744,0,1.362,0.587,0,0.7496,0,0.1248,0
P0782,U005,0,0.6584,0,0.842,0.753,0,0.5635,0,0.0949,0
P0782,U006,0,0.9275,0,1.511,0.645,0,0.7974,0,0.1301,0
P0782,U007,1,0.1304,0,1.157,0.452,0,0.3036,0,0.1732,0
P0782,U008,1,0.1317,0,1.341,0.834,0,0.1859,0,0.0542,0
P0782,U009,0,0.945,0,0.919,0.94,0,0.99,0,-0.045,1
P0782,U010,1,0.0043,0,1.29,0.376,0,0.2306,0,0.2264,0
P0783,U001,0,0.869,0,1.335,0.745,0,0.6014,0,0.2677,0
P0783,U002,1,0.672,1,1.433,0.533,1,0.7594,1,0.0873,0
P0783,U003,1,0.5777,1,1.196,0.069,0,0.6763,1,0.0986,0
P0783,U004,0,0.6598,0,1.362,0.587,1,0.4885,1,0.1712,0
P0783,U005,0,0.5269,0,0.842,0.753,0,0.3935,1,0.1334,0
P0783,U006,0,0.6265,0,1.511,0.645,0,0.4242,1,0.2022,0
P0783,U007,1,0.5056,1,1.157,0.452,0,0.5909,1,0.0853,0
P0783,U008,1,0.6872,1,1.341,0.834,0,0.7419,1,0.0547,0
P0783,U009,0,0.9682,0,0.919,0.94,1,0.7607,0,0.2075,0
P0783,U010,1,0.4737,0,1.29,0.376,0,0.5891,1,0.1154,0
P0784,U001,0,0.437,1,1.335,0.745,0,0.3333,1,0.1038,0
P0784,U002,1,0.398,0,1.433,0.533,0,0.5355,1,0.1375,0
P0784,U003,1,0.7726,1,1.196,0.069,1,0.8035,1,0.0309,0
P0784,U004,0,0.9068,0,1.362,0.587,0,0.8238,0,0.083,0
P0784,U005,0,0.7941,0,0.842,0.753,0,0.7235,0,0.0706,0
P0784,U006,0,0.8911,0,1.511,0.645,1,0.8531,0,0.038,1
P0784,U007,1,0.6991,1,1.157,0.452,0,0.7804,1,0.0813,0
P0784,U008,1,0.6626,1,1.341,0.834,0,0.6739,1,0.0114,0
P0784,U009,0,0.6589,0,0.919,0.94,1,0.5843,0,0.0747,0
P0784,U010,1,0.2208,0,1.29,0.376,0,0.2798,0,0.0591,0
P0785,U001,0,0.7773,0,1.335,0.745,1,0.472,1,0.3053,0
P0785,U002,1,0.904,1,1.433,0.533,1,0.9111,1,0.0071,0
P0785,U003,1,0.8472,1,1.196,0.069,0,0.8785,1,0.0314,0
P0785,U004,0,0.6207,0,1.362,0.587,1,0.1953,1,0.4254,0
P0785,U005,0,0.6095,0,0.842,0.753,1,0.344,1,0.2655,0
P0785,U006,0,0.8578,0,1.511,0.645,1,0.4378,1,0.42,0
P0785,U007,1,0.6852,1,1.157,0.452,1,0.8051,1,0.1199,0
P0785,U008,1,0.93,1,1.341,0.834,1,0.9252,1,0.0048,0
P0785,U009,0,0.8374,0,0.919,0.94,1,0.5191,0,0.3183,0
P0785,U010,1,0.9086,1,1.29,0.376,1,0.9145,1,0.0058,0
P0786,U001,0,0.4749,1,1.335,0.745,0,0.3047,1,0.1702,0
P0786,U002,1,0.6776,1,1.433,0.533,0,0.7615,1,0.0839,0
P0786,U003,1,0.5627,1,1.196,0.069,1,0.6717,1,0.1091,0
P0786,U004,0,0.862,0,1.362,0.587,1,0.6247,0,0.2373,0
P0786,U005,0,0.8592,0,0.842,0.753,1,0.7144,0,0.1448,0
P0786,U006,0,0.4967,1,1.511,0.645,0,0.4017,1,0.095,0
P0786,U007,1,0.3299,0,1.157,0.452,1,0.5269,1,0.197,0
P0786,U008,1,0.5747,1,1.341,0.834,0,0.7203,1,0.1456,0
P0786,U009,0,0.8142,0,0.919,0.94,1,0.6831,0,0.1311,0
P0786,U010,1,0.059,0,1.29,0.376,1,0.331,0,0.272,0
P0787,U001,0,0.1381,1,1.335,0.745,0,0.1272,1,0.0109,0
P0787,U002,1,0.8116,1,1.433,0.533,0,0.836,1,0.0243,0
P0787,U003,1,0.6897,1,1.196,0.069,1,0.7761,1,0.0865,0
P0787,U004,0,0.2273,1,1.362,0.587,0,0.1903,1,0.037,0
P0787,U005,0,0.0822,1,0.842,0.753,0,0.0818,1,0.0004,0
P0787,U006,0,0.3201,1,1.511,0.645,1,0.2772,1,0.0429,0
P0787,U007,1,0.2846,0,1.157,0.452,0,0.4615,0,0.1769,0
P0787,U008,1,0.8411,1,1.341,0.834,1,0.8469,1,0.0058,0
P0787,U009,0,0.4679,1,0.919,0.94,1,0.3998,1,0.0681,0
P0787,U010,1,0.778,1,1.29,0.376,1,0.8188,1,0.0408,0
P0788,U001,0,0.7576,0,1.335,0.745,0,0.389,1,0.3685,0
P0788,U002,1,0.9981,1,1.433,0.533,0,0.9605,1,0.0375,0
P0788,U003,1,0.986,1,1.196,0.069,0,0.9522,1,0.0339,0
P0788,U004,0,0.5879,0,1.362,0.587,0,0.3595,1,0.2285,0
P0788,U005,0,0.8673,0,0.842,0.753,0,0.4722,1,0.3951,0
P0788,U006,0,0.4982,1,1.511,0.645,0,0.3104,1,0.1877,0
P0788,U007,1,0.9093,1,1.157,0.452,0,0.9141,1,0.0048,0
P0788,U008,1,0.9367,1,1.341,0.834,0,0.9277,1,0.009,0
P0788,U009,0,0.9217,0,0.919,0.94,0,0.5125,0,0.4092,0
P0788,U010,1,0.9899,1,1.29,0.376,0,0.9475,1,0.0424,0
P0789,U001,0,0.8837,0,1.335,0.745,1,0.3405,1,0.5432,0
P0789,U002,1,0.419,0,1.433,0.533,1,0.7124,1,0.2933,0
P0789,U003,1,0.8245,1,1.196,0.069,1,0.8694,1,0.0449,0
P0789,U004,0,0.1001,1,1.362,0.587,1,0.0892,1,0.0109,0
P0789,U005,0,0.1355,1,0.842,0.753,0,0.1149,1,0.0206,0
P0789,U006,0,0.0558,1,1.511,0.645,0,0.0709,1,0.0151,0
P0789,U007,1,0.6281,1,1.157,0.452,0,0.7858,1,0.1576,0
P0789,U008,1,0.5804,1,1.341,0.834,1,0.757,1,0.1766,0
P0789,U009,0,0.7421,0,0.919,0.94,1,0.4599,1,0.2822,0
P0789,U010,1,0.2809,0,1.29,0.376,1,0.696,1,0.4152,0
P0790,U001,0,0.6318,0,1.335,0.745,0,0.3259,1,0.3059,0
P0790,U002,1,0.9744,1,1.433,0.533,1,0.9492,1,0.0251,0
P0790,U003,1,0.9301,1,1.196,0.069,1,0.9242,1,0.0058,0
P0790,U004,0,0.5686,0,1.362,0.587,1,0.2728,1,0.2958,0
P0790,U005,0,0.0898,1,0.842,0.753,1,0.0854,1,0.0044,0
P0790,U006,0,0.3131,1,1.511,0.645,1,0.188,1,0.1251,0
P0790,U007,1,0.7138,1,1.157,0.452,1,0.8356,1,0.1218,0
P0790,U008,1,0.8256,1,1.341,0.834,1,0.8828,1,0.0572,0
P0790,U009,0,0.409,1,0.919,0.94,1,0.2335,1,0.1756,0
P0790,U010,1,0.4471,0,1.29,0.376,1,0.6713,1,0.2242,0
P0791,U001,0,0.5337,0,1.335,0.745,0,0.4248,1,0.1089,0
P0791,U002,1,0.2415,0,1.433,0.533,0,0.4942,0,0.2527,0
P0791,U003,1,0.1378,0,1.196,0.069,1,0.4877,0,0.3499,0
P0791,U004,0,0.3577,1,1.362,0.587,0,0.2712,1,0.0865,0
P0791,U005,0,0.1494,1,0.842,0.753,1,0.1305,1,0.0189,0
P0791,U006,0,0.1604,1,1.511,0.645,0,0.1365,1,0.024,0
P0791,U007,1,0.3801,0,1.157,0.452,0,0.5194,1,0.1394,0
P0791,U008,1,0.7522,1,1.341,0.834,0,0.8003,1,0.0481,0
P0791,U009,0,0.4745,1,0.919,0.94,0,0.4485,1,0.026,0
P0791,U010,1,0.1599,0,1.29,0.376,0,0.405,0,0.2451,0
P0792,U001,0,0.285,1,1.335,0.745,1,0.2038,1,0.0812,0
P0792,U002,1,0.9275,1,1.433,0.533,1,0.9249,1,0.0027,0
P0792,U003,1,0.8737,1,1.196,0.069,1,0.8967,1,0.0231,0
P0792,U004,0,0.3077,1,1.362,0.587,1,0.2552,1,0.0525,0
P0792,U005,0,0.1487,1,0.842,0.753,0,0.1328,1,0.016,0
P0792,U006,0,0.7772,0,1.511,0.645,0,0.5486,0,0.2287,0
P0792,U007,1,0.908,1,1.157,0.452,1,0.9129,1,0.005,0
P0792,U008,1,0.7212,1,1.341,0.834,1,0.7923,1,0.0711,0
P0792,U009,0,0.6687,0,0.919,0.94,0,0.5075,0,0.1612,0
P0792,U010,1,0.8777,1,1.29,0.376,1,0.8922,1,0.0144,0
P0793,U001,0,0.8082,0,1.335,0.745,0,0.5734,0,0.2348,0
P0793,U002,1,0.3638,0,1.433,0.533,0,0.4954,0,0.1316,0
P0793,U003,1,0.6754,1,1.196,0.069,0,0.7824,1,0.107,0
P0793,U004,0,0.6453,0,1.362,0.587,1,0.4627,1,0.1827,0
P0793,U005,0,0.7427,0,0.842,0.753,0,0.5227,0,0.22,0
P0793,U006,0,0.6424,0,1.511,0.645,1,0.4545,1,0.1879,1
P0793,U007,1,0.5637,1,1.157,0.452,0,0.657,1,0.0934,0
P0793,U008,1,0.4952,0,1.341,0.834,1,0.6565,1,0.1613,0
P0793,U009,0,0.9741,0,0.919,0.94,1,0.791,0,0.1831,0
P0793,U010,1,0.3034,0,1.29,0.376,1,0.4809,0,0.1775,0
P0794,U001,0,0.5822,0,1.335,0.745,0,0.5675,0,0.0148,0
P0794,U002,1,0.7719,1,1.433,0.533,0,0.7866,1,0.0146,0
P0794,U003,1,0.9765,1,1.196,0.069,1,0.9709,1,0.0056,0
P0794,U004,0,0.106,1,1.362,0.587,1,0.2025,1,-0.0965,1
P0794,U005,0,0.0507,1,0.842,0.753,0,0.0517,1,0.001,0
P0794,U006,0,0.5536,0,1.511,0.645,0,0.5318,0,0.0218,0
P0794,U007,1,0.8767,1,1.157,0.452,0,0.8808,1,0.0041,0
P0794,U008,1,0.8327,1,1.341,0.834,0,0.8491,1,0.0164,0
P0794,U009,0,0.5894,0,0.919,0.94,1,0.5089,0,0.0804,0
P0794,U010,1,0.8781,1,1.29,0.376,1,0.8835,1,0.0054,0
P0795,U001,0,0.5019,0,1.335,0.745,0,0.2717,1,0.2301,0
P0795,U002,1,0.8728,1,1.433,0.533,1,0.901,1,0.0283,0
P0795,U003,1,0.9958,1,1.196,0.069,1,0.9517,1,0.0441,0
P0795,U004,0,0.234,1,1.362,0.587,1,0.1598,1,0.0742,0
P0795,U005,0,0.0906,1,0.842,0.753,1,0.0873,1,0.0033,0
P0795,U006,0,0.6098,0,1.511,0.645,1,0.2661,1,0.3437,0
P0795,U007,1,0.7555,1,1.157,0.452,1,0.8466,1,0.0911,0
P0795,U008,1,0.7715,1,1.341,0.834,1,0.8547,1,0.0832,0
P0795,U009,0,0.3606,1,0.919,0.94,1,0.2123,1,0.1483,0
P0795,U010,1,0.7092,1,1.29,0.376,1,0.8483,1,0.1391,0
P0796,U001,0,0.1309,1,1.335,0.745,0,0.1179,1,0.013,0
P0796,U002,1,0.9121,1,1.433,0.533,0,0.9142,1,0.002,0
P0796,U003,1,0.9801,1,1.196,0.069,0,0.9587,1,0.0214,0
P0796,U004,0,0.0295,1,1.362,0.587,1,0.044,1,0.0145,0
P0796,U005,0,0.0039,1,0.842,0.753,1,0.026,1,0.0221,0
P0796,U006,0,0.086,1,1.511,0.645,0,0.0842,1,0.0019,0
P0796,U007,1,0.7162,1,1.157,0.452,0,0.7679,1,0.0517,0
P0796,U008,1,0.9513,1,1.341,0.834,0,0.9413,1,0.01,0
P0796,U009,0,0.0612,1,0.919,0.94,0,0.0657,1,0.0045,0
P0796,U010,1,0.9723,1,1.29,0.376,1,0.9549,1,0.0174,0
P0797,U001,0,0.775,0,1.335,0.745,1,0.7066,0,0.0684,0
P0797,U002,1,0.1218,0,1.433,0.533,1,0.2292,0,0.1074,0
P0797,U003,1,0.1428,0,1.196,0.069,0,0.1798,0,0.0371,1
P0797,U004,0,0.7638,0,1.362,0.587,1,0.6518,0,0.1119,0
P0797,U005,0,0.7404,0,0.842,0.753,1,0.6778,0,0.0627,0
P0797,U006,0,0.5103,0,1.511,0.645,0,0.4464,1,0.064,0
P0797,U007,1,0.1752,0,1.157,0.452,1,0.2757,0,0.1005,0
P0797,U008,1,0.5389,1,1.341,0.834,0,0.6056,1,0.0667,0
P0797,U009,0,0.8999,0,0.919,0.94,0,0.8583,0,0.0416,0
P0797,U010,1,0.0229,0,1.29,0.376,0,0.0862,0,0.0633,0
P0798,U001,0,0.4874,1,1.335,0.745,0,0.3791,1,0.1083,0
P0798,U002,1,0.3115,0,1.433,0.533,0,0.5657,1,0.2542,0
P0798,U003,1,0.8197,1,1.196,0.069,1,0.8547,1,0.035,0
P0798,U004,0,0.0655,1,1.362,0.587,1,0.0694,1,0.0039,0
P0798,U005,0,0.0055,1,0.842,0.753,0,0.0255,1,0.02,0
P0798,U006,0,0.0201,1,1.511,0.645,0,0.0387,1,0.0186,0
P0798,U007,1,0.5121,1,1.157,0.452,0,0.6672,1,0.1551,0
P0798,U008,1,0.5579,1,1.341,0.834,0,0.6723,1,0.1144,0
P0798,U009,0,0.041,1,0.919,0.94,0,0.0564,1,0.0154,0
P0798,U010,1,0.7414,1,1.29,0.376,0,0.8154,1,0.074,0
P0799,U001,0,0.5211,0,1.335,0.745,1,0.4135,1,0.1076,0
P0799,U002,1,0.9879,1,1.433,0.533,1,0.9741,1,0.0139,0
P0799,U003,1,0.936,1,1.196,0.069,1,0.9311,1,0.005,0
P0799,U004,0,0.3456,1,1.362,0.587,1,0.2898,1,0.0558,0
P0799,U005,0,0.4349,1,0.842,0.753,0,0.3597,1,0.0752,0
P0799,U006,0,0.6065,0,1.511,0.645,0,0.4833,1,0.1232,0
P0799,U007,1,0.9385,1,1.157,0.452,1,0.9333,1,0.0052,0
P0799,U008,1,0.9111,1,1.341,0.834,1,0.9133,1,0.0022,0
P0799,U009,0,0.9772,0,0.919,0.94,0,0.7786,0,0.1986,0
P0799,U010,1,0.9744,1,1.29,0.376,1,0.9706,1,0.0038,0
P0800,U001,0,0.9107,0,1.335,0.745,0,0.659,0,0.2517,0
P0800,U002,1,0.4175,0,1.433,0.533,0,0.5204,1,0.103,0
P0800,U003,1,0.6182,1,1.196,0.069,1,0.7202,1,0.102,0
P0800,U004,0,0.789,0,1.362,0.587,0,0.613,0,0.176,0
P0800,U005,0,0.6326,0,0.842,0.753,0,0.4852,1,0.1475,0
P0800,U006,0,0.9505,0,1.511,0.645,1,0.7905,0,0.16,0
P0800,U007,1,0.609,1,1.157,0.452,0,0.6449,1,0.0359,0
P0800,U008,1,0.3291,0,1.341,0.834,1,0.5672,1,0.2382,0
P0800,U009,0,0.7695,0,0.919,0.94,0,0.6281,0,0.1413,0
P0800,U010,1,0.1396,0,1.29,0.376,0,0.2564,0,0.1168,0
P0801,U001,0,0.3213,1,1.335,0.745,1,0.3058,1,0.0155,0
P0801,U002,1,0.4049,0,1.433,0.533,0,0.4658,0,0.0609,0
P0801,U003,1,0.6892,1,1.196,0.069,0,0.6661,1,-0.0231,0
P0801,U004,0,0.8296,0,1.362,0.587,1,0.8695,0,-0.0398,0
P0801,U005,0,0.8293,0,0.842,0.753,0,0.814,0,0.0153,0
P0801,U006,0,0.4278,1,1.511,0.645,0,0.4176,1,0.0102,0
P0801,U007,1,0.4262,0,1.157,0.452,0,0.4682,0,0.042,0
P0801,U008,1,0.218,0,1.341,0.834,0,0.3174,0,0.0994,0
P0801,U009,0,0.94,0,0.919,0.94,0,0.8587,0,0.0813,0
P0801,U010,1,0.5377,1,1.29,0.376,0,0.5649,1,0.0273,0
P0802,U001,0,0.3612,1,1.335,0.745,1,0.2788,1,0.0824,0
P0802,U002,1,0.0996,0,1.433,0.533,0,0.3629,0,0.2633,0
P0802,U003,1,0.094,0,1.196,0.069,1,0.5374,1,0.4433,0
P0802,U004,0,0.2592,1,1.362,0.587,0,0.1906,1,0.0686,0
P0802,U005,0,0.448,1,0.842,0.753,0,0.3802,1,0.0679,0
P0802,U006,0,0.4894,1,1.511,0.645,0,0.3411,1,0.1483,0
P0802,U007,1,0.6428,1,1.157,0.452,1,0.748,1,0.1051,0
P0802,U008,1,0.0909,0,1.341,0.834,0,0.2975,0,0.2066,0
P0802,U009,0,0.955,0,0.919,0.94,0,0.6988,0,0.2562,0
P0802,U010,1,0.0325,0,1.29,0.376,0,0.358,0,0.3255,0
P0803,U001,0,0.5412,0,1.335,0.745,0,0.481,1,0.0602,0
P0803,U002,1,0.9902,1,1.433,0.533,0,0.9861,1,0.0041,0
P0803,U003,1,0.9837,1,1.196,0.069,1,0.9718,1,0.0119,0
P0803,U004,0,0.1798,1,1.362,0.587,0,0.1562,1,0.0236,0
P0803,U005,0,0.2511,1,0.842,0.753,0,0.2274,1,0.0237,0
P0803,U006,0,0.3736,1,1.511,0.645,0,0.2944,1,0.0792,0
P0803,U007,1,0.9212,1,1.157,0.452,0,0.921,1,0.0002,0
P0803,U008,1,0.8701,1,1.341,0.834,0,0.8812,1,0.0111,0
P0803,U009,0,0.9534,0,0.919,0.94,0,0.8015,0,0.1519,0
P0803,U010,1,0.8219,1,1.29,0.376,1,0.8441,1,0.0222,0
P0804,U001,0,0.5346,0,1.335,0.745,0,0.4524,1,0.0821,0
P0804,U002,1,0.7355,1,1.433,0.533,0,0.7655,1,0.03,0
P0804,U003,1,0.9421,1,1.196,0.069,0,0.9376,1,0.0046,0
P0804,U004,0,0.7341,0,1.362,0.587,1,0.5583,0,0.1758,0
P0804,U005,0,0.0782,1,0.842,0.753,0,0.0785,1,0.0003,0
P0804,U006,0,0.8131,0,1.511,0.645,0,0.6142,0,0.1989,0
P0804,U007,1,0.2083,0,1.157,0.452,0,0.476,0,0.2677,0
P0804,U008,1,0.8601,1,1.341,0.834,0,0.8734,1,0.0133,0
P0804,U009,0,0.5492,0,0.919,0.94,1,0.4665,1,0.0827,0
P0804,U010,1,0.159,0,1.29,0.376,1,0.3779,0,0.2188,0
P0805,U001,0,0.656,0,1.335,0.745,0,0.5561,0,0.0999,0
P0805,U002,1,0.4359,0,1.433,0.533,1,0.5607,1,0.1248,0
P0805,U003,1,0.7556,1,1.196,0.069,1,0.7692,1,0.0137,0
P0805,U004,0,0.4896,1,1.362,0.587,1,0.4317,1,0.0579,0
P0805,U005,0,0.3584,1,0.842,0.753,1,0.35,1,0.0084,0
P0805,U006,0,0.3147,1,1.511,0.645,0,0.2783,1,0.0364,0
P0805,U007,1,0.4817,0,1.157,0.452,1,0.5499,1,0.0683,0
P0805,U008,1,0.5903,1,1.341,0.834,1,0.6455,1,0.0552,0
P0805,U009,0,0.7223,0,0.919,0.94,0,0.6322,0,0.0901,0
P0805,U010,1,0.1346,0,1.29,0.376,0,0.3422,0,0.2076,0
P0806,U001,0,0.4798,1,1.335,0.745,1,0.231,1,0.2489,0
P0806,U002,1,0.7299,1,1.433,0.533,0,0.8456,1,0.1157,0
P0806,U003,1,0.8757,1,1.196,0.069,0,0.8966,1,0.0209,0
P0806,U004,0,0.8697,0,1.362,0.587,0,0.4931,1,0.3766,0
P0806,U005,0,0.2412,1,0.842,0.753,0,0.1532,1,0.0879,0
P0806,U006,0,0.7062,0,1.511,0.645,1,0.3178,1,0.3883,0
P0806,U007,1,0.2238,0,1.157,0.452,0,0.5591,1,0.3353,0
P0806,U008,1,0.7398,1,1.341,0.834,0,0.8348,1,0.095,0
P0806,U009,0,0.7598,0,0.919,0.94,0,0.3975,1,0.3623,0
P0806,U010,1,0.2876,0,1.29,0.376,0,0.6113,1,0.3237,0
P0807,U001,0,0.4407,1,1.335,0.745,1,0.3034,1,0.1373,0
P0807,U002,1,0.7172,1,1.433,0.533,1,0.8014,1,0.0843,0
P0807,U003,1,0.742,1,1.196,0.069,1,0.8144,1,0.0724,0
P0807,U004,0,0.1049,1,1.362,0.587,1,0.0954,1,0.0095,0
P0807,U005,0,0.1138,1,0.842,0.753,0,0.1059,1,0.0079,0
P0807,U006,0,0.5806,0,1.511,0.645,0,0.3824,1,0.1982,0
P0807,U007,1,0.678,1,1.157,0.452,0,0.749,1,0.0711,0
P0807,U008,1,0.1719,0,1.341,0.834,1,0.4003,0,0.2284,0
P0807,U009,0,0.3982,1,0.919,0.94,0,0.3312,1,0.067,0
P0807,U010,1,0.6225,1,1.29,0.376,1,0.7207,1,0.0982,0
P0808,U001,0,0.8312,0,1.335,0.745,0,0.768,0,0.0632,0
P0808,U002,1,0.9212,1,1.433,0.533,0,0.9211,1,0.0,0
P0808,U003,1,0.712,1,1.196,0.069,0,0.7456,1,0.0336,0
P0808,U004,0,0.7882,0,1.362,0.587,0,0.8053,0,-0.0171,0
P0808,U005,0,0.6348,0,0.842,0.753,0,0.5838,0,0.0511,1
P0808,U006,0,0.8235,0,1.511,0.645,0,0.693,0,0.1304,0
P0808,U007,1,0.6012,1,1.157,0.452,0,0.6298,1,0.0286,0
P0808,U008,1,0.8256,1,1.341,0.834,1,0.8358,1,0.0102,0
P0808,U009,0,0.9775,0,0.919,0.94,0,0.8979,0,0.0796,0
P0808,U010,1,0.9162,1,1.29,0.376,1,0.9164,1,0.0003,0
P0809,U001,0,0.0626,1,1.335,0.745,0,0.066,1,0.0034,0
P0809,U002,1,0.9407,1,1.433,0.533,0,0.9376,1,0.0031,0
P0809,U003,1,0.9294,1,1.196,0.069,1,0.9282,1,0.0012,0
P0809,U004,0,0.1328,1,1.362,0.587,0,0.1222,1,0.0106,0
P0809,U005,0,0.0318,1,0.842,0.753,1,0.0445,1,0.0127,0
P0809,U006,0,0.4677,1,1.511,0.645,0,0.3115,1,0.1562,0
P0809,U007,1,0.3403,0,1.157,0.452,0,0.5464,1,0.2061,0
P0809,U008,1,0.5876,1,1.341,0.834,0,0.6366,1,0.049,0
P0809,U009,0,0.146,1,0.919,0.94,1,0.1243,1,0.0217,0
P0809,U010,1,0.763,1,1.29,0.376,1,0.7963,1,0.0332,0
P0810,U001,0,0.8563,0,1.335,0.745,0,0.6477,0,0.2085,0
P0810,U002,1,0.9137,1,1.433,0.533,0,0.9152,1,0.0015,0
P0810,U003,1,0.8718,1,1.196,0.069,0,0.8789,1,0.007,0
P0810,U004,0,0.7976,0,1.362,0.587,0,0.564,0,0.2336,0
P0810,U005,0,0.4996,1,0.842,0.753,0,0.401,1,0.0986,0
P0810,U006,0,0.7221,0,1.511,0.645,0,0.5751,0,0.147,0
P0810,U007,1,0.8919,1,1.157,0.452,0,0.8972,1,0.0053,0
P0810,U008,1,0.7143,1,1.341,0.834,0,0.7616,1,0.0473,0
P0810,U009,0,0.9508,0,0.919,0.94,0,0.828,0,0.1227,0
P0810,U010,1,0.8094,1,1.29,0.376,1,0.6901,1,-0.1193,1
P0811,U001,0,0.8936,0,1.335,0.745,0,0.777,0,0.1166,0
P0811,U002,1,0.94,1,1.433,0.533,0,0.9362,1,0.0038,0
P0811,U003,1,0.8186,1,1.196,0.069,0,0.8424,1,0.0238,0
P0811,U004,0,0.8542,0,1.362,0.587,1,0.6306,0,0.2235,0
P0811,U005,0,0.9002,0,0.842,0.753,0,0.7891,0,0.111,0
P0811,U006,0,0.9629,0,1.511,0.645,1,0.7137,0,0.2491,0
P0811,U007,1,0.5787,1,1.157,0.452,1,0.6673,1,0.0886,0
P0811,U008,1,0.4925,0,1.341,0.834,0,0.5715,1,0.079,0
P0811,U009,0,0.9093,0,0.919,0.94,0,0.7562,0,0.1531,0
P0811,U010,1,0.5528,1,1.29,0.376,0,0.6291,1,0.0763,0
P0812,U001,0,0.8891,0,1.335,0.745,0,0.8181,0,0.071,0
P0812,U002,1,0.2293,0,1.433,0.533,0,0.2685,0,0.0392,0
P0812,U003,1,0.3561,0,1.196,0.069,0,0.3174,0,-0.0387,0
P0812,U004,0,0.3517,1,1.362,0.587,0,0.3179,1,0.0339,0
P0812,U005,0,0.7297,0,0.842,0.753,0,0.6444,0,0.0853,0
P0812,U006,0,0.8838,0,1.511,0.645,0,0.9192,0,-0.0354,0
P0812,U007,1,0.2441,0,1.157,0.452,0,0.3171,0,0.073,0
P0812,U008,1,0.1617,0,1.341,0.834,0,0.2194,0,0.0577,0
P0812,U009,0,0.9701,0,0.919,0.94,0,0.9402,0,0.0299,0
P0812,U010,1,0.2268,0,1.29,0.376,0,0.2594,0,0.0326,0
P0813,U001,0,0.9206,0,1.335,0.745,1,0.5893,0,0.3313,0
P0813,U002,1,0.6053,1,1.433,0.533,0,0.7308,1,0.1255,0
P0813,U003,1,0.7085,1,1.196,0.069,0,0.7733,1,0.0647,0
P0813,U004,0,0.6511,0,1.362,0.587,0,0.5111,0,0.14,0
P0813,U005,0,0.8043,0,0.842,0.753,0,0.5809,0,0.2234,0
P0813,U006,0,0.6904,0,1.511,0.645,0,0.5529,0,0.1374,0
P0813,U007,1,0.6268,1,1.157,0.452,0,0.7545,1,0.1277,0
P0813,U008,1,0.8304,1,1.341,0.834,0,0.8581,1,0.0277,0
P0813,U009,0,0.9451,0,0.919,0.94,0,0.6514,0,0.2937,0
P0813,U010,1,0.6386,1,1.29,0.376,0,0.7689,1,0.1303,0
P0814,U001,0,0.0853,1,1.335,0.745,0,0.0834,1,0.0019,0
P0814,U002,1,0.7603,1,1.433,0.533,0,0.8392,1,0.0789,0
P0814,U003,1,0.9806,1,1.196,0.069,0,0.9489,1,0.0318,0
P0814,U004,0,0.7328,0,1.362,0.587,1,0.3782,1,0.3547,0
P0814,U005,0,0.1053,1,0.842,0.753,1,0.0947,1,0.0107,0
P0814,U006,0,0.5126,0,1.511,0.645,0,0.2903,1,0.2223,0
P0814,U007,1,0.5513,1,1.157,0.452,0,0.7154,1,0.1641,0
P0814,U008,1,0.9099,1,1.341,0.834,1,0.9147,1,0.0048,0
P0814,U009,0,0.2887,1,0.919,0.94,1,0.1814,1,0.1073,0
P0814,U010,1,0.9833,1,1.29,0.376,1,0.9509,1,0.0324,0
P0815,U001,0,0.9366,0,1.335,0.745,1,0.6048,0,0.3318,0
P0815,U002,1,0.2191,0,1.433,0.533,0,0.3865,0,0.1675,0
P0815,U003,1,0.2796,0,1.196,0.069,0,0.4362,0,0.1566,0
P0815,U004,0,0.8123,0,1.362,0.587,1,0.7769,0,0.0354,0
P0815,U005,0,0.9361,0,0.842,0.753,1,0.6963,0,0.2398,1
P0815,U006,0,0.8941,0,1.511,0.645,1,0.6269,0,0.2672,0
P0815,U007,1,0.297,0,1.157,0.452,1,0.5259,1,0.2289,0
P0815,U008,1,0.337,0,1.341,0.834,0,0.4927,0,0.1557,0
P0815,U009,0,0.9804,0,0.919,0.94,0,0.7867,0,0.1937,0
P0815,U010,1,0.2474,0,1.29,0.376,1,0.3821,0,0.1347,0
P0816,U001,0,0.1457,1,1.335,0.745,0,0.1123,1,0.0334,0
P0816,U002,1,0.9728,1,1.433,0.533,0,0.9578,1,0.0151,0
P0816,U003,1,0.9891,1,1.196,0.069,0,0.9546,1,0.0345,0
P0816,U004,0,0.1274,1,1.362,0.587,0,0.1092,1,0.0182,0
P0816,U005,0,0.0121,1,0.842,0.753,1,0.036,1,0.0239,0
P0816,U006,0,0.2663,1,1.511,0.645,1,0.1972,1,0.0691,0
P0816,U007,1,0.9479,1,1.157,0.452,0,0.9405,1,0.0074,0
P0816,U008,1,0.8942,1,1.341,0.834,1,0.9085,1,0.0142,0
P0816,U009,0,0.1641,1,0.919,0.94,0,0.1306,1,0.0336,0
P0816,U010,1,0.5824,1,1.29,0.376,1,0.7333,1,0.1509,0
P0817,U001,0,0.3523,1,1.335,0.745,1,0.3138,1,0.0385,0
P0817,U002,1,0.5835,1,1.433,0.533,0,0.6266,1,0.0431,0
P0817,U003,1,0.928,1,1.196,0.069,1,0.927,1,0.001,0
P0817,U004,0,0.4834,1,1.362,0.587,1,0.3573,1,0.1261,0
P0817,U005,0,0.4488,1,0.842,0.753,1,0.3098,1,0.139,1
P0817,U006,0,0.3367,1,1.511,0.645,0,0.2971,1,0.0396,0
P0817,U007,1,0.4757,0,1.157,0.452,0,0.386,0,-0.0898,1
P0817,U008,1,0.7967,1,1.341,0.834,0,0.8319,1,0.0352,0
P0817,U009,0,0.749,0,0.919,0.94,0,0.6995,0,0.0495,0
P0817,U010,1,0.5114,1,1.29,0.376,0,0.56,1,0.0486,0
P0818,U001,0,0.6189,0,1.335,0.745,1,0.395,1,0.2239,1
P0818,U002,1,0.9243,1,1.433,0.533,1,0.922,1,0.0022,0
P0818,U003,1,0.9654,1,1.196,0.069,0,0.99,1,-0.0246,1
P0818,U004,0,0.4859,1,1.362,0.587,1,0.5779,0,-0.092,1
P0818,U005,0,0.0427,1,0.842,0.753,0,0.0574,1,0.0147,0
P0818,U006,0,0.5352,0,1.511,0.645,1,0.3654,1,0.1698,0
P0818,U007,1,0.6119,1,1.157,0.452,1,0.7542,1,0.1423,0
P0818,U008,1,0.5122,1,1.341,0.834,1,0.737,1,0.2249,0
P0818,U009,0,0.7154,0,0.919,0.94,0,0.3636,1,0.3518,1
P0818,U010,1,0.893,1,1.29,0.376,0,0.8668,1,-0.0262,1
P0819,U001,0,0.0779,1,1.335,0.745,1,0.0788,1,0.0009,0
P0819,U002,1,0.51,1,1.433,0.533,1,0.7133,1,0.2033,0
P0819,U003,1,0.6256,1,1.196,0.069,1,0.7369,1,0.1113,0
P0819,U004,0,0.0843,1,1.362,0.587,0,0.0831,1,0.0013,0
P0819,U005,0,0.022,1,0.842,0.753,0,0.0479,1,0.0259,0
P0819,U006,0,0.0601,1,1.511,0.645,1,0.0676,1,0.0075,0
P0819,U007,1,0.2661,0,1.157,0.452,0,0.5678,1,0.3017,0
P0819,U008,1,0.2233,0,1.341,0.834,1,0.4831,0,0.2598,0
P0819,U009,0,0.0842,1,0.919,0.94,0,0.0829,1,0.0013,0
P0819,U010,1,0.1797,0,1.29,0.376,1,0.5498,1,0.3701,0
P0820,U001,0,0.6224,0,1.335,0.745,1,0.4326,1,0.1899,0
P0820,U002,1,0.0722,0,1.433,0.533,0,0.3551,0,0.2829,0
P0820,U003,1,0.3514,0,1.196,0.069,1,0.6123,1,0.2609,0
P0820,U004,0,0.8286,0,1.362,0.587,1,0.6164,0,0.2122,0
P0820,U005,0,0.3883,1,0.842,0.753,1,0.2921,1,0.0962,0
P0820,U006,0,0.4801,1,1.511,0.645,0,0.3412,1,0.1389,0
P0820,U007,1,0.0545,0,1.157,0.452,1,0.3395,0,0.285,0
P0820,U008,1,0.2279,0,1.341,0.834,0,0.4753,0,0.2474,0
P0820,U009,0,0.6029,0,0.919,0.94,0,0.5013,0,0.1016,0
P0820,U010,1,0.0972,0,1.29,0.376,1,0.456,0,0.3588,0
P0821,U001,0,0.5832,0,1.335,0.745,1,0.4788,1,0.1044,0
P0821,U002,1,0.0395,0,1.433,0.533,0,0.3153,0,0.2758,0
P0821,U003,1,0.4957,0,1.196,0.069,0,0.5765,1,0.0807,0
P0821,U004,0,0.9334,0,1.362,0.587,1,0.8548,0,0.0787,0
P0821,U005,0,0.2954,1,0.842,0.753,0,0.2738,1,0.0217,0
P0821,U006,0,0.9069,0,1.511,0.645,0,0.778,0,0.1289,0
P0821,U007,1,0.1433,0,1.157,0.452,1,0.2987,0,0.1554,0
P0821,U008,1,0.3067,0,1.341,0.834,0,0.415,0,0.1083,0
P0821,U009,0,0.9684,0,0.919,0.94,1,0.7887,0,0.1796,0
P0821,U010,1,0.0089,0,1.29,0.376,1,0.3195,0,0.3106,0
P0822,U001,0,0.0869,1,1.335,0.745,1,0.0848,1,0.0021,0
P0822,U002,1,0.9001,1,1.433,0.533,1,0.9032,1,0.0032,0
P0822,U003,1,0.9356,1,1.196,0.069,0,0.931,1,0.0046,0
P0822,U004,0,0.1455,1,1.362,0.587,0,0.1337,1,0.0118,0
P0822,U005,0,0.0204,1,0.842,0.753,1,0.0299,1,0.0095,0
P0822,U006,0,0.2156,1,1.511,0.645,0,0.1913,1,0.0244,0
P0822,U007,1,0.8497,1,1.157,0.452,0,0.8652,1,0.0155,0
P0822,U008,1,0.8866,1,1.341,0.834,0,0.8935,1,0.0069,0
P0822,U009,0,0.0496,1,0.919,0.94,0,0.0539,1,0.0043,0
P0822,U010,1,0.5443,1,1.29,0.376,1,0.6688,1,0.1245,0
P0823,U001,0,0.138,1,1.335,0.745,0,0.1197,1,0.0183,0
P0823,U002,1,0.9806,1,1.433,0.533,0,0.9685,1,0.0121,0
P0823,U003,1,0.8272,1,1.196,0.069,1,0.8578,1,0.0305,0
P0823,U004,0,0.3311,1,1.362,0.587,1,0.2571,1,0.074,0
P0823,U005,0,0.2033,1,0.842,0.753,0,0.1801,1,0.0232,0
P0823,U006,0,0.6471,0,1.511,0.645,0,0.4687,1,0.1784,0
P0823,U007,1,0.6479,1,1.157,0.452,0,0.744,1,0.096,0
P0823,U008,1,0.6953,1,1.341,0.834,0,0.7495,1,0.0542,0
P0823,U009,0,0.5337,0,0.919,0.94,0,0.4934,1,0.0403,0
P0823,U010,1,0.9393,1,1.29,0.376,0,0.9337,1,0.0055,0
P0824,U001,0,0.577,0,1.335,0.745,0,0.8883,0,-0.3113,1
P0824,U002,1,0.6838,1,1.433,0.533,1,0.873,1,0.1892,1
P0824,U003,1,0.5471,1,1.196,0.069,1,0.7722,1,0.2251,1
P0824,U004,0,0.8293,0,1.362,0.587,1,0.542,0,0.2873,0
P0824,U005,0,0.8684,0,0.842,0.753,1,0.99,0,-0.1216,1
P0824,U006,0,0.5213,0,1.511,0.645,0,0.3514,1,0.1699,0
P0824,U007,1,0.7538,1,1.157,0.452,1,0.6202,1,-0.1336,1
P0824,U008,1,0.7833,1,1.341,0.834,0,0.99,1,0.0667,1
P0824,U009,0,0.9623,0,0.919,0.94,1,0.6424,0,0.3198,0
P0824,U010,1,0.7237,1,1.29,0.376,0,0.7761,1,0.0524,0
P0825,U001,0,0.1079,1,1.335,0.745,1,0.094,1,0.0138,0
P0825,U002,1,0.5779,1,1.433,0.533,1,0.7265,1,0.1485,0
P0825,U003,1,0.7223,1,1.196,0.069,0,0.8185,1,0.0962,0
P0825,U004,0,0.5625,0,1.362,0.587,1,0.2335,1,0.329,0
P0825,U005,0,0.1295,1,0.842,0.753,1,0.1122,1,0.0173,0
P0825,U006,0,0.2695,1,1.511,0.645,0,0.175,1,0.0945,0
P0825,U007,1,0.78,1,1.157,0.452,1,0.8429,1,0.063,0
P0825,U008,1,0.8058,1,1.341,0.834,1,0.8557,1,0.05,0
P0825,U009,0,0.3349,1,0.919,0.94,0,0.2055,1,0.1294,0
P0825,U010,1,0.6919,1,1.29,0.376,1,0.8049,1,0.113,0
P0826,U001,0,0.5759,0,1.335,0.745,0,0.4211,1,0.1548,0
P0826,U002,1,0.4745,0,1.433,0.533,1,0.7149,1,0.2404,0
P0826,U003,1,0.6424,1,1.196,0.069,0,0.7508,1,0.1084,0
P0826,U004,0,0.8499,0,1.362,0.587,1,0.5276,0,0.3223,0
P0826,U005,0,0.5814,0,0.842,0.753,0,0.4472,1,0.1342,0
P0826,U006,0,0.9382,0,1.511,0.645,0,0.6623,0,0.2759,0
P0826,U007,1,0.1948,0,1.157,0.452,1,0.4878,0,0.293,0
P0826,U008,1,0.0336,0,1.341,0.834,1,0.255,0,0.2214,0
P0826,U009,0,0.8247,0,0.919,0.94,0,0.5736,0,0.2511,0
P0826,U010,1,0.0338,0,1.29,0.376,0,0.313,0,0.2793,0
P0827,U001,0,0.3357,1,1.335,0.745,0,0.2089,1,0.1269,0
P0827,U002,1,0.2734,0,1.433,0.533,1,0.6032,1,0.3298,0
P0827,U003,1,0.3825,0,1.196,0.069,0,0.5714,1,0.1889,0
P0827,U004,0,0.6377,0,1.362,0.587,1,0.4141,1,0.2236,0
P0827,U005,0,0.0354,1,0.842,0.753,1,0.0464,1,0.011,0
P0827,U006,0,0.3416,1,1.511,0.645,1,0.2207,1,0.1209,0
P0827,U007,1,0.3841,0,1.157,0.452,1,0.7161,1,0.332,0
P0827,U008,1,0.0928,0,1.341,0.834,1,0.5498,1,0.457,0
P0827,U009,0,0.605,0,0.919,0.94,1,0.4199,1,0.1851,0
P0827,U010,1,0.1364,0,1.29,0.376,0,0.5512,1,0.4148,0
P0828,U001,0,0.0179,1,1.335,0.745,0,0.0403,1,0.0224,0
P0828,U002,1,0.8974,1,1.433,0.533,0,0.9016,1,0.0042,0
P0828,U003,1,0.6265,1,1.196,0.069,1,0.7303,1,0.1038,0
P0828,U004,0,0.0747,1,1.362,0.587,1,0.0765,1,0.0018,0
P0828,U005,0,0.011,1,0.842,0.753,1,0.0372,1,0.0263,0
P0828,U006,0,0.1612,1,1.511,0.645,1,0.1376,1,0.0236,0
P0828,U007,1,0.4003,0,1.157,0.452,0,0.5364,1,0.1361,0
P0828,U008,1,0.2732,0,1.341,0.834,1,0.4813,0,0.2082,0
P0828,U009,0,0.1462,1,0.919,0.94,0,0.1318,1,0.0143,0
P0828,U010,1,0.1402,0,1.29,0.376,1,0.4011,0,0.2609,0
P0829,U001,0,0.4812,1,1.335,0.745,0,0.2925,1,0.1887,0
P0829,U002,1,0.8704,1,1.433,0.533,0,0.886,1,0.0157,0
P0829,U003,1,0.9015,1,1.196,0.069,0,0.9085,1,0.007,0
P0829,U004,0,0.6226,0,1.362,0.587,0,0.419,1,0.2036,0
P0829,U005,0,0.2459,1,0.842,0.753,1,0.2039,1,0.042,0
P0829,U006,0,0.757,0,1.511,0.645,0,0.5336,0,0.2234,0
P0829,U007,1,0.8458,1,1.157,0.452,0,0.8765,1,0.0307,0
P0829,U008,1,0.6567,1,1.341,0.834,0,0.7369,1,0.0802,0
P0829,U009,0,0.783,0,0.919,0.94,1,0.5866,0,0.1963,0
P0829,U010,1,0.7524,1,1.29,0.376,0,0.8131,1,0.0607,0
P0830,U001,0,0.3918,1,1.335,0.745,1,0.2889,1,0.1028,0
P0830,U002,1,0.3883,0,1.433,0.533,0,0.6038,1,0.2155,0
P0830,U003,1,0.9406,1,1.196,0.069,0,0.9346,1,0.006,0
P0830,U004,0,0.7622,0,1.362,0.587,0,0.6484,0,0.1138,1
P0830,U005,0,0.6045,0,0.842,0.753,0,0.5081,0,0.0964,0
P0830,U006,0,0.6144,0,1.511,0.645,0,0.4809,1,0.1335,0
P0830,U007,1,0.6169,1,1.157,0.452,0,0.6804,1,0.0635,0
P0830,U008,1,0.6596,1,1.341,0.834,0,0.7516,1,0.092,0
P0830,U009,0,0.863,0,0.919,0.94,0,0.6905,0,0.1725,0
P0830,U010,1,0.8,1,1.29,0.376,1,0.8393,1,0.0393,0
P0831,U001,0,0.3188,1,1.335,0.745,0,0.2557,1,0.0631,0
P0831,U002,1,0.7436,1,1.433,0.533,1,0.8176,1,0.074,0
P0831,U003,1,0.7737,1,1.196,0.069,0,0.812,1,0.0383,0
P0831,U004,0,0.2106,1,1.362,0.587,0,0.1505,1,0.0601,0
P0831,U005,0,0.073,1,0.842,0.753,0,0.0747,1,0.0016,0
P0831,U006,0,0.2882,1,1.511,0.645,0,0.3904,1,-0.1022,1
P0831,U007,1,0.5048,1,1.157,0.452,0,0.3437,0,-0.161,1
P0831,U008,1,0.8035,1,1.341,0.834,0,0.8402,1,0.0367,0
P0831,U009,0,0.4306,1,0.919,0.94,0,0.2927,1,0.1379,0
P0831,U010,1,0.3495,0,1.29,0.376,0,0.6172,1,0.2676,0
P0832,U001,0,0.0782,1,1.335,0.745,0,0.0787,1,0.0004,0
P0832,U002,1,0.1204,0,1.433,0.533,0,0.3987,0,0.2782,0
P0832,U003,1,0.7937,1,1.196,0.069,1,0.9527,1,0.0936,1
P0832,U004,0,0.2498,1,1.362,0.587,1,0.203,1,0.0468,0
P0832,U005,0,0.0205,1,0.842,0.753,0,0.0384,1,0.0179,0
P0832,U006,0,0.1354,1,1.511,0.645,1,0.1019,1,0.0335,0
P0832,U007,1,0.2377,0,1.157,0.452,0,0.4021,0,0.1644,0
P0832,U008,1,0.305,0,1.341,0.834,1,0.5058,1,0.2008,0
P0832,U009,0,0.2365,1,0.919,0.94,1,0.185,1,0.0515,0
P0832,U010,1,0.2922,0,1.29,0.376,1,0.5179,1,0.2257,0
P0833,U001,0,0.2836,1,1.335,0.745,0,0.2258,1,0.0578,0
P0833,U002,1,0.8434,1,1.433,0.533,0,0.8669,1,0.0235,0
P0833,U003,1,0.8542,1,1.196,0.069,0,0.8702,1,0.016,0
P0833,U004,0,0.5951,0,1.362,0.587,0,0.5257,0,0.0694,0
P0833,U005,0,0.1513,1,0.842,0.753,0,0.1416,1,0.0096,0
P0833,U006,0,0.78,0,1.511,0.645,0,0.5181,0,0.2619,0
P0833,U007,1,0.3925,0,1.157,0.452,0,0.5421,1,0.1496,0
P0833,U008,1,0.4161,0,1.341,0.834,0,0.5444,1,0.1283,0
P0833,U009,0,0.187,1,0.919,0.94,0,0.1683,1,0.0186,0
P0833,U010,1,0.3793,0,1.29,0.376,0,0.5099,1,0.1305,0
P0834,U001,0,0.9413,0,1.335,0.745,1,0.6598,0,0.2815,0
P0834,U002,1,0.3564,0,1.433,0.533,0,0.5088,1,0.1524,0
P0834,U003,1,0.7314,1,1.196,0.069,1,0.7903,1,0.059,0
P0834,U004,0,0.8827,0,1.362,0.587,0,0.7105,0,0.1721,0
P0834,U005,0,0.8992,0,0.842,0.753,0,0.7486,0,0.1506,0
P0834,U006,0,0.9796,0,1.511,0.645,0,0.7406,0,0.2391,0
P0834,U007,1,0.1948,0,1.157,0.452,1,0.3402,0,0.1454,0
P0834,U008,1,0.4025,0,1.341,0.834,1,0.5145,1,0.112,0
P0834,U009,0,0.9872,0,0.919,0.94,0,0.7569,0,0.2302,0
P0834,U010,1,0.2062,0,1.29,0.376,1,0.3812,0,0.175,0
P0835,U001,0,0.1378,1,1.335,0.745,0,0.1187,1,0.0191,0
P0835,U002,1,0.9967,1,1.433,0.533,1,0.9697,1,0.027,0
P0835,U003,1,0.9723,1,1.196,0.069,1,0.9497,1,0.0227,0
P0835,U004,0,0.0916,1,1.362,0.587,0,0.0874,1,0.0041,0
P0835,U005,0,0.0052,1,0.842,0.753,1,0.0324,1,0.0271,0
P0835,U006,0,0.2141,1,1.511,0.645,1,0.1446,1,0.0695,0
P0835,U007,1,0.6226,1,1.157,0.452,1,0.7835,1,0.1609,0
P0835,U008,1,0.8788,1,1.341,0.834,1,0.8866,1,0.0079,0
P0835,U009,0,0.1411,1,0.919,0.94,1,0.1217,1,0.0194,0
P0835,U010,1,0.9671,1,1.29,0.376,1,0.9479,1,0.0192,0
P0836,U001,0,0.3086,1,1.335,0.745,0,0.2424,1,0.0662,0
P0836,U002,1,0.8257,1,1.433,0.533,0,0.6127,1,-0.213,1
P0836,U003,1,0.8755,1,1.196,0.069,1,0.8888,1,0.0134,0
P0836,U004,0,0.3097,1,1.362,0.587,1,0.2278,1,0.0819,0
P0836,U005,0,0.3155,1,0.842,0.753,1,0.2673,1,0.0482,0
P0836,U006,0,0.8107,0,1.511,0.645,0,0.625,0,0.1856,0
P0836,U007,1,0.8421,1,1.157,0.452,1,0.853,1,0.0109,0
P0836,U008,1,0.8583,1,1.341,0.834,0,0.876,1,0.0177,0
P0836,U009,0,0.8218,0,0.919,0.94,0,0.6376,0,0.1842,0
P0836,U010,1,0.8579,1,1.29,0.376,1,0.8796,1,0.0217,0
P0837,U001,0,0.4722,1,1.335,0.745,0,0.3876,1,0.0846,0
P0837,U002,1,0.6585,1,1.433,0.533,0,0.7614,1,0.103,0
P0837,U003,1,0.5137,1,1.196,0.069,0,0.5955,1,0.0818,0
P0837,U004,0,0.5925,0,1.362,0.587,0,0.1559,1,0.4365,1
P0837,U005,0,0.4931,1,0.842,0.753,1,0.4117,1,0.0813,0
P0837,U006,0,0.6329,0,1.511,0.645,1,0.4096,1,0.2232,0
P0837,U007,1,0.6697,1,1.157,0.452,1,0.7169,1,0.0472,0
P0837,U008,1,0.5935,1,1.341,0.834,0,0.6575,1,0.064,0
P0837,U009,0,0.8468,0,0.919,0.94,0,0.6274,0,0.2194,0
P0837,U010,1,0.5015,1,1.29,0.376,1,0.585,1,0.0835,0
P0838,U001,0,0.2221,1,1.335,0.745,1,0.1762,1,0.0459,0
P0838,U002,1,0.7467,1,1.433,0.533,1,0.7904,1,0.0438,0
P0838,U003,1,0.8847,1,1.196,0.069,0,0.8963,1,0.0117,0
P0838,U004,0,0.2922,1,1.362,0.587,1,0.2263,1,0.066,0
P0838,U005,0,0.2095,1,0.842,0.753,0,0.1747,1,0.0347,0
P0838,U006,0,0.232,1,1.511,0.645,0,0.1811,1,0.0509,0
P0838,U007,1,0.5831,1,1.157,0.452,0,0.7385,1,0.1553,0
P0838,U008,1,0.8637,1,1.341,0.834,0,0.8761,1,0.0124,0
P0838,U009,0,0.509,0,0.919,0.94,0,0.4164,1,0.0926,0
P0838,U010,1,0.763,1,1.29,0.376,1,0.8234,1,0.0604,0
P0839,U001,0,0.8565,0,1.335,0.745,0,0.674,0,0.1825,0
P0839,U002,1,0.505,1,1.433,0.533,0,0.6131,1,0.108,0
P0839,U003,1,0.8829,1,1.196,0.069,1,0.9019,1,0.019,0
P0839,U004,0,0.6285,0,1.362,0.587,1,0.3402,1,0.2883,0
P0839,U005,0,0.9035,0,0.842,0.753,1,0.6628,0,0.2407,0
P0839,U006,0,0.8701,0,1.511,0.645,1,0.6318,0,0.2382,0
P0839,U007,1,0.214,0,1.157,0.452,1,0.3794,0,0.1655,0
P0839,U008,1,0.1791,0,1.341,0.834,1,0.4129,0,0.2338,0
P0839,U009,0,0.9392,0,0.919,0.94,0,0.5382,0,0.401,0
P0839,U010,1,0.2728,0,1.29,0.376,1,0.5363,1,0.2635,0
P0840,U001,0,0.1,1,1.335,0.745,0,0.0916,1,0.0084,0
P0840,U002,1,0.8276,1,1.433,0.533,0,0.8611,1,0.0335,0
P0840,U003,1,0.9506,1,1.196,0.069,1,0.9371,1,0.0135,0
P0840,U004,0,0.1145,1,1.362,0.587,0,0.1065,1,0.008,0
P0840,U005,0,0.0208,1,0.842,0.753,0,0.0387,1,0.0179,0
P0840,U006,0,0.4413,1,1.511,0.645,0,0.3334,1,0.1079,0
P0840,U007,1,0.7829,1,1.157,0.452,1,0.8288,1,0.0459,0
P0840,U008,1,0.6872,1,1.341,0.834,1,0.7853,1,0.0981,0
P0840,U009,0,0.6108,0,0.919,0.94,0,0.4716,1,0.1392,0
P0840,U010,1,0.5662,1,1.29,0.376,0,0.6446,1,0.0784,0
P0841,U001,0,0.3059,1,1.335,0.745,1,0.01,1,0.1559,1
P0841,U002,1,0.8245,1,1.433,0.533,0,0.8349,1,0.0104,0
P0841,U003,1,0.7781,1,1.196,0.069,0,0.8106,1,0.0325,0
P0841,U004,0,0.3768,1,1.362,0.587,1,0.2671,1,0.1097,0
P0841,U005,0,0.1484,1,0.842,0.753,0,0.1336,1,0.0148,0
P0841,U006,0,0.3738,1,1.511,0.645,1,0.2991,1,0.0747,0
P0841,U007,1,0.6408,1,1.157,0.452,0,0.6879,1,0.0471,0
P0841,U008,1,0.7707,1,1.341,0.834,0,0.8113,1,0.0406,0
P0841,U009,0,0.6713,0,0.919,0.94,0,0.5075,0,0.1638,0
P0841,U010,1,0.8804,1,1.29,0.376,0,0.894,1,0.0136,0
P0842,U001,0,0.4744,1,1.335,0.745,0,0.3629,1,0.1115,0
P0842,U002,1,0.8819,1,1.433,0.533,0,0.8961,1,0.0142,0
P0842,U003,1,0.9302,1,1.196,0.069,0,0.9276,1,0.0027,0
P0842,U004,0,0.3464,1,1.362,0.587,0,0.2592,1,0.0871,0
P0842,U005,0,0.507,0,0.842,0.753,0,0.3363,1,0.1707,0
P0842,U006,0,0.6981,0,1.511,0.645,1,0.4781,1,0.22,0
P0842,U007,1,0.251,0,1.157,0.452,1,0.5517,1,0.3006,0
P0842,U008,1,0.7213,1,1.341,0.834,0,0.7958,1,0.0745,0
P0842,U009,0,0.7493,0,0.919,0.94,0,0.5946,0,0.1547,0
P0842,U010,1,0.8154,1,1.29,0.376,1,0.86,1,0.0446,0
P0843,U001,0,0.9301,0,1.335,0.745,0,0.7323,0,0.1978,0
P0843,U002,1,0.925,1,1.433,0.533,1,0.9239,1,0.0011,0
P0843,U003,1,0.9066,1,1.196,0.069,1,0.9075,1,0.0009,0
P0843,U004,0,0.5999,0,1.362,0.587,0,0.5303,0,0.0696,0
P0843,U005,0,0.7938,0,0.842,0.753,0,0.7158,0,0.078,0
P0843,U006,0,0.6767,0,1.511,0.645,1,0.5741,0,0.1026,0
P0843,U007,1,0.7561,1,1.157,0.452,0,0.7603,1,0.0042,0
P0843,U008,1,0.9074,1,1.341,0.834,0,0.9101,1,0.0027,0
P0843,U009,0,0.8267,0,0.919,0.94,0,0.705,0,0.1217,0
P0843,U010,1,0.7762,1,1.29,0.376,0,0.7899,1,0.0136,0
P0844,U001,0,0.059,1,1.335,0.745,0,0.063,1,0.004,0
P0844,U002,1,0.5874,1,1.433,0.533,0,0.6357,1,0.0483,0
P0844,U003,1,0.9551,1,1.196,0.069,0,0.9476,1,0.0075,0
P0844,U004,0,0.2785,1,1.362,0.587,0,0.2484,1,0.0301,0
P0844,U005,0,0.0017,1,0.842,0.753,0,0.01,1,0.0083,0
P0844,U006,0,0.0072,1,1.511,0.645,0,0.0248,1,0.0175,0
P0844,U007,1,0.6067,1,1.157,0.452,0,0.6655,1,0.0588,0
P0844,U008,1,0.318,0,1.341,0.834,0,0.3925,0,0.0745,0
P0844,U009,0,0.0228,1,0.919,0.94,0,0.0387,1,0.0159,0
P0844,U010,1,0.2506,0,1.29,0.376,0,0.4436,0,0.193,0
P0845,U001,0,0.0699,1,1.335,0.745,0,0.0726,1,0.0027,0
P0845,U002,1,0.925,1,1.433,0.533,0,0.9235,1,0.0015,0
P0845,U003,1,0.7257,1,1.196,0.069,1,0.7743,1,0.0487,0
P0845,U004,0,0.2163,1,1.362,0.587,0,0.1792,1,0.0371,0
P0845,U005,0,0.04,1,0.842,0.753,0,0.0446,1,0.0046,0
P0845,U006,0,0.2614,1,1.511,0.645,1,0.2007,1,0.0607,0
P0845,U007,1,0.7114,1,1.157,0.452,0,0.7469,1,0.0355,0
P0845,U008,1,0.8797,1,1.341,0.834,1,0.892,1,0.0122,0
P0845,U009,0,0.1158,1,0.919,0.94,0,0.1026,1,0.0131,0
P0845,U010,1,0.7292,1,1.29,0.376,1,0.7645,1,0.0352,0
P0846,U001,0,0.3564,1,1.335,0.745,0,0.2889,1,0.0674,0
P0846,U002,1,0.4243,0,1.433,0.533,1,0.549,1,0.1247,0
P0846,U003,1,0.467,0,1.196,0.069,0,0.5813,1,0.1143,0
P0846,U004,0,0.8373,0,1.362,0.587,1,0.5631,0,0.2742,0
P0846,U005,0,0.3536,1,0.842,0.753,0,0.3159,1,0.0377,0
P0846,U006,0,0.7867,0,1.511,0.645,0,0.5983,0,0.1883,0
P0846,U007,1,0.7299,1,1.157,0.452,0,0.8161,1,0.0862,0
P0846,U008,1,0.6955,1,1.341,0.834,1,0.99,1,0.1545,1
P0846,U009,0,0.8966,0,0.919,0.94,0,0.64,0,0.2566,0
P0846,U010,1,0.4454,0,1.29,0.376,0,0.5201,1,0.0746,1
P0847,U001,0,0.6016,0,1.335,0.745,1,0.2769,1,0.3247,0
P0847,U002,1,0.9867,1,1.433,0.533,1,0.9581,1,0.0285,0
P0847,U003,1,0.932,1,1.196,0.069,1,0.9261,1,0.0059,0
P0847,U004,0,0.1936,1,1.362,0.587,0,0.134,1,0.0597,0
P0847,U005,0,0.0863,1,0.842,0.753,1,0.0833,1,0.003,0
P0847,U006,0,0.3161,1,1.511,0.645,1,0.194,1,0.1221,0
P0847,U007,1,0.885,1,1.157,0.452,1,0.9008,1,0.0158,0
P0847,U008,1,0.7469,1,1.341,0.834,0,0.8033,1,0.0564,0
P0847,U009,0,0.2251,1,0.919,0.94,1,0.1531,1,0.0719,0
P0847,U010,1,0.7603,1,1.29,0.376,1,0.8257,1,0.0654,0
P0848,U001,0,0.087,1,1.335,0.745,1,0.0828,1,0.0042,0
P0848,U002,1,0.9915,1,1.433,0.533,1,0.9225,1,0.0691,1
P0848,U003,1,0.8104,1,1.196,0.069,0,0.8622,1,0.0518,0
P0848,U004,0,0.2776,1,1.362,0.587,1,0.1729,1,0.1047,0
P0848,U005,0,0.029,1,0.842,0.753,1,0.0458,1,0.0169,0
P0848,U006,0,0.404,1,1.511,0.645,0,0.2555,1,0.1485,0
P0848,U007,1,0.856,1,1.157,0.452,0,0.8839,1,0.028,0
P0848,U008,1,0.9451,1,1.341,0.834,1,0.8338,1,-0.0611,1
P0848,U009,0,0.3913,1,0.919,0.94,1,0.2683,1,0.123,0
P0848,U010,1,0.9822,1,1.29,0.376,1,0.9424,1,0.0398,0
P0849,U001,0,0.8191,0,1.335,0.745,0,0.7559,0,0.0631,0
P0849,U002,1,0.118,0,1.433,0.533,0,0.1528,0,0.0347,0
P0849,U003,1,0.0882,0,1.196,0.069,0,0.2552,0,0.167,0
P0849,U004,0,0.7689,0,1.362,0.587,0,0.7333,0,0.0355,0
P0849,U005,0,0.3379,1,0.842,0.753,0,0.2866,1,0.0513,0
P0849,U006,0,0.9179,0,1.511,0.645,0,0.7723,0,0.1457,0
P0849,U007,1,0.4058,0,1.157,0.452,0,0.4211,0,0.0153,0
P0849,U008,1,0.6177,1,1.341,0.834,1,0.6467,1,0.029,0
P0849,U009,0,0.9889,0,0.919,0.94,0,0.9156,0,0.0732,0
P0849,U010,1,0.0938,0,1.29,0.376,0,0.353,0,0.2591,0
P0850,U001,0,0.4827,1,1.335,0.745,1,0.4398,1,0.0429,0
P0850,U002,1,0.7892,1,1.433,0.533,0,0.7947,1,0.0055,0
P0850,U003,1,0.8851,1,1.196,0.069,1,0.8938,1,0.0087,0
P0850,U004,0,0.5059,0,1.362,0.587,1,0.4769,1,0.029,0
P0850,U005,0,0.388,1,0.842,0.753,1,0.3611,1,0.0269,0
P0850,U006,0,0.7136,0,1.511,0.645,0,0.6372,0,0.0764,0
P0850,U007,1,0.608,1,1.157,0.452,0,0.6344,1,0.0263,0
P0850,U008,1,0.5263,1,1.341,0.834,0,0.5826,1,0.0563,0
P0850,U009,0,0.8882,0,0.919,0.94,0,0.7784,0,0.1097,0
P0850,U010,1,0.6613,1,1.29,0.376,0,0.7027,1,0.0413,0
P0851,U001,0,0.3467,1,1.335,0.745,1,0.2968,1,0.0499,0
P0851,U002,1,0.9674,1,1.433,0.533,0,0.9542,1,0.0132,0
P0851,U003,1,0.9417,1,1.196,0.069,1,0.9355,1,0.0062,0
P0851,U004,0,0.4861,1,1.362,0.587,1,0.4293,1,0.0568,0
P0851,U005,0,0.0671,1,0.842,0.753,0,0.0711,1,0.004,0
P0851,U006,0,0.0998,1,1.511,0.645,0,0.0967,1,0.0031,0
P0851,U007,1,0.6076,1,1.157,0.452,1,0.6547,1,0.047,0
P0851,U008,1,0.7997,1,1.341,0.834,1,0.8379,1,0.0382,0
P0851,U009,0,0.4077,1,0.919,0.94,0,0.3328,1,0.0749,0
P0851,U010,1,0.6995,1,1.29,0.376,0,0.7337,1,0.0343,0
P0852,U001,0,0.1871,1,1.335,0.745,1,0.1696,1,0.0175,0
P0852,U002,1,0.3245,0,1.433,0.533,1,0.4725,0,0.148,0
P0852,U003,1,0.8217,1,1.196,0.069,1,0.8502,1,0.0284,0
P0852,U004,0,0.6147,0,1.362,0.587,1,0.5671,0,0.0476,0
P0852,U005,0,0.4465,1,0.842,0.753,0,0.3532,1,0.0933,0
P0852,U006,0,0.8746,0,1.511,0.645,1,0.654,0,0.2206,0
P0852,U007,1,0.5526,1,1.157,0.452,1,0.6653,1,0.1127,0
P0852,U008,1,0.5598,1,1.341,0.834,1,0.656,1,0.0962,0
P0852,U009,0,0.9223,0,0.919,0.94,1,0.9406,0,-0.0183,1
P0852,U010,1,0.7804,1,1.29,0.376,1,0.8087,1,0.0283,0
P0853,U001,0,0.143,1,1.335,0.745,1,0.1119,1,0.0311,0
P0853,U002,1,0.1818,0,1.433,0.533,1,0.4008,0,0.2189,0
P0853,U003,1,0.7658,1,1.196,0.069,1,0.8232,1,0.0573,0
P0853,U004,0,0.4589,1,1.362,0.587,0,0.3605,1,0.0984,0
P0853,U005,0,0.0172,1,0.842,0.753,0,0.0308,1,0.0136,0
P0853,U006,0,0.1477,1,1.511,0.645,0,0.1181,1,0.0296,0
P0853,U007,1,0.4648,0,1.157,0.452,0,0.5837,1,0.1189,0
P0853,U008,1,0.3592,0,1.341,0.834,0,0.5778,1,0.2186,0
P0853,U009,0,0.1207,1,0.919,0.94,1,0.1038,1,0.0168,0
P0853,U010,1,0.0518,0,1.29,0.376,1,0.4563,0,0.4045,0
P0854,U001,0,0.1814,1,1.335,0.745,0,0.1528,1,0.0286,0
P0854,U002,1,0.7576,1,1.433,0.533,0,0.7689,1,0.0114,0
P0854,U003,1,0.9461,1,1.196,0.069,1,0.9418,1,0.0043,0
P0854,U004,0,0.077,1,1.362,0.587,0,0.0774,1,0.0004,0
P0854,U005,0,0.0109,1,0.842,0.753,0,0.0193,1,0.0085,0
P0854,U006,0,0.136,1,1.511,0.645,0,0.1221,1,0.0139,0
P0854,U007,1,0.6919,1,1.157,0.452,0,0.7526,1,0.0607,0
P0854,U008,1,0.8034,1,1.341,0.834,0,0.8297,1,0.0263,0
P0854,U009,0,0.6828,0,0.919,0.94,0,0.5422,0,0.1406,0
P0854,U010,1,0.7854,1,1.29,0.376,0,0.8333,1,0.0479,0
P0855,U001,0,0.308,1,1.335,0.745,1,0.6681,0,-0.3602,1
P0855,U002,1,0.3572,0,1.433,0.533,0,0.3052,0,-0.052,1
P0855,U003,1,0.8315,1,1.196,0.069,0,0.8468,1,0.0153,0
P0855,U004,0,0.8061,0,1.362,0.587,1,0.7463,0,0.0598,0
P0855,U005,0,0.055,1,0.842,0.753,0,0.0582,1,0.0032,0
P0855,U006,0,0.7639,0,1.511,0.645,0,0.99,0,-0.2261,1
P0855,U007,1,0.5232,1,1.157,0.452,1,0.6461,1,0.1228,0
P0855,U008,1,0.5162,1,1.341,0.834,0,0.5755,1,0.0593,0
P0855,U009,0,0.8521,0,0.919,0.94,1,0.7231,0,0.129,0
P0855,U010,1,0.1255,0,1.29,0.376,0,0.1424,0,0.0169,1
P0856,U001,0,0.2787,1,1.335,0.745,1,0.1677,1,0.1109,0
P0856,U002,1,0.191,0,1.433,0.533,1,0.429,0,0.2379,0
P0856,U003,1,0.8554,1,1.196,0.069,1,0.8779,1,0.0225,0
P0856,U004,0,0.4353,1,1.362,0.587,0,0.2621,1,0.1732,0
P0856,U005,0,0.2272,1,0.842,0.753,0,0.1594,1,0.0678,0
P0856,U006,0,0.9082,0,1.511,0.645,1,0.5558,0,0.3524,0
P0856,U007,1,0.4433,0,1.157,0.452,0,0.6527,1,0.2094,0
P0856,U008,1,0.1931,0,1.341,0.834,1,0.499,0,0.3059,0
P0856,U009,0,0.796,0,0.919,0.94,0,0.5692,0,0.2268,0
P0856,U010,1,0.1019,0,1.29,0.376,1,0.397,0,0.2952,0
P0857,U001,0,0.124,1,1.335,0.745,1,0.1022,1,0.0218,0
P0857,U002,1,0.7564,1,1.433,0.533,0,0.819,1,0.0626,0
P0857,U003,1,0.9214,1,1.196,0.069,1,0.9207,1,0.0007,0
P0857,U004,0,0.4856,1,1.362,0.587,0,0.3392,1,0.1463,0
P0857,U005,0,0.1481,1,0.842,0.753,1,0.2572,1,-0.1091,1
P0857,U006,0,0.1112,1,1.511,0.645,1,0.0939,1,0.0173,0
P0857,U007,1,0.5857,1,1.157,0.452,0,0.7761,1,0.1905,0
P0857,U008,1,0.6634,1,1.341,0.834,0,0.7696,1,0.1062,0
P0857,U009,0,0.2861,1,0.919,0.94,0,0.218,1,0.0681,0
P0857,U010,1,0.914,1,1.29,0.376,1,0.9163,1,0.0023,0
P0858,U001,0,0.6264,0,1.335,0.745,0,0.4699,1,0.1566,0
P0858,U002,1,0.2785,0,1.433,0.533,1,0.5566,1,0.2781,0
P0858,U003,1,0.5687,1,1.196,0.069,1,0.7544,1,0.1857,0
P0858,U004,0,0.0735,1,1.362,0.587,0,0.0753,1,0.0018,0
P0858,U005,0,0.4078,1,0.842,0.753,0,0.3661,1,0.0416,0
P0858,U006,0,0.6454,0,1.511,0.645,1,0.4308,1,0.2145,0
P0858,U007,1,0.0811,0,1.157,0.452,0,0.3691,0,0.2879,0
P0858,U008,1,0.3898,0,1.341,0.834,1,0.5855,1,0.1957,0
P0858,U009,0,0.6594,0,0.919,0.94,1,0.5108,0,0.1486,0
P0858,U010,1,0.0338,0,1.29,0.376,1,0.3747,0,0.3409,0
P0859,U001,0,0.1015,1,1.335,0.745,1,0.0958,1,0.0056,0
P0859,U002,1,0.612,1,1.433,0.533,0,0.6682,1,0.0562,0
P0859,U003,1,0.7991,1,1.196,0.069,0,0.8235,1,0.0244,0
P0859,U004,0,0.3475,1,1.362,0.587,0,0.3024,1,0.0451,0
P0859,U005,0,0.1515,1,0.842,0.753,0,0.1316,1,0.0199,0
P0859,U006,0,0.3782,1,1.511,0.645,0,0.3149,1,0.0633,0
P0859,U007,1,0.6783,1,1.157,0.452,0,0.7417,1,0.0634,0
P0859,U008,1,0.7543,1,1.341,0.834,0,0.796,1,0.0417,0
P0859,U009,0,0.6855,0,0.919,0.94,1,0.5144,0,0.1711,0
P0859,U010,1,0.3904,0,1.29,0.376,0,0.583,1,0.1927,0
P0860,U001,0,0.8618,0,1.335,0.745,0,0.6797,0,0.1821,0
P0860,U002,1,0.3028,0,1.433,0.533,0,0.3255,0,0.0227,1
P0860,U003,1,0.7852,1,1.196,0.069,1,0.8145,1,0.0293,0
P0860,U004,0,0.9178,0,1.362,0.587,0,0.6905,0,0.2273,0
P0860,U005,0,0.5637,0,0.842,0.753,1,0.7667,0,-0.203,1
P0860,U006,0,0.8682,0,1.511,0.645,1,0.6472,0,0.221,0
P0860,U007,1,0.2459,0,1.157,0.452,0,0.4185,0,0.1726,0
P0860,U008,1,0.8525,1,1.341,0.834,0,0.8692,1,0.0167,0
P0860,U009,0,0.6331,0,0.919,0.94,0,0.5832,0,0.0499,0
P0860,U010,1,0.2224,0,1.29,0.376,1,0.4476,0,0.2252,0
P0861,U001,0,0.1547,1,1.335,0.745,1,0.1653,1,-0.0105,1
P0861,U002,1,0.3759,0,1.433,0.533,0,0.6666,1,0.2906,0
P0861,U003,1,0.6696,1,1.196,0.069,1,0.6622,1,-0.0075,1
P0861,U004,0,0.4964,1,1.362,0.587,0,0.3318,1,0.1646,0
P0861,U005,0,0.0381,1,0.842,0.753,0,0.0527,1,0.0146,0
P0861,U006,0,0.532,0,1.511,0.645,0,0.5138,0,0.0182,1
P0861,U007,1,0.7416,1,1.157,0.452,1,0.8236,1,0.082,0
P0861,U008,1,0.6794,1,1.341,0.834,0,0.7277,1,0.0483,0
P0861,U009,0,0.064,1,0.919,0.94,0,0.0684,1,0.0044,0
P0861,U010,1,0.3629,0,1.29,0.376,0,0.5616,1,0.1987,0
P0862,U001,0,0.6769,0,1.335,0.745,0,0.5052,0,0.1716,0
P0862,U002,1,0.5837,1,1.433,0.533,1,0.721,1,0.1373,0
P0862,U003,1,0.7779,1,1.196,0.069,0,0.8323,1,0.0544,0
P0862,U004,0,0.2114,1,1.362,0.587,0,0.1527,1,0.0587,0
P0862,U005,0,0.16,1,0.842,0.753,0,0.1438,1,0.0162,0
P0862,U006,0,0.5839,0,1.511,0.645,0,0.4733,1,0.1106,0
P0862,U007,1,0.8936,1,1.157,0.452,0,0.9016,1,0.008,0
P0862,U008,1,0.5127,1,1.341,0.834,0,0.6544,1,0.1417,0
P0862,U009,0,0.8135,0,0.919,0.94,0,0.6049,0,0.2086,0
P0862,U010,1,0.212,0,1.29,0.376,0,0.4304,0,0.2184,0
P0863,U001,0,0.6739,0,1.335,0.745,1,0.5634,0,0.1105,0
P0863,U002,1,0.6253,1,1.433,0.533,1,0.6569,1,0.0317,0
P0863,U003,1,0.8195,1,1.196,0.069,0,0.6498,1,-0.1697,1
P0863,U004,0,0.9358,0,1.362,0.587,0,0.7517,0,0.1841,0
P0863,U005,0,0.3022,1,0.842,0.753,1,0.251,1,0.0512,0
P0863,U006,0,0.9431,0,1.511,0.645,0,0.8243,0,0.1188,0
P0863,U007,1,0.8834,1,1.157,0.452,0,0.8923,1,0.009,0
P0863,U008,1,0.7736,1,1.341,0.834,0,0.8126,1,0.0389,0
P0863,U009,0,0.9277,0,0.919,0.94,0,0.8067,0,0.121,0
P0863,U010,1,0.7667,1,1.29,0.376,0,0.81,1,0.0433,0
P0864,U001,0,0.1351,1,1.335,0.745,1,0.1048,1,0.0304,0
P0864,U002,1,0.9626,1,1.433,0.533,1,0.9384,1,0.0242,0
P0864,U003,1,0.8593,1,1.196,0.069,1,0.8816,1,0.0222,0
P0864,U004,0,0.2911,1,1.362,0.587,1,0.2046,1,0.0865,0
P0864,U005,0,0.0163,1,0.842,0.753,1,0.036,1,0.0197,0
P0864,U006,0,0.1409,1,1.511,0.645,1,0.1084,1,0.0325,0
P0864,U007,1,0.9401,1,1.157,0.452,0,0.931,1,0.0091,0
P0864,U008,1,0.6959,1,1.341,0.834,0,0.817,1,0.1211,0
P0864,U009,0,0.0661,1,0.919,0.94,1,0.0723,1,0.0063,0
P0864,U010,1,0.9566,1,1.29,0.376,1,0.9365,1,0.0201,0
P0865,U001,0,0.3542,1,1.335,0.745,0,0.2941,1,0.0601,0
P0865,U002,1,0.7393,1,1.433,0.533,1,0.7488,1,0.0095,0
P0865,U003,1,0.5211,1,1.196,0.069,0,0.5793,1,0.0582,0
P0865,U004,0,0.6818,0,1.362,0.587,0,0.6184,0,0.0634,0
P0865,U005,0,0.0791,1,0.842,0.753,1,0.0794,1,0.0002,0
P0865,U006,0,0.4226,1,1.511,0.645,0,0.3498,1,0.0728,0
P0865,U007,1,0.4676,0,1.157,0.452,1,0.542,1,0.0744,0
P0865,U008,1,0.4186,0,1.341,0.834,0,0.492,0,0.0734,0
P0865,U009,0,0.4616,1,0.919,0.94,0,0.4356,1,0.0259,0
P0865,U010,1,0.3587,0,1.29,0.376,1,0.4396,0,0.0808,0
P0866,U001,0,0.2426,1,1.335,0.745,0,0.1814,1,0.0611,0
P0866,U002,1,0.9633,1,1.433,0.533,0,0.9441,1,0.0192,0
P0866,U003,1,0.9577,1,1.196,0.069,0,0.9497,1,0.008,0
P0866,U004,0,0.6261,0,1.362,0.587,1,0.4739,1,0.1523,0
P0866,U005,0,0.3159,1,0.842,0.753,1,0.2571,1,0.0588,0
P0866,U006,0,0.2231,1,1.511,0.645,0,0.1576,1,0.0656,0
P0866,U007,1,0.8425,1,1.157,0.452,1,0.8763,1,0.0337,0
P0866,U008,1,0.9668,1,1.341,0.834,1,0.9475,1,0.0193,0
P0866,U009,0,0.6133,0,0.919,0.94,1,0.4382,1,0.1751,0
P0866,U010,1,0.7671,1,1.29,0.376,0,0.8344,1,0.0672,0
P0867,U001,0,0.675,0,1.335,0.745,1,0.3914,1,0.2836,0
P0867,U002,1,0.1542,0,1.433,0.533,0,0.5308,1,0.3766,0
P0867,U003,1,0.0605,0,1.196,0.069,0,0.3503,0,0.2898,0
P0867,U004,0,0.5305,0,1.362,0.587,0,0.2599,1,0.2706,0
P0867,U005,0,0.5312,0,0.842,0.753,0,0.4255,1,0.1057,0
P0867,U006,0,0.8248,0,1.511,0.645,0,0.3514,1,0.4734,0
P0867,U007,1,0.2948,0,1.157,0.452,0,0.7115,1,0.4167,0
P0867,U008,1,0.3553,0,1.341,0.834,0,0.7083,1,0.353,0
P0867,U009,0,0.6853,0,0.919,0.94,0,0.5358,0,0.1495,0
P0867,U010,1,0.0149,0,1.29,0.376,0,0.3766,0,0.3617,0
P0868,U001,0,0.6445,0,1.335,0.745,0,0.555,0,0.0895,0
P0868,U002,1,0.3952,0,1.433,0.533,0,0.4605,0,0.0653,0
P0868,U003,1,0.1413,0,1.196,0.069,0,0.1975,0,0.0562,0
P0868,U004,0,0.1131,1,1.362,0.587,0,0.1108,1,0.0023,0
P0868,U005,0,0.189,1,0.842,0.753,0,0.1788,1,0.0101,0
P0868,U006,0,0.8109,0,1.511,0.645,0,0.574,0,0.2369,0
P0868,U007,1,0.3687,0,1.157,0.452,1,0.4318,0,0.063,0
P0868,U008,1,0.2407,0,1.341,0.834,1,0.3123,0,0.0716,0
P0868,U009,0,0.5992,0,0.919,0.94,1,0.4707,1,0.1285,1
P0868,U010,1,0.173,0,1.29,0.376,0,0.1839,0,0.0109,0
P0869,U001,0,0.1427,1,1.335,0.745,0,0.1332,1,0.0095,0
P0869,U002,1,0.8935,1,1.433,0.533,0,0.9021,1,0.0086,0
P0869,U003,1,0.8997,1,1.196,0.069,1,0.9046,1,0.0048,0
P0869,U004,0,0.2615,1,1.362,0.587,0,0.2258,1,0.0357,0
P0869,U005,0,0.4256,1,0.842,0.753,0,0.3482,1,0.0774,0
P0869,U006,0,0.8398,0,1.511,0.645,1,0.99,0,-0.1502,1
P0869,U007,1,0.7111,1,1.157,0.452,1,0.7985,1,0.0874,0
P0869,U008,1,0.5012,1,1.341,0.834,0,0.6681,1,0.1669,0
P0869,U009,0,0.7975,0,0.919,0.94,1,0.5963,0,0.2012,0
P0869,U010,1,0.6622,1,1.29,0.376,1,0.7232,1,0.061,0
P0870,U001,0,0.4582,1,1.335,0.745,0,0.4111,1,0.0471,0
P0870,U002,1,0.3911,0,1.433,0.533,0,0.4693,0,0.0781,0
P0870,U003,1,0.5016,1,1.196,0.069,1,0.5277,1,0.0262,0
P0870,U004,0,0.414,1,1.362,0.587,0,0.402,1,0.0119,0
P0870,U005,0,0.412,1,0.842,0.753,0,0.3567,1,0.0553,0
P0870,U006,0,0.5417,0,1.511,0.645,1,0.4412,1,0.1005,0
P0870,U007,1,0.5812,1,1.157,0.452,0,0.6486,1,0.0674,0
P0870,U008,1,0.4499,0,1.341,0.834,0,0.5611,1,0.1112,1
P0870,U009,0,0.5214,0,0.919,0.94,0,0.4756,1,0.0458,0
P0870,U010,1,0.0149,0,1.29,0.376,0,0.15,0,0.1351,0
P0871,U001,0,0.0863,1,1.335,0.745,0,0.0838,1,0.0024,0
P0871,U002,1,0.8995,1,1.433,0.533,1,0.9071,1,0.0076,0
P0871,U003,1,0.9538,1,1.196,0.069,1,0.937,1,0.0168,0
P0871,U004,0,0.2093,1,1.362,0.587,1,0.1357,1,0.0736,0
P0871,U005,0,0.0957,1,0.842,0.753,1,0.0885,1,0.0072,0
P0871,U006,0,0.3003,1,1.511,0.645,1,0.2199,1,0.0803,0
P0871,U007,1,0.9087,1,1.157,0.452,1,0.9147,1,0.0059,0
P0871,U008,1,0.9494,1,1.341,0.834,1,0.9349,1,0.0145,0
P0871,U009,0,0.5151,0,0.919,0.94,1,0.3401,1,0.175,0
P0871,U010,1,0.9906,1,1.29,0.376,1,0.9632,1,0.0274,0
P0872,U001,0,0.5146,0,1.335,0.745,1,0.3994,1,0.1152,0
P0872,U002,1,0.653,1,1.433,0.533,1,0.747,1,0.094,0
P0872,U003,1,0.9037,1,1.196,0.069,0,0.99,1,-0.0537,1
P0872,U004,0,0.1125,1,1.362,0.587,1,0.1067,1,0.0057,0
P0872,U005,0,0.0786,1,0.842,0.753,0,0.0789,1,0.0003,0
P0872,U006,0,0.4301,1,1.511,0.645,1,0.3295,1,0.1006,0
P0872,U007,1,0.2702,0,1.157,0.452,0,0.458,0,0.1878,0
P0872,U008,1,0.8657,1,1.341,0.834,1,0.8863,1,0.0206,0
P0872,U009,0,0.5875,0,0.919,0.94,0,0.4809,1,0.1066,0
P0872,U010,1,0.3048,0,1.29,0.376,1,0.501,1,0.1962,0
P0873,U001,0,0.7537,0,1.335,0.745,0,0.4713,1,0.2824,0
P0873,U002,1,0.9304,1,1.433,0.533,0,0.9269,1,0.0035,0
P0873,U003,1,0.965,1,1.196,0.069,1,0.9531,1,0.0119,0
P0873,U004,0,0.5689,0,1.362,0.587,0,0.4021,1,0.1668,0
P0873,U005,0,0.4399,1,0.842,0.753,0,0.3604,1,0.0795,0
P0873,U006,0,0.3156,1,1.511,0.645,0,0.2625,1,0.0531,0
P0873,U007,1,0.957,1,1.157,0.452,0,0.9483,1,0.0087,0
P0873,U008,1,0.8058,1,1.341,0.834,0,0.8346,1,0.0288,0
P0873,U009,0,0.8473,0,0.919,0.94,0,0.8125,0,0.0348,0
P0873,U010,1,0.748,1,1.29,0.376,0,0.7678,1,0.0197,0
P0874,U001,0,0.5217,0,1.335,0.745,0,0.4556,1,0.0661,0
P0874,U002,1,0.6052,1,1.433,0.533,0,0.6824,1,0.0771,0
P0874,U003,1,0.5355,1,1.196,0.069,0,0.6188,1,0.0833,0
P0874,U004,0,0.9587,0,1.362,0.587,0,0.7168,0,0.2419,0
P0874,U005,0,0.7335,0,0.842,0.753,0,0.6943,0,0.0392,0
P0874,U006,0,0.889,0,1.511,0.645,0,0.7513,0,0.1377,0
P0874,U007,1,0.4224,0,1.157,0.452,0,0.5868,1,0.1644,0
P0874,U008,1,0.4401,0,1.341,0.834,0,0.569,1,0.1289,0
P0874,U009,0,0.9938,0,0.919,0.94,1,0.7743,0,0.2196,1
P0874,U010,1,0.5884,1,1.29,0.376,1,0.6896,1,0.1011,0
P0875,U001,0,0.1634,1,1.335,0.745,1,0.1325,1,0.0309,0
P0875,U002,1,0.9589,1,1.433,0.533,1,0.9446,1,0.0143,1
P0875,U003,1,0.8303,1,1.196,0.069,0,0.99,1,0.0197,1
P0875,U004,0,0.4103,1,1.362,0.587,0,0.179,1,0.2312,1
P0875,U005,0,0.0952,1,0.842,0.753,0,0.01,1,-0.0548,1
P0875,U006,0,0.7145,0,1.511,0.645,0,0.4927,1,0.2218,0
P0875,U007,1,0.649,1,1.157,0.452,1,0.7141,1,0.0651,0
P0875,U008,1,0.6703,1,1.341,0.834,1,0.7376,1,0.0673,0
P0875,U009,0,0.866,0,0.919,0.94,1,0.64,0,0.2259,0
P0875,U010,1,0.6997,1,1.29,0.376,0,0.5425,1,-0.1573,1
P0876,U001,0,0.1241,1,1.335,0.745,0,0.1155,1,0.0086,0
P0876,U002,1,0.182,0,1.433,0.533,1,0.4186,0,0.2366,0
P0876,U003,1,0.6492,1,1.196,0.069,1,0.762,1,0.1129,0
P0876,U004,0,0.4789,1,1.362,0.587,0,0.3854,1,0.0934,0
P0876,U005,0,0.3816,1,0.842,0.753,1,0.3316,1,0.05,0
P0876,U006,0,0.7881,0,1.511,0.645,1,0.6049,0,0.1832,0
P0876,U007,1,0.6999,1,1.157,0.452,0,0.7993,1,0.0994,0
P0876,U008,1,0.2196,0,1.341,0.834,1,0.5285,1,0.3089,0
P0876,U009,0,0.6528,0,0.919,0.94,0,0.5086,0,0.1442,0
P0876,U010,1,0.4448,0,1.29,0.376,0,0.6298,1,0.185,0
P0877,U001,0,0.9603,0,1.335,0.745,1,0.6056,0,0.3547,0
P0877,U002,1,0.4284,0,1.433,0.533,0,0.6165,1,0.1881,0
P0877,U003,1,0.4545,0,1.196,0.069,1,0.6291,1,0.1746,0
P0877,U004,0,0.8898,0,1.362,0.587,1,0.6376,0,0.2522,0
P0877,U005,0,0.9012,0,0.842,0.753,1,0.6005,0,0.3007,0
P0877,U006,0,0.4048,1,1.511,0.645,1,0.2945,1,0.1103,0
P0877,U007,1,0.0349,0,1.157,0.452,0,0.4462,0,0.4113,0
P0877,U008,1,0.5541,1,1.341,0.834,1,0.707,1,0.1529,0
P0877,U009,0,0.9704,0,0.919,0.94,1,0.7424,0,0.228,0
P0877,U010,1,0.3664,0,1.29,0.376,1,0.5244,1,0.158,0
P0878,U001,0,0.4949,1,1.335,0.745,0,0.4194,1,0.0755,0
P0878,U002,1,0.5749,1,1.433,0.533,0,0.6083,1,0.0334,0
P0878,U003,1,0.7016,1,1.196,0.069,1,0.7459,1,0.0443,0
P0878,U004,0,0.8684,0,1.362,0.587,1,0.7501,0,0.1183,0
P0878,U005,0,0.0579,1,0.842,0.753,0,0.0607,1,0.0028,0
P0878,U006,0,0.6534,0,1.511,0.645,0,0.5816,0,0.0718,0
P0878,U007,1,0.1637,0,1.157,0.452,0,0.2024,0,0.0386,0
P0878,U008,1,0.4966,0,1.341,0.834,1,0.4883,0,-0.0083,0
P0878,U009,0,0.7004,0,0.919,0.94,0,0.5704,0,0.13,0
P0878,U010,1,0.0305,0,1.29,0.376,0,0.2091,0,0.1786,0
P0879,U001,0,0.6746,0,1.335,0.745,0,0.4259,1,0.2487,0
P0879,U002,1,0.0026,0,1.433,0.533,0,0.3821,0,0.3795,0
P0879,U003,1,0.023,0,1.196,0.069,1,0.4999,0,0.4769,0
P0879,U004,0,0.517,0,1.362,0.587,0,0.3774,1,0.1396,0
P0879,U005,0,0.7888,0,0.842,0.753,0,0.4946,1,0.2942,0
P0879,U006,0,0.7273,0,1.511,0.645,0,0.4714,1,0.2558,0
P0879,U007,1,0.019,0,1.157,0.452,0,0.2919,0,0.2729,0
P0879,U008,1,0.012,0,1.341,0.834,0,0.3231,0,0.311,0
P0879,U009,0,0.9394,0,0.919,0.94,0,0.5515,0,0.3879,0
P0879,U010,1,0.0011,0,1.29,0.376,0,0.4501,0,0.449,0
P0880,U001,0,0.6208,0,1.335,0.745,1,0.5748,0,0.046,1
P0880,U002,1,0.9707,1,1.433,0.533,1,0.944,1,0.0267,0
P0880,U003,1,0.9061,1,1.196,0.069,1,0.9137,1,0.0076,0
P0880,U004,0,0.1409,1,1.362,0.587,1,0.1174,1,0.0235,0
P0880,U005,0,0.8116,0,0.842,0.753,1,0.4486,1,0.3631,0
P0880,U006,0,0.7351,0,1.511,0.645,0,0.3841,1,0.351,0
P0880,U007,1,0.8989,1,1.157,0.452,1,0.9145,1,0.0155,0
P0880,U008,1,0.8648,1,1.341,0.834,1,0.7404,1,-0.1243,1
P0880,U009,0,0.8644,0,0.919,0.94,1,0.4737,1,0.3907,0
P0880,U010,1,0.4244,0,1.29,0.376,1,0.6625,1,0.2381,0
P0881,U001,0,0.0897,1,1.335,0.745,0,0.0888,1,0.0009,0
P0881,U002,1,0.7666,1,1.433,0.533,0,0.7913,1,0.0246,0
P0881,U003,1,0.3478,0,1.196,0.069,0,0.5675,1,0.2198,0
P0881,U004,0,0.5423,0,1.362,0.587,1,0.4141,1,0.1283,0
P0881,U005,0,0.043,1,0.842,0.753,0,0.0492,1,0.0062,0
P0881,U006,0,0.6062,0,1.511,0.645,0,0.5041,0,0.1021,0
P0881,U007,1,0.7079,1,1.157,0.452,0,0.7573,1,0.0494,0
P0881,U008,1,0.0973,0,1.341,0.834,0,0.2521,0,0.1548,0
P0881,U009,0,0.1455,1,0.919,0.94,0,0.1283,1,0.0172,0
P0881,U010,1,0.4615,0,1.29,0.376,1,0.5798,1,0.1183,0
P0882,U001,0,0.8041,0,1.335,0.745,0,0.5335,0,0.2707,0
P0882,U002,1,0.9965,1,1.433,0.533,1,0.9827,1,0.0138,1
P0882,U003,1,0.9919,1,1.196,0.069,0,0.9539,1,0.038,0
P0882,U004,0,0.1588,1,1.362,0.587,1,0.01,1,0.0088,1
P0882,U005,0,0.4629,1,0.842,0.753,0,0.3068,1,0.1561,0
P0882,U006,0,0.4908,1,1.511,0.645,1,0.2623,1,0.2285,0
P0882,U007,1,0.9713,1,1.157,0.452,1,0.8047,1,-0.0639,1
P0882,U008,1,0.9468,1,1.341,0.834,0,0.9336,1,0.0132,0
P0882,U009,0,0.8989,0,0.919,0.94,0,0.8212,0,0.0777,1
P0882,U010,1,0.9969,1,1.29,0.376,1,0.9577,1,0.0392,0
P0883,U001,0,0.4202,1,1.335,0.745,0,0.3742,1,0.046,0
P0883,U002,1,0.9594,1,1.433,0.533,0,0.9597,1,-0.0002,0
P0883,U003,1,0.7312,1,1.196,0.069,0,0.7382,1,0.007,0
P0883,U004,0,0.7525,0,1.362,0.587,0,0.6687,0,0.0838,0
P0883,U005,0,0.4794,1,0.842,0.753,0,0.4452,1,0.0342,0
P0883,U006,0,0.1729,1,1.511,0.645,0,0.159,1,0.0139,0
P0883,U007,1,0.5209,1,1.157,0.452,1,0.56,1,0.0391,0
P0883,U008,1,0.8697,1,1.341,0.834,0,0.8741,1,0.0044,0
P0883,U009,0,0.6658,0,0.919,0.94,0,0.6376,0,0.0282,0
P0883,U010,1,0.9703,1,1.29,0.376,0,0.9681,1,0.0022,0
P0884,U001,0,0.6923,0,1.335,0.745,0,0.5574,0,0.1349,0
P0884,U002,1,0.7432,1,1.433,0.533,1,0.7623,1,0.0191,0
P0884,U003,1,0.386,0,1.196,0.069,0,0.4997,0,0.1137,0
P0884,U004,0,0.3736,1,1.362,0.587,0,0.3159,1,0.0578,0
P0884,U005,0,0.5719,0,0.842,0.753,1,0.5302,0,0.0417,0
P0884,U006,0,0.8172,0,1.511,0.645,0,0.7098,0,0.1074,0
P0884,U007,1,0.398,0,1.157,0.452,0,0.4148,0,0.0169,0
P0884,U008,1,0.5083,1,1.341,0.834,0,0.5782,1,0.0699,0
P0884,U009,0,0.8885,0,0.919,0.94,0,0.758,0,0.1305,0
P0884,U010,1,0.1788,0,1.29,0.376,0,0.3207,0,0.1419,0
P0885,U001,0,0.8915,0,1.335,0.745,1,0.7426,0,0.1489,0
P0885,U002,1,0.4536,0,1.433,0.533,1,0.597,1,0.1434,0
P0885,U003,1,0.7199,1,1.196,0.069,0,0.77,1,0.0501,0
P0885,U004,0,0.6468,0,1.362,0.587,0,0.5984,0,0.0484,0
P0885,U005,0,0.6494,0,0.842,0.753,1,0.5122,0,0.1371,0
P0885,U006,0,0.9166,0,1.511,0.645,0,0.7396,0,0.177,0
P0885,U007,1,0.171,0,1.157,0.452,0,0.4553,0,0.2843,0
P0885,U008,1,0.4892,0,1.341,0.834,0,0.63,1,0.1407,0
P0885,U009,0,0.963,0,0.919,0.94,0,0.6652,0,0.2978,0
P0885,U010,1,0.1537,0,1.29,0.376,0,0.4185,0,0.2648,0
P0886,U001,0,0.1557,1,1.335,0.745,1,0.1241,1,0.0316,0
P0886,U002,1,0.9721,1,1.433,0.533,0,0.9573,1,0.0148,0
P0886,U003,1,0.9541,1,1.196,0.069,0,0.9435,1,0.0106,0
P0886,U004,0,0.3851,1,1.362,0.587,1,0.2801,1,0.105,0
P0886,U005,0,0.0512,1,0.842,0.753,0,0.0596,1,0.0085,0
P0886,U006,0,0.5375,0,1.511,0.645,0,0.3843,1,0.1532,0
P0886,U007,1,0.7595,1,1.157,0.452,0,0.8119,1,0.0524,0
P0886,U008,1,0.9601,1,1.341,0.834,1,0.9492,1,0.0108,0
P0886,U009,0,0.3536,1,0.919,0.94,0,0.2747,1,0.0789,0
P0886,U010,1,0.7926,1,1.29,0.376,0,0.8481,1,0.0555,0
P0887,U001,0,0.1548,1,1.335,0.745,0,0.131,1,0.0238,0
P0887,U002,1,0.8149,1,1.433,0.533,1,0.873,1,0.0582,0
P0887,U003,1,0.8892,1,1.196,0.069,0,0.9027,1,0.0135,0
P0887,U004,0,0.1439,1,1.362,0.587,1,0.1089,1,0.035,0
P0887,U005,0,0.1132,1,0.842,0.753,1,0.1062,1,0.007,0
P0887,U006,0,0.3122,1,1.511,0.645,0,0.196,1,0.1162,0
P0887,U007,1,0.7297,1,1.157,0.452,0,0.8259,1,0.0962,0
P0887,U008,1,0.3698,0,1.341,0.834,0,0.5597,1,0.19,0
P0887,U009,0,0.4781,1,0.919,0.94,0,0.3846,1,0.0935,0
P0887,U010,1,0.8033,1,1.29,0.376,1,0.8686,1,0.0653,0
P0888,U001,0,0.2872,1,1.335,0.745,0,0.2169,1,0.0703,0
P0888,U002,1,0.5704,1,1.433,0.533,0,0.6435,1,0.0731,0
P0888,U003,1,0.9217,1,1.196,0.069,0,0.9214,1,0.0003,0
P0888,U004,0,0.3019,1,1.362,0.587,0,0.2439,1,0.058,0
P0888,U005,0,0.1295,1,0.842,0.753,0,0.1165,1,0.013,0
P0888,U006,0,0.3514,1,1.511,0.645,0,0.2581,1,0.0933,0
P0888,U007,1,0.3064,0,1.157,0.452,0,0.5273,1,0.2209,0
P0888,U008,1,0.6017,1,1.341,0.834,0,0.686,1,0.0842,0
P0888,U009,0,0.5085,0,0.919,0.94,0,0.4285,1,0.0799,0
P0888,U010,1,0.5893,1,1.29,0.376,0,0.6653,1,0.0759,0
P0889,U001,0,0.1728,1,1.335,0.745,0,0.1717,1,0.0012,0
P0889,U002,1,0.2541,0,1.433,0.533,1,0.3876,0,0.1336,0
P0889,U003,1,0.5517,1,1.196,0.069,0,0.5815,1,0.0298,0
P0889,U004,0,0.1761,1,1.362,0.587,1,0.1593,1,0.0168,0
P0889,U005,0,0.3409,1,0.842,0.753,1,0.3256,1,0.0153,0
P0889,U006,0,0.1573,1,1.511,0.645,0,0.1393,1,0.018,0
P0889,U007,1,0.4144,0,1.157,0.452,1,0.5373,1,0.1229,0
P0889,U008,1,0.1882,0,1.341,0.834,0,0.3328,0,0.1446,0
P0889,U009,0,0.4243,1,0.919,0.94,0,0.3273,1,0.097,0
P0889,U010,1,0.0576,0,1.29,0.376,1,0.0738,0,0.0161,0
P0890,U001,0,0.3427,1,1.335,0.745,1,0.1039,1,0.2388,1
P0890,U002,1,0.8471,1,1.433,0.533,1,0.8804,1,0.0334,0
P0890,U003,1,0.6438,1,1.196,0.069,1,0.781,1,0.1371,0
P0890,U004,0,0.3981,1,1.362,0.587,1,0.2783,1,0.1198,0
P0890,U005,0,0.0157,1,0.842,0.753,0,0.0418,1,0.0261,0
P0890,U006,0,0.0928,1,1.511,0.645,1,0.0872,1,0.0056,0
P0890,U007,1,0.3983,0,1.157,0.452,1,0.6923,1,0.294,0
P0890,U008,1,0.1063,0,1.341,0.834,1,0.3936,0,0.2874,0
P0890,U009,0,0.1733,1,0.919,0.94,1,0.1441,1,0.0292,0
P0890,U010,1,0.516,1,1.29,0.376,1,0.7325,1,0.2166,0
P0891,U001,0,0.0951,1,1.335,0.745,1,0.0859,1,0.0092,0
P0891,U002,1,0.9903,1,1.433,0.533,1,0.9489,1,0.0415,0
P0891,U003,1,0.9337,1,1.196,0.069,1,0.9278,1,0.0059,0
P0891,U004,0,0.0192,1,1.362,0.587,0,0.0492,1,0.0299,0
P0891,U005,0,0.002,1,0.842,0.753,1,0.0329,1,0.0309,0
P0891,U006,0,0.2348,1,1.511,0.645,1,0.1523,1,0.0824,0
P0891,U007,1,0.7944,1,1.157,0.452,0,0.8745,1,0.0801,0
P0891,U008,1,0.8748,1,1.341,0.834,0,0.9067,1,0.0319,0
P0891,U009,0,0.2031,1,0.919,0.94,1,0.1742,1,0.0289,0
P0891,U010,1,0.5878,1,1.29,0.376,1,0.7769,1,0.1891,0
P0892,U001,0,0.0593,1,1.335,0.745,1,0.01,1,-0.0493,1
P0892,U002,1,0.5783,1,1.433,0.533,0,0.709,1,0.1307,0
P0892,U003,1,0.346,0,1.196,0.069,0,0.4765,0,0.1305,0
P0892,U004,0,0.1473,1,1.362,0.587,0,0.1421,1,0.0052,0
P0892,U005,0,0.189,1,0.842,0.753,1,0.1679,1,0.0211,0
P0892,U006,0,0.5475,0,1.511,0.645,0,0.4274,1,0.12,0
P0892,U007,1,0.1582,0,1.157,0.452,0,0.3086,0,0.1504,0
P0892,U008,1,0.8513,1,1.341,0.834,0,0.8597,1,0.0084,0
P0892,U009,0,0.7265,0,0.919,0.94,0,0.584,0,0.1424,0
P0892,U010,1,0.2555,0,1.29,0.376,0,0.2871,0,0.0316,0
P0893,U001,0,0.4193,1,1.335,0.745,0,0.272,1,0.1473,0
P0893,U002,1,0.7664,1,1.433,0.533,1,0.8427,1,0.0763,0
P0893,U003,1,0.8593,1,1.196,0.069,0,0.8843,1,0.0251,0
P0893,U004,0,0.4051,1,1.362,0.587,1,0.23,1,0.1752,0
P0893,U005,0,0.0844,1,0.842,0.753,1,0.0824,1,0.002,0
P0893,U006,0,0.1724,1,1.511,0.645,1,0.1206,1,0.0518,0
P0893,U007,1,0.578,1,1.157,0.452,1,0.697,1,0.1189,0
P0893,U008,1,0.4954,0,1.341,0.834,1,0.65,1,0.1546,0
P0893,U009,0,0.5714,0,0.919,0.94,1,0.4073,1,0.1641,0
P0893,U010,1,0.4705,0,1.29,0.376,1,0.7148,1,0.2443,0
P0894,U001,0,0.3863,1,1.335,0.745,0,0.2231,1,0.1632,0
P0894,U002,1,0.3406,0,1.433,0.533,1,0.7044,1,0.3639,0
P0894,U003,1,0.8653,1,1.196,0.069,0,0.8887,1,0.0233,0
P0894,U004,0,0.2844,1,1.362,0.587,0,0.1729,1,0.1116,0
P0894,U005,0,0.2132,1,0.842,0.753,0,0.1572,1,0.0561,0
P0894,U006,0,0.8589,0,1.511,0.645,1,0.4934,1,0.3655,0
P0894,U007,1,0.8051,1,1.157,0.452,0,0.8611,1,0.056,0
P0894,U008,1,0.328,0,1.341,0.834,1,0.01,0,-0.318,1
P0894,U009,0,0.8613,0,0.919,0.94,1,0.4692,1,0.3921,0
P0894,U010,1,0.4951,0,1.29,0.376,1,0.6966,1,0.2015,0
P0895,U001,0,0.097,1,1.335,0.745,0,0.0892,1,0.0078,0
P0895,U002,1,0.2494,0,1.433,0.533,0,0.5576,1,0.3082,0
P0895,U003,1,0.8781,1,1.196,0.069,1,0.902,1,0.0239,0
P0895,U004,0,0.0188,1,1.362,0.587,1,0.0448,1,0.0261,0
P0895,U005,0,0.0154,1,0.842,0.753,0,0.0305,1,0.0151,0
P0895,U006,0,0.0617,1,1.511,0.645,1,0.0696,1,0.0078,0
P0895,U007,1,0.3472,0,1.157,0.452,1,0.58,1,0.2328,0
P0895,U008,1,0.643,1,1.341,0.834,0,0.7539,1,0.1108,0
P0895,U009,0,0.3423,1,0.919,0.94,1,0.1855,1,0.1568,0
P0895,U010,1,0.1296,0,1.29,0.376,1,0.5179,1,0.3883,0
P0896,U001,0,0.1545,1,1.335,0.745,0,0.1311,1,0.0234,0
P0896,U002,1,0.4099,0,1.433,0.533,1,0.5459,1,0.136,0
P0896,U003,1,0.0936,0,1.196,0.069,1,0.3446,0,0.2511,0
P0896,U004,0,0.2199,1,1.362,0.587,1,0.1649,1,0.055,0
P0896,U005,0,0.0202,1,0.842,0.753,0,0.0367,1,0.0165,0
P0896,U006,0,0.0869,1,1.511,0.645,0,0.0845,1,0.0024,0
P0896,U007,1,0.3138,0,1.157,0.452,1,0.4979,0,0.1841,0
P0896,U008,1,0.5385,1,1.341,0.834,0,0.6783,1,0.1398,0
P0896,U009,0,0.6753,0,0.919,0.94,0,0.5609,0,0.1144,1
P0896,U010,1,0.2011,0,1.29,0.376,0,0.477,0,0.2759,0
P0897,U001,0,0.6575,0,1.335,0.745,0,0.489,1,0.1685,0
P0897,U002,1,0.0555,0,1.433,0.533,0,0.3417,0,0.2862,0
P0897,U003,1,0.2745,0,1.196,0.069,1,0.4096,0,0.1351,0
P0897,U004,0,0.0524,1,1.362,0.587,1,0.0629,1,0.0105,0
P0897,U005,0,0.056,1,0.842,0.753,0,0.0616,1,0.0056,0
P0897,U006,0,0.2019,1,1.511,0.645,1,0.1586,1,0.0433,0
P0897,U007,1,0.3489,0,1.157,0.452,0,0.5825,1,0.2337,0
P0897,U008,1,0.2871,0,1.341,0.834,1,0.4378,0,0.1507,0
P0897,U009,0,0.8983,0,0.919,0.94,0,0.7418,0,0.1565,0
P0897,U010,1,0.0366,0,1.29,0.376,0,0.329,0,0.2924,0
P0898,U001,0,0.2982,1,1.335,0.745,1,0.2797,1,0.0185,0
P0898,U002,1,0.7285,1,1.433,0.533,0,0.7342,1,0.0057,0
P0898,U003,1,0.7831,1,1.196,0.069,0,0.8015,1,0.0185,0
P0898,U004,0,0.2703,1,1.362,0.587,0,0.2366,1,0.0337,0
P0898,U005,0,0.0466,1,0.842,0.753,0,0.0532,1,0.0066,0
P0898,U006,0,0.6146,0,1.511,0.645,0,0.5413,0,0.0733,0
P0898,U007,1,0.4137,0,1.157,0.452,1,0.5061,1,0.0925,0
P0898,U008,1,0.2204,0,1.341,0.834,1,0.25,0,0.0297,0
P0898,U009,0,0.7897,0,0.919,0.94,0,0.7384,0,0.0513,0
P0898,U010,1,0.2543,0,1.29,0.376,0,0.3756,0,0.1213,0
P0899,U001,0,0.7459,0,1.335,0.745,0,0.6342,0,0.1117,0
P0899,U002,1,0.9745,1,1.433,0.533,0,0.9683,1,0.0061,0
P0899,U003,1,0.9988,1,1.196,0.069,1,0.9756,1,0.0232,0
P0899,U004,0,0.6142,0,1.362,0.587,0,0.4635,1,0.1507,0
P0899,U005,0,0.2197,1,0.842,0.753,1,0.1901,1,0.0296,0
P0899,U006,0,0.4496,1,1.511,0.645,0,0.3903,1,0.0593,0
P0899,U007,1,0.9828,1,1.157,0.452,1,0.9132,1,0.056,1
P0899,U008,1,0.8519,1,1.341,0.834,0,0.8697,1,0.0178,0
P0899,U009,0,0.7108,0,0.919,0.94,0,0.5991,0,0.1118,0
P0899,U010,1,0.9907,1,1.29,0.376,0,0.9808,1,0.0099,0
P0900,U001,0,0.4175,1,1.335,0.745,1,0.2982,1,0.1193,0
P0900,U002,1,0.3998,0,1.433,0.533,0,0.5825,1,0.1827,0
P0900,U003,1,0.7238,1,1.196,0.069,0,0.7756,1,0.0519,0
P0900,U004,0,0.33,1,1.362,0.587,0,0.2517,1,0.0783,0
P0900,U005,0,0.1654,1,0.842,0.753,0,0.1523,1,0.0131,0
P0900,U006,0,0.594,0,1.511,0.645,0,0.4084,1,0.1856,0
P0900,U007,1,0.367,0,1.157,0.452,1,0.6274,1,0.2604,0
P0900,U008,1,0.581,1,1.341,0.834,0,0.7027,1,0.1217,0
P0900,U009,0,0.6456,0,0.919,0.94,0,0.5239,0,0.1217,0
P0900,U010,1,0.0776,0,1.29,0.376,1,0.295,0,0.2174,0
P0901,U001,0,0.6406,0,1.335,0.745,1,0.4005,1,0.2402,0
P0901,U002,1,0.8314,1,1.433,0.533,0,0.8506,1,0.0192,0
P0901,U003,1,0.93,1,1.196,0.069,0,0.9271,1,0.0029,0
P0901,U004,0,0.3653,1,1.362,0.587,1,0.2781,1,0.0871,0
P0901,U005,0,0.1119,1,0.842,0.753,0,0.3248,1,-0.2129,1
P0901,U006,0,0.6261,0,1.511,0.645,1,0.4529,1,0.1733,0
P0901,U007,1,0.5941,1,1.157,0.452,1,0.6787,1,0.0846,0
P0901,U008,1,0.8826,1,1.341,0.834,1,0.8946,1,0.012,0
P0901,U009,0,0.7671,0,0.919,0.94,0,0.625,0,0.1421,0
P0901,U010,1,0.5998,1,1.29,0.376,1,0.6784,1,0.0786,0
P0902,U001,0,0.4826,1,1.335,0.745,0,0.3405,1,0.1421,0
P0902,U002,1,0.3141,0,1.433,0.533,0,0.5014,1,0.1872,0
P0902,U003,1,0.3604,0,1.196,0.069,1,0.4974,0,0.137,1
P0902,U004,0,0.3068,1,1.362,0.587,0,0.2352,1,0.0716,0
P0902,U005,0,0.1334,1,0.842,0.753,1,0.1231,1,0.0103,0
P0902,U006,0,0.6279,0,1.511,0.645,0,0.9858,0,-0.3579,1
P0902,U007,1,0.4826,0,1.157,0.452,1,0.6812,1,0.1986,0
P0902,U008,1,0.2247,0,1.341,0.834,1,0.4687,0,0.244,1
P0902,U009,0,0.4476,1,0.919,0.94,1,0.5514,0,-0.1038,1
P0902,U010,1,0.0417,0,1.29,0.376,0,0.4529,0,0.4111,0
P0903,U001,0,0.3617,1,1.335,0.745,0,0.2716,1,0.0901,0
P0903,U002,1,0.6818,1,1.433,0.533,1,0.7982,1,0.1164,0
P0903,U003,1,0.7651,1,1.196,0.069,1,0.8216,1,0.0565,0
P0903,U004,0,0.2385,1,1.362,0.587,0,0.195,1,0.0435,0
P0903,U005,0,0.267,1,0.842,0.753,1,0.2296,1,0.0374,0
P0903,U006,0,0.768,0,1.511,0.645,0,0.5587,0,0.2093,0
P0903,U007,1,0.8561,1,1.157,0.452,0,0.8778,1,0.0217,0
P0903,U008,1,0.5478,1,1.341,0.834,1,0.661,1,0.1131,0
P0903,U009,0,0.7121,0,0.919,0.94,0,0.5292,0,0.1829,0
P0903,U010,1,0.6628,1,1.29,0.376,0,0.7131,1,0.0503,0
P0904,U001,0,0.6385,0,1.335,0.745,1,0.3597,1,0.2787,0
P0904,U002,1,0.5523,1,1.433,0.533,1,0.7442,1,0.1918,0
P0904,U003,1,0.7684,1,1.196,0.069,1,0.8414,1,0.0729,0
P0904,U004,0,0.3681,1,1.362,0.587,0,0.2603,1,0.1078,0
P0904,U005,0,0.1135,1,0.842,0.753,0,0.1011,1,0.0124,0
P0904,U006,0,0.4995,1,1.511,0.645,1,0.3275,1,0.172,0
P0904,U007,1,0.5825,1,1.157,0.452,0,0.6659,1,0.0834,0
P0904,U008,1,0.4479,0,1.341,0.834,1,0.6669,1,0.2191,0
P0904,U009,0,0.5444,0,0.919,0.94,0,0.3232,1,0.2211,0
P0904,U010,1,0.8211,1,1.29,0.376,0,0.8502,1,0.0291,0
P0905,U001,0,0.2196,1,1.335,0.745,0,0.1821,1,0.0375,0
P0905,U002,1,0.9927,1,1.433,0.533,1,0.9691,1,0.0236,0
P0905,U003,1,0.8921,1,1.196,0.069,1,0.9002,1,0.0081,0
P0905,U004,0,0.2735,1,1.362,0.587,0,0.2335,1,0.04,0
P0905,U005,0,0.094,1,0.842,0.753,1,0.0901,1,0.004,0
P0905,U006,0,0.3421,1,1.511,0.645,0,0.3043,1,0.0379,0
P0905,U007,1,0.6218,1,1.157,0.452,0,0.6861,1,0.0644,0
P0905,U008,1,0.8274,1,1.341,0.834,0,0.8542,1,0.0268,0
P0905,U009,0,0.7258,0,0.919,0.94,1,0.5995,0,0.1263,0
P0905,U010,1,0.7807,1,1.29,0.376,0,0.8306,1,0.0499,0
P0906,U001,0,0.7709,0,1.335,0.745,0,0.5714,0,0.1996,0
P0906,U002,1,0.198,0,1.433,0.533,0,0.4309,0,0.2329,0
P0906,U003,1,0.6565,1,1.196,0.069,0,0.7319,1,0.0754,0
P0906,U004,0,0.6906,0,1.362,0.587,0,0.6051,0,0.0855,0
P0906,U005,0,0.2616,1,0.842,0.753,0,0.2147,1,0.0469,0
P0906,U006,0,0.3276,1,1.511,0.645,0,0.2504,1,0.0772,0
P0906,U007,1,0.4167,0,1.157,0.452,0,0.5178,1,0.1011,0
P0906,U008,1,0.6061,1,1.341,0.834,1,0.6637,1,0.0576,1
P0906,U009,0,0.5299,0,0.919,0.94,0,0.4204,1,0.1095,0
P0906,U010,1,0.0362,0,1.29,0.376,0,0.3252,0,0.289,0
P0907,U001,0,0.286,1,1.335,0.745,0,0.207,1,0.079,0
P0907,U002,1,0.7808,1,1.433,0.533,1,0.8506,1,0.0698,0
P0907,U003,1,0.6229,1,1.196,0.069,0,0.7682,1,0.1453,0
P0907,U004,0,0.5848,0,1.362,0.587,0,0.3915,1,0.1932,0
P0907,U005,0,0.0244,1,0.842,0.753,1,0.044,1,0.0196,0
P0907,U006,0,0.5588,0,1.511,0.645,1,0.3449,1,0.2139,0
P0907,U007,1,0.8432,1,1.157,0.452,1,0.99,1,0.0068,1
P0907,U008,1,0.2354,0,1.341,0.834,0,0.5012,1,0.2658,0
P0907,U009,0,0.1192,1,0.919,0.94,0,0.1061,1,0.0131,0
P0907,U010,1,0.6627,1,1.29,0.376,0,0.8001,1,0.1374,0
P0908,U001,0,0.1116,1,1.335,0.745,0,0.094,1,0.0176,0
P0908,U002,1,0.9054,1,1.433,0.533,0,0.9141,1,0.0087,0
P0908,U003,1,0.9802,1,1.196,0.069,1,0.9445,1,0.0357,0
P0908,U004,0,0.8404,0,1.362,0.587,1,0.3685,1,0.472,0
P0908,U005,0,0.4305,1,0.842,0.753,1,0.2113,1,0.2191,0
P0908,U006,0,0.7211,0,1.511,0.645,1,0.2608,1,0.4603,0
P0908,U007,1,0.7525,1,1.157,0.452,1,0.8555,1,0.103,0
P0908,U008,1,0.8095,1,1.341,0.834,1,0.8509,1,0.0414,1
P0908,U009,0,0.3022,1,0.919,0.94,0,0.2016,1,0.1005,0
P0908,U010,1,0.7529,1,1.29,0.376,1,0.8464,1,0.0935,0
P0909,U001,0,0.2195,1,1.335,0.745,0,0.1741,1,0.0454,0
P0909,U002,1,0.9232,1,1.433,0.533,0,0.99,1,-0.0668,1
P0909,U003,1,0.6196,1,1.196,0.069,0,0.6992,1,0.0796,0
P0909,U004,0,0.3814,1,1.362,0.587,0,0.3844,1,-0.003,1
P0909,U005,0,0.4548,1,0.842,0.753,0,0.3466,1,0.1082,0
P0909,U006,0,0.6094,0,1.511,0.645,0,0.4364,1,0.173,0
P0909,U007,1,0.4634,0,1.157,0.452,0,0.5429,1,0.0795,0
P0909,U008,1,0.8184,1,1.341,0.834,1,0.8563,1,0.0379,0
P0909,U009,0,0.8713,0,0.919,0.94,0,0.6955,0,0.1757,0
P0909,U010,1,0.5749,1,1.29,0.376,0,0.6813,1,0.1064,0
P0910,U001,0,0.526,0,1.335,0.745,1,0.3198,1,0.2062,0
P0910,U002,1,0.9686,1,1.433,0.533,0,0.9413,1,0.0273,0
P0910,U003,1,0.7135,1,1.196,0.069,0,0.5651,1,-0.1484,1
P0910,U004,0,0.2119,1,1.362,0.587,1,0.1529,1,0.059,0
P0910,U005,0,0.0418,1,0.842,0.753,0,0.0565,1,0.0146,0
P0910,U006,0,0.6163,0,1.511,0.645,0,0.3943,1,0.2221,0
P0910,U007,1,0.5776,1,1.157,0.452,0,0.6914,1,0.1138,0
P0910,U008,1,0.2552,0,1.341,0.834,1,0.598,1,0.3428,0
P0910,U009,0,0.0463,1,0.919,0.94,1,0.0574,1,0.0111,0
P0910,U010,1,0.9562,1,1.29,0.376,0,0.9392,1,0.017,0
P0911,U001,0,0.6769,0,1.335,0.745,1,0.5566,0,0.1203,0
P0911,U002,1,0.7877,1,1.433,0.533,0,0.83,1,0.0423,0
P0911,U003,1,0.5255,1,1.196,0.069,0,0.5597,1,0.0342,0
P0911,U004,0,0.2395,1,1.362,0.587,1,0.1913,1,0.0481,0
P0911,U005,0,0.425,1,0.842,0.753,0,0.3538,1,0.0712,0
P0911,U006,0,0.6877,0,1.511,0.645,0,0.5262,0,0.1615,0
P0911,U007,1,0.7988,1,1.157,0.452,0,0.8293,1,0.0305,0
P0911,U008,1,0.8869,1,1.341,0.834,0,0.8961,1,0.0092,0
P0911,U009,0,0.8739,0,0.919,0.94,1,0.7154,0,0.1585,0
P0911,U010,1,0.249,0,1.29,0.376,0,0.3548,0,0.1058,0
P0912,U001,0,0.4566,1,1.335,0.745,0,0.3576,1,0.099,0
P0912,U002,1,0.7489,1,1.433,0.533,0,0.7997,1,0.0508,0
P0912,U003,1,0.9649,1,1.196,0.069,0,0.9555,1,0.0094,0
P0912,U004,0,0.5282,0,1.362,0.587,1,0.5178,0,0.0104,0
P0912,U005,0,0.3634,1,0.842,0.753,1,0.3058,1,0.0576,0
P0912,U006,0,0.0984,1,1.511,0.645,1,0.0943,1,0.004,0
P0912,U007,1,0.8297,1,1.157,0.452,1,0.8462,1,0.0165,0
P0912,U008,1,0.7015,1,1.341,0.834,1,0.7714,1,0.0699,0
P0912,U009,0,0.8703,0,0.919,0.94,1,0.7857,0,0.0846,0
P0912,U010,1,0.7974,1,1.29,0.376,1,0.8355,1,0.0381,0
P0913,U001,0,0.1708,1,1.335,0.745,1,0.1536,1,0.0172,0
P0913,U002,1,0.7749,1,1.433,0.533,0,0.7873,1,0.0124,0
P0913,U003,1,0.3371,0,1.196,0.069,0,0.444,0,0.1069,0
P0913,U004,0,0.2583,1,1.362,0.587,0,0.236,1,0.0224,0
P0913,U005,0,0.6222,0,0.842,0.753,1,0.5081,0,0.1141,0
P0913,U006,0,0.6419,0,1.511,0.645,0,0.54,0,0.1018,0
P0913,U007,1,0.2867,0,1.157,0.452,0,0.3865,0,0.0998,0
P0913,U008,1,0.1379,0,1.341,0.834,1,0.2357,0,0.0978,0
P0913,U009,0,0.8525,0,0.919,0.94,0,0.8235,0,0.029,0
P0913,U010,1,0.4087,0,1.29,0.376,1,0.395,0,-0.0138,1
P0914,U001,0,0.4179,1,1.335,0.745,0,0.3302,1,0.0878,0
P0914,U002,1,0.4557,0,1.433,0.533,0,0.526,1,0.0703,0
P0914,U003,1,0.7101,1,1.196,0.069,0,0.7317,1,0.0216,0
P0914,U004,0,0.5083,0,1.362,0.587,0,0.4405,1,0.0678,0
P0914,U005,0,0.7625,0,0.842,0.753,0,0.6466,0,0.1159,0
P0914,U006,0,0.8524,0,1.511,0.645,0,0.7627,0,0.0897,0
P0914,U007,1,0.3059,0,1.157,0.452,0,0.3041,0,-0.0018,1
P0914,U008,1,0.3851,0,1.341,0.834,0,0.4484,0,0.0633,0
P0914,U009,0,0.9311,0,0.919,0.94,0,0.7862,0,0.145,0
P0914,U010,1,0.1829,0,1.29,0.376,0,0.3489,0,0.1661,0
P0915,U001,0,0.0162,1,1.335,0.745,1,0.0346,1,0.0184,0
P0915,U002,1,0.816,1,1.433,0.533,1,0.8465,1,0.0305,0
P0915,U003,1,0.6209,1,1.196,0.069,1,0.7091,1,0.0882,0
P0915,U004,0,0.3962,1,1.362,0.587,1,0.3128,1,0.0834,0
P0915,U005,0,0.0674,1,0.842,0.753,1,0.01,1,-0.0574,1
P0915,U006,0,0.723,0,1.511,0.645,1,0.5426,0,0.1804,0
P0915,U007,1,0.5095,1,1.157,0.452,1,0.6543,1,0.1448,0
P0915,U008,1,0.6715,1,1.341,0.834,1,0.8193,1,0.1478,1
P0915,U009,0,0.456,1,0.919,0.94,1,0.3779,1,0.0781,0
P0915,U010,1,0.344,0,1.29,0.376,0,0.5368,1,0.1928,0
P0916,U001,0,0.8701,0,1.335,0.745,0,0.5048,0,0.3653,0
P0916,U002,1,0.7242,1,1.433,0.533,0,0.8063,1,0.082,0
P0916,U003,1,0.7855,1,1.196,0.069,0,0.8358,1,0.0503,0
P0916,U004,0,0.4258,1,1.362,0.587,0,0.2407,1,0.1851,0
P0916,U005,0,0.5617,0,0.842,0.753,0,0.3947,1,0.167,0
P0916,U006,0,0.7537,0,1.511,0.645,1,0.4235,1,0.3302,0
P0916,U007,1,0.685,1,1.157,0.452,0,0.7941,1,0.1091,0
P0916,U008,1,0.6165,1,1.341,0.834,0,0.7296,1,0.1131,0
P0916,U009,0,0.8858,0,0.919,0.94,1,0.5406,0,0.3451,0
P0916,U010,1,0.6198,1,1.29,0.376,0,0.7859,1,0.1661,0
P0917,U001,0,0.5797,0,1.335,0.745,0,0.4442,1,0.1355,0
P0917,U002,1,0.9256,1,1.433,0.533,1,0.9242,1,0.0014,0
P0917,U003,1,0.9255,1,1.196,0.069,0,0.9233,1,0.0021,0
P0917,U004,0,0.2377,1,1.362,0.587,0,0.1967,1,0.0409,0
P0917,U005,0,0.0724,1,0.842,0.753,1,0.0743,1,0.002,0
P0917,U006,0,0.2953,1,1.511,0.645,0,0.2258,1,0.0695,0
P0917,U007,1,0.5559,1,1.157,0.452,1,0.6826,1,0.1267,0
P0917,U008,1,0.9459,1,1.341,0.834,0,0.9354,1,0.0106,0
P0917,U009,0,0.3193,1,0.919,0.94,0,0.2563,1,0.063,0
P0917,U010,1,0.8161,1,1.29,0.376,0,0.8657,1,0.0496,0
P0918,U001,0,0.1623,1,1.335,0.745,1,0.1457,1,0.0166,0
P0918,U002,1,0.4601,0,1.433,0.533,0,0.6033,1,0.1432,0
P0918,U003,1,0.6995,1,1.196,0.069,0,0.7626,1,0.063,0
P0918,U004,0,0.0529,1,1.362,0.587,1,0.01,1,-0.0429,1
P0918,U005,0,0.0251,1,0.842,0.753,0,0.0409,1,0.0158,0
P0918,U006,0,0.3338,1,1.511,0.645,1,0.2384,1,0.0954,0
P0918,U007,1,0.6019,1,1.157,0.452,1,0.6962,1,0.0943,0
P0918,U008,1,0.578,1,1.341,0.834,1,0.6505,1,0.0725,0
P0918,U009,0,0.2165,1,0.919,0.94,1,0.1781,1,0.0384,0
P0918,U010,1,0.6205,1,1.29,0.376,0,0.7059,1,0.0854,0
P0919,U001,0,0.0782,1,1.335,0.745,0,0.0789,1,0.0007,0
P0919,U002,1,0.9631,1,1.433,0.533,0,0.949,1,0.0141,0
P0919,U003,1,0.8717,1,1.196,0.069,1,0.8823,1,0.0106,0
P0919,U004,0,0.0898,1,1.362,0.587,0,0.0868,1,0.003,0
P0919,U005,0,0.1059,1,0.842,0.753,1,0.0974,1,0.0086,0
P0919,U006,0,0.2194,1,1.511,0.645,0,0.1668,1,0.0526,0
P0919,U007,1,0.4501,0,1.157,0.452,1,0.6356,1,0.1854,0
P0919,U008,1,0.9398,1,1.341,0.834,0,0.9325,1,0.0073,0
P0919,U009,0,0.5457,0,0.919,0.94,0,0.4228,1,0.1229,0
P0919,U010,1,0.9549,1,1.29,0.376,1,0.9401,1,0.0148,0
P0920,U001,0,0.8213,0,1.335,0.745,0,0.6721,0,0.1491,0
P0920,U002,1,0.9797,1,1.433,0.533,0,0.9594,1,0.0203,0
P0920,U003,1,0.9036,1,1.196,0.069,0,0.908,1,0.0043,0
P0920,U004,0,0.7712,0,1.362,0.587,1,0.555,0,0.2161,0
P0920,U005,0,0.1644,1,0.842,0.753,0,0.1386,1,0.0259,0
P0920,U006,0,0.8286,0,1.511,0.645,0,0.6057,0,0.2229,0
P0920,U007,1,0.8593,1,1.157,0.452,0,0.8813,1,0.022,0
P0920,U008,1,0.9448,1,1.341,0.834,0,0.9412,1,0.0035,0
P0920,U009,0,0.9337,0,0.919,0.94,0,0.7853,0,0.1484,0
P0920,U010,1,0.9423,1,1.29,0.376,0,0.9334,1,0.009,0
P0921,U001,0,0.4093,1,1.335,0.745,0,0.2654,1,0.1439,0
P0921,U002,1,0.5492,1,1.433,0.533,0,0.6809,1,0.1317,0
P0921,U003,1,0.336,0,1.196,0.069,0,0.5109,1,0.1749,0
P0921,U004,0,0.7293,0,1.362,0.587,0,0.5122,0,0.2171,0
P0921,U005,0,0.3752,1,0.842,0.753,1,0.3099,1,0.0652,0
P0921,U006,0,0.4644,1,1.511,0.645,0,0.3684,1,0.096,0
P0921,U007,1,0.5857,1,1.157,0.452,1,0.7132,1,0.1275,0
P0921,U008,1,0.7342,1,1.341,0.834,0,0.8149,1,0.0807,0
P0921,U009,0,0.2525,1,0.919,0.94,1,0.2245,1,0.0281,0
P0921,U010,1,0.6918,1,1.29,0.376,0,0.759,1,0.0671,0
P0922,U001,0,0.8248,0,1.335,0.745,1,0.5596,0,0.2652,0
P0922,U002,1,0.9735,1,1.433,0.533,0,0.9535,1,0.02,0
P0922,U003,1,0.9797,1,1.196,0.069,1,0.9562,1,0.0235,0
P0922,U004,0,0.3927,1,1.362,0.587,0,0.2663,1,0.1264,0
P0922,U005,0,0.822,0,0.842,0.753,0,0.5132,0,0.3088,0
P0922,U006,0,0.6599,0,1.511,0.645,0,0.4748,1,0.1852,0
P0922,U007,1,0.7318,1,1.157,0.452,0,0.805,1,0.0732,0
P0922,U008,1,0.936,1,1.341,0.834,0,0.7337,1,-0.1703,1
P0922,U009,0,0.979,0,0.919,0.94,1,0.604,0,0.3749,0
P0922,U010,1,0.9661,1,1.29,0.376,0,0.9468,1,0.0193,0
P0923,U001,0,0.4721,1,1.335,0.745,0,0.3288,1,0.1433,0
P0923,U002,1,0.4632,0,1.433,0.533,1,0.6681,1,0.2049,0
P0923,U003,1,0.5575,1,1.196,0.069,1,0.6786,1,0.1212,1
P0923,U004,0,0.1059,1,1.362,0.587,0,0.0997,1,0.0063,0
P0923,U005,0,0.4425,1,0.842,0.753,0,0.4083,1,0.0342,0
P0923,U006,0,0.754,0,1.511,0.645,0,0.6679,0,0.0862,0
P0923,U007,1,0.5433,1,1.157,0.452,0,0.6016,1,0.0583,0
P0923,U008,1,0.616,1,1.341,0.834,0,0.6798,1,0.0637,0
P0923,U009,0,0.6637,0,0.919,0.94,0,0.5369,0,0.1267,0
P0923,U010,1,0.0191,0,1.29,0.376,0,0.2353,0,0.2162,0
P0924,U001,0,0.6203,0,1.335,0.745,0,0.4474,1,0.1728,0
P0924,U002,1,0.8839,1,1.433,0.533,1,0.8952,1,0.0113,0
P0924,U003,1,0.8963,1,1.196,0.069,0,0.9067,1,0.0103,0
P0924,U004,0,0.3237,1,1.362,0.587,0,0.2216,1,0.1022,0
P0924,U005,0,0.4729,1,0.842,0.753,1,0.3328,1,0.1401,0
P0924,U006,0,0.3258,1,1.511,0.645,0,0.2549,1,0.0709,0
P0924,U007,1,0.7039,1,1.157,0.452,1,0.7729,1,0.0689,0
P0924,U008,1,0.9151,1,1.341,0.834,0,0.9165,1,0.0014,0
P0924,U009,0,0.8947,0,0.919,0.94,0,0.6814,0,0.2133,1
P0924,U010,1,0.6827,1,1.29,0.376,0,0.7627,1,0.08,0
P0925,U001,0,0.5391,0,1.335,0.745,0,0.5407,0,-0.0017,0
P0925,U002,1,0.0691,0,1.433,0.533,0,0.2065,0,0.1374,0
P0925,U003,1,0.1265,0,1.196,0.069,1,0.306,0,0.1795,0
P0925,U004,0,0.1828,1,1.362,0.587,0,0.1599,1,0.0229,0
P0925,U005,0,0.0736,1,0.842,0.753,1,0.0757,1,0.0021,0
P0925,U006,0,0.2806,1,1.511,0.645,1,0.2008,1,0.0798,0
P0925,U007,1,0.508,1,1.157,0.452,0,0.1739,0,-0.3341,1
P0925,U008,1,0.1348,0,1.341,0.834,0,0.1615,0,0.0268,0
P0925,U009,0,0.5933,0,0.919,0.94,0,0.4731,1,0.1202,0
P0925,U010,1,0.0077,0,1.29,0.376,1,0.214,0,0.2062,0
P0926,U001,0,0.7889,0,1.335,0.745,1,0.6921,0,0.0968,0
P0926,U002,1,0.4678,0,1.433,0.533,0,0.5281,1,0.0603,0
P0926,U003,1,0.2072,0,1.196,0.069,1,0.2911,0,0.0839,0
P0926,U004,0,0.7624,0,1.362,0.587,0,0.5641,0,0.1983,0
P0926,U005,0,0.3356,1,0.842,0.753,0,0.261,1,0.0745,0
P0926,U006,0,0.818,0,1.511,0.645,0,0.6094,0,0.2086,0
P0926,U007,1,0.1465,0,1.157,0.452,0,0.3482,0,0.2017,0
P0926,U008,1,0.1546,0,1.341,0.834,0,0.2589,0,0.1043,0
P0926,U009,0,0.9655,0,0.919,0.94,0,0.8157,0,0.1498,0
P0926,U010,1,0.0158,0,1.29,0.376,0,0.1494,0,0.1336,0
P0927,U001,0,0.5358,0,1.335,0.745,0,0.4608,1,0.0749,0
P0927,U002,1,0.2417,0,1.433,0.533,0,0.3881,0,0.1464,0
P0927,U003,1,0.5511,1,1.196,0.069,0,0.6678,1,0.1167,0
P0927,U004,0,0.9048,0,1.362,0.587,0,0.6725,0,0.2322,0
P0927,U005,0,0.3628,1,0.842,0.753,0,0.3024,1,0.0604,0
P0927,U006,0,0.8406,0,1.511,0.645,0,0.7609,0,0.0798,0
P0927,U007,1,0.3262,0,1.157,0.452,0,0.4719,0,0.1457,0
P0927,U008,1,0.1262,0,1.341,0.834,0,0.2424,0,0.1163,0
P0927,U009,0,0.8402,0,0.919,0.94,0,0.7532,0,0.087,1
P0927,U010,1,0.1536,0,1.29,0.376,0,0.3661,0,0.2125,0
P0928,U001,0,0.2533,1,1.335,0.745,0,0.2261,1,0.0272,0
P0928,U002,1,0.9185,1,1.433,0.533,1,0.9186,1,0.0002,0
P0928,U003,1,0.815,1,1.196,0.069,1,0.99,1,0.035,1
P0928,U004,0,0.0361,1,1.362,0.587,0,0.0428,1,0.0068,0
P0928,U005,0,0.0125,1,0.842,0.753,0,0.01,1,-0.0025,1
P0928,U006,0,0.0644,1,1.511,0.645,1,0.0689,1,0.0045,0
P0928,U007,1,0.9525,1,1.157,0.452,0,0.9456,1,0.0068,0
P0928,U008,1,0.6056,1,1.341,0.834,1,0.6953,1,0.0896,0
P0928,U009,0,0.2369,1,0.919,0.94,0,0.2007,1,0.0361,0
P0928,U010,1,0.7664,1,1.29,0.376,0,0.7701,1,0.0038,0
P0929,U001,0,0.5912,0,1.335,0.745,1,0.4637,1,0.1275,0
P0929,U002,1,0.9823,1,1.433,0.533,0,0.9674,1,0.0149,0
P0929,U003,1,0.8923,1,1.196,0.069,1,0.9006,1,0.0083,0
P0929,U004,0,0.4741,1,1.362,0.587,0,0.3262,1,0.1478,0
P0929,U005,0,0.1499,1,0.842,0.753,0,0.1395,1,0.0105,0
P0929,U006,0,0.7139,0,1.511,0.645,1,0.5847,0,0.1292,0
P0929,U007,1,0.872,1,1.157,0.452,1,0.8862,1,0.0142,0
P0929,U008,1,0.6541,1,1.341,0.834,0,0.7537,1,0.0996,0
P0929,U009,0,0.3136,1,0.919,0.94,0,0.2617,1,0.0519,0
P0929,U010,1,0.9601,1,1.29,0.376,1,0.9489,1,0.0112,0
P0930,U001,0,0.7976,0,1.335,0.745,0,0.6079,0,0.1898,0
P0930,U002,1,0.9679,1,1.433,0.533,0,0.8453,1,-0.0269,1
P0930,U003,1,0.7653,1,1.196,0.069,1,0.8124,1,0.0471,0
P0930,U004,0,0.6096,0,1.362,0.587,1,0.4773,1,0.1323,0
P0930,U005,0,0.6414,0,0.842,0.753,0,0.5203,0,0.1211,0
P0930,U006,0,0.5863,0,1.511,0.645,0,0.4451,1,0.1413,0
P0930,U007,1,0.7207,1,1.157,0.452,0,0.7815,1,0.0608,0
P0930,U008,1,0.5955,1,1.341,0.834,0,0.6915,1,0.096,0
P0930,U009,0,0.5699,0,0.919,0.94,0,0.4584,1,0.1115,0
P0930,U010,1,0.8998,1,1.29,0.376,0,0.9047,1,0.0049,0
P0931,U001,0,0.1499,1,1.335,0.745,0,0.1203,1,0.0296,0
P0931,U002,1,0.9575,1,1.433,0.533,0,0.99,1,-0.0325,1
P0931,U003,1,0.852,1,1.196,0.069,0,0.8783,1,0.0263,0
P0931,U004,0,0.3761,1,1.362,0.587,0,0.2826,1,0.0935,0
P0931,U005,0,0.0962,1,0.842,0.753,0,0.0923,1,0.0039,0
P0931,U006,0,0.1355,1,1.511,0.645,0,0.1225,1,0.013,0
P0931,U007,1,0.8673,1,1.157,0.452,1,0.8881,1,0.0207,0
P0931,U008,1,0.4981,0,1.341,0.834,0,0.634,1,0.1359,0
P0931,U009,0,0.4113,1,0.919,0.94,0,0.2975,1,0.1138,0
P0931,U010,1,0.8649,1,1.29,0.376,0,0.8799,1,0.015,0
P0932,U001,0,0.4438,1,1.335,0.745,1,0.3091,1,0.1346,0
P0932,U002,1,0.7796,1,1.433,0.533,0,0.8244,1,0.0448,0
P0932,U003,1,0.5183,1,1.196,0.069,0,0.5856,1,0.0673,0
P0932,U004,0,0.527,0,1.362,0.587,0,0.3945,1,0.1325,0
P0932,U005,0,0.0063,1,0.842,0.753,0,0.0194,1,0.0132,0
P0932,U006,0,0.0205,1,1.511,0.645,0,0.0308,1,0.0103,0
P0932,U007,1,0.7206,1,1.157,0.452,0,0.7927,1,0.0721,0
P0932,U008,1,0.423,0,1.341,0.834,0,0.5856,1,0.1626,0
P0932,U009,0,0.0773,1,0.919,0.94,0,0.0782,1,0.0009,0
P0932,U010,1,0.7877,1,1.29,0.376,1,0.8318,1,0.0441,0
P0933,U001,0,0.156,1,1.335,0.745,1,0.1239,1,0.0321,0
P0933,U002,1,0.8708,1,1.433,0.533,0,0.8864,1,0.0156,0
P0933,U003,1,0.7227,1,1.196,0.069,1,0.8075,1,0.0848,0
P0933,U004,0,0.2438,1,1.362,0.587,0,0.1864,1,0.0573,0
P0933,U005,0,0.0547,1,0.842,0.753,0,0.1689,1,-0.0636,1
P0933,U006,0,0.5297,0,1.511,0.645,0,0.3459,1,0.1838,0
P0933,U007,1,0.2271,0,1.157,0.452,1,0.4891,0,0.262,0
P0933,U008,1,0.6217,1,1.341,0.834,1,0.7088,1,0.0872,0
P0933,U009,0,0.1691,1,0.919,0.94,0,0.146,1,0.0231,0
P0933,U010,1,0.149,0,1.29,0.376,0,0.4101,0,0.2611,0
P0934,U001,0,0.2562,1,1.335,0.745,0,0.1861,1,0.0701,0
P0934,U002,1,0.8588,1,1.433,0.533,1,0.888,1,0.0292,0
P0934,U003,1,0.8353,1,1.196,0.069,1,0.8665,1,0.0313,0
P0934,U004,0,0.9547,0,1.362,0.587,1,0.5735,0,0.3812,0
P0934,U005,0,0.508,0,0.842,0.753,1,0.3314,1,0.1765,0
P0934,U006,0,0.3963,1,1.511,0.645,1,0.2158,1,0.1805,0
P0934,U007,1,0.7297,1,1.157,0.452,1,0.8197,1,0.09,0
P0934,U008,1,0.5797,1,1.341,0.834,1,0.4284,0,-0.1513,1
P0934,U009,0,0.6966,0,0.919,0.94,0,0.4643,1,0.2323,0
P0934,U010,1,0.2725,0,1.29,0.376,1,0.6098,1,0.3373,0
P0935,U001,0,0.3316,1,1.335,0.745,0,0.2503,1,0.0813,0
P0935,U002,1,0.4412,0,1.433,0.533,1,0.5847,1,0.1435,0
P0935,U003,1,0.9589,1,1.196,0.069,0,0.9458,1,0.0131,0
P0935,U004,0,0.5509,0,1.362,0.587,0,0.3775,1,0.1734,0
P0935,U005,0,0.0912,1,0.842,0.753,0,0.0876,1,0.0036,0
P0935,U006,0,0.5562,0,1.511,0.645,0,0.3992,1,0.157,0
P0935,U007,1,0.7265,1,1.157,0.452,1,0.8014,1,0.0749,0
P0935,U008,1,0.6336,1,1.341,0.834,1,0.7138,1,0.0803,0
P0935,U009,0,0.52,0,0.919,0.94,1,0.3852,1,0.1348,0
P0935,U010,1,0.6476,1,1.29,0.376,1,0.7125,1,0.0648,0
P0936,U001,0,0.5116,0,1.335,0.745,0,0.5065,0,0.0051,0
P0936,U002,1,0.6765,1,1.433,0.533,0,0.6698,1,-0.0066,0
P0936,U003,1,0.8343,1,1.196,0.069,0,0.8455,1,0.0112,0
P0936,U004,0,0.8892,0,1.362,0.587,0,0.7641,0,0.1251,0
P0936,U005,0,0.3884,1,0.842,0.753,1,0.3468,1,0.0416,0
P0936,U006,0,0.4339,1,1.511,0.645,0,0.3941,1,0.0398,0
P0936,U007,1,0.5032,1,1.157,0.452,1,0.5449,1,0.0417,0
P0936,U008,1,0.628,1,1.341,0.834,0,0.6666,1,0.0386,0
P0936,U009,0,0.8012,0,0.919,0.94,0,0.7645,0,0.0366,0
P0936,U010,1,0.6567,1,1.29,0.376,0,0.6818,1,0.0251,0
P0937,U001,0,0.9172,0,1.335,0.745,0,0.7875,0,0.1297,0
P0937,U002,1,0.8554,1,1.433,0.533,1,0.8714,1,0.016,0
P0937,U003,1,0.9199,1,1.196,0.069,0,0.92,1,0.0,0
P0937,U004,0,0.5449,0,1.362,0.587,1,0.3872,1,0.1577,0
P0937,U005,0,0.7367,0,0.842,0.753,1,0.6131,0,0.1237,0
P0937,U006,0,0.402,1,1.511,0.645,0,0.3572,1,0.0448,0
P0937,U007,1,0.8495,1,1.157,0.452,1,0.8697,1,0.0203,0
P0937,U008,1,0.5195,1,1.341,0.834,0,0.7086,1,0.1891,0
P0937,U009,0,0.9416,0,0.919,0.94,0,0.8586,0,0.083,0
P0937,U010,1,0.1911,0,1.29,0.376,1,0.4304,0,0.2393,0
P0938,U001,0,0.1556,1,1.335,0.745,0,0.1218,1,0.0339,0
P0938,U002,1,0.7329,1,1.433,0.533,0,0.7939,1,0.061,0
P0938,U003,1,0.557,1,1.196,0.069,1,0.637,1,0.08,0
P0938,U004,0,0.2904,1,1.362,0.587,0,0.2411,1,0.0494,0
P0938,U005,0,0.0896,1,0.842,0.753,0,0.0875,1,0.0021,0
P0938,U006,0,0.709,0,1.511,0.645,0,0.5121,0,0.1969,0
P0938,U007,1,0.7399,1,1.157,0.452,0,0.7891,1,0.0492,0
P0938,U008,1,0.4985,0,1.341,0.834,0,0.5662,1,0.0676,0
P0938,U009,0,0.5066,0,0.919,0.94,1,0.3552,1,0.1514,0
P0938,U010,1,0.4714,0,1.29,0.376,0,0.5894,1,0.1181,1
P0939,U001,0,0.9806,0,1.335,0.745,0,0.9307,0,0.05,0
P0939,U002,1,0.8575,1,1.433,0.533,0,0.8594,1,0.0019,0
P0939,U003,1,0.816,1,1.196,0.069,1,0.8344,1,0.0184,0
P0939,U004,0,0.9185,0,1.362,0.587,0,0.8759,0,0.0426,0
P0939,U005,0,0.9946,0,0.842,0.753,0,0.9863,0,0.0083,0
P0939,U006,0,0.9813,0,1.511,0.645,0,0.8129,0,0.1684,0
P0939,U007,1,0.8305,1,1.157,0.452,0,0.8369,1,0.0063,0
P0939,U008,1,0.5558,1,1.341,0.834,0,0.5798,1,0.024,0
P0939,U009,0,0.9873,0,0.919,0.94,0,0.9553,0,0.0321,0
P0939,U010,1,0.1672,0,1.29,0.376,0,0.2133,0,0.0462,0
P0940,U001,0,0.1001,1,1.335,0.745,0,0.0964,1,0.0038,0
P0940,U002,1,0.648,1,1.433,0.533,0,0.678,1,0.03,0
P0940,U003,1,0.8536,1,1.196,0.069,0,0.8635,1,0.0099,0
P0940,U004,0,0.058,1,1.362,0.587,0,0.058,1,0.0,0
P0940,U005,0,0.0102,1,0.842,0.753,0,0.0164,1,0.0061,0
P0940,U006,0,0.3482,1,1.511,0.645,0,0.3378,1,0.0104,0
P0940,U007,1,0.6316,1,1.157,0.452,0,0.6633,1,0.0317,0
P0940,U008,1,0.8267,1,1.341,0.834,0,0.8337,1,0.007,0
P0940,U009,0,0.5175,0,0.919,0.94,0,0.4692,1,0.0484,0
P0940,U010,1,0.4912,0,1.29,0.376,0,0.5527,1,0.0616,0
P0941,U001,0,0.1065,1,1.335,0.745,1,0.1011,1,0.0053,0
P0941,U002,1,0.1379,0,1.433,0.533,1,0.3071,0,0.1692,0
P0941,U003,1,0.2151,0,1.196,0.069,0,0.427,0,0.2119,0
P0941,U004,0,0.2024,1,1.362,0.587,1,0.1505,1,0.0518,0
P0941,U005,0,0.0222,1,0.842,0.753,0,0.0398,1,0.0176,0
P0941,U006,0,0.301,1,1.511,0.645,0,0.2583,1,0.0427,0
P0941,U007,1,0.0952,0,1.157,0.452,0,0.182,0,0.0868,0
P0941,U008,1,0.2307,0,1.341,0.834,0,0.3359,0,0.1052,0
P0941,U009,0,0.3426,1,0.919,0.94,1,0.2856,1,0.057,0
P0941,U010,1,0.0128,0,1.29,0.376,1,0.2259,0,0.213,0
P0942,U001,0,0.1136,1,1.335,0.745,0,0.1081,1,0.0055,0
P0942,U002,1,0.1519,0,1.433,0.533,0,0.2205,0,0.0686,0
P0942,U003,1,0.2231,0,1.196,0.069,0,0.3143,0,0.0912,0
P0942,U004,0,0.0242,1,1.362,0.587,0,0.0275,1,0.0034,0
P0942,U005,0,0.0026,1,0.842,0.753,1,0.0175,1,0.0148,0
P0942,U006,0,0.133,1,1.511,0.645,1,0.1249,1,0.0081,0
P0942,U007,1,0.2412,0,1.157,0.452,0,0.4488,0,0.2076,0
P0942,U008,1,0.3229,0,1.341,0.834,1,0.3961,0,0.0733,0
P0942,U009,0,0.1035,1,0.919,0.94,1,0.0988,1,0.0046,0
P0942,U010,1,0.0898,0,1.29,0.376,1,0.2822,0,0.1924,0
P0943,U001,0,0.5182,0,1.335,0.745,0,0.4675,1,0.0508,0
P0943,U002,1,0.1016,0,1.433,0.533,0,0.1992,0,0.0976,0
P0943,U003,1,0.2114,0,1.196,0.069,0,0.3192,0,0.1078,0
P0943,U004,0,0.7798,0,1.362,0.587,0,0.6873,0,0.0925,0
P0943,U005,0,0.3368,1,0.842,0.753,0,0.6199,0,-0.283,1
P0943,U006,0,0.8463,0,1.511,0.645,1,0.7814,0,0.0648,0
P0943,U007,1,0.39,0,1.157,0.452,0,0.4687,0,0.0788,0
P0943,U008,1,0.4463,0,1.341,0.834,0,0.4789,0,0.0326,0
P0943,U009,0,0.721,0,0.919,0.94,0,0.7298,0,-0.0088,0
P0943,U010,1,0.0742,0,1.29,0.376,0,0.1373,0,0.0631,0
P0944,U001,0,0.1705,1,1.335,0.745,1,0.1376,1,0.0329,0
P0944,U002,1,0.9882,1,1.433,0.533,1,0.9544,1,0.0338,0
P0944,U003,1,0.9676,1,1.196,0.069,0,0.99,1,-0.0224,1
P0944,U004,0,0.6414,0,1.362,0.587,0,0.4168,1,0.2246,0
P0944,U005,0,0.0684,1,0.842,0.753,1,0.0726,1,0.0042,0
P0944,U006,0,0.1052,1,1.511,0.645,1,0.0918,1,0.0134,0
P0944,U007,1,0.9302,1,1.157,0.452,1,0.9255,1,0.0047,0
P0944,U008,1,0.9861,1,1.341,0.834,1,0.9529,1,0.0331,0
P0944,U009,0,0.2911,1,0.919,0.94,1,0.215,1,0.0762,0
P0944,U010,1,0.9833,1,1.29,0.376,1,0.9466,1,0.0367,0
P0945,U001,0,0.7508,0,1.335,0.745,0,0.4577,1,0.2931,0
P0945,U002,1,0.751,1,1.433,0.533,0,0.7763,1,0.0252,0
P0945,U003,1,0.3298,0,1.196,0.069,1,0.5563,1,0.2265,0
P0945,U004,0,0.0247,1,1.362,0.587,1,0.042,1,0.0173,0
P0945,U005,0,0.0038,1,0.842,0.753,0,0.0246,1,0.0209,0
P0945,U006,0,0.3014,1,1.511,0.645,0,0.1895,1,0.112,0
P0945,U007,1,0.8981,1,1.157,0.452,0,0.906,1,0.0079,0
P0945,U008,1,0.6416,1,1.341,0.834,1,0.7338,1,0.0922,0
P0945,U009,0,0.2825,1,0.919,0.94,1,0.2267,1,0.0559,0
P0945,U010,1,0.3446,0,1.29,0.376,1,0.5595,1,0.2148,0
P0946,U001,0,0.3265,1,1.335,0.745,0,0.2782,1,0.0483,0
P0946,U002,1,0.8297,1,1.433,0.533,0,0.8476,1,0.0179,0
P0946,U003,1,0.9502,1,1.196,0.069,0,0.9458,1,0.0044,0
P0946,U004,0,0.1822,1,1.362,0.587,0,0.1679,1,0.0143,0
P0946,U005,0,0.0446,1,0.842,0.753,0,0.0502,1,0.0056,0
P0946,U006,0,0.5733,0,1.511,0.645,0,0.4973,1,0.076,0
P0946,U007,1,0.6091,1,1.157,0.452,0,0.6362,1,0.027,0
P0946,U008,1,0.8067,1,1.341,0.834,0,0.8115,1,0.0048,0
P0946,U009,0,0.1334,1,0.919,0.94,0,0.1319,1,0.0016,0
P0946,U010,1,0.3981,0,1.29,0.376,0,0.4445,0,0.0464,0
P0947,U001,0,0.3465,1,1.335,0.745,0,0.2937,1,0.0528,0
P0947,U002,1,0.7019,1,1.433,0.533,1,0.7778,1,0.076,0
P0947,U003,1,0.7268,1,1.196,0.069,1,0.7833,1,0.0565,0
P0947,U004,0,0.652,0,1.362,0.587,0,0.4481,1,0.2039,0
P0947,U005,0,0.7302,0,0.842,0.753,1,0.5905,0,0.1397,0
P0947,U006,0,0.5995,0,1.511,0.645,1,0.3534,1,0.2461,0
P0947,U007,1,0.4033,0,1.157,0.452,0,0.5624,1,0.1591,0
P0947,U008,1,0.1337,0,1.341,0.834,0,0.4675,0,0.3338,0
P0947,U009,0,0.8119,0,0.919,0.94,1,0.5231,0,0.2888,0
P0947,U010,1,0.621,1,1.29,0.376,1,0.7219,1,0.1009,0
P0948,U001,0,0.9029,0,1.335,0.745,0,0.7648,0,0.1381,0
P0948,U002,1,0.8439,1,1.433,0.533,0,0.8608,1,0.0169,0
P0948,U003,1,0.4254,0,1.196,0.069,0,0.5438,1,0.1185,0
P0948,U004,0,0.9395,0,1.362,0.587,0,0.7812,0,0.1583,0
P0948,U005,0,0.3051,1,0.842,0.753,0,0.2755,1,0.0297,0
P0948,U006,0,0.3193,1,1.511,0.645,1,0.3046,1,0.0147,0
P0948,U007,1,0.7871,1,1.157,0.452,0,0.8192,1,0.0321,0
P0948,U008,1,0.3429,0,1.341,0.834,0,0.4359,0,0.093,0
P0948,U009,0,0.5944,0,0.919,0.94,0,0.5296,0,0.0648,0
P0948,U010,1,0.5969,1,1.29,0.376,0,0.6578,1,0.0609,0
P0949,U001,0,0.9081,0,1.335,0.745,0,0.9234,0,-0.0153,0
P0949,U002,1,0.8067,1,1.433,0.533,0,0.8319,1,0.0252,0
P0949,U003,1,0.5265,1,1.196,0.069,0,0.5867,1,0.0603,1
P0949,U004,0,0.7978,0,1.362,0.587,1,0.617,0,0.1808,0
P0949,U005,0,0.6834,0,0.842,0.753,0,0.5655,0,0.1179,0
P0949,U006,0,0.8919,0,1.511,0.645,0,0.7727,0,0.1193,0
P0949,U007,1,0.8391,1,1.157,0.452,0,0.8573,1,0.0182,0
P0949,U008,1,0.1975,0,1.341,0.834,0,0.2909,0,0.0935,0
P0949,U009,0,0.9697,0,0.919,0.94,0,0.8103,0,0.1594,0
P0949,U010,1,0.4512,0,1.29,0.376,0,0.5142,1,0.063,0
P0950,U001,0,0.0881,1,1.335,0.745,0,0.0845,1,0.0036,0
P0950,U002,1,0.9486,1,1.433,0.533,1,0.938,1,0.0106,0
P0950,U003,1,0.899,1,1.196,0.069,1,0.908,1,0.0089,0
P0950,U004,0,0.1416,1,1.362,0.587,0,0.1214,1,0.0202,0
P0950,U005,0,0.0044,1,0.842,0.753,0,0.0227,1,0.0183,0
P0950,U006,0,0.1663,1,1.511,0.645,1,0.1218,1,0.0446,0
P0950,U007,1,0.5748,1,1.157,0.452,0,0.7154,1,0.1406,0
P0950,U008,1,0.8898,1,1.341,0.834,0,0.99,1,-0.0398,1
P0950,U009,0,0.4105,1,0.919,0.94,0,0.3142,1,0.0963,0
P0950,U010,1,0.8631,1,1.29,0.376,1,0.8847,1,0.0216,0
P0951,U001,0,0.072,1,1.335,0.745,0,0.0752,1,0.0032,0
P0951,U002,1,0.9184,1,1.433,0.533,0,0.9189,1,0.0004,0
P0951,U003,1,0.3439,0,1.196,0.069,1,0.626,1,0.2821,0
P0951,U004,0,0.0744,1,1.362,0.587,0,0.0766,1,0.0022,0
P0951,U005,0,0.0026,1,0.842,0.753,1,0.0327,1,0.0301,0
P0951,U006,0,0.3585,1,1.511,0.645,1,0.2417,1,0.1168,0
P0951,U007,1,0.6341,1,1.157,0.452,1,0.7546,1,0.1205,0
P0951,U008,1,0.9091,1,1.341,0.834,0,0.9127,1,0.0037,0
P0951,U009,0,0.1346,1,0.919,0.94,0,0.1214,1,0.0132,0
P0951,U010,1,0.3183,0,1.29,0.376,0,0.5351,1,0.2168,0
P0952,U001,0,0.7351,0,1.335,0.745,0,0.99,0,-0.2549,1
P0952,U002,1,0.9449,1,1.433,0.533,0,0.9405,1,0.0044,0
P0952,U003,1,0.7541,1,1.196,0.069,1,0.8361,1,0.0821,0
P0952,U004,0,0.7535,0,1.362,0.587,1,0.5364,0,0.2172,0
P0952,U005,0,0.2193,1,0.842,0.753,1,0.5178,0,-0.2985,1
P0952,U006,0,0.7981,0,1.511,0.645,1,0.4787,1,0.3194,0
P0952,U007,1,0.5085,1,1.157,0.452,0,0.6592,1,0.1507,0
P0952,U008,1,0.7759,1,1.341,0.834,1,0.8293,1,0.0534,0
P0952,U009,0,0.7329,0,0.919,0.94,1,0.4078,1,0.3251,1
P0952,U010,1,0.6978,1,1.29,0.376,1,0.7744,1,0.0766,0
P0953,U001,0,0.1521,1,1.335,0.745,0,0.1456,1,0.0065,0
P0953,U002,1,0.7364,1,1.433,0.533,0,0.7884,1,0.052,0
P0953,U003,1,0.3996,0,1.196,0.069,0,0.4798,0,0.0802,0
P0953,U004,0,0.1767,1,1.362,0.587,0,0.1494,1,0.0273,0
P0953,U005,0,0.0193,1,0.842,0.753,0,0.035,1,0.0156,0
P0953,U006,0,0.4473,1,1.511,0.645,1,0.3271,1,0.1202,0
P0953,U007,1,0.4861,0,1.157,0.452,0,0.6212,1,0.1351,0
P0953,U008,1,0.739,1,1.341,0.834,0,0.7855,1,0.0465,0
P0953,U009,0,0.1574,1,0.919,0.94,0,0.1403,1,0.0171,0
P0953,U010,1,0.4254,0,1.29,0.376,0,0.5801,1,0.1547,0
P0954,U001,0,0.2464,1,1.335,0.745,0,0.1574,1,0.0889,0
P0954,U002,1,0.9291,1,1.433,0.533,0,0.9257,1,0.0034,0
P0954,U003,1,0.8214,1,1.196,0.069,1,0.8806,1,0.0592,0
P0954,U004,0,0.2548,1,1.362,0.587,0,0.186,1,0.0688,0
P0954,U005,0,0.1923,1,0.842,0.753,1,0.1415,1,0.0508,0
P0954,U006,0,0.6498,0,1.511,0.645,0,0.3815,1,0.2683,0
P0954,U007,1,0.9025,1,1.157,0.452,1,0.9104,1,0.0079,0
P0954,U008,1,0.7909,1,1.341,0.834,1,0.8397,1,0.0488,0
P0954,U009,0,0.3055,1,0.919,0.94,0,0.2368,1,0.0687,0
P0954,U010,1,0.9554,1,1.29,0.376,1,0.9389,1,0.0165,0
P0955,U001,0,0.0995,1,1.335,0.745,0,0.0269,1,-0.0336,1
P0955,U002,1,0.491,0,1.433,0.533,0,0.5589,1,0.0679,0
P0955,U003,1,0.643,1,1.196,0.069,1,0.7081,1,0.0651,1
P0955,U004,0,0.1194,1,1.362,0.587,1,0.1118,1,0.0076,0
P0955,U005,0,0.0089,1,0.842,0.753,0,0.01,1,0.0011,1
P0955,U006,0,0.7416,0,1.511,0.645,1,0.5608,0,0.1809,0
P0955,U007,1,0.5988,1,1.157,0.452,0,0.66,1,0.0612,0
P0955,U008,1,0.2396,0,1.341,0.834,0,0.3087,0,0.0691,1
P0955,U009,0,0.8695,0,0.919,0.94,0,0.6725,0,0.197,0
P0955,U010,1,0.1294,0,1.29,0.376,1,0.3267,0,0.1972,0
P0956,U001,0,0.2253,1,1.335,0.745,0,0.1873,1,0.038,0
P0956,U002,1,0.5338,1,1.433,0.533,0,0.7184,1,0.1846,0
P0956,U003,1,0.9282,1,1.196,0.069,0,0.9253,1,0.0028,0
P0956,U004,0,0.7249,0,1.362,0.587,1,0.4607,1,0.2642,0
P0956,U005,0,0.2656,1,0.842,0.753,0,0.2132,1,0.0524,0
P0956,U006,0,0.5339,0,1.511,0.645,0,0.3762,1,0.1578,0
P0956,U007,1,0.5331,1,1.157,0.452,0,0.647,1,0.1138,0
P0956,U008,1,0.3644,0,1.341,0.834,0,0.5257,1,0.1613,0
P0956,U009,0,0.8898,0,0.919,0.94,0,0.6374,0,0.2524,0
P0956,U010,1,0.7933,1,1.29,0.376,0,0.8357,1,0.0425,0
P0957,U001,0,0.6971,0,1.335,0.745,1,0.4468,1,0.2503,0
P0957,U002,1,0.82,1,1.433,0.533,1,0.8584,1,0.0384,0
P0957,U003,1,0.9828,1,1.196,0.069,1,0.9587,1,0.0241,0
P0957,U004,0,0.1238,1,1.362,0.587,0,0.1071,1,0.0167,0
P0957,U005,0,0.1188,1,0.842,0.753,1,0.1068,1,0.012,0
P0957,U006,0,0.0692,1,1.511,0.645,1,0.01,1,-0.0592,1
P0957,U007,1,0.8944,1,1.157,0.452,0,0.9035,1,0.0091,0
P0957,U008,1,0.5538,1,1.341,0.834,1,0.7159,1,0.1621,0
P0957,U009,0,0.1733,1,0.919,0.94,1,0.134,1,0.0393,0
P0957,U010,1,0.9152,1,1.29,0.376,0,0.9174,1,0.0021,0
P0958,U001,0,0.0687,1,1.335,0.745,0,0.0699,1,0.0012,0
P0958,U002,1,0.8861,1,1.433,0.533,1,0.8941,1,0.008,0
P0958,U003,1,0.9127,1,1.196,0.069,1,0.9149,1,0.0021,0
P0958,U004,0,0.1879,1,1.362,0.587,1,0.169,1,0.0189,0
P0958,U005,0,0.0011,1,0.842,0.753,0,0.01,1,0.0089,0
P0958,U006,0,0.0309,1,1.511,0.645,0,0.036,1,0.0051,0
P0958,U007,1,0.9075,1,1.157,0.452,1,0.9097,1,0.0022,0
P0958,U008,1,0.8943,1,1.341,0.834,0,0.8984,1,0.0041,0
P0958,U009,0,0.1256,1,0.919,0.94,0,0.1186,1,0.007,0
P0958,U010,1,0.775,1,1.29,0.376,1,0.8235,1,0.0485,0
P0959,U001,0,0.0616,1,1.335,0.745,0,0.0668,1,0.0052,0
P0959,U002,1,0.7248,1,1.433,0.533,1,0.8383,1,0.1134,0
P0959,U003,1,0.6383,1,1.196,0.069,1,0.7352,1,0.0969,0
P0959,U004,0,0.0556,1,1.362,0.587,0,0.0651,1,0.0094,0
P0959,U005,0,0.0005,1,0.842,0.753,1,0.0175,1,0.017,0
P0959,U006,0,0.0532,1,1.511,0.645,1,0.0639,1,0.0108,0
P0959,U007,1,0.5284,1,1.157,0.452,1,0.6158,1,0.0875,0
P0959,U008,1,0.7964,1,1.341,0.834,1,0.8362,1,0.0399,0
P0959,U009,0,0.14,1,0.919,0.94,0,0.13,1,0.0101,0
P0959,U010,1,0.764,1,1.29,0.376,1,0.8443,1,0.0802,0
P0960,U001,0,0.4637,1,1.335,0.745,0,0.3247,1,0.139,1
P0960,U002,1,0.9871,1,1.433,0.533,1,0.7643,1,-0.0886,1
P0960,U003,1,0.8676,1,1.196,0.069,1,0.8913,1,0.0238,0
P0960,U004,0,0.1361,1,1.362,0.587,1,0.1161,1,0.02,0
P0960,U005,0,0.0776,1,0.842,0.753,1,0.0784,1,0.0008,0
P0960,U006,0,0.0956,1,1.511,0.645,0,0.0864,1,0.0092,0
P0960,U007,1,0.6719,1,1.157,0.452,1,0.6911,1,0.0192,1
P0960,U008,1,0.9452,1,1.341,0.834,1,0.9316,1,0.0135,0
P0960,U009,0,0.5153,0,0.919,0.94,0,0.6576,0,-0.1424,1
P0960,U010,1,0.9286,1,1.29,0.376,0,0.99,1,-0.0614,1
P0961,U001,0,0.7198,0,1.335,0.745,0,0.623,0,0.0968,0
P0961,U002,1,0.3937,0,1.433,0.533,0,0.4624,0,0.0688,0
P0961,U003,1,0.6795,1,1.196,0.069,0,0.6904,1,0.0108,0
P0961,U004,0,0.365,1,1.362,0.587,0,0.3092,1,0.0558,0
P0961,U005,0,0.0292,1,0.842,0.753,0,0.0313,1,0.002,0
P0961,U006,0,0.8465,0,1.511,0.645,0,0.6837,0,0.1628,0
P0961,U007,1,0.8399,1,1.157,0.452,0,0.8501,1,0.0103,0
P0961,U008,1,0.7327,1,1.341,0.834,0,0.7561,1,0.0234,0
P0961,U009,0,0.2682,1,0.919,0.94,0,0.2794,1,-0.0112,0
P0961,U010,1,0.2329,0,1.29,0.376,0,0.2783,0,0.0454,0
P0962,U001,0,0.1048,1,1.335,0.745,0,0.0926,1,0.0122,0
P0962,U002,1,0.6878,1,1.433,0.533,0,0.794,1,0.1062,0
P0962,U003,1,0.9448,1,1.196,0.069,1,0.9315,1,0.0133,0
P0962,U004,0,0.0577,1,1.362,0.587,1,0.068,1,0.0103,0
P0962,U005,0,0.0476,1,0.842,0.753,0,0.0592,1,0.0116,0
P0962,U006,0,0.1457,1,1.511,0.645,1,0.1184,1,0.0273,0
P0962,U007,1,0.5158,1,1.157,0.452,1,0.6465,1,0.1307,0
P0962,U008,1,0.7777,1,1.341,0.834,1,0.8469,1,0.0692,0
P0962,U009,0,0.2161,1,0.919,0.94,0,0.1643,1,0.0518,0
P0962,U010,1,0.127,0,1.29,0.376,0,0.395,0,0.2681,0
P0963,U001,0,0.6308,0,1.335,0.745,1,0.409,1,0.2217,0
P0963,U002,1,0.2359,0,1.433,0.533,1,0.5507,1,0.3148,0
P0963,U003,1,0.7055,1,1.196,0.069,1,0.7995,1,0.094,0
P0963,U004,0,0.5058,0,1.362,0.587,1,0.2973,1,0.2086,0
P0963,U005,0,0.4233,1,0.842,0.753,0,0.2721,1,0.1512,1
P0963,U006,0,0.8626,0,1.511,0.645,1,0.5156,0,0.347,0
P0963,U007,1,0.6563,1,1.157,0.452,0,0.8596,1,0.2033,1
P0963,U008,1,0.6693,1,1.341,0.834,1,0.8049,1,0.1356,0
P0963,U009,0,0.9064,0,0.919,0.94,0,0.5671,0,0.3393,0
P0963,U010,1,0.3153,0,1.29,0.376,1,0.5357,1,0.2205,0
P0964,U001,0,0.2139,1,1.335,0.745,0,0.1614,1,0.0524,0
P0964,U002,1,0.7859,1,1.433,0.533,1,0.8562,1,0.0702,0
P0964,U003,1,0.8669,1,1.196,0.069,0,0.8878,1,0.0208,0
P0964,U004,0,0.923,0,1.362,0.587,0,0.6423,0,0.2807,0
P0964,U005,0,0.1796,1,0.842,0.753,0,0.1412,1,0.0384,0
P0964,U006,0,0.1285,1,1.511,0.645,1,0.1028,1,0.0257,0
P0964,U007,1,0.9402,1,1.157,0.452,0,0.9339,1,0.0063,0
P0964,U008,1,0.5706,1,1.341,0.834,0,0.7212,1,0.1506,0
P0964,U009,0,0.6193,0,0.919,0.94,0,0.38,1,0.2393,0
P0964,U010,1,0.3766,0,1.29,0.376,1,0.5862,1,0.2096,0
P0965,U001,0,0.3438,1,1.335,0.745,0,0.3093,1,0.0346,0
P0965,U002,1,0.2092,0,1.433,0.533,0,0.3113,0,0.1021,0
P0965,U003,1,0.4146,0,1.196,0.069,1,0.4708,0,0.0562,0
P0965,U004,0,0.8524,0,1.362,0.587,0,0.7998,0,0.0527,0
P0965,U005,0,0.4131,1,0.842,0.753,0,0.3898,1,0.0233,0
P0965,U006,0,0.4072,1,1.511,0.645,1,0.3534,1,0.0538,0
P0965,U007,1,0.1054,0,1.157,0.452,0,0.1772,0,0.0718,0
P0965,U008,1,0.2906,0,1.341,0.834,0,0.2523,0,-0.0382,0
P0965,U009,0,0.9216,0,0.919,0.94,0,0.8223,0,0.0992,0
P0965,U010,1,0.049,0,1.29,0.376,0,0.1277,0,0.0787,0
P0966,U001,0,0.2407,1,1.335,0.745,0,0.1563,1,0.0844,0
P0966,U002,1,0.7375,1,1.433,0.533,1,0.8432,1,0.1057,0
P0966,U003,1,0.7046,1,1.196,0.069,0,0.8161,1,0.1115,0
P0966,U004,0,0.0649,1,1.362,0.587,1,0.3314,1,-0.2364,1
P0966,U005,0,0.0154,1,0.842,0.753,1,0.0411,1,0.0257,0
P0966,U006,0,0.1453,1,1.511,0.645,1,0.01,1,-0.0047,1
P0966,U007,1,0.8222,1,1.157,0.452,0,0.8658,1,0.0437,0
P0966,U008,1,0.701,1,1.341,0.834,1,0.7925,1,0.0915,0
P0966,U009,0,0.6521,0,0.919,0.94,1,0.433,1,0.2191,0
P0966,U010,1,0.8415,1,1.29,0.376,1,0.8796,1,0.0381,0
P0967,U001,0,0.4765,1,1.335,0.745,0,0.4459,1,0.0306,0
P0967,U002,1,0.0777,0,1.433,0.533,1,0.2749,0,0.1972,0
P0967,U003,1,0.0582,0,1.196,0.069,0,0.1564,0,0.0982,0
P0967,U004,0,0.2256,1,1.362,0.587,0,0.2101,1,0.0154,0
P0967,U005,0,0.471,1,0.842,0.753,1,0.4598,1,0.0113,0
P0967,U006,0,0.2413,1,1.511,0.645,1,0.01,1,0.0913,1
P0967,U007,1,0.0891,0,1.157,0.452,0,0.01,0,-0.0791,1
P0967,U008,1,0.0725,0,1.341,0.834,0,0.2961,0,0.2235,0
P0967,U009,0,0.5051,0,0.919,0.94,0,0.4955,1,0.0096,0
P0967,U010,1,0.0245,0,1.29,0.376,1,0.2493,0,0.2248,0
P0968,U001,0,0.3487,1,1.335,0.745,0,0.2456,1,0.1031,0
P0968,U002,1,0.9177,1,1.433,0.533,1,0.583,1,-0.3347,1
P0968,U003,1,0.6762,1,1.196,0.069,0,0.8107,1,0.1346,0
P0968,U004,0,0.1255,1,1.362,0.587,0,0.1092,1,0.0164,0
P0968,U005,0,0.1381,1,0.842,0.753,1,0.1124,1,0.0257,0
P0968,U006,0,0.4371,1,1.511,0.645,0,0.274,1,0.1632,0
P0968,U007,1,0.661,1,1.157,0.452,1,0.7985,1,0.1376,0
P0968,U008,1,0.363,0,1.341,0.834,1,0.5887,1,0.2256,0
P0968,U009,0,0.8035,0,0.919,0.94,1,0.5858,0,0.2177,0
P0968,U010,1,0.5343,1,1.29,0.376,1,0.7605,1,0.2262,0
P0969,U001,0,0.2429,1,1.335,0.745,1,0.2081,1,0.0348,0
P0969,U002,1,0.5029,1,1.433,0.533,1,0.5804,1,0.0775,0
P0969,U003,1,0.812,1,1.196,0.069,0,0.8299,1,0.0179,0
P0969,U004,0,0.2117,1,1.362,0.587,0,0.1777,1,0.0341,0
P0969,U005,0,0.0996,1,0.842,0.753,0,0.0951,1,0.0044,0
P0969,U006,0,0.0217,1,1.511,0.645,0,0.043,1,0.0213,0
P0969,U007,1,0.5517,1,1.157,0.452,0,0.6581,1,0.1063,0
P0969,U008,1,0.6879,1,1.341,0.834,1,0.7297,1,0.0419,0
P0969,U009,0,0.3388,1,0.919,0.94,0,0.2667,1,0.0721,0
P0969,U010,1,0.6833,1,1.29,0.376,1,0.7203,1,0.037,0
P0970,U001,0,0.2538,1,1.335,0.745,0,0.2326,1,0.0212,0
P0970,U002,1,0.2277,0,1.433,0.533,1,0.3528,0,0.1251,0
P0970,U003,1,0.6479,1,1.196,0.069,0,0.7219,1,0.0741,0
P0970,U004,0,0.105,1,1.362,0.587,0,0.0953,1,0.0098,0
P0970,U005,0,0.0503,1,0.842,0.753,0,0.0535,1,0.0032,0
P0970,U006,0,0.4129,1,1.511,0.645,0,0.3107,1,0.1022,0
P0970,U007,1,0.3432,0,1.157,0.452,0,0.5567,1,0.2135,0
P0970,U008,1,0.7297,1,1.341,0.834,1,0.7708,1,0.0411,0
P0970,U009,0,0.4515,1,0.919,0.94,0,0.3866,1,0.0649,0
P0970,U010,1,0.1455,0,1.29,0.376,1,0.4203,0,0.2749,0
P0971,U001,0,0.1029,1,1.335,0.745,0,0.098,1,0.0049,0
P0971,U002,1,0.7971,1,1.433,0.533,1,0.8133,1,0.0162,0
P0971,U003,1,0.3379,0,1.196,0.069,0,0.5108,1,0.173,0
P0971,U004,0,0.044,1,1.362,0.587,0,0.0531,1,0.0091,0
P0971,U005,0,0.0419,1,0.842,0.753,0,0.0453,1,0.0035,0
P0971,U006,0,0.563,0,1.511,0.645,1,0.4324,1,0.1307,0
P0971,U007,1,0.1216,0,1.157,0.452,0,0.296,0,0.1744,0
P0971,U008,1,0.8365,1,1.341,0.834,0,0.8549,1,0.0185,0
P0971,U009,0,0.4595,1,0.919,0.94,0,0.3949,1,0.0646,0
P0971,U010,1,0.553,1,1.29,0.376,1,0.6205,1,0.0675,0
P0972,U001,0,0.8605,0,1.335,0.745,0,0.585,0,0.2755,0
P0972,U002,1,0.9879,1,1.433,0.533,0,0.954,1,0.034,0
P0972,U003,1,0.9755,1,1.196,0.069,0,0.9513,1,0.0241,0
P0972,U004,0,0.4498,1,1.362,0.587,1,0.2903,1,0.1595,0
P0972,U005,0,0.0757,1,0.842,0.753,0,0.0778,1,0.0021,0
P0972,U006,0,0.7604,0,1.511,0.645,1,0.3601,1,0.4002,0
P0972,U007,1,0.9264,1,1.157,0.452,1,0.9227,1,0.0037,0
P0972,U008,1,0.7281,1,1.341,0.834,1,0.8374,1,0.1093,0
P0972,U009,0,0.8682,0,0.919,0.94,1,0.5933,0,0.2748,0
P0972,U010,1,0.9558,1,1.29,0.376,1,0.9374,1,0.0185,0
P0973,U001,0,0.1036,1,1.335,0.745,0,0.0978,1,0.0058,0
P0973,U002,1,0.8331,1,1.433,0.533,1,0.8545,1,0.0215,0
P0973,U003,1,0.7446,1,1.196,0.069,1,0.7749,1,0.0303,0
P0973,U004,0,0.3221,1,1.362,0.587,1,0.211,1,0.1111,0
P0973,U005,0,0.0379,1,0.842,0.753,1,0.0538,1,0.016,0
P0973,U006,0,0.2198,1,1.511,0.645,0,0.01,1,0.0698,1
P0973,U007,1,0.4895,0,1.157,0.452,1,0.6199,1,0.1304,0
P0973,U008,1,0.6808,1,1.341,0.834,0,0.7594,1,0.0786,0
P0973,U009,0,0.3079,1,0.919,0.94,1,0.2255,1,0.0824,0
P0973,U010,1,0.2171,0,1.29,0.376,0,0.3627,0,0.1456,0
P0974,U001,0,0.666,0,1.335,0.745,0,0.3886,1,0.2773,0
P0974,U002,1,0.9758,1,1.433,0.533,1,0.9523,1,0.0235,0
P0974,U003,1,0.8885,1,1.196,0.069,0,0.899,1,0.0105,0
P0974,U004,0,0.7263,0,1.362,0.587,0,0.6173,0,0.109,0
P0974,U005,0,0.5739,0,0.842,0.753,0,0.4866,1,0.0873,0
P0974,U006,0,0.687,0,1.511,0.645,0,0.4145,1,0.2725,0
P0974,U007,1,0.7606,1,1.157,0.452,0,0.815,1,0.0544,0
P0974,U008,1,0.6782,1,1.341,0.834,1,0.7375,1,0.0593,0
P0974,U009,0,0.5806,0,0.919,0.94,0,0.4689,1,0.1117,0
P0974,U010,1,0.9351,1,1.29,0.376,1,0.9283,1,0.0069,0
P0975,U001,0,0.7376,0,1.335,0.745,0,0.5656,0,0.172,0
P0975,U002,1,0.9941,1,1.433,0.533,0,0.9681,1,0.026,0
P0975,U003,1,0.9772,1,1.196,0.069,1,0.99,1,-0.0128,1
P0975,U004,0,0.7093,0,1.362,0.587,0,0.6382,0,0.0711,1
P0975,U005,0,0.8191,0,0.842,0.753,1,0.6189,0,0.2001,0
P0975,U006,0,0.9406,0,1.511,0.645,1,0.6845,0,0.256,0
P0975,U007,1,0.8716,1,1.157,0.452,1,0.9677,1,0.0007,1
P0975,U008,1,0.8845,1,1.341,0.834,1,0.924,1,0.0315,1
P0975,U009,0,0.9129,0,0.919,0.94,0,0.7351,0,0.1777,1
P0975,U010,1,0.8824,1,1.29,0.376,0,0.99,1,-0.0324,1
P0976,U001,0,0.4944,1,1.335,0.745,0,0.3802,1,0.1141,0
P0976,U002,1,0.3937,0,1.433,0.533,0,0.4952,0,0.1015,0
P0976,U003,1,0.9569,1,1.196,0.069,1,0.9447,1,0.0121,0
P0976,U004,0,0.0625,1,1.362,0.587,0,0.0676,1,0.0051,0
P0976,U005,0,0.061,1,0.842,0.753,1,0.0662,1,0.0053,0
P0976,U006,0,0.5791,0,1.511,0.645,1,0.3923,1,0.1867,0
P0976,U007,1,0.4515,0,1.157,0.452,1,0.5841,1,0.1326,0
P0976,U008,1,0.4391,0,1.341,0.834,1,0.5458,1,0.1068,0
P0976,U009,0,0.2729,1,0.919,0.94,0,0.2066,1,0.0663,0
P0976,U010,1,0.7408,1,1.29,0.376,0,0.7734,1,0.0326,0
P0977,U001,0,0.0645,1,1.335,0.745,1,0.0712,1,0.0066,0
P0977,U002,1,0.6569,1,1.433,0.533,1,0.7961,1,0.1392,0
P0977,U003,1,0.9465,1,1.196,0.069,0,0.9343,1,0.0121,0
P0977,U004,0,0.3715,1,1.362,0.587,0,0.2533,1,0.1182,0
P0977,U005,0,0.0205,1,0.842,0.753,0,0.0458,1,0.0253,0
P0977,U006,0,0.123,1,1.511,0.645,1,0.1039,1,0.0191,0
P0977,U007,1,0.5814,1,1.157,0.452,0,0.7325,1,0.1511,0
P0977,U008,1,0.6995,1,1.341,0.834,0,0.8011,1,0.1016,0
P0977,U009,0,0.4336,1,0.919,0.94,0,0.2824,1,0.1512,0
P0977,U010,1,0.7829,1,1.29,0.376,0,0.8445,1,0.0616,0
P0978,U001,0,0.82,0,1.335,0.745,1,0.5739,0,0.2461,0
P0978,U002,1,0.7779,1,1.433,0.533,1,0.8407,1,0.0628,0
P0978,U003,1,0.8689,1,1.196,0.069,1,0.8942,1,0.0253,0
P0978,U004,0,0.3789,1,1.362,0.587,0,0.2956,1,0.0833,0
P0978,U005,0,0.3796,1,0.842,0.753,1,0.2653,1,0.1143,0
P0978,U006,0,0.4314,1,1.511,0.645,0,0.3205,1,0.1109,0
P0978,U007,1,0.7217,1,1.157,0.452,0,0.8216,1,0.0999,0
P0978,U008,1,0.8068,1,1.341,0.834,0,0.8669,1,0.0601,0
P0978,U009,0,0.7768,0,0.919,0.94,0,0.529,0,0.2478,0
P0978,U010,1,0.3445,0,1.29,0.376,1,0.6377,1,0.2932,0
P0979,U001,0,0.8233,0,1.335,0.745,1,0.5913,0,0.2321,0
P0979,U002,1,0.6793,1,1.433,0.533,1,0.7444,1,0.0651,0
P0979,U003,1,0.9029,1,1.196,0.069,0,0.9079,1,0.005,0
P0979,U004,0,0.2497,1,1.362,0.587,0,0.2065,1,0.0432,0
P0979,U005,0,0.3614,1,0.842,0.753,1,0.3029,1,0.0585,0
P0979,U006,0,0.6556,0,1.511,0.645,0,0.5166,0,0.139,0
P0979,U007,1,0.4505,0,1.157,0.452,1,0.581,1,0.1306,0
P0979,U008,1,0.5968,1,1.341,0.834,1,0.99,1,0.2532,1
P0979,U009,0,0.8664,0,0.919,0.94,0,0.6498,0,0.2166,0
P0979,U010,1,0.505,1,1.29,0.376,1,0.6568,1,0.1518,0
P0980,U001,0,0.3843,1,1.335,0.745,0,0.2318,1,0.1525,0
P0980,U002,1,0.9297,1,1.433,0.533,0,0.9253,1,0.0043,0
P0980,U003,1,0.7614,1,1.196,0.069,0,0.813,1,0.0515,0
P0980,U004,0,0.3252,1,1.362,0.587,1,0.2022,1,0.123,0
P0980,U005,0,0.0709,1,0.842,0.753,0,0.01,1,-0.0609,1
P0980,U006,0,0.6479,0,1.511,0.645,1,0.3381,1,0.3098,0
P0980,U007,1,0.8355,1,1.157,0.452,0,0.8772,1,0.0417,0
P0980,U008,1,0.8977,1,1.341,0.834,1,0.9048,1,0.0071,0
P0980,U009,0,0.5266,0,0.919,0.94,0,0.3663,1,0.1603,0
P0980,U010,1,0.9864,1,1.29,0.376,1,0.9516,1,0.0348,0
P0981,U001,0,0.5482,0,1.335,0.745,0,0.552,0,-0.0038,0
P0981,U002,1,0.6878,1,1.433,0.533,0,0.7264,1,0.0386,0
P0981,U003,1,0.9064,1,1.196,0.069,1,0.9086,1,0.0022,0
P0981,U004,0,0.5281,0,1.362,0.587,0,0.4624,1,0.0657,0
P0981,U005,0,0.3707,1,0.842,0.753,1,0.3594,1,0.0113,0
P0981,U006,0,0.8882,0,1.511,0.645,0,0.8239,0,0.0643,0
P0981,U007,1,0.7494,1,1.157,0.452,0,0.7904,1,0.041,0
P0981,U008,1,0.8162,1,1.341,0.834,0,0.8243,1,0.008,0
P0981,U009,0,0.6604,0,0.919,0.94,0,0.6096,0,0.0508,0
P0981,U010,1,0.8033,1,1.29,0.376,0,0.8345,1,0.0312,0
P0982,U001,0,0.8964,0,1.335,0.745,1,0.8532,0,0.0431,0
P0982,U002,1,0.7552,1,1.433,0.533,0,0.772,1,0.0168,0
P0982,U003,1,0.5058,1,1.196,0.069,0,0.5465,1,0.0407,0
P0982,U004,0,0.918,0,1.362,0.587,1,0.7219,0,0.1961,0
P0982,U005,0,0.9955,0,0.842,0.753,1,0.9469,0,0.0486,0
P0982,U006,0,0.8648,0,1.511,0.645,0,0.6879,0,0.1769,0
P0982,U007,1,0.683,1,1.157,0.452,0,0.6634,1,-0.0196,0
P0982,U008,1,0.263,0,1.341,0.834,0,0.3364,0,0.0733,0
P0982,U009,0,0.9886,0,0.919,0.94,0,0.99,0,-0.0014,0
P0982,U010,1,0.7238,1,1.29,0.376,0,0.7557,1,0.0319,0
P0983,U001,0,0.4314,1,1.335,0.745,0,0.3251,1,0.1062,1
P0983,U002,1,0.3255,0,1.433,0.533,0,0.4462,0,0.1207,0
P0983,U003,1,0.4359,0,1.196,0.069,1,0.5329,1,0.097,1
P0983,U004,0,0.5401,0,1.362,0.587,1,0.887,0,-0.3469,1
P0983,U005,0,0.3656,1,0.842,0.753,0,0.4953,1,-0.1297,1
P0983,U006,0,0.3535,1,1.511,0.645,0,0.2995,1,0.054,0
P0983,U007,1,0.4183,0,1.157,0.452,0,0.4584,0,0.0402,0
P0983,U008,1,0.4597,0,1.341,0.834,1,0.2452,0,-0.2145,1
P0983,U009,0,0.8573,0,0.919,0.94,0,0.7738,0,0.0835,0
P0983,U010,1,0.0691,0,1.29,0.376,1,0.2185,0,0.1494,1
P0984,U001,0,0.8002,0,1.335,0.745,0,0.7629,0,0.0373,0
P0984,U002,1,0.7012,1,1.433,0.533,0,0.7429,1,0.0417,0
P0984,U003,1,0.5968,1,1.196,0.069,0,0.6954,1,0.0986,0
P0984,U004,0,0.8229,0,1.362,0.587,0,0.7129,0,0.11,0
P0984,U005,0,0.8734,0,0.842,0.753,0,0.8442,0,0.0292,0
P0984,U006,0,0.7282,0,1.511,0.645,0,0.7076,0,0.0206,0
P0984,U007,1,0.4632,0,1.157,0.452,0,0.5071,1,0.0439,0
P0984,U008,1,0.2944,0,1.341,0.834,1,0.3535,0,0.0591,0
P0984,U009,0,0.9857,0,0.919,0.94,0,0.913,0,0.0727,0
P0984,U010,1,0.2521,0,1.29,0.376,0,0.4439,0,0.1918,0
P0985,U001,0,0.176,1,1.335,0.745,1,0.1448,1,0.0312,0
P0985,U002,1,0.9582,1,1.433,0.533,0,0.9462,1,0.012,0
P0985,U003,1,0.8967,1,1.196,0.069,1,0.9055,1,0.0088,0
P0985,U004,0,0.0943,1,1.362,0.587,1,0.089,1,0.0053,0
P0985,U005,0,0.0404,1,0.842,0.753,0,0.0541,1,0.0137,0
P0985,U006,0,0.1462,1,1.511,0.645,0,0.1265,1,0.0197,0
P0985,U007,1,0.9327,1,1.157,0.452,0,0.9294,1,0.0033,0
P0985,U008,1,0.908,1,1.341,0.834,0,0.9104,1,0.0024,0
P0985,U009,0,0.3396,1,0.919,0.94,0,0.2843,1,0.0553,0
P0985,U010,1,0.6071,1,1.29,0.376,1,0.7091,1,0.102,0
P0986,U001,0,0.548,0,1.335,0.745,1,0.3029,1,0.2451,0
P0986,U002,1,0.6771,1,1.433,0.533,1,0.7525,1,0.0754,0
P0986,U003,1,0.3944,0,1.196,0.069,1,0.5873,1,0.1929,0
P0986,U004,0,0.0475,1,1.362,0.587,0,0.057,1,0.0095,0
P0986,U005,0,0.0972,1,0.842,0.753,0,0.0912,1,0.006,0
P0986,U006,0,0.3388,1,1.511,0.645,0,0.256,1,0.0828,0
P0986,U007,1,0.6373,1,1.157,0.452,0,0.754,1,0.1167,0
P0986,U008,1,0.5994,1,1.341,0.834,0,0.7285,1,0.129,0
P0986,U009,0,0.8931,0,0.919,0.94,0,0.5902,0,0.3029,0
P0986,U010,1,0.1147,0,1.29,0.376,0,0.4283,0,0.3136,0
P0987,U001,0,0.6858,0,1.335,0.745,1,0.5732,0,0.1126,0
P0987,U002,1,0.918,1,1.433,0.533,1,0.9185,1,0.0005,0
P0987,U003,1,0.8172,1,1.196,0.069,1,0.8484,1,0.0312,0
P0987,U004,0,0.7484,0,1.362,0.587,1,0.5858,0,0.1626,0
P0987,U005,0,0.1201,1,0.842,0.753,1,0.1131,1,0.007,0
P0987,U006,0,0.4052,1,1.511,0.645,0,0.3708,1,0.0345,0
P0987,U007,1,0.7663,1,1.157,0.452,1,0.8061,1,0.0398,0
P0987,U008,1,0.9607,1,1.341,0.834,1,0.9446,1,0.0161,0
P0987,U009,0,0.8469,0,0.919,0.94,0,0.99,0,-0.1431,1
P0987,U010,1,0.8925,1,1.29,0.376,0,0.8987,1,0.0062,0
P0988,U001,0,0.3944,1,1.335,0.745,0,0.3524,1,0.042,0
P0988,U002,1,0.146,0,1.433,0.533,0,0.4835,0,0.3374,0
P0988,U003,1,0.2455,0,1.196,0.069,0,0.4187,0,0.1733,0
P0988,U004,0,0.6192,0,1.362,0.587,0,0.5093,0,0.1098,0
P0988,U005,0,0.0639,1,0.842,0.753,0,0.0652,1,0.0013,0
P0988,U006,0,0.5122,0,1.511,0.645,0,0.3665,1,0.1458,0
P0988,U007,1,0.243,0,1.157,0.452,0,0.4105,0,0.1674,0
P0988,U008,1,0.3102,0,1.341,0.834,0,0.462,0,0.1518,0
P0988,U009,0,0.8039,0,0.919,0.94,0,0.6808,0,0.1231,0
P0988,U010,1,0.0109,0,1.29,0.376,1,0.2422,0,0.2313,0
P0989,U001,0,0.9488,0,1.335,0.745,0,0.8652,0,0.0835,0
P0989,U002,1,0.8482,1,1.433,0.533,0,0.8633,1,0.0151,0
P0989,U003,1,0.8816,1,1.196,0.069,1,0.8925,1,0.0109,0
P0989,U004,0,0.5938,0,1.362,0.587,0,0.5418,0,0.052,0
P0989,U005,0,0.5577,0,0.842,0.753,0,0.4968,1,0.0609,0
P0989,U006,0,0.9237,0,1.511,0.645,0,0.8187,0,0.105,0
P0989,U007,1,0.575,1,1.157,0.452,0,0.6363,1,0.0612,0
P0989,U008,1,0.8081,1,1.341,0.834,0,0.8367,1,0.0286,0
P0989,U009,0,0.722,0,0.919,0.94,0,0.5911,0,0.1309,0
P0989,U010,1,0.7634,1,1.29,0.376,0,0.8114,1,0.048,0
P0990,U001,0,0.3647,1,1.335,0.745,1,0.2325,1,0.1321,0
P0990,U002,1,0.391,0,1.433,0.533,1,0.6207,1,0.2296,0
P0990,U003,1,0.7062,1,1.196,0.069,1,0.8203,1,0.1141,0
P0990,U004,0,0.1625,1,1.362,0.587,0,0.1346,1,0.028,0
P0990,U005,0,0.2349,1,0.842,0.753,0,0.1852,1,0.0497,0
P0990,U006,0,0.1031,1,1.511,0.645,1,0.0908,1,0.0123,0
P0990,U007,1,0.3761,0,1.157,0.452,0,0.5517,1,0.1756,0
P0990,U008,1,0.9089,1,1.341,0.834,1,0.9136,1,0.0047,0
P0990,U009,0,0.6644,0,0.919,0.94,1,0.4247,1,0.2397,0
P0990,U010,1,0.4278,0,1.29,0.376,0,0.5725,1,0.1447,0
P0991,U001,0,0.321,1,1.335,0.745,1,0.2402,1,0.0808,0
P0991,U002,1,0.9755,1,1.433,0.533,0,0.9596,1,0.0159,0
P0991,U003,1,0.8318,1,1.196,0.069,1,0.8459,1,0.0141,0
P0991,U004,0,0.3852,1,1.362,0.587,0,0.3247,1,0.0604,0
P0991,U005,0,0.1464,1,0.842,0.753,1,0.1261,1,0.0202,0
P0991,U006,0,0.1495,1,1.511,0.645,0,0.1377,1,0.0118,0
P0991,U007,1,0.7605,1,1.157,0.452,0,0.8059,1,0.0455,0
P0991,U008,1,0.8659,1,1.341,0.834,1,0.8753,1,0.0094,0
P0991,U009,0,0.6146,0,0.919,0.94,1,0.4479,1,0.1667,0
P0991,U010,1,0.9339,1,1.29,0.376,0,0.9291,1,0.0048,0
P0992,U001,0,0.3153,1,1.335,0.745,0,0.1909,1,0.1244,0
P0992,U002,1,0.9031,1,1.433,0.533,1,0.9101,1,0.007,0
P0992,U003,1,0.8844,1,1.196,0.069,0,0.9013,1,0.0169,0
P0992,U004,0,0.0431,1,1.362,0.587,0,0.0607,1,0.0176,0
P0992,U005,0,0.006,1,0.842,0.753,0,0.0345,1,0.0285,0
P0992,U006,0,0.8028,0,1.511,0.645,0,0.4776,1,0.3252,0
P0992,U007,1,0.6434,1,1.157,0.452,0,0.7507,1,0.1073,0
P0992,U008,1,0.6542,1,1.341,0.834,1,0.5768,1,-0.0774,1
P0992,U009,0,0.5588,0,0.919,0.94,1,0.3566,1,0.2022,0
P0992,U010,1,0.7512,1,1.29,0.376,0,0.8384,1,0.0872,0
P0993,U001,0,0.3258,1,1.335,0.745,0,0.2658,1,0.06,0
P0993,U002,1,0.8635,1,1.433,0.533,0,0.8721,1,0.0086,0
P0993,U003,1,0.8927,1,1.196,0.069,1,0.896,1,0.0033,0
P0993,U004,0,0.1735,1,1.362,0.587,0,0.1645,1,0.009,0
P0993,U005,0,0.4994,1,0.842,0.753,0,0.4164,1,0.083,0
P0993,U006,0,0.8552,0,1.511,0.645,0,0.7942,0,0.0609,0
P0993,U007,1,0.8125,1,1.157,0.452,0,0.826,1,0.0135,0
P0993,U008,1,0.4405,0,1.341,0.834,0,0.4238,0,-0.0167,0
P0993,U009,0,0.7635,0,0.919,0.94,0,0.6931,0,0.0704,0
P0993,U010,1,0.6473,1,1.29,0.376,0,0.694,1,0.0467,0
P0994,U001,0,0.1714,1,1.335,0.745,1,0.1341,1,0.0374,0
P0994,U002,1,0.9603,1,1.433,0.533,1,0.9417,1,0.0187,0
P0994,U003,1,0.93,1,1.196,0.069,0,0.9267,1,0.0032,0
P0994,U004,0,0.1651,1,1.362,0.587,1,0.142,1,0.0231,0
P0994,U005,0,0.2803,1,0.842,0.753,0,0.2218,1,0.0585,0
P0994,U006,0,0.3583,1,1.511,0.645,1,0.2672,1,0.0911,0
P0994,U007,1,0.9326,1,1.157,0.452,1,0.929,1,0.0036,0
P0994,U008,1,0.8552,1,1.341,0.834,0,0.8832,1,0.028,0
P0994,U009,0,0.5628,0,0.919,0.94,0,0.4291,1,0.1337,0
P0994,U010,1,0.9635,1,1.29,0.376,1,0.9443,1,0.0191,0
P0995,U001,0,0.1779,1,1.335,0.745,1,0.1228,1,0.0551,0
P0995,U002,1,0.986,1,1.433,0.533,0,0.95,1,0.036,0
P0995,U003,1,0.9769,1,1.196,0.069,1,0.9499,1,0.0269,0
P0995,U004,0,0.6988,0,1.362,0.587,1,0.3798,1,0.319,0
P0995,U005,0,0.0524,1,0.842,0.753,1,0.0596,1,0.0072,0
P0995,U006,0,0.1348,1,1.511,0.645,1,0.1108,1,0.0239,0
P0995,U007,1,0.5817,1,1.157,0.452,1,0.7494,1,0.1678,0
P0995,U008,1,0.9905,1,1.341,0.834,1,0.959,1,0.0315,0
P0995,U009,0,0.2588,1,0.919,0.94,1,0.1762,1,0.0826,0
P0995,U010,1,0.9833,1,1.29,0.376,1,0.9459,1,0.0374,0
P0996,U001,0,0.6156,0,1.335,0.745,1,0.4962,1,0.1194,0
P0996,U002,1,0.8229,1,1.433,0.533,0,0.8339,1,0.0109,0
P0996,U003,1,0.9215,1,1.196,0.069,1,0.7461,1,-0.1723,1
P0996,U004,0,0.0395,1,1.362,0.587,0,0.0455,1,0.0059,0
P0996,U005,0,0.5356,0,0.842,0.753,1,0.2772,1,0.2584,1
P0996,U006,0,0.3261,1,1.511,0.645,0,0.2963,1,0.0298,0
P0996,U007,1,0.6974,1,1.157,0.452,0,0.6889,1,-0.0085,0
P0996,U008,1,0.7026,1,1.341,0.834,0,0.6812,1,-0.0214,1
P0996,U009,0,0.7841,0,0.919,0.94,0,0.712,0,0.072,0
P0996,U010,1,0.9521,1,1.29,0.376,0,0.9494,1,0.0027,0
P0997,U001,0,0.5144,0,1.335,0.745,0,0.5121,0,0.0023,0
P0997,U002,1,0.1943,0,1.433,0.533,0,0.3115,0,0.1172,0
P0997,U003,1,0.6862,1,1.196,0.069,1,0.711,1,0.0247,0
P0997,U004,0,0.4899,1,1.362,0.587,0,0.471,1,0.0189,0
P0997,U005,0,0.4961,1,0.842,0.753,0,0.4932,1,0.0029,0
P0997,U006,0,0.6362,0,1.511,0.645,0,0.5693,0,0.0669,0
P0997,U007,1,0.6543,1,1.157,0.452,0,0.6394,1,-0.0149,0
P0997,U008,1,0.2027,0,1.341,0.834,0,0.3123,0,0.1096,0
P0997,U009,0,0.9531,0,0.919,0.94,0,0.8586,0,0.0945,0
P0997,U010,1,0.3517,0,1.29,0.376,0,0.4553,0,0.1036,0
P0998,U001,0,0.7627,0,1.335,0.745,1,0.4029,1,0.3598,0
P0998,U002,1,0.9144,1,1.433,0.533,0,0.9167,1,0.0023,0
P0998,U003,1,0.8641,1,1.196,0.069,1,0.8879,1,0.0238,0
P0998,U004,0,0.0732,1,1.362,0.587,1,0.0765,1,0.0033,0
P0998,U005,0,0.0163,1,0.842,0.753,0,0.0354,1,0.0191,0
P0998,U006,0,0.09,1,1.511,0.645,1,0.0853,1,0.0048,0
P0998,U007,1,0.9231,1,1.157,0.452,1,0.9221,1,0.001,0
P0998,U008,1,0.8923,1,1.341,0.834,0,0.903,1,0.0106,0
P0998,U009,0,0.086,1,0.919,0.94,0,0.01,1,-0.064,1
P0998,U010,1,0.9351,1,1.29,0.376,1,0.93,1,0.0051,0
P0999,U001,0,0.4924,1,1.335,0.745,0,0.3717,1,0.1206,0
P0999,U002,1,0.7267,1,1.433,0.533,1,0.7943,1,0.0677,0
P0999,U003,1,0.9732,1,1.196,0.069,0,0.9566,1,0.0166,0
P0999,U004,0,0.6133,0,1.362,0.587,1,0.3974,1,0.2158,0
P0999,U005,0,0.0903,1,0.842,0.753,0,0.0879,1,0.0024,0
P0999,U006,0,0.6299,0,1.511,0.645,1,0.4009,1,0.229,0
P0999,U007,1,0.9457,1,1.157,0.452,0,0.9378,1,0.0078,0
P0999,U008,1,0.9046,1,1.341,0.834,1,0.9091,1,0.0045,0
P0999,U009,0,0.1978,1,0.919,0.94,0,0.1737,1,0.0241,0
P0999,U010,1,0.8831,1,1.29,0.376,0,0.8947,1,0.0116,0
P1000,U001,0,0.8321,0,1.335,0.745,0,0.341,1,0.4911,0
P1000,U002,1,0.9704,1,1.433,0.533,1,0.9405,1,0.0299,0
P1000,U003,1,0.6872,1,1.196,0.069,1,0.8325,1,0.1453,0
P1000,U004,0,0.4938,1,1.362,0.587,1,0.2586,1,0.2352,0
P1000,U005,0,0.2033,1,0.842,0.753,0,0.1356,1,0.0677,0
P1000,U006,0,0.8351,0,1.511,0.645,0,0.3242,1,0.5109,0
P1000,U007,1,0.4724,0,1.157,0.452,1,0.7154,1,0.243,0
P1000,U008,1,0.6939,1,1.341,0.834,1,0.8388,1,0.1449,0
P1000,U009,0,0.8253,0,0.919,0.94,0,0.3763,1,0.449,0
P1000,U010,1,0.9642,1,1.29,0.376,1,0.9332,1,0.031,0
