participant_id,item_id,topic,probability_correct,correct,careless_trial
P0001,Q001,science,0.525,1,0
P0001,Q002,finance,0.3553,1,0
P0001,Q003,finance,0.523,1,0
P0001,Q004,science,0.1219,0,0
P0001,Q005,politics,0.3139,0,0
P0001,Q006,education,0.4276,1,0
P0001,Q007,politics,0.0648,0,0
P0001,Q008,politics,0.5862,0,0
P0001,Q009,politics,0.3933,1,0
P0001,Q010,education,0.5595,1,0
P0002,Q001,science,0.881,1,0
P0002,Q002,finance,0.7941,1,0
P0002,Q003,finance,0.7784,1,0
P0002,Q004,science,0.3892,0,0
P0002,Q005,politics,0.7092,1,0
P0002,Q006,education,0.8523,1,0
P0002,Q007,politics,0.4231,0,0
P0002,Q008,politics,0.9008,1,0
P0002,Q009,politics,0.8578,1,0
P0002,Q010,education,0.9087,1,0
P0003,Q001,science,0.4454,1,0
P0003,Q002,finance,0.2844,0,0
P0003,Q003,finance,0.4742,1,0
P0003,Q004,science,0.0971,0,0
P0003,Q005,politics,0.2567,1,0
P0003,Q006,education,0.3464,0,0
P0003,Q007,politics,0.0446,0,0
P0003,Q008,politics,0.509,0,0
P0003,Q009,politics,0.3083,1,0
P0003,Q010,education,0.4734,1,0
P0004,Q001,science,0.8251,1,0
P0004,Q002,finance,0.7087,0,0
P0004,Q003,finance,0.7272,1,0
P0004,Q004,science,0.3075,0,0
P0004,Q005,politics,0.6213,1,0
P0004,Q006,education,0.25,0,1
P0004,Q007,politics,0.2955,0,0
P0004,Q008,politics,0.854,1,0
P0004,Q009,politics,0.7805,1,0
P0004,Q010,education,0.8594,1,0
P0005,Q001,science,0.8215,0,0
P0005,Q002,finance,0.7034,0,0
P0005,Q003,finance,0.7242,1,0
P0005,Q004,science,0.3033,1,0
P0005,Q005,politics,0.6162,0,0
P0005,Q006,education,0.7759,1,0
P0005,Q007,politics,0.2891,1,0
P0005,Q008,politics,0.8509,0,0
P0005,Q009,politics,0.7755,1,0
P0005,Q010,education,0.8561,0,0
P0006,Q001,science,0.3019,0,0
P0006,Q002,finance,0.1742,1,0
P0006,Q003,finance,0.3817,0,0
P0006,Q004,science,0.0615,0,0
P0006,Q005,politics,0.1669,0,0
P0006,Q006,education,0.2141,0,0
P0006,Q007,politics,0.0212,0,0
P0006,Q008,politics,0.3616,0,0
P0006,Q009,politics,0.1775,0,0
P0006,Q010,education,0.3152,0,0
P0007,Q001,science,0.8569,0,0
P0007,Q002,finance,0.7564,1,0
P0007,Q003,finance,0.7552,1,0
P0007,Q004,science,0.3497,1,0
P0007,Q005,politics,0.6693,1,0
P0007,Q006,education,0.8213,1,0
P0007,Q007,politics,0.3605,0,0
P0007,Q008,politics,0.8807,1,0
P0007,Q009,politics,0.8246,1,0
P0007,Q010,education,0.8878,1,0
P0008,Q001,science,0.2244,0,0
P0008,Q002,finance,0.1227,0,0
P0008,Q003,finance,0.3256,0,0
P0008,Q004,science,0.0453,0,0
P0008,Q005,politics,0.1233,0,0
P0008,Q006,education,0.1503,0,0
P0008,Q007,politics,0.013,0,0
P0008,Q008,politics,0.2767,0,0
P0008,Q009,politics,0.1187,0,0
P0008,Q010,education,0.2295,0,0
P0009,Q001,science,0.5591,1,0
P0009,Q002,finance,0.3881,1,0
P0009,Q003,finance,0.25,0,1
P0009,Q004,science,0.1342,0,0
P0009,Q005,politics,0.3405,1,0
P0009,Q006,education,0.4641,1,0
P0009,Q007,politics,0.076,0,0
P0009,Q008,politics,0.6183,0,0
P0009,Q009,politics,0.4323,0,0
P0009,Q010,education,0.5958,0,0
P0010,Q001,science,0.7701,1,0
P0010,Q002,finance,0.6315,0,0
P0010,Q003,finance,0.6837,0,0
P0010,Q004,science,0.2524,0,0
P0010,Q005,politics,0.5483,0,0
P0010,Q006,education,0.7111,0,0
P0010,Q007,politics,0.2153,0,0
P0010,Q008,politics,0.8072,1,0
P0010,Q009,politics,0.7041,0,0
P0010,Q010,education,0.8084,1,0
P0011,Q001,science,0.0868,0,0
P0011,Q002,finance,0.0428,0,0
P0011,Q003,finance,0.1963,0,0
P0011,Q004,science,0.0191,0,0
P0011,Q005,politics,0.0502,0,0
P0011,Q006,education,0.0507,0,0
P0011,Q007,politics,0.25,0,1
P0011,Q008,politics,0.1142,0,0
P0011,Q009,politics,0.0352,0,0
P0011,Q010,education,0.082,0,0
P0012,Q001,science,0.8656,1,0
P0012,Q002,finance,0.25,0,1
P0012,Q003,finance,0.7634,1,0
P0012,Q004,science,0.3631,1,0
P0012,Q005,politics,0.6834,1,0
P0012,Q006,education,0.8325,1,0
P0012,Q007,politics,0.3816,0,0
P0012,Q008,politics,0.888,1,0
P0012,Q009,politics,0.8367,1,0
P0012,Q010,education,0.8954,0,0
P0013,Q001,science,0.1104,0,0
P0013,Q002,finance,0.0555,0,0
P0013,Q003,finance,0.2233,1,0
P0013,Q004,science,0.0235,0,0
P0013,Q005,politics,0.0626,0,0
P0013,Q006,education,0.0664,0,0
P0013,Q007,politics,0.0046,0,0
P0013,Q008,politics,0.1433,1,0
P0013,Q009,politics,0.0475,0,0
P0013,Q010,education,0.1064,1,0
P0014,Q001,science,0.32,1,0
P0014,Q002,finance,0.187,0,0
P0014,Q003,finance,0.3939,0,0
P0014,Q004,science,0.0655,0,0
P0014,Q005,politics,0.1775,0,0
P0014,Q006,education,0.2297,1,0
P0014,Q007,politics,0.0235,0,0
P0014,Q008,politics,0.3808,0,0
P0014,Q009,politics,0.1923,0,0
P0014,Q010,education,0.3351,0,0
P0015,Q001,science,0.8018,1,0
P0015,Q002,finance,0.6752,0,0
P0015,Q003,finance,0.7082,1,0
P0015,Q004,science,0.282,1,0
P0015,Q005,politics,0.5891,1,0
P0015,Q006,education,0.7509,1,0
P0015,Q007,politics,0.2574,0,0
P0015,Q008,politics,0.8342,1,0
P0015,Q009,politics,0.7481,1,0
P0015,Q010,education,0.8381,1,0
P0016,Q001,science,0.531,0,0
P0016,Q002,finance,0.3609,0,0
P0016,Q003,finance,0.5267,1,0
P0016,Q004,science,0.124,0,0
P0016,Q005,politics,0.3185,0,0
P0016,Q006,education,0.434,0,0
P0016,Q007,politics,0.0667,0,0
P0016,Q008,politics,0.5919,1,0
P0016,Q009,politics,0.4001,1,0
P0016,Q010,education,0.566,0,0
P0017,Q001,science,0.8084,1,0
P0017,Q002,finance,0.6846,1,0
P0017,Q003,finance,0.7134,1,0
P0017,Q004,science,0.2888,0,0
P0017,Q005,politics,0.598,0,0
P0017,Q006,education,0.7592,1,0
P0017,Q007,politics,0.2675,1,0
P0017,Q008,politics,0.8398,1,0
P0017,Q009,politics,0.7572,0,0
P0017,Q010,education,0.8441,1,0
P0018,Q001,science,0.74,1,0
P0018,Q002,finance,0.5919,0,0
P0018,Q003,finance,0.6618,1,0
P0018,Q004,science,0.2286,0,0
P0018,Q005,politics,0.5126,1,0
P0018,Q006,education,0.6738,1,0
P0018,Q007,politics,0.1831,1,0
P0018,Q008,politics,0.7811,0,0
P0018,Q009,politics,0.6628,1,0
P0018,Q010,education,0.7796,0,0
P0019,Q001,science,0.7961,0,0
P0019,Q002,finance,0.6672,0,0
P0019,Q003,finance,0.7037,0,0
P0019,Q004,science,0.2763,1,0
P0019,Q005,politics,0.5815,1,0
P0019,Q006,education,0.7437,0,0
P0019,Q007,politics,0.2491,0,0
P0019,Q008,politics,0.25,0,1
P0019,Q009,politics,0.7402,1,0
P0019,Q010,education,0.8328,1,0
P0020,Q001,science,0.0904,0,0
P0020,Q002,finance,0.0448,0,0
P0020,Q003,finance,0.2006,0,0
P0020,Q004,science,0.0198,0,0
P0020,Q005,politics,0.0521,0,0
P0020,Q006,education,0.0531,0,0
P0020,Q007,politics,0.0035,0,0
P0020,Q008,politics,0.1187,0,0
P0020,Q009,politics,0.037,0,0
P0020,Q010,education,0.25,0,1
P0021,Q001,science,0.6041,0,0
P0021,Q002,finance,0.4339,0,0
P0021,Q003,finance,0.5719,1,0
P0021,Q004,science,0.1524,0,0
P0021,Q005,politics,0.378,1,0
P0021,Q006,education,0.5138,0,0
P0021,Q007,politics,0.0938,1,0
P0021,Q008,politics,0.66,0,0
P0021,Q009,politics,0.4862,1,0
P0021,Q010,education,0.643,1,0
P0022,Q001,science,0.2468,0,0
P0022,Q002,finance,0.137,0,0
P0022,Q003,finance,0.3425,0,0
P0022,Q004,science,0.0498,0,0
P0022,Q005,politics,0.1357,0,0
P0022,Q006,education,0.1682,0,0
P0022,Q007,politics,0.0151,0,0
P0022,Q008,politics,0.3016,0,0
P0022,Q009,politics,0.1348,0,0
P0022,Q010,education,0.2542,0,0
P0023,Q001,science,0.8118,1,0
P0023,Q002,finance,0.6895,1,0
P0023,Q003,finance,0.7163,0,0
P0023,Q004,science,0.2926,0,0
P0023,Q005,politics,0.6027,1,0
P0023,Q006,education,0.7636,1,0
P0023,Q007,politics,0.273,0,0
P0023,Q008,politics,0.8428,1,0
P0023,Q009,politics,0.7621,0,0
P0023,Q010,education,0.8473,1,0
P0024,Q001,science,0.839,0,0
P0024,Q002,finance,0.7293,1,0
P0024,Q003,finance,0.7392,1,0
P0024,Q004,science,0.3248,0,0
P0024,Q005,politics,0.6418,1,0
P0024,Q006,education,0.7983,1,0
P0024,Q007,politics,0.3219,1,0
P0024,Q008,politics,0.8657,1,0
P0024,Q009,politics,0.7999,1,0
P0024,Q010,education,0.8719,1,0
P0025,Q001,science,0.2811,1,0
P0025,Q002,finance,0.1598,0,0
P0025,Q003,finance,0.3672,1,0
P0025,Q004,science,0.057,0,0
P0025,Q005,politics,0.1549,1,0
P0025,Q006,education,0.1964,0,0
P0025,Q007,politics,0.25,0,1
P0025,Q008,politics,0.3391,0,0
P0025,Q009,politics,0.1608,1,0
P0025,Q010,education,0.292,0,0
P0026,Q001,science,0.5931,0,0
P0026,Q002,finance,0.4225,0,0
P0026,Q003,finance,0.5651,1,0
P0026,Q004,science,0.1478,0,0
P0026,Q005,politics,0.3686,1,0
P0026,Q006,education,0.5016,0,0
P0026,Q007,politics,0.0891,0,0
P0026,Q008,politics,0.25,1,1
P0026,Q009,politics,0.4729,1,0
P0026,Q010,education,0.6316,1,0
P0027,Q001,science,0.5759,1,0
P0027,Q002,finance,0.4049,0,0
P0027,Q003,finance,0.5543,1,0
P0027,Q004,science,0.1407,0,0
P0027,Q005,politics,0.3542,0,0
P0027,Q006,education,0.4825,1,0
P0027,Q007,politics,0.0822,0,0
P0027,Q008,politics,0.634,0,0
P0027,Q009,politics,0.4522,1,0
P0027,Q010,education,0.6136,0,0
P0028,Q001,science,0.8335,1,0
P0028,Q002,finance,0.7212,1,0
P0028,Q003,finance,0.7344,1,0
P0028,Q004,science,0.3179,1,0
P0028,Q005,politics,0.6337,0,0
P0028,Q006,education,0.7913,1,0
P0028,Q007,politics,0.3112,0,0
P0028,Q008,politics,0.8611,0,0
P0028,Q009,politics,0.7923,0,0
P0028,Q010,education,0.867,1,0
P0029,Q001,science,0.6406,0,0
P0029,Q002,finance,0.4733,0,0
P0029,Q003,finance,0.595,0,0
P0029,Q004,science,0.1692,0,0
P0029,Q005,politics,0.4106,0,0
P0029,Q006,education,0.5553,0,0
P0029,Q007,politics,0.1115,0,0
P0029,Q008,politics,0.6932,1,0
P0029,Q009,politics,0.5317,0,0
P0029,Q010,education,0.6806,1,0
P0030,Q001,science,0.6314,0,0
P0030,Q002,finance,0.4632,1,0
P0030,Q003,finance,0.5891,1,0
P0030,Q004,science,0.1648,1,0
P0030,Q005,politics,0.4022,0,0
P0030,Q006,education,0.5447,1,0
P0030,Q007,politics,0.1067,0,0
P0030,Q008,politics,0.6849,1,0
P0030,Q009,politics,0.5201,1,0
P0030,Q010,education,0.6712,1,0
P0031,Q001,science,0.5169,0,0
P0031,Q002,finance,0.3477,0,0
P0031,Q003,finance,0.5181,0,0
P0031,Q004,science,0.1192,1,0
P0031,Q005,politics,0.3078,0,0
P0031,Q006,education,0.4191,0,0
P0031,Q007,politics,0.0625,0,0
P0031,Q008,politics,0.5785,0,0
P0031,Q009,politics,0.3843,0,0
P0031,Q010,education,0.5509,1,0
P0032,Q001,science,0.7791,1,0
P0032,Q002,finance,0.6438,1,0
P0032,Q003,finance,0.6905,1,0
P0032,Q004,science,0.2603,1,0
P0032,Q005,politics,0.5596,0,0
P0032,Q006,education,0.25,0,1
P0032,Q007,politics,0.2263,0,0
P0032,Q008,politics,0.8149,1,0
P0032,Q009,politics,0.7166,1,0
P0032,Q010,education,0.25,0,1
P0033,Q001,science,0.9247,1,0
P0033,Q002,finance,0.8662,1,0
P0033,Q003,finance,0.8272,0,0
P0033,Q004,science,0.4887,0,0
P0033,Q005,politics,0.792,0,0
P0033,Q006,education,0.9086,1,0
P0033,Q007,politics,0.5786,1,0
P0033,Q008,politics,0.9371,1,0
P0033,Q009,politics,0.9161,1,0
P0033,Q010,education,0.9451,1,0
P0034,Q001,science,0.8951,1,0
P0034,Q002,finance,0.817,1,0
P0034,Q003,finance,0.7931,1,0
P0034,Q004,science,0.4167,0,0
P0034,Q005,politics,0.7344,1,0
P0034,Q006,education,0.8706,0,0
P0034,Q007,politics,0.4667,0,0
P0034,Q008,politics,0.9126,1,0
P0034,Q009,politics,0.877,1,0
P0034,Q010,education,0.9207,1,0
P0035,Q001,science,0.1987,1,0
P0035,Q002,finance,0.1067,0,0
P0035,Q003,finance,0.3052,0,0
P0035,Q004,science,0.0403,0,0
P0035,Q005,politics,0.1094,0,0
P0035,Q006,education,0.1303,0,0
P0035,Q007,politics,0.0108,0,0
P0035,Q008,politics,0.2476,0,0
P0035,Q009,politics,0.101,1,0
P0035,Q010,education,0.2013,0,0
P0036,Q001,science,0.9815,1,0
P0036,Q002,finance,0.9667,1,0
P0036,Q003,finance,0.9215,1,0
P0036,Q004,science,0.7556,1,0
P0036,Q005,politics,0.9325,1,0
P0036,Q006,education,0.9796,1,0
P0036,Q007,politics,0.8942,1,0
P0036,Q008,politics,0.9842,1,0
P0036,Q009,politics,0.25,1,1
P0036,Q010,education,0.9882,1,0
P0037,Q001,science,0.8217,1,0
P0037,Q002,finance,0.7038,1,0
P0037,Q003,finance,0.7244,1,0
P0037,Q004,science,0.3037,0,0
P0037,Q005,politics,0.25,0,1
P0037,Q006,education,0.7762,0,0
P0037,Q007,politics,0.2896,0,0
P0037,Q008,politics,0.8512,1,0
P0037,Q009,politics,0.7759,1,0
P0037,Q010,education,0.8564,1,0
P0038,Q001,science,0.5968,1,0
P0038,Q002,finance,0.4263,0,0
P0038,Q003,finance,0.5673,1,0
P0038,Q004,science,0.1493,1,0
P0038,Q005,politics,0.3717,1,0
P0038,Q006,education,0.5056,0,0
P0038,Q007,politics,0.0906,0,0
P0038,Q008,politics,0.6533,1,0
P0038,Q009,politics,0.4773,1,0
P0038,Q010,education,0.6354,1,0
P0039,Q001,science,0.8399,1,0
P0039,Q002,finance,0.7306,0,0
P0039,Q003,finance,0.7399,1,0
P0039,Q004,science,0.326,0,0
P0039,Q005,politics,0.6431,0,0
P0039,Q006,education,0.7994,1,0
P0039,Q007,politics,0.3236,0,0
P0039,Q008,politics,0.8664,1,0
P0039,Q009,politics,0.8011,1,0
P0039,Q010,education,0.8727,1,0
P0040,Q001,science,0.5842,1,0
P0040,Q002,finance,0.4133,1,0
P0040,Q003,finance,0.5595,1,0
P0040,Q004,science,0.1441,0,0
P0040,Q005,politics,0.3611,0,0
P0040,Q006,education,0.4916,0,0
P0040,Q007,politics,0.0854,0,0
P0040,Q008,politics,0.6417,1,0
P0040,Q009,politics,0.4621,1,0
P0040,Q010,education,0.25,1,1
P0041,Q001,science,0.8487,1,0
P0041,Q002,finance,0.744,1,0
P0041,Q003,finance,0.7478,1,0
P0041,Q004,science,0.3379,0,0
P0041,Q005,politics,0.6566,1,0
P0041,Q006,education,0.8108,1,0
P0041,Q007,politics,0.3422,0,0
P0041,Q008,politics,0.8739,1,0
P0041,Q009,politics,0.8134,1,0
P0041,Q010,education,0.25,0,1
P0042,Q001,science,0.4494,0,0
P0042,Q002,finance,0.2878,0,0
P0042,Q003,finance,0.4766,1,0
P0042,Q004,science,0.0982,0,0
P0042,Q005,politics,0.2594,0,0
P0042,Q006,education,0.3503,0,0
P0042,Q007,politics,0.0454,0,0
P0042,Q008,politics,0.513,0,0
P0042,Q009,politics,0.3124,1,0
P0042,Q010,education,0.4778,1,0
P0043,Q001,science,0.733,0,0
P0043,Q002,finance,0.5831,0,0
P0043,Q003,finance,0.6568,1,0
P0043,Q004,science,0.2235,0,0
P0043,Q005,politics,0.5048,0,0
P0043,Q006,education,0.6653,1,0
P0043,Q007,politics,0.1765,0,0
P0043,Q008,politics,0.7751,1,0
P0043,Q009,politics,0.6534,1,0
P0043,Q010,education,0.7728,0,0
P0044,Q001,science,0.8357,1,0
P0044,Q002,finance,0.7244,1,0
P0044,Q003,finance,0.7363,1,0
P0044,Q004,science,0.3206,0,0
P0044,Q005,politics,0.6368,1,0
P0044,Q006,education,0.7941,1,0
P0044,Q007,politics,0.3153,1,0
P0044,Q008,politics,0.8629,1,0
P0044,Q009,politics,0.7953,0,0
P0044,Q010,education,0.8689,1,0
P0045,Q001,science,0.1352,0,0
P0045,Q002,finance,0.0693,0,0
P0045,Q003,finance,0.25,0,1
P0045,Q004,science,0.0282,0,0
P0045,Q005,politics,0.0756,0,0
P0045,Q006,education,0.0836,0,0
P0045,Q007,politics,0.0061,0,0
P0045,Q008,politics,0.1733,0,0
P0045,Q009,politics,0.0614,0,0
P0045,Q010,education,0.1327,0,0
P0046,Q001,science,0.7328,1,0
P0046,Q002,finance,0.5828,1,0
P0046,Q003,finance,0.6567,1,0
P0046,Q004,science,0.2234,0,0
P0046,Q005,politics,0.5045,0,0
P0046,Q006,education,0.665,1,0
P0046,Q007,politics,0.1763,1,0
P0046,Q008,politics,0.7749,1,0
P0046,Q009,politics,0.6531,0,0
P0046,Q010,education,0.7726,1,0
P0047,Q001,science,0.4717,0,0
P0047,Q002,finance,0.307,0,0
P0047,Q003,finance,0.4904,0,0
P0047,Q004,science,0.1048,0,0
P0047,Q005,politics,0.2749,0,0
P0047,Q006,education,0.3726,0,0
P0047,Q007,politics,0.0505,0,0
P0047,Q008,politics,0.5349,0,0
P0047,Q009,politics,0.3354,1,0
P0047,Q010,education,0.5021,0,0
P0048,Q001,science,0.5356,0,0
P0048,Q002,finance,0.3653,1,0
P0048,Q003,finance,0.5295,0,0
P0048,Q004,science,0.1256,0,0
P0048,Q005,politics,0.322,0,0
P0048,Q006,education,0.4388,1,0
P0048,Q007,politics,0.0681,0,0
P0048,Q008,politics,0.5962,1,0
P0048,Q009,politics,0.4053,0,0
P0048,Q010,education,0.5709,1,0
P0049,Q001,science,0.6199,1,0
P0049,Q002,finance,0.25,1,1
P0049,Q003,finance,0.25,0,1
P0049,Q004,science,0.1594,0,0
P0049,Q005,politics,0.3919,0,0
P0049,Q006,education,0.5317,0,0
P0049,Q007,politics,0.101,0,0
P0049,Q008,politics,0.6745,1,0
P0049,Q009,politics,0.5058,0,0
P0049,Q010,education,0.6594,1,0
P0050,Q001,science,0.8816,1,0
P0050,Q002,finance,0.7952,1,0
P0050,Q003,finance,0.7791,1,0
P0050,Q004,science,0.3905,1,0
P0050,Q005,politics,0.7104,0,0
P0050,Q006,education,0.8532,1,0
P0050,Q007,politics,0.425,1,0
P0050,Q008,politics,0.9014,1,0
P0050,Q009,politics,0.8587,0,0
P0050,Q010,education,0.9093,1,0
P0051,Q001,science,0.5147,0,0
P0051,Q002,finance,0.3457,1,0
P0051,Q003,finance,0.5167,1,0
P0051,Q004,science,0.1184,0,0
P0051,Q005,politics,0.3061,0,0
P0051,Q006,education,0.4168,1,0
P0051,Q007,politics,0.0618,0,0
P0051,Q008,politics,0.5764,0,0
P0051,Q009,politics,0.3818,1,0
P0051,Q010,education,0.5485,1,0
P0052,Q001,science,0.5394,0,0
P0052,Q002,finance,0.3689,1,0
P0052,Q003,finance,0.5318,1,0
P0052,Q004,science,0.127,0,0
P0052,Q005,politics,0.325,0,0
P0052,Q006,education,0.4429,0,0
P0052,Q007,politics,0.0693,0,0
P0052,Q008,politics,0.5998,0,0
P0052,Q009,politics,0.4096,0,0
P0052,Q010,education,0.5749,0,0
P0053,Q001,science,0.7643,1,0
P0053,Q002,finance,0.6238,0,0
P0053,Q003,finance,0.6795,0,0
P0053,Q004,science,0.2476,1,0
P0053,Q005,politics,0.5413,0,0
P0053,Q006,education,0.7039,1,0
P0053,Q007,politics,0.2086,0,0
P0053,Q008,politics,0.8022,1,0
P0053,Q009,politics,0.6962,1,0
P0053,Q010,education,0.803,1,0
P0054,Q001,science,0.8548,1,0
P0054,Q002,finance,0.7532,0,0
P0054,Q003,finance,0.7533,1,0
P0054,Q004,science,0.3466,0,0
P0054,Q005,politics,0.666,1,0
P0054,Q006,education,0.8186,1,0
P0054,Q007,politics,0.3557,1,0
P0054,Q008,politics,0.8789,1,0
P0054,Q009,politics,0.8218,1,0
P0054,Q010,education,0.25,1,1
P0055,Q001,science,0.4507,0,0
P0055,Q002,finance,0.2889,1,0
P0055,Q003,finance,0.4774,0,0
P0055,Q004,science,0.0986,1,0
P0055,Q005,politics,0.2604,0,0
P0055,Q006,education,0.3516,0,0
P0055,Q007,politics,0.0457,0,0
P0055,Q008,politics,0.5143,0,0
P0055,Q009,politics,0.3137,0,0
P0055,Q010,education,0.4792,1,0
P0056,Q001,science,0.3842,0,0
P0056,Q002,finance,0.2349,0,0
P0056,Q003,finance,0.25,0,1
P0056,Q004,science,0.0807,0,0
P0056,Q005,politics,0.2167,0,0
P0056,Q006,education,0.2878,1,0
P0056,Q007,politics,0.033,0,0
P0056,Q008,politics,0.4476,0,0
P0056,Q009,politics,0.249,1,0
P0056,Q010,education,0.4063,1,0
P0057,Q001,science,0.1275,0,0
P0057,Q002,finance,0.065,0,0
P0057,Q003,finance,0.2411,1,0
P0057,Q004,science,0.0267,0,0
P0057,Q005,politics,0.0716,0,0
P0057,Q006,education,0.0782,0,0
P0057,Q007,politics,0.0056,0,0
P0057,Q008,politics,0.164,0,0
P0057,Q009,politics,0.057,0,0
P0057,Q010,education,0.1244,0,0
P0058,Q001,science,0.25,1,1
P0058,Q002,finance,0.25,1,1
P0058,Q003,finance,0.6354,0,0
P0058,Q004,science,0.2029,1,0
P0058,Q005,politics,0.25,0,1
P0058,Q006,education,0.6276,1,0
P0058,Q007,politics,0.1506,1,0
P0058,Q008,politics,0.7479,1,0
P0058,Q009,politics,0.6116,0,0
P0058,Q010,education,0.7424,1,0
P0059,Q001,science,0.25,0,1
P0059,Q002,finance,0.2294,0,0
P0059,Q003,finance,0.4314,0,0
P0059,Q004,science,0.079,0,0
P0059,Q005,politics,0.25,1,1
P0059,Q006,education,0.2812,0,0
P0059,Q007,politics,0.0318,0,0
P0059,Q008,politics,0.4404,1,0
P0059,Q009,politics,0.2425,0,0
P0059,Q010,education,0.3984,0,0
P0060,Q001,science,0.2149,0,0
P0060,Q002,finance,0.1167,0,0
P0060,Q003,finance,0.3181,1,0
P0060,Q004,science,0.25,0,1
P0060,Q005,politics,0.1181,0,0
P0060,Q006,education,0.1428,0,0
P0060,Q007,politics,0.0121,0,0
P0060,Q008,politics,0.2659,0,0
P0060,Q009,politics,0.112,0,0
P0060,Q010,education,0.219,0,0
P0061,Q001,science,0.585,1,0
P0061,Q002,finance,0.4142,1,0
P0061,Q003,finance,0.56,1,0
P0061,Q004,science,0.1444,0,0
P0061,Q005,politics,0.3618,1,0
P0061,Q006,education,0.4925,1,0
P0061,Q007,politics,0.0858,0,0
P0061,Q008,politics,0.6425,1,0
P0061,Q009,politics,0.4631,0,0
P0061,Q010,education,0.6231,1,0
P0062,Q001,science,0.8904,0,0
P0062,Q002,finance,0.8094,1,0
P0062,Q003,finance,0.7881,0,0
P0062,Q004,science,0.25,0,1
P0062,Q005,politics,0.726,1,0
P0062,Q006,education,0.8646,1,0
P0062,Q007,politics,0.4517,1,0
P0062,Q008,politics,0.9087,1,0
P0062,Q009,politics,0.8707,1,0
P0062,Q010,education,0.9168,1,0
P0063,Q001,science,0.6677,0,0
P0063,Q002,finance,0.504,0,0
P0063,Q003,finance,0.6126,0,0
P0063,Q004,science,0.25,1,1
P0063,Q005,politics,0.4364,0,0
P0063,Q006,education,0.5869,0,0
P0063,Q007,politics,0.1271,0,0
P0063,Q008,politics,0.7176,0,0
P0063,Q009,politics,0.5666,1,0
P0063,Q010,education,0.7082,1,0
P0064,Q001,science,0.4838,0,0
P0064,Q002,finance,0.3176,0,0
P0064,Q003,finance,0.4978,0,0
P0064,Q004,science,0.1085,0,0
P0064,Q005,politics,0.2835,0,0
P0064,Q006,education,0.3849,0,0
P0064,Q007,politics,0.0535,0,0
P0064,Q008,politics,0.5466,0,0
P0064,Q009,politics,0.3482,0,0
P0064,Q010,education,0.25,0,1
P0065,Q001,science,0.5248,0,0
P0065,Q002,finance,0.3551,1,0
P0065,Q003,finance,0.5229,0,0
P0065,Q004,science,0.1219,0,0
P0065,Q005,politics,0.3138,0,0
P0065,Q006,education,0.4274,1,0
P0065,Q007,politics,0.0648,0,0
P0065,Q008,politics,0.586,1,0
P0065,Q009,politics,0.3931,0,0
P0065,Q010,education,0.5594,0,0
P0066,Q001,science,0.6044,1,0
P0066,Q002,finance,0.4342,0,0
P0066,Q003,finance,0.5721,1,0
P0066,Q004,science,0.1525,0,0
P0066,Q005,politics,0.3782,0,0
P0066,Q006,education,0.5141,1,0
P0066,Q007,politics,0.0939,0,0
P0066,Q008,politics,0.6603,1,0
P0066,Q009,politics,0.4865,1,0
P0066,Q010,education,0.6433,0,0
P0067,Q001,science,0.7154,1,0
P0067,Q002,finance,0.561,1,0
P0067,Q003,finance,0.6446,1,0
P0067,Q004,science,0.2115,1,0
P0067,Q005,politics,0.4854,0,0
P0067,Q006,education,0.6438,1,0
P0067,Q007,politics,0.1612,1,0
P0067,Q008,politics,0.7597,1,0
P0067,Q009,politics,0.6296,0,0
P0067,Q010,education,0.7557,1,0
P0068,Q001,science,0.6056,0,0
P0068,Q002,finance,0.4355,1,0
P0068,Q003,finance,0.5729,1,0
P0068,Q004,science,0.1531,0,0
P0068,Q005,politics,0.3793,1,0
P0068,Q006,education,0.5155,0,0
P0068,Q007,politics,0.0944,0,0
P0068,Q008,politics,0.6614,0,0
P0068,Q009,politics,0.25,0,1
P0068,Q010,education,0.6446,0,0
P0069,Q001,science,0.8681,1,0
P0069,Q002,finance,0.7738,1,0
P0069,Q003,finance,0.7658,1,0
P0069,Q004,science,0.3671,1,0
P0069,Q005,politics,0.6875,1,0
P0069,Q006,education,0.8357,1,0
P0069,Q007,politics,0.388,0,0
P0069,Q008,politics,0.8901,1,0
P0069,Q009,politics,0.8401,1,0
P0069,Q010,education,0.8976,1,0
P0070,Q001,science,0.7987,1,0
P0070,Q002,finance,0.25,0,1
P0070,Q003,finance,0.7057,1,0
P0070,Q004,science,0.2789,0,0
P0070,Q005,politics,0.585,1,0
P0070,Q006,education,0.747,1,0
P0070,Q007,politics,0.2529,1,0
P0070,Q008,politics,0.8316,1,0
P0070,Q009,politics,0.7438,0,0
P0070,Q010,education,0.8352,1,0
P0071,Q001,science,0.7964,1,0
P0071,Q002,finance,0.6677,1,0
P0071,Q003,finance,0.7039,1,0
P0071,Q004,science,0.2766,0,0
P0071,Q005,politics,0.5819,1,0
P0071,Q006,education,0.7441,1,0
P0071,Q007,politics,0.2496,1,0
P0071,Q008,politics,0.8297,1,0
P0071,Q009,politics,0.7406,1,0
P0071,Q010,education,0.8331,0,0
P0072,Q001,science,0.5931,0,0
P0072,Q002,finance,0.4225,1,0
P0072,Q003,finance,0.565,1,0
P0072,Q004,science,0.1477,0,0
P0072,Q005,politics,0.3686,1,0
P0072,Q006,education,0.5015,0,0
P0072,Q007,politics,0.0891,1,0
P0072,Q008,politics,0.6499,1,0
P0072,Q009,politics,0.25,1,1
P0072,Q010,education,0.6316,1,0
P0073,Q001,science,0.9684,1,0
P0073,Q002,finance,0.943,1,0
P0073,Q003,finance,0.8935,1,0
P0073,Q004,science,0.6658,1,0
P0073,Q005,politics,0.8951,1,0
P0073,Q006,education,0.9638,1,0
P0073,Q007,politics,0.8106,1,0
P0073,Q008,politics,0.9733,1,0
P0073,Q009,politics,0.9697,1,0
P0073,Q010,education,0.9789,1,0
P0074,Q001,science,0.9488,1,0
P0074,Q002,finance,0.9081,1,0
P0074,Q003,finance,0.25,0,1
P0074,Q004,science,0.5709,1,0
P0074,Q005,politics,0.25,0,1
P0074,Q006,education,0.9394,1,0
P0074,Q007,politics,0.6962,1,0
P0074,Q008,politics,0.9571,1,0
P0074,Q009,politics,0.9466,1,0
P0074,Q010,education,0.9642,1,0
P0075,Q001,science,0.506,1,0
P0075,Q002,finance,0.3376,0,0
P0075,Q003,finance,0.5114,0,0
P0075,Q004,science,0.1156,0,0
P0075,Q005,politics,0.2997,1,0
P0075,Q006,education,0.4077,1,0
P0075,Q007,politics,0.0594,0,0
P0075,Q008,politics,0.568,0,0
P0075,Q009,politics,0.25,0,1
P0075,Q010,education,0.5392,1,0
P0076,Q001,science,0.3856,0,0
P0076,Q002,finance,0.2359,0,0
P0076,Q003,finance,0.4367,1,0
P0076,Q004,science,0.0811,0,0
P0076,Q005,politics,0.2176,0,0
P0076,Q006,education,0.25,1,1
P0076,Q007,politics,0.0332,0,0
P0076,Q008,politics,0.449,0,0
P0076,Q009,politics,0.2503,0,0
P0076,Q010,education,0.4078,0,0
P0077,Q001,science,0.9273,1,0
P0077,Q002,finance,0.8708,1,0
P0077,Q003,finance,0.8306,1,0
P0077,Q004,science,0.4965,0,0
P0077,Q005,politics,0.7976,1,0
P0077,Q006,education,0.912,1,0
P0077,Q007,politics,0.5904,1,0
P0077,Q008,politics,0.9393,1,0
P0077,Q009,politics,0.9195,1,0
P0077,Q010,education,0.9472,1,0
P0078,Q001,science,0.25,0,1
P0078,Q002,finance,0.9354,0,0
P0078,Q003,finance,0.25,0,1
P0078,Q004,science,0.6423,0,0
P0078,Q005,politics,0.8839,1,0
P0078,Q006,education,0.9586,1,0
P0078,Q007,politics,0.7847,1,0
P0078,Q008,politics,0.9698,1,0
P0078,Q009,politics,0.9649,1,0
P0078,Q010,education,0.9758,1,0
P0079,Q001,science,0.4619,0,0
P0079,Q002,finance,0.2985,1,0
P0079,Q003,finance,0.4844,1,0
P0079,Q004,science,0.1019,0,0
P0079,Q005,politics,0.2681,0,0
P0079,Q006,education,0.3628,0,0
P0079,Q007,politics,0.0483,0,0
P0079,Q008,politics,0.5253,1,0
P0079,Q009,politics,0.3253,0,0
P0079,Q010,education,0.4915,1,0
P0080,Q001,science,0.5218,1,0
P0080,Q002,finance,0.3523,0,0
P0080,Q003,finance,0.5211,1,0
P0080,Q004,science,0.1208,1,0
P0080,Q005,politics,0.3115,0,0
P0080,Q006,education,0.4243,0,0
P0080,Q007,politics,0.0639,0,0
P0080,Q008,politics,0.5832,0,0
P0080,Q009,politics,0.3897,0,0
P0080,Q010,education,0.5562,0,0
P0081,Q001,science,0.3122,0,0
P0081,Q002,finance,0.1815,0,0
P0081,Q003,finance,0.3887,0,0
P0081,Q004,science,0.25,0,1
P0081,Q005,politics,0.1729,0,0
P0081,Q006,education,0.223,0,0
P0081,Q007,politics,0.0225,0,0
P0081,Q008,politics,0.3726,0,0
P0081,Q009,politics,0.1859,0,0
P0081,Q010,education,0.3266,0,0
P0082,Q001,science,0.323,0,0
P0082,Q002,finance,0.1892,0,0
P0082,Q003,finance,0.396,1,0
P0082,Q004,science,0.0662,0,0
P0082,Q005,politics,0.1793,0,0
P0082,Q006,education,0.2324,0,0
P0082,Q007,politics,0.0239,0,0
P0082,Q008,politics,0.3841,1,0
P0082,Q009,politics,0.25,0,1
P0082,Q010,education,0.3386,0,0
P0083,Q001,science,0.9197,1,0
P0083,Q002,finance,0.8579,1,0
P0083,Q003,finance,0.8212,1,0
P0083,Q004,science,0.475,0,0
P0083,Q005,politics,0.7819,1,0
P0083,Q006,education,0.9023,1,0
P0083,Q007,politics,0.5578,1,0
P0083,Q008,politics,0.933,1,0
P0083,Q009,politics,0.9097,1,0
P0083,Q010,education,0.9411,1,0
P0084,Q001,science,0.25,0,1
P0084,Q002,finance,0.6445,1,0
P0084,Q003,finance,0.6909,1,0
P0084,Q004,science,0.2608,0,0
P0084,Q005,politics,0.5602,1,0
P0084,Q006,education,0.723,1,0
P0084,Q007,politics,0.227,0,0
P0084,Q008,politics,0.8153,0,0
P0084,Q009,politics,0.7173,1,0
P0084,Q010,education,0.8174,1,0
P0085,Q001,science,0.803,1,0
P0085,Q002,finance,0.677,1,0
P0085,Q003,finance,0.7092,1,0
P0085,Q004,science,0.2833,1,0
P0085,Q005,politics,0.5907,0,0
P0085,Q006,education,0.7525,0,0
P0085,Q007,politics,0.2593,0,0
P0085,Q008,politics,0.8353,1,0
P0085,Q009,politics,0.7498,0,0
P0085,Q010,education,0.25,0,1
P0086,Q001,science,0.0578,0,0
P0086,Q002,finance,0.0278,0,0
P0086,Q003,finance,0.1573,0,0
P0086,Q004,science,0.0135,0,0
P0086,Q005,politics,0.0346,0,0
P0086,Q006,education,0.0323,0,0
P0086,Q007,politics,0.0019,0,0
P0086,Q008,politics,0.0774,0,0
P0086,Q009,politics,0.0213,0,0
P0086,Q010,education,0.0526,0,0
P0087,Q001,science,0.25,0,1
P0087,Q002,finance,0.25,0,1
P0087,Q003,finance,0.25,0,1
P0087,Q004,science,0.25,0,1
P0087,Q005,politics,0.4122,0,0
P0087,Q006,education,0.5572,0,0
P0087,Q007,politics,0.1123,0,0
P0087,Q008,politics,0.25,0,1
P0087,Q009,politics,0.5338,1,0
P0087,Q010,education,0.25,0,1
P0088,Q001,science,0.8513,1,0
P0088,Q002,finance,0.7478,1,0
P0088,Q003,finance,0.7501,0,0
P0088,Q004,science,0.3415,0,0
P0088,Q005,politics,0.6605,1,0
P0088,Q006,education,0.8141,1,0
P0088,Q007,politics,0.3478,0,0
P0088,Q008,politics,0.876,1,0
P0088,Q009,politics,0.8169,1,0
P0088,Q010,education,0.8828,1,0
P0089,Q001,science,0.7585,1,0
P0089,Q002,finance,0.6161,1,0
P0089,Q003,finance,0.6752,0,0
P0089,Q004,science,0.2428,0,0
P0089,Q005,politics,0.5343,1,0
P0089,Q006,education,0.6967,1,0
P0089,Q007,politics,0.2022,0,0
P0089,Q008,politics,0.7972,1,0
P0089,Q009,politics,0.25,0,1
P0089,Q010,education,0.7974,1,0
P0090,Q001,science,0.5965,0,0
P0090,Q002,finance,0.426,0,0
P0090,Q003,finance,0.5671,1,0
P0090,Q004,science,0.1492,0,0
P0090,Q005,politics,0.3715,0,0
P0090,Q006,education,0.5053,1,0
P0090,Q007,politics,0.0905,1,0
P0090,Q008,politics,0.653,0,0
P0090,Q009,politics,0.477,1,0
P0090,Q010,education,0.6351,1,0
P0091,Q001,science,0.3007,1,0
P0091,Q002,finance,0.1734,0,0
P0091,Q003,finance,0.3809,0,0
P0091,Q004,science,0.0612,1,0
P0091,Q005,politics,0.1662,0,0
P0091,Q006,education,0.2131,0,0
P0091,Q007,politics,0.0211,0,0
P0091,Q008,politics,0.3603,1,0
P0091,Q009,politics,0.1765,0,0
P0091,Q010,education,0.3138,1,0
P0092,Q001,science,0.776,1,0
P0092,Q002,finance,0.6395,1,0
P0092,Q003,finance,0.6882,0,0
P0092,Q004,science,0.2575,0,0
P0092,Q005,politics,0.5557,1,0
P0092,Q006,education,0.7184,0,0
P0092,Q007,politics,0.2224,0,0
P0092,Q008,politics,0.8122,1,0
P0092,Q009,politics,0.7123,1,0
P0092,Q010,education,0.814,0,0
P0093,Q001,science,0.9444,1,0
P0093,Q002,finance,0.9002,1,0
P0093,Q003,finance,0.8538,1,0
P0093,Q004,science,0.5534,1,0
P0093,Q005,politics,0.8351,1,0
P0093,Q006,education,0.9337,1,0
P0093,Q007,politics,0.6725,0,0
P0093,Q008,politics,0.9533,1,0
P0093,Q009,politics,0.9411,1,0
P0093,Q010,education,0.9607,1,0
P0094,Q001,science,0.2811,0,0
P0094,Q002,finance,0.1599,0,0
P0094,Q003,finance,0.3673,0,0
P0094,Q004,science,0.057,1,0
P0094,Q005,politics,0.1549,0,0
P0094,Q006,education,0.1964,1,0
P0094,Q007,politics,0.0188,0,0
P0094,Q008,politics,0.3392,0,0
P0094,Q009,politics,0.1608,0,0
P0094,Q010,education,0.2921,0,0
P0095,Q001,science,0.8706,1,0
P0095,Q002,finance,0.7778,0,0
P0095,Q003,finance,0.7682,1,0
P0095,Q004,science,0.3712,1,0
P0095,Q005,politics,0.6917,1,0
P0095,Q006,education,0.839,0,0
P0095,Q007,politics,0.3945,1,0
P0095,Q008,politics,0.8922,1,0
P0095,Q009,politics,0.8436,1,0
P0095,Q010,education,0.8998,1,0
P0096,Q001,science,0.2553,0,0
P0096,Q002,finance,0.1426,0,0
P0096,Q003,finance,0.3487,0,0
P0096,Q004,science,0.0516,0,0
P0096,Q005,politics,0.1404,0,0
P0096,Q006,education,0.25,1,1
P0096,Q007,politics,0.016,0,0
P0096,Q008,politics,0.311,1,0
P0096,Q009,politics,0.1411,0,0
P0096,Q010,education,0.25,0,1
P0097,Q001,science,0.4798,1,0
P0097,Q002,finance,0.3141,0,0
P0097,Q003,finance,0.4953,0,0
P0097,Q004,science,0.1072,0,0
P0097,Q005,politics,0.2807,1,0
P0097,Q006,education,0.3808,1,0
P0097,Q007,politics,0.0525,0,0
P0097,Q008,politics,0.5428,0,0
P0097,Q009,politics,0.344,0,0
P0097,Q010,education,0.5109,1,0
P0098,Q001,science,0.1734,0,0
P0098,Q002,finance,0.0914,1,0
P0098,Q003,finance,0.2838,1,0
P0098,Q004,science,0.0354,0,0
P0098,Q005,politics,0.0958,0,0
P0098,Q006,education,0.1112,0,0
P0098,Q007,politics,0.0088,0,0
P0098,Q008,politics,0.2183,1,0
P0098,Q009,politics,0.0845,0,0
P0098,Q010,education,0.1737,0,0
P0099,Q001,science,0.3758,0,0
P0099,Q002,finance,0.2284,1,0
P0099,Q003,finance,0.4305,0,0
P0099,Q004,science,0.25,0,1
P0099,Q005,politics,0.2114,0,0
P0099,Q006,education,0.2799,1,0
P0099,Q007,politics,0.0316,0,0
P0099,Q008,politics,0.25,1,1
P0099,Q009,politics,0.2412,0,0
P0099,Q010,education,0.397,0,0
P0100,Q001,science,0.9559,1,0
P0100,Q002,finance,0.9205,1,0
P0100,Q003,finance,0.8715,1,0
P0100,Q004,science,0.6011,0,0
P0100,Q005,politics,0.8626,1,0
P0100,Q006,education,0.9482,1,0
P0100,Q007,politics,0.7354,1,0
P0100,Q008,politics,0.9629,1,0
P0100,Q009,politics,0.9551,1,0
P0100,Q010,education,0.9695,1,0
P0101,Q001,science,0.4106,0,0
P0101,Q002,finance,0.2557,1,0
P0101,Q003,finance,0.4525,0,0
P0101,Q004,science,0.0875,0,0
P0101,Q005,politics,0.2336,0,0
P0101,Q006,education,0.3126,1,0
P0101,Q007,politics,0.0377,0,0
P0101,Q008,politics,0.4743,1,0
P0101,Q009,politics,0.2739,0,0
P0101,Q010,education,0.4353,0,0
P0102,Q001,science,0.5854,0,0
P0102,Q002,finance,0.4146,0,0
P0102,Q003,finance,0.25,1,1
P0102,Q004,science,0.25,0,1
P0102,Q005,politics,0.3621,1,0
P0102,Q006,education,0.493,0,0
P0102,Q007,politics,0.0859,0,0
P0102,Q008,politics,0.6429,0,0
P0102,Q009,politics,0.4636,1,0
P0102,Q010,education,0.6236,0,0
P0103,Q001,science,0.5281,1,0
P0103,Q002,finance,0.3582,0,0
P0103,Q003,finance,0.5249,1,0
P0103,Q004,science,0.123,0,0
P0103,Q005,politics,0.3163,0,0
P0103,Q006,education,0.25,0,1
P0103,Q007,politics,0.0658,0,0
P0103,Q008,politics,0.5892,1,0
P0103,Q009,politics,0.3968,0,0
P0103,Q010,education,0.5629,0,0
P0104,Q001,science,0.7302,1,0
P0104,Q002,finance,0.5795,0,0
P0104,Q003,finance,0.6549,1,0
P0104,Q004,science,0.2216,0,0
P0104,Q005,politics,0.5016,0,0
P0104,Q006,education,0.6618,1,0
P0104,Q007,politics,0.174,0,0
P0104,Q008,politics,0.7727,1,0
P0104,Q009,politics,0.6496,1,0
P0104,Q010,education,0.7701,0,0
P0105,Q001,science,0.2577,1,0
P0105,Q002,finance,0.1442,0,0
P0105,Q003,finance,0.3505,1,0
P0105,Q004,science,0.0521,0,0
P0105,Q005,politics,0.1417,0,0
P0105,Q006,education,0.177,0,0
P0105,Q007,politics,0.0162,0,0
P0105,Q008,politics,0.3136,0,0
P0105,Q009,politics,0.1429,0,0
P0105,Q010,education,0.2662,0,0
P0106,Q001,science,0.9734,0,0
P0106,Q002,finance,0.952,1,0
P0106,Q003,finance,0.9034,1,0
P0106,Q004,science,0.6967,1,0
P0106,Q005,politics,0.9089,0,0
P0106,Q006,education,0.9699,1,0
P0106,Q007,politics,0.8421,1,0
P0106,Q008,politics,0.9775,1,0
P0106,Q009,politics,0.9752,1,0
P0106,Q010,education,0.9825,1,0
P0107,Q001,science,0.7651,1,0
P0107,Q002,finance,0.6248,1,0
P0107,Q003,finance,0.68,1,0
P0107,Q004,science,0.2482,0,0
P0107,Q005,politics,0.5422,0,0
P0107,Q006,education,0.7048,0,0
P0107,Q007,politics,0.2095,0,0
P0107,Q008,politics,0.8029,0,0
P0107,Q009,politics,0.6972,0,0
P0107,Q010,education,0.8036,1,0
P0108,Q001,science,0.7143,1,0
P0108,Q002,finance,0.5595,0,0
P0108,Q003,finance,0.6438,0,0
P0108,Q004,science,0.2108,0,0
P0108,Q005,politics,0.4841,1,0
P0108,Q006,education,0.6424,0,0
P0108,Q007,politics,0.25,0,1
P0108,Q008,politics,0.7587,1,0
P0108,Q009,politics,0.628,1,0
P0108,Q010,education,0.7545,1,0
P0109,Q001,science,0.7609,1,0
P0109,Q002,finance,0.6192,1,0
P0109,Q003,finance,0.6769,1,0
P0109,Q004,science,0.2447,1,0
P0109,Q005,politics,0.5371,1,0
P0109,Q006,education,0.6996,0,0
P0109,Q007,politics,0.2047,0,0
P0109,Q008,politics,0.7992,1,0
P0109,Q009,politics,0.6914,0,0
P0109,Q010,education,0.25,0,1
P0110,Q001,science,0.6276,0,0
P0110,Q002,finance,0.459,0,0
P0110,Q003,finance,0.5867,0,0
P0110,Q004,science,0.163,0,0
P0110,Q005,politics,0.3988,0,0
P0110,Q006,education,0.5404,0,0
P0110,Q007,politics,0.1048,0,0
P0110,Q008,politics,0.6815,0,0
P0110,Q009,politics,0.5153,0,0
P0110,Q010,education,0.6673,1,0
P0111,Q001,science,0.6859,0,0
P0111,Q002,finance,0.5252,0,0
P0111,Q003,finance,0.6246,0,0
P0111,Q004,science,0.1933,1,0
P0111,Q005,politics,0.4545,0,0
P0111,Q006,education,0.6084,1,0
P0111,Q007,politics,0.1389,1,0
P0111,Q008,politics,0.7337,1,0
P0111,Q009,politics,0.5903,1,0
P0111,Q010,education,0.7264,0,0
P0112,Q001,science,0.6383,1,0
P0112,Q002,finance,0.4708,0,0
P0112,Q003,finance,0.5935,1,0
P0112,Q004,science,0.1681,0,0
P0112,Q005,politics,0.4085,1,0
P0112,Q006,education,0.5527,1,0
P0112,Q007,politics,0.1103,1,0
P0112,Q008,politics,0.6911,1,0
P0112,Q009,politics,0.5288,1,0
P0112,Q010,education,0.6783,1,0
P0113,Q001,science,0.7974,1,0
P0113,Q002,finance,0.6691,0,0
P0113,Q003,finance,0.7047,0,0
P0113,Q004,science,0.2776,0,0
P0113,Q005,politics,0.5832,0,0
P0113,Q006,education,0.7454,1,0
P0113,Q007,politics,0.251,1,0
P0113,Q008,politics,0.8305,1,0
P0113,Q009,politics,0.742,1,0
P0113,Q010,education,0.834,1,0
P0114,Q001,science,0.1898,0,0
P0114,Q002,finance,0.1012,1,0
P0114,Q003,finance,0.2978,0,0
P0114,Q004,science,0.0385,0,0
P0114,Q005,politics,0.1046,0,0
P0114,Q006,education,0.1235,0,0
P0114,Q007,politics,0.01,0,0
P0114,Q008,politics,0.2373,1,0
P0114,Q009,politics,0.0951,0,0
P0114,Q010,education,0.1915,1,0
P0115,Q001,science,0.0794,0,0
P0115,Q002,finance,0.0389,0,0
P0115,Q003,finance,0.187,0,0
P0115,Q004,science,0.0177,0,0
P0115,Q005,politics,0.0462,0,0
P0115,Q006,education,0.0459,0,0
P0115,Q007,politics,0.0029,0,0
P0115,Q008,politics,0.1049,0,0
P0115,Q009,politics,0.0315,0,0
P0115,Q010,education,0.0743,0,0
P0116,Q001,science,0.9462,1,0
P0116,Q002,finance,0.9034,1,0
P0116,Q003,finance,0.8565,1,0
P0116,Q004,science,0.5604,0,0
P0116,Q005,politics,0.8393,1,0
P0116,Q006,education,0.936,1,0
P0116,Q007,politics,0.682,0,0
P0116,Q008,politics,0.9549,1,0
P0116,Q009,politics,0.9433,1,0
P0116,Q010,education,0.9621,1,0
P0117,Q001,science,0.6806,1,0
P0117,Q002,finance,0.519,1,0
P0117,Q003,finance,0.6211,1,0
P0117,Q004,science,0.1903,0,0
P0117,Q005,politics,0.4492,0,0
P0117,Q006,education,0.6022,1,0
P0117,Q007,politics,0.1354,0,0
P0117,Q008,politics,0.7291,1,0
P0117,Q009,politics,0.5834,1,0
P0117,Q010,education,0.7212,0,0
P0118,Q001,science,0.3739,0,0
P0118,Q002,finance,0.2269,0,0
P0118,Q003,finance,0.4293,0,0
P0118,Q004,science,0.0782,0,0
P0118,Q005,politics,0.2102,0,0
P0118,Q006,education,0.2782,1,0
P0118,Q007,politics,0.0313,0,0
P0118,Q008,politics,0.4371,0,0
P0118,Q009,politics,0.2395,0,0
P0118,Q010,education,0.3949,0,0
P0119,Q001,science,0.9261,1,0
P0119,Q002,finance,0.8687,1,0
P0119,Q003,finance,0.8291,1,0
P0119,Q004,science,0.493,0,0
P0119,Q005,politics,0.7951,0,0
P0119,Q006,education,0.9105,1,0
P0119,Q007,politics,0.5851,1,0
P0119,Q008,politics,0.9383,1,0
P0119,Q009,politics,0.918,1,0
P0119,Q010,education,0.9463,1,0
P0120,Q001,science,0.6559,0,0
P0120,Q002,finance,0.4905,1,0
P0120,Q003,finance,0.6049,1,0
P0120,Q004,science,0.1769,1,0
P0120,Q005,politics,0.425,0,0
P0120,Q006,education,0.5731,1,0
P0120,Q007,politics,0.12,0,0
P0120,Q008,politics,0.707,1,0
P0120,Q009,politics,0.5513,0,0
P0120,Q010,education,0.6962,0,0
P0121,Q001,science,0.25,0,1
P0121,Q002,finance,0.5813,0,0
P0121,Q003,finance,0.6558,0,0
P0121,Q004,science,0.2225,0,0
P0121,Q005,politics,0.5032,1,0
P0121,Q006,education,0.6635,0,0
P0121,Q007,politics,0.1752,0,0
P0121,Q008,politics,0.25,1,1
P0121,Q009,politics,0.6515,1,0
P0121,Q010,education,0.7715,1,0
P0122,Q001,science,0.5126,1,0
P0122,Q002,finance,0.3438,1,0
P0122,Q003,finance,0.5154,1,0
P0122,Q004,science,0.1177,0,0
P0122,Q005,politics,0.3046,1,0
P0122,Q006,education,0.4146,0,0
P0122,Q007,politics,0.0612,0,0
P0122,Q008,politics,0.5744,0,0
P0122,Q009,politics,0.3795,1,0
P0122,Q010,education,0.5463,1,0
P0123,Q001,science,0.5334,0,0
P0123,Q002,finance,0.3632,1,0
P0123,Q003,finance,0.5282,0,0
P0123,Q004,science,0.1249,0,0
P0123,Q005,politics,0.3203,1,0
P0123,Q006,education,0.4365,1,0
P0123,Q007,politics,0.0674,0,0
P0123,Q008,politics,0.5942,0,0
P0123,Q009,politics,0.25,0,1
P0123,Q010,education,0.25,0,1
P0124,Q001,science,0.3382,1,0
P0124,Q002,finance,0.2001,1,0
P0124,Q003,finance,0.25,0,1
P0124,Q004,science,0.0696,1,0
P0124,Q005,politics,0.1883,0,0
P0124,Q006,education,0.2458,0,0
P0124,Q007,politics,0.026,0,0
P0124,Q008,politics,0.4,0,0
P0124,Q009,politics,0.2078,0,0
P0124,Q010,education,0.3553,0,0
P0125,Q001,science,0.8607,0,0
P0125,Q002,finance,0.7623,1,0
P0125,Q003,finance,0.7587,1,0
P0125,Q004,science,0.3554,1,0
P0125,Q005,politics,0.6754,1,0
P0125,Q006,education,0.8262,1,0
P0125,Q007,politics,0.3695,0,0
P0125,Q008,politics,0.8839,1,0
P0125,Q009,politics,0.8299,1,0
P0125,Q010,education,0.8911,1,0
P0126,Q001,science,0.834,1,0
P0126,Q002,finance,0.7219,1,0
P0126,Q003,finance,0.7348,1,0
P0126,Q004,science,0.3185,0,0
P0126,Q005,politics,0.6343,0,0
P0126,Q006,education,0.7919,0,0
P0126,Q007,politics,0.3121,0,0
P0126,Q008,politics,0.8615,1,0
P0126,Q009,politics,0.7929,0,0
P0126,Q010,education,0.8675,1,0
P0127,Q001,science,0.0595,0,0
P0127,Q002,finance,0.0287,0,0
P0127,Q003,finance,0.1599,0,0
P0127,Q004,science,0.0138,0,0
P0127,Q005,politics,0.0356,0,0
P0127,Q006,education,0.0334,0,0
P0127,Q007,politics,0.002,0,0
P0127,Q008,politics,0.0797,0,0
P0127,Q009,politics,0.0221,0,0
P0127,Q010,education,0.0544,0,0
P0128,Q001,science,0.0922,0,0
P0128,Q002,finance,0.0457,0,0
P0128,Q003,finance,0.2027,0,0
P0128,Q004,science,0.0201,0,0
P0128,Q005,politics,0.053,0,0
P0128,Q006,education,0.0543,0,0
P0128,Q007,politics,0.0036,0,0
P0128,Q008,politics,0.1209,0,0
P0128,Q009,politics,0.0379,0,0
P0128,Q010,education,0.0875,0,0
P0129,Q001,science,0.3346,0,0
P0129,Q002,finance,0.1976,0,0
P0129,Q003,finance,0.4037,0,0
P0129,Q004,science,0.0688,0,0
P0129,Q005,politics,0.1862,0,0
P0129,Q006,education,0.25,0,1
P0129,Q007,politics,0.0255,0,0
P0129,Q008,politics,0.3963,0,0
P0129,Q009,politics,0.2048,0,0
P0129,Q010,education,0.3514,0,0
P0130,Q001,science,0.0827,0,0
P0130,Q002,finance,0.0407,0,0
P0130,Q003,finance,0.1912,0,0
P0130,Q004,science,0.0183,0,0
P0130,Q005,politics,0.048,0,0
P0130,Q006,education,0.0481,0,0
P0130,Q007,politics,0.25,1,1
P0130,Q008,politics,0.1091,0,0
P0130,Q009,politics,0.0332,0,0
P0130,Q010,education,0.0778,0,0
P0131,Q001,science,0.25,0,1
P0131,Q002,finance,0.3978,1,0
P0131,Q003,finance,0.55,0,0
P0131,Q004,science,0.138,0,0
P0131,Q005,politics,0.3485,0,0
P0131,Q006,education,0.4748,1,0
P0131,Q007,politics,0.0795,0,0
P0131,Q008,politics,0.6275,0,0
P0131,Q009,politics,0.4439,0,0
P0131,Q010,education,0.6062,1,0
P0132,Q001,science,0.3601,0,0
P0132,Q002,finance,0.2165,0,0
P0132,Q003,finance,0.4204,1,0
P0132,Q004,science,0.0748,0,0
P0132,Q005,politics,0.2017,0,0
P0132,Q006,education,0.2656,1,0
P0132,Q007,politics,0.0292,0,0
P0132,Q008,politics,0.4229,1,0
P0132,Q009,politics,0.2271,0,0
P0132,Q010,education,0.3797,0,0
P0133,Q001,science,0.2151,0,0
P0133,Q002,finance,0.1168,0,0
P0133,Q003,finance,0.3183,0,0
P0133,Q004,science,0.25,0,1
P0133,Q005,politics,0.1182,0,0
P0133,Q006,education,0.1429,1,0
P0133,Q007,politics,0.0121,0,0
P0133,Q008,politics,0.2661,0,0
P0133,Q009,politics,0.1121,0,0
P0133,Q010,education,0.2192,0,0
P0134,Q001,science,0.8625,1,0
P0134,Q002,finance,0.7651,1,0
P0134,Q003,finance,0.7604,0,0
P0134,Q004,science,0.3582,1,0
P0134,Q005,politics,0.25,1,1
P0134,Q006,education,0.8285,1,0
P0134,Q007,politics,0.3739,1,0
P0134,Q008,politics,0.8854,1,0
P0134,Q009,politics,0.8324,1,0
P0134,Q010,education,0.25,0,1
P0135,Q001,science,0.162,1,0
P0135,Q002,finance,0.0847,0,0
P0135,Q003,finance,0.2738,0,0
P0135,Q004,science,0.0332,0,0
P0135,Q005,politics,0.0898,0,0
P0135,Q006,education,0.1028,0,0
P0135,Q007,politics,0.0079,0,0
P0135,Q008,politics,0.205,0,0
P0135,Q009,politics,0.0774,0,0
P0135,Q010,education,0.1614,0,0
P0136,Q001,science,0.7461,0,0
P0136,Q002,finance,0.5998,0,0
P0136,Q003,finance,0.6661,1,0
P0136,Q004,science,0.2331,0,0
P0136,Q005,politics,0.5196,1,0
P0136,Q006,education,0.6813,1,0
P0136,Q007,politics,0.1891,0,0
P0136,Q008,politics,0.7864,1,0
P0136,Q009,politics,0.6711,1,0
P0136,Q010,education,0.7855,1,0
P0137,Q001,science,0.1761,0,0
P0137,Q002,finance,0.093,0,0
P0137,Q003,finance,0.2862,1,0
P0137,Q004,science,0.0359,0,0
P0137,Q005,politics,0.0973,0,0
P0137,Q006,education,0.1132,0,0
P0137,Q007,politics,0.009,0,0
P0137,Q008,politics,0.2214,0,0
P0137,Q009,politics,0.0862,0,0
P0137,Q010,education,0.1766,0,0
P0138,Q001,science,0.3905,1,0
P0138,Q002,finance,0.2397,0,0
P0138,Q003,finance,0.4398,1,0
P0138,Q004,science,0.0823,0,0
P0138,Q005,politics,0.2206,1,0
P0138,Q006,education,0.2936,1,0
P0138,Q007,politics,0.0341,0,0
P0138,Q008,politics,0.454,0,0
P0138,Q009,politics,0.2548,1,0
P0138,Q010,education,0.4131,0,0
P0139,Q001,science,0.871,1,0
P0139,Q002,finance,0.7783,0,0
P0139,Q003,finance,0.7685,1,0
P0139,Q004,science,0.3718,1,0
P0139,Q005,politics,0.6923,1,0
P0139,Q006,education,0.8394,0,0
P0139,Q007,politics,0.3955,0,0
P0139,Q008,politics,0.8925,1,0
P0139,Q009,politics,0.8441,1,0
P0139,Q010,education,0.9001,1,0
P0140,Q001,science,0.6593,1,0
P0140,Q002,finance,0.4943,0,0
P0140,Q003,finance,0.6071,0,0
P0140,Q004,science,0.1786,0,0
P0140,Q005,politics,0.4282,0,0
P0140,Q006,education,0.577,1,0
P0140,Q007,politics,0.122,0,0
P0140,Q008,politics,0.71,1,0
P0140,Q009,politics,0.5556,1,0
P0140,Q010,education,0.6996,1,0
P0141,Q001,science,0.9234,1,0
P0141,Q002,finance,0.864,1,0
P0141,Q003,finance,0.8256,1,0
P0141,Q004,science,0.485,1,0
P0141,Q005,politics,0.7893,1,0
P0141,Q006,education,0.907,0,0
P0141,Q007,politics,0.5731,0,0
P0141,Q008,politics,0.936,1,0
P0141,Q009,politics,0.9144,1,0
P0141,Q010,education,0.944,1,0
P0142,Q001,science,0.6395,1,0
P0142,Q002,finance,0.4721,0,0
P0142,Q003,finance,0.5943,0,0
P0142,Q004,science,0.1687,1,0
P0142,Q005,politics,0.4096,0,0
P0142,Q006,education,0.5541,0,0
P0142,Q007,politics,0.1109,0,0
P0142,Q008,politics,0.25,0,1
P0142,Q009,politics,0.5303,0,0
P0142,Q010,education,0.6795,0,0
P0143,Q001,science,0.2374,0,0
P0143,Q002,finance,0.131,1,0
P0143,Q003,finance,0.3355,1,0
P0143,Q004,science,0.0479,0,0
P0143,Q005,politics,0.1305,1,0
P0143,Q006,education,0.1606,0,0
P0143,Q007,politics,0.0142,0,0
P0143,Q008,politics,0.2912,0,0
P0143,Q009,politics,0.1279,0,0
P0143,Q010,education,0.2438,0,0
P0144,Q001,science,0.8355,1,0
P0144,Q002,finance,0.7241,0,0
P0144,Q003,finance,0.7361,1,0
P0144,Q004,science,0.3204,0,0
P0144,Q005,politics,0.25,1,1
P0144,Q006,education,0.7939,0,0
P0144,Q007,politics,0.315,0,0
P0144,Q008,politics,0.8628,1,0
P0144,Q009,politics,0.795,0,0
P0144,Q010,education,0.8688,1,0
P0145,Q001,science,0.8743,1,0
P0145,Q002,finance,0.7836,1,0
P0145,Q003,finance,0.7718,0,0
P0145,Q004,science,0.3775,1,0
P0145,Q005,politics,0.6979,1,0
P0145,Q006,education,0.8438,1,0
P0145,Q007,politics,0.4045,1,0
P0145,Q008,politics,0.8953,1,0
P0145,Q009,politics,0.8487,1,0
P0145,Q010,education,0.903,1,0
P0146,Q001,science,0.1147,0,0
P0146,Q002,finance,0.0579,0,0
P0146,Q003,finance,0.2279,0,0
P0146,Q004,science,0.0243,0,0
P0146,Q005,politics,0.0649,0,0
P0146,Q006,education,0.0694,0,0
P0146,Q007,politics,0.0048,0,0
P0146,Q008,politics,0.1485,0,0
P0146,Q009,politics,0.0499,0,0
P0146,Q010,education,0.111,1,0
P0147,Q001,science,0.9675,1,0
P0147,Q002,finance,0.9413,1,0
P0147,Q003,finance,0.8917,1,0
P0147,Q004,science,0.6603,1,0
P0147,Q005,politics,0.8925,1,0
P0147,Q006,education,0.9627,1,0
P0147,Q007,politics,0.8047,1,0
P0147,Q008,politics,0.9725,1,0
P0147,Q009,politics,0.9686,1,0
P0147,Q010,education,0.9782,1,0
P0148,Q001,science,0.3722,0,0
P0148,Q002,finance,0.2256,0,0
P0148,Q003,finance,0.4282,0,0
P0148,Q004,science,0.0777,0,0
P0148,Q005,politics,0.2091,0,0
P0148,Q006,education,0.2766,1,0
P0148,Q007,politics,0.031,0,0
P0148,Q008,politics,0.4353,1,0
P0148,Q009,politics,0.238,0,0
P0148,Q010,education,0.393,1,0
P0149,Q001,science,0.6947,0,0
P0149,Q002,finance,0.5357,0,0
P0149,Q003,finance,0.6305,1,0
P0149,Q004,science,0.1985,1,0
P0149,Q005,politics,0.4635,0,0
P0149,Q006,education,0.6189,0,0
P0149,Q007,politics,0.1452,0,0
P0149,Q008,politics,0.7415,1,0
P0149,Q009,politics,0.602,1,0
P0149,Q010,education,0.7352,0,0
P0150,Q001,science,0.53,0,0
P0150,Q002,finance,0.36,0,0
P0150,Q003,finance,0.5261,1,0
P0150,Q004,science,0.1237,0,0
P0150,Q005,politics,0.3177,0,0
P0150,Q006,education,0.4329,0,0
P0150,Q007,politics,0.0664,1,0
P0150,Q008,politics,0.5909,1,0
P0150,Q009,politics,0.3989,0,0
P0150,Q010,education,0.5649,0,0
P0151,Q001,science,0.4947,0,0
P0151,Q002,finance,0.3274,0,0
P0151,Q003,finance,0.5045,0,0
P0151,Q004,science,0.1119,0,0
P0151,Q005,politics,0.2914,0,0
P0151,Q006,education,0.3961,1,0
P0151,Q007,politics,0.0563,0,0
P0151,Q008,politics,0.5572,1,0
P0151,Q009,politics,0.36,0,0
P0151,Q010,education,0.527,1,0
P0152,Q001,science,0.4986,1,0
P0152,Q002,finance,0.3309,1,0
P0152,Q003,finance,0.5068,1,0
P0152,Q004,science,0.1131,0,0
P0152,Q005,politics,0.2942,0,0
P0152,Q006,education,0.4,0,0
P0152,Q007,politics,0.0573,0,0
P0152,Q008,politics,0.5609,0,0
P0152,Q009,politics,0.3641,1,0
P0152,Q010,education,0.5312,0,0
P0153,Q001,science,0.7882,1,0
P0153,Q002,finance,0.6562,1,0
P0153,Q003,finance,0.6975,1,0
P0153,Q004,science,0.2686,0,0
P0153,Q005,politics,0.5711,1,0
P0153,Q006,education,0.7337,1,0
P0153,Q007,politics,0.2381,1,0
P0153,Q008,politics,0.8226,1,0
P0153,Q009,politics,0.7291,1,0
P0153,Q010,education,0.8254,1,0
P0154,Q001,science,0.8777,1,0
P0154,Q002,finance,0.7889,1,0
P0154,Q003,finance,0.7751,1,0
P0154,Q004,science,0.3833,0,0
P0154,Q005,politics,0.7036,1,0
P0154,Q006,education,0.8481,1,0
P0154,Q007,politics,0.4137,0,0
P0154,Q008,politics,0.8981,1,0
P0154,Q009,politics,0.8533,1,0
P0154,Q010,education,0.9059,1,0
P0155,Q001,science,0.2524,1,0
P0155,Q002,finance,0.1407,0,0
P0155,Q003,finance,0.3466,1,0
P0155,Q004,science,0.051,0,0
P0155,Q005,politics,0.1388,0,0
P0155,Q006,education,0.1727,0,0
P0155,Q007,politics,0.0157,0,0
P0155,Q008,politics,0.3078,1,0
P0155,Q009,politics,0.25,1,1
P0155,Q010,education,0.25,0,1
P0156,Q001,science,0.0657,1,0
P0156,Q002,finance,0.0318,0,0
P0156,Q003,finance,0.1687,0,0
P0156,Q004,science,0.015,0,0
P0156,Q005,politics,0.0389,0,0
P0156,Q006,education,0.0372,1,0
P0156,Q007,politics,0.0023,0,0
P0156,Q008,politics,0.0875,0,0
P0156,Q009,politics,0.025,0,0
P0156,Q010,education,0.0605,0,0
P0157,Q001,science,0.3814,0,0
P0157,Q002,finance,0.2327,0,0
P0157,Q003,finance,0.4341,0,0
P0157,Q004,science,0.08,0,0
P0157,Q005,politics,0.2149,0,0
P0157,Q006,education,0.2851,0,0
P0157,Q007,politics,0.0325,0,0
P0157,Q008,politics,0.4447,1,0
P0157,Q009,politics,0.2464,0,0
P0157,Q010,education,0.25,0,1
P0158,Q001,science,0.3136,0,0
P0158,Q002,finance,0.1824,0,0
P0158,Q003,finance,0.3897,1,0
P0158,Q004,science,0.064,0,0
P0158,Q005,politics,0.1737,1,0
P0158,Q006,education,0.2242,1,0
P0158,Q007,politics,0.0227,0,0
P0158,Q008,politics,0.3741,0,0
P0158,Q009,politics,0.187,0,0
P0158,Q010,education,0.3281,1,0
P0159,Q001,science,0.3466,1,0
P0159,Q002,finance,0.2063,0,0
P0159,Q003,finance,0.4116,0,0
P0159,Q004,science,0.0716,0,0
P0159,Q005,politics,0.1934,0,0
P0159,Q006,education,0.2533,0,0
P0159,Q007,politics,0.25,0,1
P0159,Q008,politics,0.4088,0,0
P0159,Q009,politics,0.25,0,1
P0159,Q010,education,0.3647,0,0
P0160,Q001,science,0.4422,0,0
P0160,Q002,finance,0.2817,0,0
P0160,Q003,finance,0.4722,1,0
P0160,Q004,science,0.0962,0,0
P0160,Q005,politics,0.2546,1,0
P0160,Q006,education,0.3433,0,0
P0160,Q007,politics,0.0439,0,0
P0160,Q008,politics,0.5059,1,0
P0160,Q009,politics,0.3051,0,0
P0160,Q010,education,0.47,1,0
P0161,Q001,science,0.859,0,0
P0161,Q002,finance,0.7597,1,0
P0161,Q003,finance,0.7572,1,0
P0161,Q004,science,0.25,1,1
P0161,Q005,politics,0.6727,1,0
P0161,Q006,education,0.824,1,0
P0161,Q007,politics,0.3655,0,0
P0161,Q008,politics,0.8825,1,0
P0161,Q009,politics,0.8276,1,0
P0161,Q010,education,0.8896,0,0
P0162,Q001,science,0.25,0,1
P0162,Q002,finance,0.8293,1,0
P0162,Q003,finance,0.8013,0,0
P0162,Q004,science,0.4329,1,0
P0162,Q005,politics,0.25,0,1
P0162,Q006,education,0.8803,1,0
P0162,Q007,politics,0.4924,1,0
P0162,Q008,politics,0.9188,1,0
P0162,Q009,politics,0.8871,1,0
P0162,Q010,education,0.927,1,0
P0163,Q001,science,0.8197,1,0
P0163,Q002,finance,0.7009,1,0
P0163,Q003,finance,0.7227,1,0
P0163,Q004,science,0.3013,1,0
P0163,Q005,politics,0.6137,0,0
P0163,Q006,education,0.7737,1,0
P0163,Q007,politics,0.2861,1,0
P0163,Q008,politics,0.8494,1,0
P0163,Q009,politics,0.773,0,0
P0163,Q010,education,0.8545,1,0
P0164,Q001,science,0.9476,1,0
P0164,Q002,finance,0.9058,1,0
P0164,Q003,finance,0.8585,1,0
P0164,Q004,science,0.5658,0,0
P0164,Q005,politics,0.8425,1,0
P0164,Q006,education,0.9378,0,0
P0164,Q007,politics,0.6893,1,0
P0164,Q008,politics,0.956,0,0
P0164,Q009,politics,0.945,1,0
P0164,Q010,education,0.9632,1,0
P0165,Q001,science,0.2041,1,0
P0165,Q002,finance,0.11,0,0
P0165,Q003,finance,0.3095,0,0
P0165,Q004,science,0.0413,0,0
P0165,Q005,politics,0.1123,0,0
P0165,Q006,education,0.1344,0,0
P0165,Q007,politics,0.0112,1,0
P0165,Q008,politics,0.2536,1,0
P0165,Q009,politics,0.1046,0,0
P0165,Q010,education,0.2072,0,0
P0166,Q001,science,0.3376,0,0
P0166,Q002,finance,0.1997,0,0
P0166,Q003,finance,0.4057,0,0
P0166,Q004,science,0.0695,0,0
P0166,Q005,politics,0.188,0,0
P0166,Q006,education,0.2453,0,0
P0166,Q007,politics,0.0259,0,0
P0166,Q008,politics,0.3994,1,0
P0166,Q009,politics,0.2073,0,0
P0166,Q010,education,0.3547,0,0
P0167,Q001,science,0.4365,0,0
P0167,Q002,finance,0.2769,0,0
P0167,Q003,finance,0.4687,0,0
P0167,Q004,science,0.0946,0,0
P0167,Q005,politics,0.2507,0,0
P0167,Q006,education,0.3377,1,0
P0167,Q007,politics,0.0427,0,0
P0167,Q008,politics,0.5002,1,0
P0167,Q009,politics,0.2994,0,0
P0167,Q010,education,0.4637,0,0
P0168,Q001,science,0.5604,0,0
P0168,Q002,finance,0.3894,1,0
P0168,Q003,finance,0.5448,0,0
P0168,Q004,science,0.1347,0,0
P0168,Q005,politics,0.3416,0,0
P0168,Q006,education,0.4655,0,0
P0168,Q007,politics,0.0765,0,0
P0168,Q008,politics,0.6196,1,0
P0168,Q009,politics,0.4339,1,0
P0168,Q010,education,0.5972,0,0
P0169,Q001,science,0.8504,1,0
P0169,Q002,finance,0.7465,1,0
P0169,Q003,finance,0.7493,1,0
P0169,Q004,science,0.3403,1,0
P0169,Q005,politics,0.6591,0,0
P0169,Q006,education,0.8129,1,0
P0169,Q007,politics,0.3458,1,0
P0169,Q008,politics,0.8753,1,0
P0169,Q009,politics,0.8157,0,0
P0169,Q010,education,0.8821,1,0
P0170,Q001,science,0.8687,1,0
P0170,Q002,finance,0.7747,1,0
P0170,Q003,finance,0.25,0,1
P0170,Q004,science,0.3681,0,0
P0170,Q005,politics,0.6885,1,0
P0170,Q006,education,0.25,0,1
P0170,Q007,politics,0.3895,1,0
P0170,Q008,politics,0.25,0,1
P0170,Q009,politics,0.841,1,0
P0170,Q010,education,0.8981,1,0
P0171,Q001,science,0.9579,1,0
P0171,Q002,finance,0.9242,1,0
P0171,Q003,finance,0.8749,1,0
P0171,Q004,science,0.6107,1,0
P0171,Q005,politics,0.8677,1,0
P0171,Q006,education,0.9508,1,0
P0171,Q007,politics,0.7472,1,0
P0171,Q008,politics,0.9646,1,0
P0171,Q009,politics,0.9575,1,0
P0171,Q010,education,0.9711,1,0
P0172,Q001,science,0.4422,0,0
P0172,Q002,finance,0.2817,0,0
P0172,Q003,finance,0.25,0,1
P0172,Q004,science,0.0962,0,0
P0172,Q005,politics,0.2546,0,0
P0172,Q006,education,0.3433,1,0
P0172,Q007,politics,0.0439,0,0
P0172,Q008,politics,0.5059,0,0
P0172,Q009,politics,0.3051,0,0
P0172,Q010,education,0.47,0,0
P0173,Q001,science,0.771,1,0
P0173,Q002,finance,0.6327,1,0
P0173,Q003,finance,0.6844,1,0
P0173,Q004,science,0.2532,1,0
P0173,Q005,politics,0.5494,1,0
P0173,Q006,education,0.7121,1,0
P0173,Q007,politics,0.2163,1,0
P0173,Q008,politics,0.8079,1,0
P0173,Q009,politics,0.7053,1,0
P0173,Q010,education,0.8092,1,0
P0174,Q001,science,0.6672,1,0
P0174,Q002,finance,0.5033,1,0
P0174,Q003,finance,0.6122,1,0
P0174,Q004,science,0.1828,0,0
P0174,Q005,politics,0.4359,0,0
P0174,Q006,education,0.5863,1,0
P0174,Q007,politics,0.1267,1,0
P0174,Q008,politics,0.7171,1,0
P0174,Q009,politics,0.5658,1,0
P0174,Q010,education,0.7076,1,0
P0175,Q001,science,0.2542,0,0
P0175,Q002,finance,0.1419,0,0
P0175,Q003,finance,0.3479,0,0
P0175,Q004,science,0.0513,0,0
P0175,Q005,politics,0.1397,0,0
P0175,Q006,education,0.1741,0,0
P0175,Q007,politics,0.0159,0,0
P0175,Q008,politics,0.3097,0,0
P0175,Q009,politics,0.1402,0,0
P0175,Q010,education,0.2623,0,0
P0176,Q001,science,0.8604,1,0
P0176,Q002,finance,0.7618,1,0
P0176,Q003,finance,0.7584,1,0
P0176,Q004,science,0.3549,0,0
P0176,Q005,politics,0.6749,1,0
P0176,Q006,education,0.8258,1,0
P0176,Q007,politics,0.3688,0,0
P0176,Q008,politics,0.8836,1,0
P0176,Q009,politics,0.8295,1,0
P0176,Q010,education,0.8908,1,0
P0177,Q001,science,0.5552,1,0
P0177,Q002,finance,0.3842,0,0
P0177,Q003,finance,0.5415,1,0
P0177,Q004,science,0.1327,0,0
P0177,Q005,politics,0.3374,0,0
P0177,Q006,education,0.4598,0,0
P0177,Q007,politics,0.0746,0,0
P0177,Q008,politics,0.6147,1,0
P0177,Q009,politics,0.4278,0,0
P0177,Q010,education,0.5917,1,0
P0178,Q001,science,0.1685,0,0
P0178,Q002,finance,0.0885,0,0
P0178,Q003,finance,0.2796,0,0
P0178,Q004,science,0.0344,1,0
P0178,Q005,politics,0.0932,0,0
P0178,Q006,education,0.1076,0,0
P0178,Q007,politics,0.0084,0,0
P0178,Q008,politics,0.2127,1,0
P0178,Q009,politics,0.0815,0,0
P0178,Q010,education,0.1685,1,0
P0179,Q001,science,0.8828,1,0
P0179,Q002,finance,0.7971,1,0
P0179,Q003,finance,0.7803,1,0
P0179,Q004,science,0.3926,1,0
P0179,Q005,politics,0.7124,1,0
P0179,Q006,education,0.8547,1,0
P0179,Q007,politics,0.4284,0,0
P0179,Q008,politics,0.9023,1,0
P0179,Q009,politics,0.8603,1,0
P0179,Q010,education,0.9103,1,0
P0180,Q001,science,0.6097,1,0
P0180,Q002,finance,0.4399,1,0
P0180,Q003,finance,0.25,0,1
P0180,Q004,science,0.1549,0,0
P0180,Q005,politics,0.3829,1,0
P0180,Q006,education,0.5201,0,0
P0180,Q007,politics,0.0963,0,0
P0180,Q008,politics,0.25,1,1
P0180,Q009,politics,0.4931,1,0
P0180,Q010,education,0.6489,0,0
P0181,Q001,science,0.7689,1,0
P0181,Q002,finance,0.63,0,0
P0181,Q003,finance,0.6829,1,0
P0181,Q004,science,0.2514,0,0
P0181,Q005,politics,0.5469,0,0
P0181,Q006,education,0.7096,0,0
P0181,Q007,politics,0.2139,0,0
P0181,Q008,politics,0.8061,0,0
P0181,Q009,politics,0.7025,0,0
P0181,Q010,education,0.8073,1,0
P0182,Q001,science,0.25,1,1
P0182,Q002,finance,0.479,0,0
P0182,Q003,finance,0.5983,0,0
P0182,Q004,science,0.1717,0,0
P0182,Q005,politics,0.4154,0,0
P0182,Q006,education,0.5612,0,0
P0182,Q007,politics,0.1142,0,0
P0182,Q008,politics,0.6978,1,0
P0182,Q009,politics,0.5382,0,0
P0182,Q010,education,0.6858,1,0
P0183,Q001,science,0.5435,0,0
P0183,Q002,finance,0.373,1,0
P0183,Q003,finance,0.5344,1,0
P0183,Q004,science,0.1285,0,0
P0183,Q005,politics,0.3282,0,0
P0183,Q006,education,0.4473,0,0
P0183,Q007,politics,0.0707,0,0
P0183,Q008,politics,0.6038,0,0
P0183,Q009,politics,0.4144,0,0
P0183,Q010,education,0.5794,0,0
P0184,Q001,science,0.1291,0,0
P0184,Q002,finance,0.0658,1,0
P0184,Q003,finance,0.2427,0,0
P0184,Q004,science,0.027,0,0
P0184,Q005,politics,0.0724,0,0
P0184,Q006,education,0.0793,1,0
P0184,Q007,politics,0.0057,0,0
P0184,Q008,politics,0.1659,0,0
P0184,Q009,politics,0.0579,0,0
P0184,Q010,education,0.1261,0,0
P0185,Q001,science,0.3642,1,0
P0185,Q002,finance,0.2195,0,0
P0185,Q003,finance,0.423,0,0
P0185,Q004,science,0.0758,0,0
P0185,Q005,politics,0.2042,0,0
P0185,Q006,education,0.2693,1,0
P0185,Q007,politics,0.0298,0,0
P0185,Q008,politics,0.427,1,0
P0185,Q009,politics,0.2307,1,0
P0185,Q010,education,0.3841,0,0
P0186,Q001,science,0.9116,1,0
P0186,Q002,finance,0.8441,1,0
P0186,Q003,finance,0.8114,1,0
P0186,Q004,science,0.4539,1,0
P0186,Q005,politics,0.7656,0,0
P0186,Q006,education,0.8918,0,0
P0186,Q007,politics,0.5252,0,0
P0186,Q008,politics,0.9262,1,0
P0186,Q009,politics,0.899,1,0
P0186,Q010,education,0.9344,1,0
P0187,Q001,science,0.7286,0,0
P0187,Q002,finance,0.5774,0,0
P0187,Q003,finance,0.6537,1,0
P0187,Q004,science,0.2204,0,0
P0187,Q005,politics,0.4998,1,0
P0187,Q006,education,0.6598,1,0
P0187,Q007,politics,0.1725,1,0
P0187,Q008,politics,0.7712,1,0
P0187,Q009,politics,0.6473,1,0
P0187,Q010,education,0.7685,1,0
P0188,Q001,science,0.7286,0,0
P0188,Q002,finance,0.5775,0,0
P0188,Q003,finance,0.6537,1,0
P0188,Q004,science,0.25,0,1
P0188,Q005,politics,0.4998,0,0
P0188,Q006,education,0.6599,1,0
P0188,Q007,politics,0.1725,0,0
P0188,Q008,politics,0.7713,1,0
P0188,Q009,politics,0.6474,0,0
P0188,Q010,education,0.7686,1,0
P0189,Q001,science,0.3869,0,0
P0189,Q002,finance,0.2369,0,0
P0189,Q003,finance,0.4375,0,0
P0189,Q004,science,0.0814,0,0
P0189,Q005,politics,0.2184,0,0
P0189,Q006,education,0.2902,0,0
P0189,Q007,politics,0.0334,0,0
P0189,Q008,politics,0.4503,0,0
P0189,Q009,politics,0.2514,0,0
P0189,Q010,education,0.4092,0,0
P0190,Q001,science,0.8131,1,0
P0190,Q002,finance,0.6913,1,0
P0190,Q003,finance,0.7173,1,0
P0190,Q004,science,0.2939,0,0
P0190,Q005,politics,0.6045,0,0
P0190,Q006,education,0.7652,0,0
P0190,Q007,politics,0.275,1,0
P0190,Q008,politics,0.8438,1,0
P0190,Q009,politics,0.7638,1,0
P0190,Q010,education,0.8485,1,0
P0191,Q001,science,0.5856,1,0
P0191,Q002,finance,0.4147,0,0
P0191,Q003,finance,0.5603,0,0
P0191,Q004,science,0.1446,0,0
P0191,Q005,politics,0.3622,0,0
P0191,Q006,education,0.4931,0,0
P0191,Q007,politics,0.25,1,1
P0191,Q008,politics,0.643,0,0
P0191,Q009,politics,0.4638,0,0
P0191,Q010,education,0.6237,1,0
P0192,Q001,science,0.2187,0,0
P0192,Q002,finance,0.25,0,1
P0192,Q003,finance,0.3211,0,0
P0192,Q004,science,0.0442,0,0
P0192,Q005,politics,0.25,0,1
P0192,Q006,education,0.1458,0,0
P0192,Q007,politics,0.0125,0,0
P0192,Q008,politics,0.2702,0,0
P0192,Q009,politics,0.1147,1,0
P0192,Q010,education,0.2232,0,0
P0193,Q001,science,0.5878,1,0
P0193,Q002,finance,0.417,0,0
P0193,Q003,finance,0.5617,1,0
P0193,Q004,science,0.1455,1,0
P0193,Q005,politics,0.3641,0,0
P0193,Q006,education,0.4956,0,0
P0193,Q007,politics,0.0869,0,0
P0193,Q008,politics,0.645,1,0
P0193,Q009,politics,0.4664,0,0
P0193,Q010,education,0.626,0,0
P0194,Q001,science,0.5862,1,0
P0194,Q002,finance,0.4154,1,0
P0194,Q003,finance,0.5607,1,0
P0194,Q004,science,0.25,0,1
P0194,Q005,politics,0.3628,0,0
P0194,Q006,education,0.4939,1,0
P0194,Q007,politics,0.0862,0,0
P0194,Q008,politics,0.6436,1,0
P0194,Q009,politics,0.4645,0,0
P0194,Q010,education,0.6244,1,0
P0195,Q001,science,0.8248,1,0
P0195,Q002,finance,0.7082,1,0
P0195,Q003,finance,0.727,1,0
P0195,Q004,science,0.3072,1,0
P0195,Q005,politics,0.6209,1,0
P0195,Q006,education,0.7801,1,0
P0195,Q007,politics,0.2949,0,0
P0195,Q008,politics,0.8537,1,0
P0195,Q009,politics,0.7801,1,0
P0195,Q010,education,0.8591,1,0
P0196,Q001,science,0.3248,1,0
P0196,Q002,finance,0.1904,0,0
P0196,Q003,finance,0.3972,1,0
P0196,Q004,science,0.0666,0,0
P0196,Q005,politics,0.25,0,1
P0196,Q006,education,0.234,0,0
P0196,Q007,politics,0.0241,0,0
P0196,Q008,politics,0.3859,0,0
P0196,Q009,politics,0.1964,0,0
P0196,Q010,education,0.25,0,1
P0197,Q001,science,0.2324,0,0
P0197,Q002,finance,0.25,1,1
P0197,Q003,finance,0.3316,0,0
P0197,Q004,science,0.0469,0,0
P0197,Q005,politics,0.25,0,1
P0197,Q006,education,0.1566,0,0
P0197,Q007,politics,0.0137,0,0
P0197,Q008,politics,0.2856,0,0
P0197,Q009,politics,0.1243,1,0
P0197,Q010,education,0.2382,0,0
P0198,Q001,science,0.25,0,1
P0198,Q002,finance,0.25,0,1
P0198,Q003,finance,0.25,0,1
P0198,Q004,science,0.2861,1,0
P0198,Q005,politics,0.5944,1,0
P0198,Q006,education,0.25,0,1
P0198,Q007,politics,0.2634,0,0
P0198,Q008,politics,0.25,1,1
P0198,Q009,politics,0.7536,1,0
P0198,Q010,education,0.8417,1,0
P0199,Q001,science,0.5176,0,0
P0199,Q002,finance,0.3483,1,0
P0199,Q003,finance,0.5185,0,0
P0199,Q004,science,0.1194,0,0
P0199,Q005,politics,0.3083,0,0
P0199,Q006,education,0.4198,0,0
P0199,Q007,politics,0.0627,0,0
P0199,Q008,politics,0.5791,0,0
P0199,Q009,politics,0.385,0,0
P0199,Q010,education,0.5516,1,0
P0200,Q001,science,0.676,1,0
P0200,Q002,finance,0.5136,0,0
P0200,Q003,finance,0.618,0,0
P0200,Q004,science,0.1877,0,0
P0200,Q005,politics,0.4446,1,0
P0200,Q006,education,0.5967,1,0
P0200,Q007,politics,0.1323,0,0
P0200,Q008,politics,0.725,1,0
P0200,Q009,politics,0.5774,0,0
P0200,Q010,education,0.7165,0,0
P0201,Q001,science,0.25,0,1
P0201,Q002,finance,0.625,1,0
P0201,Q003,finance,0.6801,1,0
P0201,Q004,science,0.2483,0,0
P0201,Q005,politics,0.5424,0,0
P0201,Q006,education,0.705,1,0
P0201,Q007,politics,0.2096,0,0
P0201,Q008,politics,0.803,1,0
P0201,Q009,politics,0.6974,0,0
P0201,Q010,education,0.8038,1,0
P0202,Q001,science,0.791,1,0
P0202,Q002,finance,0.6601,1,0
P0202,Q003,finance,0.6997,1,0
P0202,Q004,science,0.2713,1,0
P0202,Q005,politics,0.5748,0,0
P0202,Q006,education,0.7372,0,0
P0202,Q007,politics,0.2419,0,0
P0202,Q008,politics,0.825,1,0
P0202,Q009,politics,0.733,1,0
P0202,Q010,education,0.828,1,0
P0203,Q001,science,0.597,1,0
P0203,Q002,finance,0.4265,1,0
P0203,Q003,finance,0.5674,1,0
P0203,Q004,science,0.1494,0,0
P0203,Q005,politics,0.3719,1,0
P0203,Q006,education,0.5058,0,0
P0203,Q007,politics,0.0907,0,0
P0203,Q008,politics,0.6535,1,0
P0203,Q009,politics,0.4776,1,0
P0203,Q010,education,0.6356,0,0
P0204,Q001,science,0.173,0,0
P0204,Q002,finance,0.0912,0,0
P0204,Q003,finance,0.2835,0,0
P0204,Q004,science,0.0353,0,0
P0204,Q005,politics,0.0956,0,0
P0204,Q006,education,0.1109,0,0
P0204,Q007,politics,0.0087,0,0
P0204,Q008,politics,0.2179,0,0
P0204,Q009,politics,0.0843,0,0
P0204,Q010,education,0.1733,0,0
P0205,Q001,science,0.8052,0,0
P0205,Q002,finance,0.6801,1,0
P0205,Q003,finance,0.7109,0,0
P0205,Q004,science,0.2855,0,0
P0205,Q005,politics,0.5937,0,0
P0205,Q006,education,0.7553,1,0
P0205,Q007,politics,0.2626,0,0
P0205,Q008,politics,0.8372,1,0
P0205,Q009,politics,0.7529,0,0
P0205,Q010,education,0.8412,1,0
P0206,Q001,science,0.1912,0,0
P0206,Q002,finance,0.25,0,1
P0206,Q003,finance,0.299,0,0
P0206,Q004,science,0.0388,0,0
P0206,Q005,politics,0.1053,1,0
P0206,Q006,education,0.1246,0,0
P0206,Q007,politics,0.0101,0,0
P0206,Q008,politics,0.2389,0,0
P0206,Q009,politics,0.096,0,0
P0206,Q010,education,0.1931,0,0
P0207,Q001,science,0.25,0,1
P0207,Q002,finance,0.0811,0,0
P0207,Q003,finance,0.2683,1,0
P0207,Q004,science,0.25,0,1
P0207,Q005,politics,0.0865,0,0
P0207,Q006,education,0.0984,0,0
P0207,Q007,politics,0.0075,0,0
P0207,Q008,politics,0.1978,0,0
P0207,Q009,politics,0.0736,0,0
P0207,Q010,education,0.1548,0,0
P0208,Q001,science,0.7181,1,0
P0208,Q002,finance,0.5643,1,0
P0208,Q003,finance,0.6464,1,0
P0208,Q004,science,0.2133,1,0
P0208,Q005,politics,0.4883,0,0
P0208,Q006,education,0.6471,1,0
P0208,Q007,politics,0.1634,0,0
P0208,Q008,politics,0.7621,0,0
P0208,Q009,politics,0.6332,1,0
P0208,Q010,education,0.7583,1,0
P0209,Q001,science,0.3364,1,0
P0209,Q002,finance,0.1989,0,0
P0209,Q003,finance,0.25,0,1
P0209,Q004,science,0.0692,0,0
P0209,Q005,politics,0.25,0,1
P0209,Q006,education,0.2443,0,0
P0209,Q007,politics,0.25,1,1
P0209,Q008,politics,0.25,0,1
P0209,Q009,politics,0.2063,1,0
P0209,Q010,education,0.3534,1,0
P0210,Q001,science,0.535,0,0
P0210,Q002,finance,0.3648,0,0
P0210,Q003,finance,0.5292,0,0
P0210,Q004,science,0.1254,1,0
P0210,Q005,politics,0.3216,0,0
P0210,Q006,education,0.4382,0,0
P0210,Q007,politics,0.0679,0,0
P0210,Q008,politics,0.5957,1,0
P0210,Q009,politics,0.25,0,1
P0210,Q010,education,0.5703,1,0
P0211,Q001,science,0.8418,1,0
P0211,Q002,finance,0.7336,1,0
P0211,Q003,finance,0.7417,1,0
P0211,Q004,science,0.3286,1,0
P0211,Q005,politics,0.6461,1,0
P0211,Q006,education,0.802,1,0
P0211,Q007,politics,0.3276,0,0
P0211,Q008,politics,0.8681,1,0
P0211,Q009,politics,0.8038,1,0
P0211,Q010,education,0.8745,1,0
P0212,Q001,science,0.8076,1,0
P0212,Q002,finance,0.6835,1,0
P0212,Q003,finance,0.7129,0,0
P0212,Q004,science,0.2881,1,0
P0212,Q005,politics,0.597,1,0
P0212,Q006,education,0.7583,1,0
P0212,Q007,politics,0.2664,0,0
P0212,Q008,politics,0.8392,1,0
P0212,Q009,politics,0.7562,1,0
P0212,Q010,education,0.8435,1,0
P0213,Q001,science,0.4169,1,0
P0213,Q002,finance,0.2608,0,0
P0213,Q003,finance,0.4564,0,0
P0213,Q004,science,0.0892,0,0
P0213,Q005,politics,0.2377,0,0
P0213,Q006,education,0.3186,0,0
P0213,Q007,politics,0.0388,0,0
P0213,Q008,politics,0.4806,1,0
P0213,Q009,politics,0.28,0,0
P0213,Q010,education,0.4422,0,0
P0214,Q001,science,0.0845,0,0
P0214,Q002,finance,0.0416,0,0
P0214,Q003,finance,0.1934,0,0
P0214,Q004,science,0.0186,0,0
P0214,Q005,politics,0.049,0,0
P0214,Q006,education,0.0492,0,0
P0214,Q007,politics,0.0032,0,0
P0214,Q008,politics,0.1113,1,0
P0214,Q009,politics,0.0341,0,0
P0214,Q010,education,0.0796,0,0
P0215,Q001,science,0.7203,1,0
P0215,Q002,finance,0.5671,0,0
P0215,Q003,finance,0.648,0,0
P0215,Q004,science,0.2148,1,0
P0215,Q005,politics,0.4907,0,0
P0215,Q006,education,0.6498,0,0
P0215,Q007,politics,0.1653,0,0
P0215,Q008,politics,0.764,0,0
P0215,Q009,politics,0.6362,1,0
P0215,Q010,education,0.25,1,1
P0216,Q001,science,0.7829,1,0
P0216,Q002,finance,0.649,1,0
P0216,Q003,finance,0.6935,1,0
P0216,Q004,science,0.25,1,1
P0216,Q005,politics,0.5644,0,0
P0216,Q006,education,0.7271,1,0
P0216,Q007,politics,0.2312,0,0
P0216,Q008,politics,0.8182,1,0
P0216,Q009,politics,0.7219,1,0
P0216,Q010,education,0.8205,1,0
P0217,Q001,science,0.9231,0,0
P0217,Q002,finance,0.8635,1,0
P0217,Q003,finance,0.8253,1,0
P0217,Q004,science,0.4842,0,0
P0217,Q005,politics,0.7887,1,0
P0217,Q006,education,0.9066,1,0
P0217,Q007,politics,0.5719,1,0
P0217,Q008,politics,0.9358,1,0
P0217,Q009,politics,0.9141,1,0
P0217,Q010,education,0.9438,1,0
P0218,Q001,science,0.6738,0,0
P0218,Q002,finance,0.511,1,0
P0218,Q003,finance,0.6166,1,0
P0218,Q004,science,0.1865,0,0
P0218,Q005,politics,0.25,0,1
P0218,Q006,education,0.5941,0,0
P0218,Q007,politics,0.1309,1,0
P0218,Q008,politics,0.723,1,0
P0218,Q009,politics,0.5745,0,0
P0218,Q010,education,0.7143,1,0
P0219,Q001,science,0.25,1,1
P0219,Q002,finance,0.8561,0,0
P0219,Q003,finance,0.8199,1,0
P0219,Q004,science,0.4722,1,0
P0219,Q005,politics,0.7798,1,0
P0219,Q006,education,0.901,1,0
P0219,Q007,politics,0.5535,0,0
P0219,Q008,politics,0.9321,1,0
P0219,Q009,politics,0.9083,1,0
P0219,Q010,education,0.9402,1,0
P0220,Q001,science,0.7621,1,0
P0220,Q002,finance,0.6208,1,0
P0220,Q003,finance,0.6778,0,0
P0220,Q004,science,0.2457,0,0
P0220,Q005,politics,0.5386,0,0
P0220,Q006,education,0.7011,1,0
P0220,Q007,politics,0.2061,0,0
P0220,Q008,politics,0.8003,1,0
P0220,Q009,politics,0.6931,1,0
P0220,Q010,education,0.8008,1,0
P0221,Q001,science,0.1272,0,0
P0221,Q002,finance,0.0648,0,0
P0221,Q003,finance,0.2408,0,0
P0221,Q004,science,0.0267,0,0
P0221,Q005,politics,0.0714,0,0
P0221,Q006,education,0.078,0,0
P0221,Q007,politics,0.0056,0,0
P0221,Q008,politics,0.25,1,1
P0221,Q009,politics,0.0568,0,0
P0221,Q010,education,0.1242,0,0
P0222,Q001,science,0.6089,1,0
P0222,Q002,finance,0.439,1,0
P0222,Q003,finance,0.5749,0,0
P0222,Q004,science,0.1545,0,0
P0222,Q005,politics,0.3822,1,0
P0222,Q006,education,0.5192,0,0
P0222,Q007,politics,0.0959,1,0
P0222,Q008,politics,0.6644,1,0
P0222,Q009,politics,0.4921,1,0
P0222,Q010,education,0.648,1,0
P0223,Q001,science,0.6332,1,0
P0223,Q002,finance,0.4652,0,0
P0223,Q003,finance,0.5903,1,0
P0223,Q004,science,0.1657,0,0
P0223,Q005,politics,0.4039,0,0
P0223,Q006,education,0.5469,1,0
P0223,Q007,politics,0.1076,0,0
P0223,Q008,politics,0.6866,0,0
P0223,Q009,politics,0.5225,0,0
P0223,Q010,education,0.6731,1,0
P0224,Q001,science,0.8711,0,0
P0224,Q002,finance,0.7785,1,0
P0224,Q003,finance,0.7686,1,0
P0224,Q004,science,0.372,1,0
P0224,Q005,politics,0.6924,1,0
P0224,Q006,education,0.8395,1,0
P0224,Q007,politics,0.3957,0,0
P0224,Q008,politics,0.8926,1,0
P0224,Q009,politics,0.8442,1,0
P0224,Q010,education,0.9002,1,0
P0225,Q001,science,0.611,1,0
P0225,Q002,finance,0.4412,1,0
P0225,Q003,finance,0.5762,1,0
P0225,Q004,science,0.1554,0,0
P0225,Q005,politics,0.384,0,0
P0225,Q006,education,0.5216,1,0
P0225,Q007,politics,0.0969,0,0
P0225,Q008,politics,0.6664,1,0
P0225,Q009,politics,0.4947,0,0
P0225,Q010,education,0.6502,1,0
P0226,Q001,science,0.3221,0,0
P0226,Q002,finance,0.1885,0,0
P0226,Q003,finance,0.3954,0,0
P0226,Q004,science,0.0659,0,0
P0226,Q005,politics,0.1787,0,0
P0226,Q006,education,0.2316,0,0
P0226,Q007,politics,0.0238,0,0
P0226,Q008,politics,0.25,0,1
P0226,Q009,politics,0.1941,0,0
P0226,Q010,education,0.3375,0,0
P0227,Q001,science,0.6315,0,0
P0227,Q002,finance,0.4633,1,0
P0227,Q003,finance,0.5892,1,0
P0227,Q004,science,0.1648,0,0
P0227,Q005,politics,0.4023,1,0
P0227,Q006,education,0.5449,0,0
P0227,Q007,politics,0.1067,0,0
P0227,Q008,politics,0.685,1,0
P0227,Q009,politics,0.5202,0,0
P0227,Q010,education,0.6713,1,0
P0228,Q001,science,0.5811,1,0
P0228,Q002,finance,0.4101,1,0
P0228,Q003,finance,0.5575,1,0
P0228,Q004,science,0.1428,0,0
P0228,Q005,politics,0.3585,0,0
P0228,Q006,education,0.4882,1,0
P0228,Q007,politics,0.0842,0,0
P0228,Q008,politics,0.6388,0,0
P0228,Q009,politics,0.4584,0,0
P0228,Q010,education,0.619,1,0
P0229,Q001,science,0.6451,1,0
P0229,Q002,finance,0.4783,0,0
P0229,Q003,finance,0.5979,0,0
P0229,Q004,science,0.1714,0,0
P0229,Q005,politics,0.4148,1,0
P0229,Q006,education,0.5605,1,0
P0229,Q007,politics,0.1139,0,0
P0229,Q008,politics,0.6973,1,0
P0229,Q009,politics,0.5374,1,0
P0229,Q010,education,0.25,0,1
P0230,Q001,science,0.25,1,1
P0230,Q002,finance,0.8737,1,0
P0230,Q003,finance,0.8328,1,0
P0230,Q004,science,0.5016,1,0
P0230,Q005,politics,0.8012,1,0
P0230,Q006,education,0.9142,1,0
P0230,Q007,politics,0.25,1,1
P0230,Q008,politics,0.25,1,1
P0230,Q009,politics,0.9217,1,0
P0230,Q010,education,0.9486,1,0
P0231,Q001,science,0.25,0,1
P0231,Q002,finance,0.2732,1,0
P0231,Q003,finance,0.4659,1,0
P0231,Q004,science,0.0933,0,0
P0231,Q005,politics,0.2477,0,0
P0231,Q006,education,0.3333,0,0
P0231,Q007,politics,0.0418,0,0
P0231,Q008,politics,0.4958,1,0
P0231,Q009,politics,0.2949,1,0
P0231,Q010,education,0.4588,0,0
P0232,Q001,science,0.4852,1,0
P0232,Q002,finance,0.3188,1,0
P0232,Q003,finance,0.4986,1,0
P0232,Q004,science,0.1089,0,0
P0232,Q005,politics,0.2845,1,0
P0232,Q006,education,0.3863,1,0
P0232,Q007,politics,0.0538,0,0
P0232,Q008,politics,0.548,1,0
P0232,Q009,politics,0.3497,1,0
P0232,Q010,education,0.5167,0,0
P0233,Q001,science,0.3941,0,0
P0233,Q002,finance,0.2426,0,0
P0233,Q003,finance,0.4421,0,0
P0233,Q004,science,0.0832,0,0
P0233,Q005,politics,0.2229,0,0
P0233,Q006,education,0.297,0,0
P0233,Q007,politics,0.0347,0,0
P0233,Q008,politics,0.4576,0,0
P0233,Q009,politics,0.2582,0,0
P0233,Q010,education,0.4171,1,0
P0234,Q001,science,0.25,1,1
P0234,Q002,finance,0.2037,1,0
P0234,Q003,finance,0.4092,1,0
P0234,Q004,science,0.0708,0,0
P0234,Q005,politics,0.1912,1,0
P0234,Q006,education,0.2501,0,0
P0234,Q007,politics,0.0266,0,0
P0234,Q008,politics,0.405,0,0
P0234,Q009,politics,0.212,1,0
P0234,Q010,education,0.3607,1,0
P0235,Q001,science,0.559,1,0
P0235,Q002,finance,0.388,1,0
P0235,Q003,finance,0.5439,1,0
P0235,Q004,science,0.1342,0,0
P0235,Q005,politics,0.3405,0,0
P0235,Q006,education,0.464,0,0
P0235,Q007,politics,0.076,0,0
P0235,Q008,politics,0.6183,0,0
P0235,Q009,politics,0.4323,0,0
P0235,Q010,education,0.5957,1,0
P0236,Q001,science,0.923,1,0
P0236,Q002,finance,0.8633,1,0
P0236,Q003,finance,0.8251,1,0
P0236,Q004,science,0.4839,1,0
P0236,Q005,politics,0.7885,1,0
P0236,Q006,education,0.9065,1,0
P0236,Q007,politics,0.5714,1,0
P0236,Q008,politics,0.9357,1,0
P0236,Q009,politics,0.9139,1,0
P0236,Q010,education,0.9437,0,0
P0237,Q001,science,0.387,0,0
P0237,Q002,finance,0.237,0,0
P0237,Q003,finance,0.4376,1,0
P0237,Q004,science,0.0814,0,0
P0237,Q005,politics,0.2184,0,0
P0237,Q006,education,0.2903,0,0
P0237,Q007,politics,0.0335,0,0
P0237,Q008,politics,0.4504,0,0
P0237,Q009,politics,0.2516,1,0
P0237,Q010,education,0.25,0,1
P0238,Q001,science,0.4649,1,0
P0238,Q002,finance,0.301,0,0
P0238,Q003,finance,0.4862,0,0
P0238,Q004,science,0.1027,0,0
P0238,Q005,politics,0.2702,0,0
P0238,Q006,education,0.3657,0,0
P0238,Q007,politics,0.0489,0,0
P0238,Q008,politics,0.25,0,1
P0238,Q009,politics,0.3283,0,0
P0238,Q010,education,0.4947,0,0
P0239,Q001,science,0.9788,1,0
P0239,Q002,finance,0.9618,1,0
P0239,Q003,finance,0.9152,1,0
P0239,Q004,science,0.7346,1,0
P0239,Q005,politics,0.25,0,1
P0239,Q006,education,0.9764,1,0
P0239,Q007,politics,0.8768,1,0
P0239,Q008,politics,0.982,1,0
P0239,Q009,politics,0.981,1,0
P0239,Q010,education,0.25,0,1
P0240,Q001,science,0.6205,0,0
P0240,Q002,finance,0.4513,0,0
P0240,Q003,finance,0.5822,0,0
P0240,Q004,science,0.1597,0,0
P0240,Q005,politics,0.3924,0,0
P0240,Q006,education,0.5323,0,0
P0240,Q007,politics,0.1013,0,0
P0240,Q008,politics,0.675,0,0
P0240,Q009,politics,0.5064,0,0
P0240,Q010,education,0.66,1,0
P0241,Q001,science,0.2349,0,0
P0241,Q002,finance,0.25,0,1
P0241,Q003,finance,0.3336,0,0
P0241,Q004,science,0.0474,0,0
P0241,Q005,politics,0.1291,0,0
P0241,Q006,education,0.25,0,1
P0241,Q007,politics,0.014,0,0
P0241,Q008,politics,0.25,1,1
P0241,Q009,politics,0.1261,0,0
P0241,Q010,education,0.25,0,1
P0242,Q001,science,0.8984,1,0
P0242,Q002,finance,0.8223,0,0
P0242,Q003,finance,0.7966,1,0
P0242,Q004,science,0.4235,0,0
P0242,Q005,politics,0.25,0,1
P0242,Q006,education,0.8748,1,0
P0242,Q007,politics,0.4775,1,0
P0242,Q008,politics,0.9153,1,0
P0242,Q009,politics,0.8813,1,0
P0242,Q010,education,0.9234,1,0
P0243,Q001,science,0.7808,1,0
P0243,Q002,finance,0.646,0,0
P0243,Q003,finance,0.6918,0,0
P0243,Q004,science,0.2618,0,0
P0243,Q005,politics,0.5617,0,0
P0243,Q006,education,0.7244,1,0
P0243,Q007,politics,0.2284,0,0
P0243,Q008,politics,0.8163,1,0
P0243,Q009,politics,0.7189,1,0
P0243,Q010,education,0.8185,1,0
P0244,Q001,science,0.3348,1,0
P0244,Q002,finance,0.1977,0,0
P0244,Q003,finance,0.4039,1,0
P0244,Q004,science,0.0689,0,0
P0244,Q005,politics,0.1863,1,0
P0244,Q006,education,0.2428,0,0
P0244,Q007,politics,0.0255,0,0
P0244,Q008,politics,0.3965,0,0
P0244,Q009,politics,0.2049,1,0
P0244,Q010,education,0.3516,0,0
P0245,Q001,science,0.5191,0,0
P0245,Q002,finance,0.3497,1,0
P0245,Q003,finance,0.5194,1,0
P0245,Q004,science,0.1199,0,0
P0245,Q005,politics,0.3094,0,0
P0245,Q006,education,0.4214,0,0
P0245,Q007,politics,0.0631,0,0
P0245,Q008,politics,0.5806,1,0
P0245,Q009,politics,0.3867,0,0
P0245,Q010,education,0.5532,0,0
P0246,Q001,science,0.2743,0,0
P0246,Q002,finance,0.1552,0,0
P0246,Q003,finance,0.3624,0,0
P0246,Q004,science,0.0555,0,0
P0246,Q005,politics,0.1511,0,0
P0246,Q006,education,0.25,0,1
P0246,Q007,politics,0.018,0,0
P0246,Q008,politics,0.3318,0,0
P0246,Q009,politics,0.1555,0,0
P0246,Q010,education,0.2845,0,0
P0247,Q001,science,0.709,0,0
P0247,Q002,finance,0.553,0,0
P0247,Q003,finance,0.6402,1,0
P0247,Q004,science,0.2074,0,0
P0247,Q005,politics,0.4785,0,0
P0247,Q006,education,0.636,0,0
P0247,Q007,politics,0.156,0,0
P0247,Q008,politics,0.7541,1,0
P0247,Q009,politics,0.621,1,0
P0247,Q010,education,0.7493,1,0
P0248,Q001,science,0.0594,0,0
P0248,Q002,finance,0.0286,0,0
P0248,Q003,finance,0.1597,1,0
P0248,Q004,science,0.0138,0,0
P0248,Q005,politics,0.0355,0,0
P0248,Q006,education,0.0333,0,0
P0248,Q007,politics,0.002,0,0
P0248,Q008,politics,0.0796,0,0
P0248,Q009,politics,0.0221,0,0
P0248,Q010,education,0.0542,0,0
P0249,Q001,science,0.2271,1,0
P0249,Q002,finance,0.1244,0,0
P0249,Q003,finance,0.3276,1,0
P0249,Q004,science,0.0458,0,0
P0249,Q005,politics,0.1248,1,0
P0249,Q006,education,0.1524,0,0
P0249,Q007,politics,0.0132,0,0
P0249,Q008,politics,0.2797,0,0
P0249,Q009,politics,0.1206,0,0
P0249,Q010,education,0.2325,0,0
P0250,Q001,science,0.25,0,1
P0250,Q002,finance,0.2383,1,0
P0250,Q003,finance,0.4387,0,0
P0250,Q004,science,0.0819,0,0
P0250,Q005,politics,0.2195,0,0
P0250,Q006,education,0.2919,0,0
P0250,Q007,politics,0.0338,0,0
P0250,Q008,politics,0.25,0,1
P0250,Q009,politics,0.2531,0,0
P0250,Q010,education,0.4111,0,0
P0251,Q001,science,0.4343,0,0
P0251,Q002,finance,0.2752,0,0
P0251,Q003,finance,0.4673,1,0
P0251,Q004,science,0.094,0,0
P0251,Q005,politics,0.2493,0,0
P0251,Q006,education,0.3356,1,0
P0251,Q007,politics,0.0423,0,0
P0251,Q008,politics,0.4981,0,0
P0251,Q009,politics,0.2972,1,0
P0251,Q010,education,0.4614,0,0
P0252,Q001,science,0.767,1,0
P0252,Q002,finance,0.6274,0,0
P0252,Q003,finance,0.6814,0,0
P0252,Q004,science,0.2498,1,0
P0252,Q005,politics,0.5446,0,0
P0252,Q006,education,0.7072,0,0
P0252,Q007,politics,0.2117,0,0
P0252,Q008,politics,0.8045,1,0
P0252,Q009,politics,0.6999,1,0
P0252,Q010,education,0.8055,1,0
P0253,Q001,science,0.25,0,1
P0253,Q002,finance,0.25,0,1
P0253,Q003,finance,0.3596,0,0
P0253,Q004,science,0.0547,0,0
P0253,Q005,politics,0.1488,0,0
P0253,Q006,education,0.1874,0,0
P0253,Q007,politics,0.0176,0,0
P0253,Q008,politics,0.3275,1,0
P0253,Q009,politics,0.25,0,1
P0253,Q010,education,0.2801,0,0
P0254,Q001,science,0.871,1,0
P0254,Q002,finance,0.7784,1,0
P0254,Q003,finance,0.7686,1,0
P0254,Q004,science,0.3719,0,0
P0254,Q005,politics,0.6924,0,0
P0254,Q006,education,0.8395,1,0
P0254,Q007,politics,0.3956,0,0
P0254,Q008,politics,0.8925,1,0
P0254,Q009,politics,0.8442,0,0
P0254,Q010,education,0.9001,1,0
P0255,Q001,science,0.5375,1,0
P0255,Q002,finance,0.3671,1,0
P0255,Q003,finance,0.5307,1,0
P0255,Q004,science,0.1263,0,0
P0255,Q005,politics,0.3235,1,0
P0255,Q006,education,0.4409,1,0
P0255,Q007,politics,0.0687,1,0
P0255,Q008,politics,0.5981,1,0
P0255,Q009,politics,0.4075,1,0
P0255,Q010,education,0.5729,1,0
P0256,Q001,science,0.4939,0,0
P0256,Q002,finance,0.3267,0,0
P0256,Q003,finance,0.504,1,0
P0256,Q004,science,0.1117,0,0
P0256,Q005,politics,0.2908,0,0
P0256,Q006,education,0.3953,0,0
P0256,Q007,politics,0.25,0,1
P0256,Q008,politics,0.25,1,1
P0256,Q009,politics,0.3591,0,0
P0256,Q010,education,0.5262,1,0
P0257,Q001,science,0.6999,1,0
P0257,Q002,finance,0.542,0,0
P0257,Q003,finance,0.634,0,0
P0257,Q004,science,0.2017,0,0
P0257,Q005,politics,0.4689,0,0
P0257,Q006,education,0.6252,1,0
P0257,Q007,politics,0.1491,0,0
P0257,Q008,politics,0.7461,0,0
P0257,Q009,politics,0.6089,1,0
P0257,Q010,education,0.7404,1,0
P0258,Q001,science,0.298,0,0
P0258,Q002,finance,0.1715,0,0
P0258,Q003,finance,0.379,0,0
P0258,Q004,science,0.0606,1,0
P0258,Q005,politics,0.1647,0,0
P0258,Q006,education,0.2108,0,0
P0258,Q007,politics,0.0207,0,0
P0258,Q008,politics,0.3574,0,0
P0258,Q009,politics,0.1743,1,0
P0258,Q010,education,0.3108,0,0
P0259,Q001,science,0.3178,0,0
P0259,Q002,finance,0.1854,0,0
P0259,Q003,finance,0.3925,0,0
P0259,Q004,science,0.065,0,0
P0259,Q005,politics,0.1762,0,0
P0259,Q006,education,0.2278,0,0
P0259,Q007,politics,0.0232,0,0
P0259,Q008,politics,0.3785,0,0
P0259,Q009,politics,0.1905,0,0
P0259,Q010,education,0.25,0,1
P0260,Q001,science,0.3929,0,0
P0260,Q002,finance,0.2417,0,0
P0260,Q003,finance,0.4414,1,0
P0260,Q004,science,0.0829,0,0
P0260,Q005,politics,0.25,1,1
P0260,Q006,education,0.2959,0,0
P0260,Q007,politics,0.0345,0,0
P0260,Q008,politics,0.25,0,1
P0260,Q009,politics,0.2571,0,0
P0260,Q010,education,0.4158,0,0
P0261,Q001,science,0.91,1,0
P0261,Q002,finance,0.25,0,1
P0261,Q003,finance,0.8096,1,0
P0261,Q004,science,0.45,1,0
P0261,Q005,politics,0.7625,1,0
P0261,Q006,education,0.8898,1,0
P0261,Q007,politics,0.5192,0,0
P0261,Q008,politics,0.9249,1,0
P0261,Q009,politics,0.8969,1,0
P0261,Q010,education,0.9331,1,0
P0262,Q001,science,0.2418,0,0
P0262,Q002,finance,0.1338,1,0
P0262,Q003,finance,0.3388,0,0
P0262,Q004,science,0.0488,0,0
P0262,Q005,politics,0.1329,1,0
P0262,Q006,education,0.1641,0,0
P0262,Q007,politics,0.0146,0,0
P0262,Q008,politics,0.2961,0,0
P0262,Q009,politics,0.1311,0,0
P0262,Q010,education,0.2487,0,0
P0263,Q001,science,0.5233,1,0
P0263,Q002,finance,0.3537,0,0
P0263,Q003,finance,0.522,0,0
P0263,Q004,science,0.1214,0,0
P0263,Q005,politics,0.3126,0,0
P0263,Q006,education,0.4258,1,0
P0263,Q007,politics,0.0643,0,0
P0263,Q008,politics,0.5846,1,0
P0263,Q009,politics,0.3914,1,0
P0263,Q010,education,0.5577,1,0
P0264,Q001,science,0.8141,1,0
P0264,Q002,finance,0.6928,1,0
P0264,Q003,finance,0.7181,0,0
P0264,Q004,science,0.2951,0,0
P0264,Q005,politics,0.6059,1,0
P0264,Q006,education,0.7665,1,0
P0264,Q007,politics,0.2767,0,0
P0264,Q008,politics,0.8447,1,0
P0264,Q009,politics,0.7652,0,0
P0264,Q010,education,0.8494,1,0
P0265,Q001,science,0.9295,0,0
P0265,Q002,finance,0.25,0,1
P0265,Q003,finance,0.8334,0,0
P0265,Q004,science,0.503,0,0
P0265,Q005,politics,0.8022,1,0
P0265,Q006,education,0.9148,1,0
P0265,Q007,politics,0.6001,1,0
P0265,Q008,politics,0.9411,1,0
P0265,Q009,politics,0.9223,1,0
P0265,Q010,education,0.949,1,0
P0266,Q001,science,0.2955,1,0
P0266,Q002,finance,0.1698,0,0
P0266,Q003,finance,0.3773,0,0
P0266,Q004,science,0.0601,0,0
P0266,Q005,politics,0.1632,0,0
P0266,Q006,education,0.2086,0,0
P0266,Q007,politics,0.0204,0,0
P0266,Q008,politics,0.3548,0,0
P0266,Q009,politics,0.1723,0,0
P0266,Q010,education,0.3081,0,0
P0267,Q001,science,0.6657,0,0
P0267,Q002,finance,0.5017,0,0
P0267,Q003,finance,0.6113,1,0
P0267,Q004,science,0.1821,1,0
P0267,Q005,politics,0.4345,0,0
P0267,Q006,education,0.5846,1,0
P0267,Q007,politics,0.1259,0,0
P0267,Q008,politics,0.7158,1,0
P0267,Q009,politics,0.564,1,0
P0267,Q010,education,0.7062,0,0
P0268,Q001,science,0.2543,0,0
P0268,Q002,finance,0.1419,0,0
P0268,Q003,finance,0.348,0,0
P0268,Q004,science,0.0513,0,0
P0268,Q005,politics,0.1398,0,0
P0268,Q006,education,0.25,0,1
P0268,Q007,politics,0.0159,1,0
P0268,Q008,politics,0.3099,1,0
P0268,Q009,politics,0.1403,1,0
P0268,Q010,education,0.25,0,1
P0269,Q001,science,0.5747,1,0
P0269,Q002,finance,0.4037,0,0
P0269,Q003,finance,0.5536,1,0
P0269,Q004,science,0.1403,0,0
P0269,Q005,politics,0.3532,1,0
P0269,Q006,education,0.4811,1,0
P0269,Q007,politics,0.0817,0,0
P0269,Q008,politics,0.6329,1,0
P0269,Q009,politics,0.4508,1,0
P0269,Q010,education,0.6123,0,0
P0270,Q001,science,0.4898,0,0
P0270,Q002,finance,0.323,1,0
P0270,Q003,finance,0.5015,0,0
P0270,Q004,science,0.1104,0,0
P0270,Q005,politics,0.2879,0,0
P0270,Q006,education,0.391,1,0
P0270,Q007,politics,0.055,0,0
P0270,Q008,politics,0.5525,1,0
P0270,Q009,politics,0.3547,0,0
P0270,Q010,education,0.5217,0,0
P0271,Q001,science,0.5844,0,0
P0271,Q002,finance,0.4135,0,0
P0271,Q003,finance,0.5596,0,0
P0271,Q004,science,0.1441,0,0
P0271,Q005,politics,0.3613,0,0
P0271,Q006,education,0.4918,1,0
P0271,Q007,politics,0.0855,0,0
P0271,Q008,politics,0.6419,1,0
P0271,Q009,politics,0.4623,1,0
P0271,Q010,education,0.6225,0,0
P0272,Q001,science,0.1636,0,0
P0272,Q002,finance,0.0856,0,0
P0272,Q003,finance,0.2753,0,0
P0272,Q004,science,0.0335,0,0
P0272,Q005,politics,0.0906,1,0
P0272,Q006,education,0.104,0,0
P0272,Q007,politics,0.008,0,0
P0272,Q008,politics,0.2069,1,0
P0272,Q009,politics,0.0784,0,0
P0272,Q010,education,0.1631,0,0
P0273,Q001,science,0.6774,0,0
P0273,Q002,finance,0.5152,1,0
P0273,Q003,finance,0.6189,1,0
P0273,Q004,science,0.1885,0,0
P0273,Q005,politics,0.4459,0,0
P0273,Q006,education,0.5983,1,0
P0273,Q007,politics,0.1332,0,0
P0273,Q008,politics,0.7262,0,0
P0273,Q009,politics,0.5791,1,0
P0273,Q010,education,0.7179,1,0
P0274,Q001,science,0.1228,0,0
P0274,Q002,finance,0.0624,0,0
P0274,Q003,finance,0.2363,0,0
P0274,Q004,science,0.0258,0,0
P0274,Q005,politics,0.0691,0,0
P0274,Q006,education,0.0749,0,0
P0274,Q007,politics,0.0053,0,0
P0274,Q008,politics,0.1584,0,0
P0274,Q009,politics,0.0543,0,0
P0274,Q010,education,0.1195,0,0
P0275,Q001,science,0.9499,1,0
P0275,Q002,finance,0.9099,1,0
P0275,Q003,finance,0.862,1,0
P0275,Q004,science,0.5752,0,0
P0275,Q005,politics,0.8481,0,0
P0275,Q006,education,0.9407,1,0
P0275,Q007,politics,0.7019,1,0
P0275,Q008,politics,0.9579,1,0
P0275,Q009,politics,0.9479,1,0
P0275,Q010,education,0.965,1,0
P0276,Q001,science,0.3579,0,0
P0276,Q002,finance,0.2148,1,0
P0276,Q003,finance,0.419,0,0
P0276,Q004,science,0.0743,0,0
P0276,Q005,politics,0.2003,1,0
P0276,Q006,education,0.2636,0,0
P0276,Q007,politics,0.0288,0,0
P0276,Q008,politics,0.25,0,1
P0276,Q009,politics,0.2251,0,0
P0276,Q010,education,0.3772,0,0
P0277,Q001,science,0.1007,1,0
P0277,Q002,finance,0.0503,0,0
P0277,Q003,finance,0.2126,0,0
P0277,Q004,science,0.0217,0,0
P0277,Q005,politics,0.0575,0,0
P0277,Q006,education,0.0599,0,0
P0277,Q007,politics,0.004,0,0
P0277,Q008,politics,0.1314,0,0
P0277,Q009,politics,0.0423,0,0
P0277,Q010,education,0.0963,0,0
P0278,Q001,science,0.8312,0,0
P0278,Q002,finance,0.7177,1,0
P0278,Q003,finance,0.7324,0,0
P0278,Q004,science,0.3149,0,0
P0278,Q005,politics,0.6302,1,0
P0278,Q006,education,0.7883,1,0
P0278,Q007,politics,0.3067,0,0
P0278,Q008,politics,0.8591,1,0
P0278,Q009,politics,0.25,0,1
P0278,Q010,education,0.8649,1,0
P0279,Q001,science,0.4053,0,0
P0279,Q002,finance,0.2515,1,0
P0279,Q003,finance,0.4492,1,0
P0279,Q004,science,0.0861,0,0
P0279,Q005,politics,0.2301,0,0
P0279,Q006,education,0.3075,0,0
P0279,Q007,politics,0.0367,0,0
P0279,Q008,politics,0.469,1,0
P0279,Q009,politics,0.2688,0,0
P0279,Q010,education,0.4294,0,0
P0280,Q001,science,0.6561,1,0
P0280,Q002,finance,0.4907,0,0
P0280,Q003,finance,0.605,1,0
P0280,Q004,science,0.177,1,0
P0280,Q005,politics,0.4252,1,0
P0280,Q006,education,0.5733,1,0
P0280,Q007,politics,0.25,1,1
P0280,Q008,politics,0.7072,1,0
P0280,Q009,politics,0.5515,0,0
P0280,Q010,education,0.25,0,1
P0281,Q001,science,0.3351,0,0
P0281,Q002,finance,0.1979,0,0
P0281,Q003,finance,0.25,0,1
P0281,Q004,science,0.0689,0,0
P0281,Q005,politics,0.1865,1,0
P0281,Q006,education,0.2431,0,0
P0281,Q007,politics,0.0255,0,0
P0281,Q008,politics,0.3968,0,0
P0281,Q009,politics,0.2052,0,0
P0281,Q010,education,0.3519,0,0
P0282,Q001,science,0.143,0,0
P0282,Q002,finance,0.0737,0,0
P0282,Q003,finance,0.2563,0,0
P0282,Q004,science,0.0296,0,0
P0282,Q005,politics,0.0797,0,0
P0282,Q006,education,0.0891,0,0
P0282,Q007,politics,0.0066,0,0
P0282,Q008,politics,0.1826,0,0
P0282,Q009,politics,0.0659,0,0
P0282,Q010,education,0.141,0,0
P0283,Q001,science,0.6941,1,0
P0283,Q002,finance,0.535,0,0
P0283,Q003,finance,0.25,0,1
P0283,Q004,science,0.1982,0,0
P0283,Q005,politics,0.4629,1,0
P0283,Q006,education,0.6182,0,0
P0283,Q007,politics,0.1448,0,0
P0283,Q008,politics,0.741,1,0
P0283,Q009,politics,0.6012,1,0
P0283,Q010,education,0.7346,1,0
P0284,Q001,science,0.9048,1,0
P0284,Q002,finance,0.8329,1,0
P0284,Q003,finance,0.8037,1,0
P0284,Q004,science,0.4379,1,0
P0284,Q005,politics,0.7526,0,0
P0284,Q006,education,0.8831,1,0
P0284,Q007,politics,0.5002,1,0
P0284,Q008,politics,0.9206,1,0
P0284,Q009,politics,0.89,1,0
P0284,Q010,education,0.9288,1,0
P0285,Q001,science,0.5485,1,0
P0285,Q002,finance,0.3778,0,0
P0285,Q003,finance,0.5375,1,0
P0285,Q004,science,0.1303,0,0
P0285,Q005,politics,0.3322,0,0
P0285,Q006,education,0.4527,1,0
P0285,Q007,politics,0.0724,0,0
P0285,Q008,politics,0.6085,1,0
P0285,Q009,politics,0.4201,0,0
P0285,Q010,education,0.5847,0,0
P0286,Q001,science,0.597,1,0
P0286,Q002,finance,0.4265,0,0
P0286,Q003,finance,0.5674,1,0
P0286,Q004,science,0.1494,0,0
P0286,Q005,politics,0.3719,0,0
P0286,Q006,education,0.5058,0,0
P0286,Q007,politics,0.0907,0,0
P0286,Q008,politics,0.6535,0,0
P0286,Q009,politics,0.4775,1,0
P0286,Q010,education,0.6356,1,0
P0287,Q001,science,0.2385,1,0
P0287,Q002,finance,0.1317,0,0
P0287,Q003,finance,0.3363,0,0
P0287,Q004,science,0.0481,1,0
P0287,Q005,politics,0.1311,0,0
P0287,Q006,education,0.1615,0,0
P0287,Q007,politics,0.0143,0,0
P0287,Q008,politics,0.2924,0,0
P0287,Q009,politics,0.1287,0,0
P0287,Q010,education,0.245,0,0
P0288,Q001,science,0.7901,1,0
P0288,Q002,finance,0.6588,1,0
P0288,Q003,finance,0.699,0,0
P0288,Q004,science,0.2704,0,0
P0288,Q005,politics,0.5736,1,0
P0288,Q006,education,0.7361,0,0
P0288,Q007,politics,0.2407,0,0
P0288,Q008,politics,0.8243,1,0
P0288,Q009,politics,0.7318,1,0
P0288,Q010,education,0.8272,1,0
P0289,Q001,science,0.7487,0,0
P0289,Q002,finance,0.6033,1,0
P0289,Q003,finance,0.6681,0,0
P0289,Q004,science,0.2352,0,0
P0289,Q005,politics,0.5228,0,0
P0289,Q006,education,0.6846,1,0
P0289,Q007,politics,0.1918,1,0
P0289,Q008,politics,0.7888,1,0
P0289,Q009,politics,0.6748,1,0
P0289,Q010,education,0.788,1,0
P0290,Q001,science,0.2816,1,0
P0290,Q002,finance,0.1602,1,0
P0290,Q003,finance,0.3676,1,0
P0290,Q004,science,0.0571,0,0
P0290,Q005,politics,0.1552,0,0
P0290,Q006,education,0.1969,1,0
P0290,Q007,politics,0.0188,0,0
P0290,Q008,politics,0.3397,1,0
P0290,Q009,politics,0.1612,1,0
P0290,Q010,education,0.2927,0,0
P0291,Q001,science,0.3297,0,0
P0291,Q002,finance,0.194,0,0
P0291,Q003,finance,0.4004,0,0
P0291,Q004,science,0.0677,0,0
P0291,Q005,politics,0.1833,1,0
P0291,Q006,education,0.2383,1,0
P0291,Q007,politics,0.25,0,1
P0291,Q008,politics,0.3911,1,0
P0291,Q009,politics,0.2005,1,0
P0291,Q010,education,0.3459,1,0
P0292,Q001,science,0.5325,1,0
P0292,Q002,finance,0.3624,0,0
P0292,Q003,finance,0.5276,0,0
P0292,Q004,science,0.1246,0,0
P0292,Q005,politics,0.3197,0,0
P0292,Q006,education,0.4356,0,0
P0292,Q007,politics,0.0672,0,0
P0292,Q008,politics,0.5933,1,0
P0292,Q009,politics,0.4018,0,0
P0292,Q010,education,0.5676,1,0
P0293,Q001,science,0.25,0,1
P0293,Q002,finance,0.7325,0,0
P0293,Q003,finance,0.741,0,0
P0293,Q004,science,0.3276,0,0
P0293,Q005,politics,0.645,1,0
P0293,Q006,education,0.801,0,0
P0293,Q007,politics,0.3262,0,0
P0293,Q008,politics,0.25,0,1
P0293,Q009,politics,0.8028,1,0
P0293,Q010,education,0.8738,1,0
P0294,Q001,science,0.0071,0,0
P0294,Q002,finance,0.0032,0,0
P0294,Q003,finance,0.0477,0,0
P0294,Q004,science,0.0024,0,0
P0294,Q005,politics,0.0054,0,0
P0294,Q006,education,0.0033,0,0
P0294,Q007,politics,0.0001,0,0
P0294,Q008,politics,0.0102,0,0
P0294,Q009,politics,0.0018,0,0
P0294,Q010,education,0.0054,0,0
P0295,Q001,science,0.0719,0,0
P0295,Q002,finance,0.035,0,0
P0295,Q003,finance,0.1772,0,0
P0295,Q004,science,0.0162,0,0
P0295,Q005,politics,0.0422,0,0
P0295,Q006,education,0.0411,0,0
P0295,Q007,politics,0.0026,0,0
P0295,Q008,politics,0.0954,1,0
P0295,Q009,politics,0.0279,0,0
P0295,Q010,education,0.0667,0,0
P0296,Q001,science,0.8475,1,0
P0296,Q002,finance,0.7421,1,0
P0296,Q003,finance,0.7466,0,0
P0296,Q004,science,0.3362,0,0
P0296,Q005,politics,0.6546,0,0
P0296,Q006,education,0.8092,1,0
P0296,Q007,politics,0.3394,0,0
P0296,Q008,politics,0.8728,1,0
P0296,Q009,politics,0.8116,1,0
P0296,Q010,education,0.8795,1,0
P0297,Q001,science,0.5829,1,0
P0297,Q002,finance,0.412,1,0
P0297,Q003,finance,0.5587,0,0
P0297,Q004,science,0.1435,0,0
P0297,Q005,politics,0.36,1,0
P0297,Q006,education,0.4902,0,0
P0297,Q007,politics,0.0849,0,0
P0297,Q008,politics,0.6405,0,0
P0297,Q009,politics,0.4605,0,0
P0297,Q010,education,0.6209,0,0
P0298,Q001,science,0.3654,0,0
P0298,Q002,finance,0.2204,0,0
P0298,Q003,finance,0.4238,0,0
P0298,Q004,science,0.25,0,1
P0298,Q005,politics,0.2049,0,0
P0298,Q006,education,0.2704,0,0
P0298,Q007,politics,0.03,0,0
P0298,Q008,politics,0.4283,1,0
P0298,Q009,politics,0.2318,1,0
P0298,Q010,education,0.3855,0,0
P0299,Q001,science,0.6447,1,0
P0299,Q002,finance,0.4779,0,0
P0299,Q003,finance,0.5977,0,0
P0299,Q004,science,0.1712,0,0
P0299,Q005,politics,0.4145,1,0
P0299,Q006,education,0.5601,1,0
P0299,Q007,politics,0.1137,0,0
P0299,Q008,politics,0.6969,0,0
P0299,Q009,politics,0.537,1,0
P0299,Q010,education,0.6848,0,0
P0300,Q001,science,0.7711,1,0
P0300,Q002,finance,0.6329,1,0
P0300,Q003,finance,0.6845,0,0
P0300,Q004,science,0.2533,1,0
P0300,Q005,politics,0.5496,1,0
P0300,Q006,education,0.7123,1,0
P0300,Q007,politics,0.2165,0,0
P0300,Q008,politics,0.808,1,0
P0300,Q009,politics,0.7055,0,0
P0300,Q010,education,0.8094,0,0
P0301,Q001,science,0.8734,1,0
P0301,Q002,finance,0.7822,1,0
P0301,Q003,finance,0.7709,1,0
P0301,Q004,science,0.376,0,0
P0301,Q005,politics,0.6964,1,0
P0301,Q006,education,0.8426,1,0
P0301,Q007,politics,0.4021,0,0
P0301,Q008,politics,0.8945,1,0
P0301,Q009,politics,0.8475,1,0
P0301,Q010,education,0.9022,1,0
P0302,Q001,science,0.7658,0,0
P0302,Q002,finance,0.6258,0,0
P0302,Q003,finance,0.6806,1,0
P0302,Q004,science,0.2488,0,0
P0302,Q005,politics,0.5432,0,0
P0302,Q006,education,0.7058,1,0
P0302,Q007,politics,0.2103,0,0
P0302,Q008,politics,0.8035,1,0
P0302,Q009,politics,0.6983,1,0
P0302,Q010,education,0.8044,1,0
P0303,Q001,science,0.5778,0,0
P0303,Q002,finance,0.4068,0,0
P0303,Q003,finance,0.5555,0,0
P0303,Q004,science,0.1415,0,0
P0303,Q005,politics,0.3557,0,0
P0303,Q006,education,0.4845,0,0
P0303,Q007,politics,0.0829,1,0
P0303,Q008,politics,0.6358,1,0
P0303,Q009,politics,0.4544,0,0
P0303,Q010,education,0.6155,0,0
P0304,Q001,science,0.8322,1,0
P0304,Q002,finance,0.7192,1,0
P0304,Q003,finance,0.7333,0,0
P0304,Q004,science,0.3162,1,0
P0304,Q005,politics,0.6317,1,0
P0304,Q006,education,0.7896,1,0
P0304,Q007,politics,0.3086,0,0
P0304,Q008,politics,0.86,1,0
P0304,Q009,politics,0.7904,1,0
P0304,Q010,education,0.8658,1,0
P0305,Q001,science,0.3271,0,0
P0305,Q002,finance,0.1921,0,0
P0305,Q003,finance,0.3987,0,0
P0305,Q004,science,0.0671,0,0
P0305,Q005,politics,0.1817,0,0
P0305,Q006,education,0.236,0,0
P0305,Q007,politics,0.0244,0,0
P0305,Q008,politics,0.3884,0,0
P0305,Q009,politics,0.1983,0,0
P0305,Q010,education,0.3431,0,0
P0306,Q001,science,0.5982,0,0
P0306,Q002,finance,0.4277,1,0
P0306,Q003,finance,0.5682,1,0
P0306,Q004,science,0.1499,0,0
P0306,Q005,politics,0.3729,1,0
P0306,Q006,education,0.5071,0,0
P0306,Q007,politics,0.0912,0,0
P0306,Q008,politics,0.6546,0,0
P0306,Q009,politics,0.479,0,0
P0306,Q010,education,0.6369,1,0
P0307,Q001,science,0.3606,1,0
P0307,Q002,finance,0.2168,1,0
P0307,Q003,finance,0.4207,0,0
P0307,Q004,science,0.0749,1,0
P0307,Q005,politics,0.202,0,0
P0307,Q006,education,0.266,1,0
P0307,Q007,politics,0.0292,0,0
P0307,Q008,politics,0.4233,1,0
P0307,Q009,politics,0.2275,0,0
P0307,Q010,education,0.3801,0,0
P0308,Q001,science,0.4013,0,0
P0308,Q002,finance,0.2483,0,0
P0308,Q003,finance,0.4467,0,0
P0308,Q004,science,0.0851,1,0
P0308,Q005,politics,0.2276,1,0
P0308,Q006,education,0.3038,1,0
P0308,Q007,politics,0.036,0,0
P0308,Q008,politics,0.4649,0,0
P0308,Q009,politics,0.265,0,0
P0308,Q010,education,0.4251,1,0
P0309,Q001,science,0.2265,0,0
P0309,Q002,finance,0.124,0,0
P0309,Q003,finance,0.3272,0,0
P0309,Q004,science,0.0457,0,0
P0309,Q005,politics,0.1245,0,0
P0309,Q006,education,0.1519,0,0
P0309,Q007,politics,0.0132,0,0
P0309,Q008,politics,0.279,1,0
P0309,Q009,politics,0.1201,0,0
P0309,Q010,education,0.2318,0,0
P0310,Q001,science,0.8108,0,0
P0310,Q002,finance,0.688,1,0
P0310,Q003,finance,0.7154,1,0
P0310,Q004,science,0.2914,0,0
P0310,Q005,politics,0.6012,0,0
P0310,Q006,education,0.7623,0,0
P0310,Q007,politics,0.2713,0,0
P0310,Q008,politics,0.8419,1,0
P0310,Q009,politics,0.7606,1,0
P0310,Q010,education,0.8463,1,0
P0311,Q001,science,0.4637,1,0
P0311,Q002,finance,0.3,0,0
P0311,Q003,finance,0.4854,1,0
P0311,Q004,science,0.1024,0,0
P0311,Q005,politics,0.2693,0,0
P0311,Q006,education,0.3646,1,0
P0311,Q007,politics,0.0487,0,0
P0311,Q008,politics,0.527,0,0
P0311,Q009,politics,0.3271,0,0
P0311,Q010,education,0.4934,0,0
P0312,Q001,science,0.6957,1,0
P0312,Q002,finance,0.5369,1,0
P0312,Q003,finance,0.25,0,1
P0312,Q004,science,0.1991,1,0
P0312,Q005,politics,0.4645,1,0
P0312,Q006,education,0.62,1,0
P0312,Q007,politics,0.1459,0,0
P0312,Q008,politics,0.7424,1,0
P0312,Q009,politics,0.6032,1,0
P0312,Q010,education,0.7361,1,0
P0313,Q001,science,0.7208,1,0
P0313,Q002,finance,0.5677,1,0
P0313,Q003,finance,0.6483,1,0
P0313,Q004,science,0.2151,1,0
P0313,Q005,politics,0.4912,0,0
P0313,Q006,education,0.6503,0,0
P0313,Q007,politics,0.1657,0,0
P0313,Q008,politics,0.7644,1,0
P0313,Q009,politics,0.6368,0,0
P0313,Q010,education,0.7609,0,0
P0314,Q001,science,0.907,1,0
P0314,Q002,finance,0.8366,1,0
P0314,Q003,finance,0.8062,1,0
P0314,Q004,science,0.443,1,0
P0314,Q005,politics,0.7567,0,0
P0314,Q006,education,0.886,1,0
P0314,Q007,politics,0.5081,0,0
P0314,Q008,politics,0.9225,1,0
P0314,Q009,politics,0.8929,1,0
P0314,Q010,education,0.9307,1,0
P0315,Q001,science,0.7511,1,0
P0315,Q002,finance,0.6063,1,0
P0315,Q003,finance,0.6697,1,0
P0315,Q004,science,0.2369,0,0
P0315,Q005,politics,0.5255,1,0
P0315,Q006,education,0.6875,1,0
P0315,Q007,politics,0.1942,0,0
P0315,Q008,politics,0.7908,0,0
P0315,Q009,politics,0.678,0,0
P0315,Q010,education,0.7903,1,0
P0316,Q001,science,0.9345,1,0
P0316,Q002,finance,0.883,1,0
P0316,Q003,finance,0.84,1,0
P0316,Q004,science,0.5187,0,0
P0316,Q005,politics,0.8129,1,0
P0316,Q006,education,0.9212,1,0
P0316,Q007,politics,0.6232,1,0
P0316,Q008,politics,0.9452,1,0
P0316,Q009,politics,0.9287,1,0
P0316,Q010,education,0.9529,1,0
P0317,Q001,science,0.3485,1,0
P0317,Q002,finance,0.2077,0,0
P0317,Q003,finance,0.4128,0,0
P0317,Q004,science,0.072,1,0
P0317,Q005,politics,0.1946,0,0
P0317,Q006,education,0.255,1,0
P0317,Q007,politics,0.0274,0,0
P0317,Q008,politics,0.4107,0,0
P0317,Q009,politics,0.2168,1,0
P0317,Q010,education,0.3667,1,0
P0318,Q001,science,0.6178,1,0
P0318,Q002,finance,0.4485,0,0
P0318,Q003,finance,0.5805,0,0
P0318,Q004,science,0.1585,0,0
P0318,Q005,politics,0.39,0,0
P0318,Q006,education,0.5293,1,0
P0318,Q007,politics,0.1,0,0
P0318,Q008,politics,0.6725,1,0
P0318,Q009,politics,0.5031,1,0
P0318,Q010,education,0.6572,0,0
P0319,Q001,science,0.3104,0,0
P0319,Q002,finance,0.1802,0,0
P0319,Q003,finance,0.3875,1,0
P0319,Q004,science,0.0633,0,0
P0319,Q005,politics,0.1719,0,0
P0319,Q006,education,0.2214,1,0
P0319,Q007,politics,0.0223,0,0
P0319,Q008,politics,0.3706,0,0
P0319,Q009,politics,0.1844,1,0
P0319,Q010,education,0.3245,1,0
P0320,Q001,science,0.1727,0,0
P0320,Q002,finance,0.25,0,1
P0320,Q003,finance,0.2833,0,0
P0320,Q004,science,0.0352,0,0
P0320,Q005,politics,0.0955,0,0
P0320,Q006,education,0.1107,0,0
P0320,Q007,politics,0.0087,0,0
P0320,Q008,politics,0.2175,0,0
P0320,Q009,politics,0.0841,0,0
P0320,Q010,education,0.173,0,0
P0321,Q001,science,0.7582,1,0
P0321,Q002,finance,0.6157,1,0
P0321,Q003,finance,0.6749,1,0
P0321,Q004,science,0.2426,0,0
P0321,Q005,politics,0.5339,1,0
P0321,Q006,education,0.25,1,1
P0321,Q007,politics,0.2018,1,0
P0321,Q008,politics,0.25,0,1
P0321,Q009,politics,0.6878,0,0
P0321,Q010,education,0.25,0,1
P0322,Q001,science,0.25,0,1
P0322,Q002,finance,0.4508,0,0
P0322,Q003,finance,0.5819,1,0
P0322,Q004,science,0.1594,0,0
P0322,Q005,politics,0.3919,0,0
P0322,Q006,education,0.5317,0,0
P0322,Q007,politics,0.101,0,0
P0322,Q008,politics,0.6745,0,0
P0322,Q009,politics,0.5058,0,0
P0322,Q010,education,0.6594,0,0
P0323,Q001,science,0.7756,0,0
P0323,Q002,finance,0.639,0,0
P0323,Q003,finance,0.6879,1,0
P0323,Q004,science,0.2572,1,0
P0323,Q005,politics,0.5552,1,0
P0323,Q006,education,0.718,0,0
P0323,Q007,politics,0.222,0,0
P0323,Q008,politics,0.8119,1,0
P0323,Q009,politics,0.7118,0,0
P0323,Q010,education,0.8136,1,0
P0324,Q001,science,0.9104,1,0
P0324,Q002,finance,0.8422,1,0
P0324,Q003,finance,0.8101,1,0
P0324,Q004,science,0.451,0,0
P0324,Q005,politics,0.7633,0,0
P0324,Q006,education,0.8903,0,0
P0324,Q007,politics,0.5207,1,0
P0324,Q008,politics,0.25,1,1
P0324,Q009,politics,0.8974,1,0
P0324,Q010,education,0.9334,1,0
P0325,Q001,science,0.8573,1,0
P0325,Q002,finance,0.7571,0,0
P0325,Q003,finance,0.7556,1,0
P0325,Q004,science,0.3503,0,0
P0325,Q005,politics,0.67,1,0
P0325,Q006,education,0.8218,1,0
P0325,Q007,politics,0.3615,0,0
P0325,Q008,politics,0.8811,1,0
P0325,Q009,politics,0.8253,1,0
P0325,Q010,education,0.8882,1,0
P0326,Q001,science,0.5621,1,0
P0326,Q002,finance,0.3911,0,0
P0326,Q003,finance,0.5458,1,0
P0326,Q004,science,0.1354,0,0
P0326,Q005,politics,0.343,1,0
P0326,Q006,education,0.4674,1,0
P0326,Q007,politics,0.0771,0,0
P0326,Q008,politics,0.6212,1,0
P0326,Q009,politics,0.4359,0,0
P0326,Q010,education,0.599,1,0
P0327,Q001,science,0.5578,1,0
P0327,Q002,finance,0.3868,1,0
P0327,Q003,finance,0.25,0,1
P0327,Q004,science,0.1337,1,0
P0327,Q005,politics,0.3395,1,0
P0327,Q006,education,0.4627,0,0
P0327,Q007,politics,0.0755,1,0
P0327,Q008,politics,0.6171,1,0
P0327,Q009,politics,0.4308,0,0
P0327,Q010,education,0.5944,0,0
P0328,Q001,science,0.6768,1,0
P0328,Q002,finance,0.5146,0,0
P0328,Q003,finance,0.6186,0,0
P0328,Q004,science,0.1882,0,0
P0328,Q005,politics,0.4454,0,0
P0328,Q006,education,0.5977,1,0
P0328,Q007,politics,0.1329,0,0
P0328,Q008,politics,0.7257,1,0
P0328,Q009,politics,0.5784,0,0
P0328,Q010,education,0.25,0,1
P0329,Q001,science,0.64,1,0
P0329,Q002,finance,0.4727,0,0
P0329,Q003,finance,0.5946,1,0
P0329,Q004,science,0.1689,0,0
P0329,Q005,politics,0.4101,0,0
P0329,Q006,education,0.5547,1,0
P0329,Q007,politics,0.1112,0,0
P0329,Q008,politics,0.6927,1,0
P0329,Q009,politics,0.531,0,0
P0329,Q010,education,0.68,0,0
P0330,Q001,science,0.0182,0,0
P0330,Q002,finance,0.0083,0,0
P0330,Q003,finance,0.0824,0,0
P0330,Q004,science,0.0052,0,0
P0330,Q005,politics,0.0124,0,0
P0330,Q006,education,0.0091,0,0
P0330,Q007,politics,0.0004,0,0
P0330,Q008,politics,0.0255,0,0
P0330,Q009,politics,0.0053,0,0
P0330,Q010,education,0.015,0,0
P0331,Q001,science,0.7553,1,0
P0331,Q002,finance,0.6119,1,0
P0331,Q003,finance,0.6729,1,0
P0331,Q004,science,0.2403,0,0
P0331,Q005,politics,0.5305,0,0
P0331,Q006,education,0.6927,0,0
P0331,Q007,politics,0.1987,0,0
P0331,Q008,politics,0.7945,1,0
P0331,Q009,politics,0.6839,1,0
P0331,Q010,education,0.7944,1,0
P0332,Q001,science,0.5148,1,0
P0332,Q002,finance,0.3457,1,0
P0332,Q003,finance,0.5167,1,0
P0332,Q004,science,0.1185,0,0
P0332,Q005,politics,0.3062,0,0
P0332,Q006,education,0.4169,0,0
P0332,Q007,politics,0.0618,0,0
P0332,Q008,politics,0.5765,1,0
P0332,Q009,politics,0.3819,0,0
P0332,Q010,education,0.5486,1,0
P0333,Q001,science,0.4427,1,0
P0333,Q002,finance,0.25,1,1
P0333,Q003,finance,0.4725,0,0
P0333,Q004,science,0.0963,0,0
P0333,Q005,politics,0.2549,0,0
P0333,Q006,education,0.3437,1,0
P0333,Q007,politics,0.044,0,0
P0333,Q008,politics,0.5064,1,0
P0333,Q009,politics,0.3056,1,0
P0333,Q010,education,0.4705,0,0
P0334,Q001,science,0.45,1,0
P0334,Q002,finance,0.2883,0,0
P0334,Q003,finance,0.477,1,0
P0334,Q004,science,0.0984,0,0
P0334,Q005,politics,0.2599,0,0
P0334,Q006,education,0.3509,0,0
P0334,Q007,politics,0.0456,0,0
P0334,Q008,politics,0.5136,0,0
P0334,Q009,politics,0.313,0,0
P0334,Q010,education,0.4785,1,0
P0335,Q001,science,0.8809,1,0
P0335,Q002,finance,0.7941,1,0
P0335,Q003,finance,0.7783,1,0
P0335,Q004,science,0.3891,1,0
P0335,Q005,politics,0.7091,0,0
P0335,Q006,education,0.8522,1,0
P0335,Q007,politics,0.4229,1,0
P0335,Q008,politics,0.9008,1,0
P0335,Q009,politics,0.8577,1,0
P0335,Q010,education,0.9086,0,0
P0336,Q001,science,0.6549,1,0
P0336,Q002,finance,0.4894,1,0
P0336,Q003,finance,0.6042,0,0
P0336,Q004,science,0.1764,1,0
P0336,Q005,politics,0.4241,1,0
P0336,Q006,education,0.5719,1,0
P0336,Q007,politics,0.1194,1,0
P0336,Q008,politics,0.7061,0,0
P0336,Q009,politics,0.55,0,0
P0336,Q010,education,0.6952,0,0
P0337,Q001,science,0.8514,1,0
P0337,Q002,finance,0.7481,1,0
P0337,Q003,finance,0.7502,1,0
P0337,Q004,science,0.3417,0,0
P0337,Q005,politics,0.6607,1,0
P0337,Q006,education,0.8142,0,0
P0337,Q007,politics,0.3481,1,0
P0337,Q008,politics,0.8761,1,0
P0337,Q009,politics,0.8171,0,0
P0337,Q010,education,0.883,1,0
P0338,Q001,science,0.2349,0,0
P0338,Q002,finance,0.1293,1,0
P0338,Q003,finance,0.3336,0,0
P0338,Q004,science,0.0474,0,0
P0338,Q005,politics,0.1291,0,0
P0338,Q006,education,0.1586,0,0
P0338,Q007,politics,0.014,0,0
P0338,Q008,politics,0.2884,0,0
P0338,Q009,politics,0.1261,0,0
P0338,Q010,education,0.241,1,0
P0339,Q001,science,0.7958,0,0
P0339,Q002,finance,0.6668,1,0
P0339,Q003,finance,0.7034,1,0
P0339,Q004,science,0.276,0,0
P0339,Q005,politics,0.5811,1,0
P0339,Q006,education,0.7433,1,0
P0339,Q007,politics,0.2487,1,0
P0339,Q008,politics,0.8291,1,0
P0339,Q009,politics,0.7397,1,0
P0339,Q010,education,0.8325,0,0
P0340,Q001,science,0.881,1,0
P0340,Q002,finance,0.7943,1,0
P0340,Q003,finance,0.7785,1,0
P0340,Q004,science,0.3894,1,0
P0340,Q005,politics,0.7094,0,0
P0340,Q006,education,0.8524,1,0
P0340,Q007,politics,0.4233,1,0
P0340,Q008,politics,0.9009,0,0
P0340,Q009,politics,0.8579,1,0
P0340,Q010,education,0.9088,0,0
P0341,Q001,science,0.102,0,0
P0341,Q002,finance,0.051,0,0
P0341,Q003,finance,0.214,0,0
P0341,Q004,science,0.0219,0,0
P0341,Q005,politics,0.25,0,1
P0341,Q006,education,0.0608,0,0
P0341,Q007,politics,0.0041,0,0
P0341,Q008,politics,0.133,1,0
P0341,Q009,politics,0.043,0,0
P0341,Q010,education,0.0977,0,0
P0342,Q001,science,0.424,0,0
P0342,Q002,finance,0.2666,0,0
P0342,Q003,finance,0.4609,0,0
P0342,Q004,science,0.0911,0,0
P0342,Q005,politics,0.2424,0,0
P0342,Q006,education,0.3255,0,0
P0342,Q007,politics,0.0402,0,0
P0342,Q008,politics,0.4878,0,0
P0342,Q009,politics,0.287,0,0
P0342,Q010,education,0.45,1,0
P0343,Q001,science,0.6198,1,0
P0343,Q002,finance,0.4507,1,0
P0343,Q003,finance,0.5818,1,0
P0343,Q004,science,0.1594,0,0
P0343,Q005,politics,0.3918,1,0
P0343,Q006,education,0.5316,1,0
P0343,Q007,politics,0.101,0,0
P0343,Q008,politics,0.6744,1,0
P0343,Q009,politics,0.5057,1,0
P0343,Q010,education,0.6593,1,0
P0344,Q001,science,0.2864,0,0
P0344,Q002,finance,0.1635,0,0
P0344,Q003,finance,0.371,0,0
P0344,Q004,science,0.0581,0,0
P0344,Q005,politics,0.158,0,0
P0344,Q006,education,0.2009,0,0
P0344,Q007,politics,0.0194,0,0
P0344,Q008,politics,0.3449,1,0
P0344,Q009,politics,0.25,0,1
P0344,Q010,education,0.2979,1,0
P0345,Q001,science,0.3621,1,0
P0345,Q002,finance,0.218,1,0
P0345,Q003,finance,0.25,0,1
P0345,Q004,science,0.0753,0,0
P0345,Q005,politics,0.2029,0,0
P0345,Q006,education,0.2674,0,0
P0345,Q007,politics,0.0295,0,0
P0345,Q008,politics,0.4249,0,0
P0345,Q009,politics,0.2289,0,0
P0345,Q010,education,0.3819,0,0
P0346,Q001,science,0.25,0,1
P0346,Q002,finance,0.4371,0,0
P0346,Q003,finance,0.5738,1,0
P0346,Q004,science,0.1537,0,0
P0346,Q005,politics,0.3807,1,0
P0346,Q006,education,0.5172,1,0
P0346,Q007,politics,0.0951,0,0
P0346,Q008,politics,0.6628,1,0
P0346,Q009,politics,0.49,0,0
P0346,Q010,education,0.6462,1,0
P0347,Q001,science,0.8304,0,0
P0347,Q002,finance,0.7166,1,0
P0347,Q003,finance,0.7318,0,0
P0347,Q004,science,0.314,0,0
P0347,Q005,politics,0.6291,1,0
P0347,Q006,education,0.7873,1,0
P0347,Q007,politics,0.3053,0,0
P0347,Q008,politics,0.8585,1,0
P0347,Q009,politics,0.788,1,0
P0347,Q010,education,0.8642,1,0
P0348,Q001,science,0.1435,0,0
P0348,Q002,finance,0.074,0,0
P0348,Q003,finance,0.2567,1,0
P0348,Q004,science,0.0297,0,0
P0348,Q005,politics,0.08,0,0
P0348,Q006,education,0.0895,0,0
P0348,Q007,politics,0.0066,0,0
P0348,Q008,politics,0.1831,0,0
P0348,Q009,politics,0.0662,0,0
P0348,Q010,education,0.1415,0,0
P0349,Q001,science,0.2169,0,0
P0349,Q002,finance,0.1179,0,0
P0349,Q003,finance,0.3197,1,0
P0349,Q004,science,0.0438,0,0
P0349,Q005,politics,0.1192,0,0
P0349,Q006,education,0.1444,0,0
P0349,Q007,politics,0.0123,0,0
P0349,Q008,politics,0.2682,0,0
P0349,Q009,politics,0.1134,0,0
P0349,Q010,education,0.2212,1,0
P0350,Q001,science,0.0274,0,0
P0350,Q002,finance,0.0127,0,0
P0350,Q003,finance,0.1039,0,0
P0350,Q004,science,0.0073,0,0
P0350,Q005,politics,0.0178,0,0
P0350,Q006,education,0.0142,0,0
P0350,Q007,politics,0.0007,0,0
P0350,Q008,politics,0.0378,0,0
P0350,Q009,politics,0.0087,0,0
P0350,Q010,education,0.0234,0,0
P0351,Q001,science,0.5641,0,0
P0351,Q002,finance,0.3931,0,0
P0351,Q003,finance,0.5471,1,0
P0351,Q004,science,0.1361,0,0
P0351,Q005,politics,0.3446,1,0
P0351,Q006,education,0.4696,1,0
P0351,Q007,politics,0.0778,0,0
P0351,Q008,politics,0.25,0,1
P0351,Q009,politics,0.4383,1,0
P0351,Q010,education,0.6012,1,0
P0352,Q001,science,0.1745,0,0
P0352,Q002,finance,0.092,0,0
P0352,Q003,finance,0.2848,1,0
P0352,Q004,science,0.0356,0,0
P0352,Q005,politics,0.0964,0,0
P0352,Q006,education,0.112,0,0
P0352,Q007,politics,0.0088,0,0
P0352,Q008,politics,0.2196,0,0
P0352,Q009,politics,0.0852,0,0
P0352,Q010,education,0.1749,0,0
P0353,Q001,science,0.6668,0,0
P0353,Q002,finance,0.5029,0,0
P0353,Q003,finance,0.612,0,0
P0353,Q004,science,0.1826,0,0
P0353,Q005,politics,0.4355,1,0
P0353,Q006,education,0.5858,1,0
P0353,Q007,politics,0.1265,0,0
P0353,Q008,politics,0.7167,1,0
P0353,Q009,politics,0.5654,0,0
P0353,Q010,education,0.7072,1,0
P0354,Q001,science,0.5546,0,0
P0354,Q002,finance,0.3837,1,0
P0354,Q003,finance,0.5412,1,0
P0354,Q004,science,0.1325,0,0
P0354,Q005,politics,0.3369,0,0
P0354,Q006,education,0.4592,1,0
P0354,Q007,politics,0.0744,0,0
P0354,Q008,politics,0.6141,0,0
P0354,Q009,politics,0.4271,1,0
P0354,Q010,education,0.5911,1,0
P0355,Q001,science,0.213,0,0
P0355,Q002,finance,0.1155,0,0
P0355,Q003,finance,0.3166,1,0
P0355,Q004,science,0.043,0,0
P0355,Q005,politics,0.1171,0,0
P0355,Q006,education,0.1413,0,0
P0355,Q007,politics,0.012,0,0
P0355,Q008,politics,0.2637,0,0
P0355,Q009,politics,0.1107,0,0
P0355,Q010,education,0.2169,0,0
P0356,Q001,science,0.8722,0,0
P0356,Q002,finance,0.7803,1,0
P0356,Q003,finance,0.7697,1,0
P0356,Q004,science,0.3739,1,0
P0356,Q005,politics,0.6943,1,0
P0356,Q006,education,0.841,1,0
P0356,Q007,politics,0.3987,0,0
P0356,Q008,politics,0.8935,1,0
P0356,Q009,politics,0.8458,1,0
P0356,Q010,education,0.9011,0,0
P0357,Q001,science,0.1306,0,0
P0357,Q002,finance,0.0667,0,0
P0357,Q003,finance,0.2442,0,0
P0357,Q004,science,0.0273,0,0
P0357,Q005,politics,0.0732,0,0
P0357,Q006,education,0.0804,0,0
P0357,Q007,politics,0.0058,0,0
P0357,Q008,politics,0.1677,0,0
P0357,Q009,politics,0.0587,0,0
P0357,Q010,education,0.1277,0,0
P0358,Q001,science,0.2858,0,0
P0358,Q002,finance,0.1631,0,0
P0358,Q003,finance,0.25,0,1
P0358,Q004,science,0.058,0,0
P0358,Q005,politics,0.1576,0,0
P0358,Q006,education,0.2004,1,0
P0358,Q007,politics,0.0193,0,0
P0358,Q008,politics,0.3443,1,0
P0358,Q009,politics,0.1645,0,0
P0358,Q010,education,0.2973,0,0
P0359,Q001,science,0.8563,1,0
P0359,Q002,finance,0.7555,1,0
P0359,Q003,finance,0.7547,1,0
P0359,Q004,science,0.3488,0,0
P0359,Q005,politics,0.6684,0,0
P0359,Q006,education,0.25,1,1
P0359,Q007,politics,0.3592,0,0
P0359,Q008,politics,0.8802,1,0
P0359,Q009,politics,0.8239,1,0
P0359,Q010,education,0.8873,1,0
P0360,Q001,science,0.5475,1,0
P0360,Q002,finance,0.3768,1,0
P0360,Q003,finance,0.5368,0,0
P0360,Q004,science,0.1299,1,0
P0360,Q005,politics,0.25,0,1
P0360,Q006,education,0.4516,0,0
P0360,Q007,politics,0.25,0,1
P0360,Q008,politics,0.6075,0,0
P0360,Q009,politics,0.25,0,1
P0360,Q010,education,0.5836,1,0
P0361,Q001,science,0.8697,1,0
P0361,Q002,finance,0.7763,0,0
P0361,Q003,finance,0.7673,1,0
P0361,Q004,science,0.3697,0,0
P0361,Q005,politics,0.6901,1,0
P0361,Q006,education,0.8378,0,0
P0361,Q007,politics,0.3921,1,0
P0361,Q008,politics,0.8914,1,0
P0361,Q009,politics,0.8423,1,0
P0361,Q010,education,0.899,1,0
P0362,Q001,science,0.8292,0,0
P0362,Q002,finance,0.25,0,1
P0362,Q003,finance,0.7307,0,0
P0362,Q004,science,0.3125,1,0
P0362,Q005,politics,0.6272,0,0
P0362,Q006,education,0.7857,1,0
P0362,Q007,politics,0.3029,0,0
P0362,Q008,politics,0.25,0,1
P0362,Q009,politics,0.7862,0,0
P0362,Q010,education,0.8631,1,0
P0363,Q001,science,0.8867,1,0
P0363,Q002,finance,0.8034,1,0
P0363,Q003,finance,0.25,0,1
P0363,Q004,science,0.25,0,1
P0363,Q005,politics,0.7193,1,0
P0363,Q006,education,0.8598,0,0
P0363,Q007,politics,0.4401,0,0
P0363,Q008,politics,0.9056,1,0
P0363,Q009,politics,0.8656,0,0
P0363,Q010,education,0.9136,1,0
P0364,Q001,science,0.852,1,0
P0364,Q002,finance,0.7489,0,0
P0364,Q003,finance,0.7507,1,0
P0364,Q004,science,0.3426,1,0
P0364,Q005,politics,0.6616,1,0
P0364,Q006,education,0.815,1,0
P0364,Q007,politics,0.3494,1,0
P0364,Q008,politics,0.8766,1,0
P0364,Q009,politics,0.8179,0,0
P0364,Q010,education,0.8835,0,0
P0365,Q001,science,0.3515,1,0
P0365,Q002,finance,0.2099,0,0
P0365,Q003,finance,0.4148,0,0
P0365,Q004,science,0.0727,0,0
P0365,Q005,politics,0.1964,0,0
P0365,Q006,education,0.2577,1,0
P0365,Q007,politics,0.0279,0,0
P0365,Q008,politics,0.4138,0,0
P0365,Q009,politics,0.2194,0,0
P0365,Q010,education,0.37,0,0
P0366,Q001,science,0.3565,0,0
P0366,Q002,finance,0.2137,0,0
P0366,Q003,finance,0.418,0,0
P0366,Q004,science,0.0739,0,0
P0366,Q005,politics,0.1994,0,0
P0366,Q006,education,0.2622,0,0
P0366,Q007,politics,0.0286,0,0
P0366,Q008,politics,0.419,0,0
P0366,Q009,politics,0.2238,0,0
P0366,Q010,education,0.3756,0,0
P0367,Q001,science,0.9327,1,0
P0367,Q002,finance,0.8799,1,0
P0367,Q003,finance,0.8375,1,0
P0367,Q004,science,0.5129,1,0
P0367,Q005,politics,0.809,1,0
P0367,Q006,education,0.9188,1,0
P0367,Q007,politics,0.6147,0,0
P0367,Q008,politics,0.9437,0,0
P0367,Q009,politics,0.9264,1,0
P0367,Q010,education,0.25,0,1
P0368,Q001,science,0.1519,0,0
P0368,Q002,finance,0.0788,0,0
P0368,Q003,finance,0.2646,1,0
P0368,Q004,science,0.0313,0,0
P0368,Q005,politics,0.0844,0,0
P0368,Q006,education,0.0955,0,0
P0368,Q007,politics,0.0072,0,0
P0368,Q008,politics,0.1931,0,0
P0368,Q009,politics,0.0712,0,0
P0368,Q010,education,0.1505,0,0
P0369,Q001,science,0.273,0,0
P0369,Q002,finance,0.1544,1,0
P0369,Q003,finance,0.3615,0,0
P0369,Q004,science,0.0552,0,0
P0369,Q005,politics,0.1503,1,0
P0369,Q006,education,0.1897,0,0
P0369,Q007,politics,0.0179,0,0
P0369,Q008,politics,0.3304,1,0
P0369,Q009,politics,0.1545,0,0
P0369,Q010,education,0.2831,0,0
P0370,Q001,science,0.5162,1,0
P0370,Q002,finance,0.3471,0,0
P0370,Q003,finance,0.5176,1,0
P0370,Q004,science,0.1189,0,0
P0370,Q005,politics,0.3073,0,0
P0370,Q006,education,0.4184,1,0
P0370,Q007,politics,0.0623,0,0
P0370,Q008,politics,0.5778,1,0
P0370,Q009,politics,0.3835,0,0
P0370,Q010,education,0.5502,0,0
P0371,Q001,science,0.2635,0,0
P0371,Q002,finance,0.148,0,0
P0371,Q003,finance,0.3547,1,0
P0371,Q004,science,0.0533,0,0
P0371,Q005,politics,0.145,0,0
P0371,Q006,education,0.1818,0,0
P0371,Q007,politics,0.0168,0,0
P0371,Q008,politics,0.32,0,0
P0371,Q009,politics,0.1473,1,0
P0371,Q010,education,0.2726,1,0
P0372,Q001,science,0.25,0,1
P0372,Q002,finance,0.0781,0,0
P0372,Q003,finance,0.2635,0,0
P0372,Q004,science,0.0311,0,0
P0372,Q005,politics,0.0838,0,0
P0372,Q006,education,0.0946,0,0
P0372,Q007,politics,0.0071,0,0
P0372,Q008,politics,0.1917,1,0
P0372,Q009,politics,0.0705,0,0
P0372,Q010,education,0.1492,0,0
P0373,Q001,science,0.438,0,0
P0373,Q002,finance,0.2782,1,0
P0373,Q003,finance,0.4696,1,0
P0373,Q004,science,0.095,0,0
P0373,Q005,politics,0.2518,0,0
P0373,Q006,education,0.3391,0,0
P0373,Q007,politics,0.043,0,0
P0373,Q008,politics,0.5018,1,0
P0373,Q009,politics,0.3009,1,0
P0373,Q010,education,0.4654,0,0
P0374,Q001,science,0.8975,1,0
P0374,Q002,finance,0.8209,1,0
P0374,Q003,finance,0.7957,1,0
P0374,Q004,science,0.4217,0,0
P0374,Q005,politics,0.7388,1,0
P0374,Q006,education,0.8737,1,0
P0374,Q007,politics,0.4747,1,0
P0374,Q008,politics,0.9146,1,0
P0374,Q009,politics,0.8802,1,0
P0374,Q010,education,0.9227,1,0
P0375,Q001,science,0.2502,0,0
P0375,Q002,finance,0.1392,0,0
P0375,Q003,finance,0.345,1,0
P0375,Q004,science,0.0505,0,0
P0375,Q005,politics,0.1375,0,0
P0375,Q006,education,0.1709,1,0
P0375,Q007,politics,0.0155,0,0
P0375,Q008,politics,0.3053,0,0
P0375,Q009,politics,0.1373,0,0
P0375,Q010,education,0.25,0,1
P0376,Q001,science,0.2318,0,0
P0376,Q002,finance,0.1274,0,0
P0376,Q003,finance,0.3312,1,0
P0376,Q004,science,0.0468,0,0
P0376,Q005,politics,0.25,1,1
P0376,Q006,education,0.1561,0,0
P0376,Q007,politics,0.0137,0,0
P0376,Q008,politics,0.2849,1,0
P0376,Q009,politics,0.1239,0,0
P0376,Q010,education,0.2376,0,0
P0377,Q001,science,0.8112,0,0
P0377,Q002,finance,0.6887,1,0
P0377,Q003,finance,0.7158,1,0
P0377,Q004,science,0.2919,1,0
P0377,Q005,politics,0.6019,1,0
P0377,Q006,education,0.7629,1,0
P0377,Q007,politics,0.2721,0,0
P0377,Q008,politics,0.8423,1,0
P0377,Q009,politics,0.7612,1,0
P0377,Q010,education,0.8468,1,0
P0378,Q001,science,0.4987,0,0
P0378,Q002,finance,0.331,0,0
P0378,Q003,finance,0.5069,1,0
P0378,Q004,science,0.1132,0,0
P0378,Q005,politics,0.2943,0,0
P0378,Q006,education,0.4002,1,0
P0378,Q007,politics,0.0574,0,0
P0378,Q008,politics,0.561,1,0
P0378,Q009,politics,0.3643,1,0
P0378,Q010,education,0.5313,0,0
P0379,Q001,science,0.1948,0,0
P0379,Q002,finance,0.1043,0,0
P0379,Q003,finance,0.3019,0,0
P0379,Q004,science,0.0395,0,0
P0379,Q005,politics,0.1073,0,0
P0379,Q006,education,0.1273,0,0
P0379,Q007,politics,0.0104,0,0
P0379,Q008,politics,0.243,0,0
P0379,Q009,politics,0.0984,0,0
P0379,Q010,education,0.197,0,0
P0380,Q001,science,0.6999,1,0
P0380,Q002,finance,0.542,0,0
P0380,Q003,finance,0.634,1,0
P0380,Q004,science,0.2017,0,0
P0380,Q005,politics,0.4689,0,0
P0380,Q006,education,0.6251,1,0
P0380,Q007,politics,0.149,0,0
P0380,Q008,politics,0.7461,1,0
P0380,Q009,politics,0.6089,1,0
P0380,Q010,education,0.7404,0,0
P0381,Q001,science,0.3947,0,0
P0381,Q002,finance,0.2431,0,0
P0381,Q003,finance,0.4425,0,0
P0381,Q004,science,0.0834,0,0
P0381,Q005,politics,0.2233,1,0
P0381,Q006,education,0.2975,1,0
P0381,Q007,politics,0.0348,0,0
P0381,Q008,politics,0.4583,0,0
P0381,Q009,politics,0.2588,0,0
P0381,Q010,education,0.4178,1,0
P0382,Q001,science,0.3114,0,0
P0382,Q002,finance,0.1809,0,0
P0382,Q003,finance,0.25,1,1
P0382,Q004,science,0.0636,0,0
P0382,Q005,politics,0.1725,0,0
P0382,Q006,education,0.25,0,1
P0382,Q007,politics,0.0224,0,0
P0382,Q008,politics,0.25,0,1
P0382,Q009,politics,0.25,0,1
P0382,Q010,education,0.3257,1,0
P0383,Q001,science,0.39,0,0
P0383,Q002,finance,0.2394,1,0
P0383,Q003,finance,0.4395,1,0
P0383,Q004,science,0.0822,0,0
P0383,Q005,politics,0.25,0,1
P0383,Q006,education,0.2931,0,0
P0383,Q007,politics,0.034,0,0
P0383,Q008,politics,0.4535,1,0
P0383,Q009,politics,0.2544,1,0
P0383,Q010,education,0.4126,1,0
P0384,Q001,science,0.6614,0,0
P0384,Q002,finance,0.25,1,1
P0384,Q003,finance,0.6084,1,0
P0384,Q004,science,0.1798,0,0
P0384,Q005,politics,0.4303,1,0
P0384,Q006,education,0.5795,0,0
P0384,Q007,politics,0.1232,1,0
P0384,Q008,politics,0.7119,1,0
P0384,Q009,politics,0.5583,0,0
P0384,Q010,education,0.7018,1,0
P0385,Q001,science,0.25,0,1
P0385,Q002,finance,0.1139,1,0
P0385,Q003,finance,0.3146,1,0
P0385,Q004,science,0.0425,0,0
P0385,Q005,politics,0.1157,0,0
P0385,Q006,education,0.1393,0,0
P0385,Q007,politics,0.0117,0,0
P0385,Q008,politics,0.2609,0,0
P0385,Q009,politics,0.1089,0,0
P0385,Q010,education,0.25,0,1
P0386,Q001,science,0.2595,0,0
P0386,Q002,finance,0.1454,0,0
P0386,Q003,finance,0.3518,0,0
P0386,Q004,science,0.0524,0,0
P0386,Q005,politics,0.1427,0,0
P0386,Q006,education,0.1785,0,0
P0386,Q007,politics,0.0164,0,0
P0386,Q008,politics,0.3156,1,0
P0386,Q009,politics,0.25,0,1
P0386,Q010,education,0.2682,0,0
P0387,Q001,science,0.6432,1,0
P0387,Q002,finance,0.4763,0,0
P0387,Q003,finance,0.5967,0,0
P0387,Q004,science,0.1705,0,0
P0387,Q005,politics,0.4131,0,0
P0387,Q006,education,0.5584,0,0
P0387,Q007,politics,0.1129,0,0
P0387,Q008,politics,0.6956,0,0
P0387,Q009,politics,0.5351,1,0
P0387,Q010,education,0.6834,1,0
P0388,Q001,science,0.5543,0,0
P0388,Q002,finance,0.3834,1,0
P0388,Q003,finance,0.541,0,0
P0388,Q004,science,0.25,1,1
P0388,Q005,politics,0.3367,0,0
P0388,Q006,education,0.4589,1,0
P0388,Q007,politics,0.0743,0,0
P0388,Q008,politics,0.6138,0,0
P0388,Q009,politics,0.25,0,1
P0388,Q010,education,0.25,1,1
P0389,Q001,science,0.8161,1,0
P0389,Q002,finance,0.6957,0,0
P0389,Q003,finance,0.7198,0,0
P0389,Q004,science,0.2973,1,0
P0389,Q005,politics,0.25,0,1
P0389,Q006,education,0.7691,0,0
P0389,Q007,politics,0.25,0,1
P0389,Q008,politics,0.8464,1,0
P0389,Q009,politics,0.768,1,0
P0389,Q010,education,0.8512,1,0
P0390,Q001,science,0.071,0,0
P0390,Q002,finance,0.0346,0,0
P0390,Q003,finance,0.176,1,0
P0390,Q004,science,0.0161,0,0
P0390,Q005,politics,0.0418,0,0
P0390,Q006,education,0.0405,0,0
P0390,Q007,politics,0.0025,0,0
P0390,Q008,politics,0.0943,1,0
P0390,Q009,politics,0.0275,0,0
P0390,Q010,education,0.0658,0,0
P0391,Q001,science,0.25,0,1
P0391,Q002,finance,0.8148,1,0
P0391,Q003,finance,0.7917,1,0
P0391,Q004,science,0.414,0,0
P0391,Q005,politics,0.732,1,0
P0391,Q006,education,0.8689,1,0
P0391,Q007,politics,0.4624,0,0
P0391,Q008,politics,0.9115,1,0
P0391,Q009,politics,0.8752,1,0
P0391,Q010,education,0.9196,1,0
P0392,Q001,science,0.7117,1,0
P0392,Q002,finance,0.5564,1,0
P0392,Q003,finance,0.6421,1,0
P0392,Q004,science,0.2091,0,0
P0392,Q005,politics,0.4814,0,0
P0392,Q006,education,0.6394,0,0
P0392,Q007,politics,0.1582,1,0
P0392,Q008,politics,0.7565,1,0
P0392,Q009,politics,0.6247,1,0
P0392,Q010,education,0.752,1,0
P0393,Q001,science,0.1363,0,0
P0393,Q002,finance,0.0699,0,0
P0393,Q003,finance,0.2498,0,0
P0393,Q004,science,0.0284,0,0
P0393,Q005,politics,0.0762,0,0
P0393,Q006,education,0.0844,0,0
P0393,Q007,politics,0.25,0,1
P0393,Q008,politics,0.1746,0,0
P0393,Q009,politics,0.062,0,0
P0393,Q010,education,0.1339,0,0
P0394,Q001,science,0.8703,1,0
P0394,Q002,finance,0.7772,1,0
P0394,Q003,finance,0.25,0,1
P0394,Q004,science,0.3707,0,0
P0394,Q005,politics,0.6911,0,0
P0394,Q006,education,0.8385,1,0
P0394,Q007,politics,0.3936,0,0
P0394,Q008,politics,0.8919,1,0
P0394,Q009,politics,0.8431,1,0
P0394,Q010,education,0.8995,1,0
P0395,Q001,science,0.7562,0,0
P0395,Q002,finance,0.613,1,0
P0395,Q003,finance,0.6735,0,0
P0395,Q004,science,0.2409,0,0
P0395,Q005,politics,0.5315,1,0
P0395,Q006,education,0.6938,0,0
P0395,Q007,politics,0.1996,0,0
P0395,Q008,politics,0.7952,1,0
P0395,Q009,politics,0.685,1,0
P0395,Q010,education,0.7952,1,0
P0396,Q001,science,0.8523,1,0
P0396,Q002,finance,0.25,0,1
P0396,Q003,finance,0.7511,1,0
P0396,Q004,science,0.3431,0,0
P0396,Q005,politics,0.6622,1,0
P0396,Q006,education,0.8155,1,0
P0396,Q007,politics,0.3502,0,0
P0396,Q008,politics,0.8769,1,0
P0396,Q009,politics,0.8184,1,0
P0396,Q010,education,0.8838,1,0
P0397,Q001,science,0.1247,0,0
P0397,Q002,finance,0.0634,1,0
P0397,Q003,finance,0.2383,0,0
P0397,Q004,science,0.0262,0,0
P0397,Q005,politics,0.0701,0,0
P0397,Q006,education,0.0763,0,0
P0397,Q007,politics,0.0054,0,0
P0397,Q008,politics,0.1606,1,0
P0397,Q009,politics,0.0554,0,0
P0397,Q010,education,0.1215,0,0
P0398,Q001,science,0.4998,0,0
P0398,Q002,finance,0.332,1,0
P0398,Q003,finance,0.5076,0,0
P0398,Q004,science,0.1135,0,0
P0398,Q005,politics,0.2951,1,0
P0398,Q006,education,0.4013,0,0
P0398,Q007,politics,0.0577,0,0
P0398,Q008,politics,0.5621,0,0
P0398,Q009,politics,0.3655,0,0
P0398,Q010,education,0.5325,0,0
P0399,Q001,science,0.708,0,0
P0399,Q002,finance,0.5519,0,0
P0399,Q003,finance,0.6395,1,0
P0399,Q004,science,0.2067,0,0
P0399,Q005,politics,0.4774,0,0
P0399,Q006,education,0.6349,1,0
P0399,Q007,politics,0.1552,0,0
P0399,Q008,politics,0.7532,1,0
P0399,Q009,politics,0.6197,0,0
P0399,Q010,education,0.7484,1,0
P0400,Q001,science,0.8033,1,0
P0400,Q002,finance,0.6773,1,0
P0400,Q003,finance,0.7093,1,0
P0400,Q004,science,0.2835,1,0
P0400,Q005,politics,0.591,0,0
P0400,Q006,education,0.7528,0,0
P0400,Q007,politics,0.2596,1,0
P0400,Q008,politics,0.8355,1,0
P0400,Q009,politics,0.7501,1,0
P0400,Q010,education,0.8394,1,0
P0401,Q001,science,0.9107,1,0
P0401,Q002,finance,0.8427,1,0
P0401,Q003,finance,0.8104,1,0
P0401,Q004,science,0.25,0,1
P0401,Q005,politics,0.7639,1,0
P0401,Q006,education,0.8907,1,0
P0401,Q007,politics,0.5219,1,0
P0401,Q008,politics,0.9255,1,0
P0401,Q009,politics,0.8978,1,0
P0401,Q010,education,0.9337,1,0
P0402,Q001,science,0.413,0,0
P0402,Q002,finance,0.2577,0,0
P0402,Q003,finance,0.454,0,0
P0402,Q004,science,0.0882,0,0
P0402,Q005,politics,0.2352,1,0
P0402,Q006,education,0.315,1,0
P0402,Q007,politics,0.0381,0,0
P0402,Q008,politics,0.4768,0,0
P0402,Q009,politics,0.2763,1,0
P0402,Q010,education,0.438,0,0
P0403,Q001,science,0.25,1,1
P0403,Q002,finance,0.9712,1,0
P0403,Q003,finance,0.9278,1,0
P0403,Q004,science,0.7766,0,0
P0403,Q005,politics,0.9402,1,0
P0403,Q006,education,0.9825,1,0
P0403,Q007,politics,0.9102,1,0
P0403,Q008,politics,0.9863,1,0
P0403,Q009,politics,0.9864,1,0
P0403,Q010,education,0.9899,1,0
P0404,Q001,science,0.5032,0,0
P0404,Q002,finance,0.3351,1,0
P0404,Q003,finance,0.5097,1,0
P0404,Q004,science,0.1146,0,0
P0404,Q005,politics,0.2976,0,0
P0404,Q006,education,0.4048,1,0
P0404,Q007,politics,0.0586,0,0
P0404,Q008,politics,0.5653,1,0
P0404,Q009,politics,0.3692,0,0
P0404,Q010,education,0.5361,1,0
P0405,Q001,science,0.6189,1,0
P0405,Q002,finance,0.4496,0,0
P0405,Q003,finance,0.5812,1,0
P0405,Q004,science,0.159,0,0
P0405,Q005,politics,0.391,0,0
P0405,Q006,education,0.5305,1,0
P0405,Q007,politics,0.1005,0,0
P0405,Q008,politics,0.6735,0,0
P0405,Q009,politics,0.5045,0,0
P0405,Q010,education,0.6583,0,0
P0406,Q001,science,0.9923,1,0
P0406,Q002,finance,0.9863,1,0
P0406,Q003,finance,0.9528,1,0
P0406,Q004,science,0.8627,1,0
P0406,Q005,politics,0.9679,1,0
P0406,Q006,education,0.992,1,0
P0406,Q007,politics,0.962,1,0
P0406,Q008,politics,0.9933,1,0
P0406,Q009,politics,0.9942,1,0
P0406,Q010,education,0.9955,1,0
P0407,Q001,science,0.25,0,1
P0407,Q002,finance,0.4209,0,0
P0407,Q003,finance,0.5641,0,0
P0407,Q004,science,0.25,0,1
P0407,Q005,politics,0.3673,1,0
P0407,Q006,education,0.4998,0,0
P0407,Q007,politics,0.0884,0,0
P0407,Q008,politics,0.6485,1,0
P0407,Q009,politics,0.471,0,0
P0407,Q010,education,0.63,1,0
P0408,Q001,science,0.3894,0,0
P0408,Q002,finance,0.2389,1,0
P0408,Q003,finance,0.4392,0,0
P0408,Q004,science,0.0821,0,0
P0408,Q005,politics,0.22,0,0
P0408,Q006,education,0.2926,0,0
P0408,Q007,politics,0.0339,0,0
P0408,Q008,politics,0.4529,0,0
P0408,Q009,politics,0.2539,0,0
P0408,Q010,education,0.412,1,0
P0409,Q001,science,0.871,0,0
P0409,Q002,finance,0.7784,0,0
P0409,Q003,finance,0.7685,0,0
P0409,Q004,science,0.3719,0,0
P0409,Q005,politics,0.6923,1,0
P0409,Q006,education,0.8395,1,0
P0409,Q007,politics,0.3955,0,0
P0409,Q008,politics,0.8925,1,0
P0409,Q009,politics,0.8441,1,0
P0409,Q010,education,0.9001,1,0
P0410,Q001,science,0.6865,1,0
P0410,Q002,finance,0.5259,0,0
P0410,Q003,finance,0.625,1,0
P0410,Q004,science,0.1937,0,0
P0410,Q005,politics,0.4551,0,0
P0410,Q006,education,0.6091,1,0
P0410,Q007,politics,0.25,0,1
P0410,Q008,politics,0.7343,0,0
P0410,Q009,politics,0.5911,1,0
P0410,Q010,education,0.727,0,0
P0411,Q001,science,0.5564,1,0
P0411,Q002,finance,0.3854,0,0
P0411,Q003,finance,0.5423,0,0
P0411,Q004,science,0.1332,0,0
P0411,Q005,politics,0.3384,0,0
P0411,Q006,education,0.4612,1,0
P0411,Q007,politics,0.075,0,0
P0411,Q008,politics,0.6158,1,0
P0411,Q009,politics,0.4292,0,0
P0411,Q010,education,0.593,1,0
P0412,Q001,science,0.378,1,0
P0412,Q002,finance,0.2301,1,0
P0412,Q003,finance,0.4319,0,0
P0412,Q004,science,0.0792,0,0
P0412,Q005,politics,0.2128,0,0
P0412,Q006,education,0.282,0,0
P0412,Q007,politics,0.032,0,0
P0412,Q008,politics,0.4413,1,0
P0412,Q009,politics,0.25,0,1
P0412,Q010,education,0.3994,1,0
P0413,Q001,science,0.8572,1,0
P0413,Q002,finance,0.7569,1,0
P0413,Q003,finance,0.7555,1,0
P0413,Q004,science,0.3501,0,0
P0413,Q005,politics,0.6698,1,0
P0413,Q006,education,0.8216,1,0
P0413,Q007,politics,0.3612,0,0
P0413,Q008,politics,0.8809,1,0
P0413,Q009,politics,0.8251,1,0
P0413,Q010,education,0.888,1,0
P0414,Q001,science,0.5417,1,0
P0414,Q002,finance,0.3712,0,0
P0414,Q003,finance,0.5333,1,0
P0414,Q004,science,0.1278,0,0
P0414,Q005,politics,0.3268,0,0
P0414,Q006,education,0.4454,1,0
P0414,Q007,politics,0.0701,0,0
P0414,Q008,politics,0.602,1,0
P0414,Q009,politics,0.4123,1,0
P0414,Q010,education,0.5774,0,0
P0415,Q001,science,0.5713,0,0
P0415,Q002,finance,0.4003,0,0
P0415,Q003,finance,0.5515,1,0
P0415,Q004,science,0.1389,0,0
P0415,Q005,politics,0.3505,0,0
P0415,Q006,education,0.4775,1,0
P0415,Q007,politics,0.25,1,1
P0415,Q008,politics,0.6298,1,0
P0415,Q009,politics,0.4468,0,0
P0415,Q010,education,0.6088,0,0
P0416,Q001,science,0.2288,0,0
P0416,Q002,finance,0.25,0,1
P0416,Q003,finance,0.25,0,1
P0416,Q004,science,0.0462,0,0
P0416,Q005,politics,0.1257,0,0
P0416,Q006,education,0.1537,0,0
P0416,Q007,politics,0.0134,0,0
P0416,Q008,politics,0.2816,1,0
P0416,Q009,politics,0.1218,1,0
P0416,Q010,education,0.2343,0,0
P0417,Q001,science,0.442,0,0
P0417,Q002,finance,0.2816,0,0
P0417,Q003,finance,0.4721,0,0
P0417,Q004,science,0.0961,0,0
P0417,Q005,politics,0.2545,0,0
P0417,Q006,education,0.3431,0,0
P0417,Q007,politics,0.0439,0,0
P0417,Q008,politics,0.5057,1,0
P0417,Q009,politics,0.3049,0,0
P0417,Q010,education,0.4698,0,0
P0418,Q001,science,0.5788,1,0
P0418,Q002,finance,0.4079,0,0
P0418,Q003,finance,0.5562,1,0
P0418,Q004,science,0.1419,0,0
P0418,Q005,politics,0.3566,0,0
P0418,Q006,education,0.4857,1,0
P0418,Q007,politics,0.0833,0,0
P0418,Q008,politics,0.6367,1,0
P0418,Q009,politics,0.4557,0,0
P0418,Q010,education,0.6167,1,0
P0419,Q001,science,0.0869,1,0
P0419,Q002,finance,0.0429,0,0
P0419,Q003,finance,0.1964,0,0
P0419,Q004,science,0.0191,0,0
P0419,Q005,politics,0.0502,0,0
P0419,Q006,education,0.0508,1,0
P0419,Q007,politics,0.0033,0,0
P0419,Q008,politics,0.1143,0,0
P0419,Q009,politics,0.0353,0,0
P0419,Q010,education,0.0821,0,0
P0420,Q001,science,0.2837,1,0
P0420,Q002,finance,0.1616,0,0
P0420,Q003,finance,0.3691,0,0
P0420,Q004,science,0.0575,0,0
P0420,Q005,politics,0.1564,0,0
P0420,Q006,education,0.1986,0,0
P0420,Q007,politics,0.0191,0,0
P0420,Q008,politics,0.342,1,0
P0420,Q009,politics,0.1629,0,0
P0420,Q010,education,0.2949,1,0
P0421,Q001,science,0.8768,1,0
P0421,Q002,finance,0.7875,1,0
P0421,Q003,finance,0.25,0,1
P0421,Q004,science,0.3818,0,0
P0421,Q005,politics,0.7021,1,0
P0421,Q006,education,0.847,1,0
P0421,Q007,politics,0.4113,0,0
P0421,Q008,politics,0.8973,1,0
P0421,Q009,politics,0.8521,1,0
P0421,Q010,education,0.9051,1,0
P0422,Q001,science,0.9576,0,0
P0422,Q002,finance,0.9235,1,0
P0422,Q003,finance,0.8743,1,0
P0422,Q004,science,0.609,0,0
P0422,Q005,politics,0.8668,1,0
P0422,Q006,education,0.25,0,1
P0422,Q007,politics,0.7451,1,0
P0422,Q008,politics,0.9643,1,0
P0422,Q009,politics,0.9571,1,0
P0422,Q010,education,0.9708,1,0
P0423,Q001,science,0.3645,0,0
P0423,Q002,finance,0.2197,1,0
P0423,Q003,finance,0.4232,1,0
P0423,Q004,science,0.0759,0,0
P0423,Q005,politics,0.2044,0,0
P0423,Q006,education,0.2695,1,0
P0423,Q007,politics,0.0298,0,0
P0423,Q008,politics,0.4273,1,0
P0423,Q009,politics,0.231,1,0
P0423,Q010,education,0.3844,0,0
P0424,Q001,science,0.8618,1,0
P0424,Q002,finance,0.764,1,0
P0424,Q003,finance,0.7598,1,0
P0424,Q004,science,0.3571,0,0
P0424,Q005,politics,0.6772,1,0
P0424,Q006,education,0.8276,1,0
P0424,Q007,politics,0.3722,1,0
P0424,Q008,politics,0.8848,1,0
P0424,Q009,politics,0.8314,1,0
P0424,Q010,education,0.8921,1,0
P0425,Q001,science,0.7608,0,0
P0425,Q002,finance,0.6191,0,0
P0425,Q003,finance,0.6768,1,0
P0425,Q004,science,0.2446,0,0
P0425,Q005,politics,0.537,1,0
P0425,Q006,education,0.6995,0,0
P0425,Q007,politics,0.2046,0,0
P0425,Q008,politics,0.7991,0,0
P0425,Q009,politics,0.6913,1,0
P0425,Q010,education,0.7995,1,0
P0426,Q001,science,0.976,1,0
P0426,Q002,finance,0.9567,1,0
P0426,Q003,finance,0.9089,1,0
P0426,Q004,science,0.25,0,1
P0426,Q005,politics,0.9163,1,0
P0426,Q006,education,0.25,0,1
P0426,Q007,politics,0.8587,1,0
P0426,Q008,politics,0.9796,1,0
P0426,Q009,politics,0.9781,1,0
P0426,Q010,education,0.9844,1,0
P0427,Q001,science,0.3045,1,0
P0427,Q002,finance,0.176,0,0
P0427,Q003,finance,0.3835,1,0
P0427,Q004,science,0.25,0,1
P0427,Q005,politics,0.1684,0,0
P0427,Q006,education,0.25,0,1
P0427,Q007,politics,0.0215,0,0
P0427,Q008,politics,0.3643,1,0
P0427,Q009,politics,0.25,1,1
P0427,Q010,education,0.318,0,0
P0428,Q001,science,0.6959,0,0
P0428,Q002,finance,0.5372,0,0
P0428,Q003,finance,0.25,0,1
P0428,Q004,science,0.1992,1,0
P0428,Q005,politics,0.4647,0,0
P0428,Q006,education,0.6203,1,0
P0428,Q007,politics,0.1461,0,0
P0428,Q008,politics,0.7426,1,0
P0428,Q009,politics,0.6035,1,0
P0428,Q010,education,0.7364,0,0
P0429,Q001,science,0.5361,0,0
P0429,Q002,finance,0.3658,0,0
P0429,Q003,finance,0.5298,1,0
P0429,Q004,science,0.1258,0,0
P0429,Q005,politics,0.3225,1,0
P0429,Q006,education,0.4394,0,0
P0429,Q007,politics,0.0683,0,0
P0429,Q008,politics,0.5967,1,0
P0429,Q009,politics,0.4059,0,0
P0429,Q010,education,0.5715,0,0
P0430,Q001,science,0.3516,0,0
P0430,Q002,finance,0.2101,0,0
P0430,Q003,finance,0.4149,1,0
P0430,Q004,science,0.25,0,1
P0430,Q005,politics,0.1965,0,0
P0430,Q006,education,0.2579,0,0
P0430,Q007,politics,0.0279,0,0
P0430,Q008,politics,0.414,0,0
P0430,Q009,politics,0.2195,0,0
P0430,Q010,education,0.25,0,1
P0431,Q001,science,0.3034,0,0
P0431,Q002,finance,0.1753,0,0
P0431,Q003,finance,0.3827,1,0
P0431,Q004,science,0.0618,0,0
P0431,Q005,politics,0.1678,0,0
P0431,Q006,education,0.25,1,1
P0431,Q007,politics,0.0214,0,0
P0431,Q008,politics,0.3632,0,0
P0431,Q009,politics,0.1786,0,0
P0431,Q010,education,0.3168,0,0
P0432,Q001,science,0.598,1,0
P0432,Q002,finance,0.4276,0,0
P0432,Q003,finance,0.5681,0,0
P0432,Q004,science,0.1498,0,0
P0432,Q005,politics,0.3728,0,0
P0432,Q006,education,0.507,0,0
P0432,Q007,politics,0.0911,0,0
P0432,Q008,politics,0.6545,1,0
P0432,Q009,politics,0.4788,0,0
P0432,Q010,education,0.6367,0,0
P0433,Q001,science,0.6376,1,0
P0433,Q002,finance,0.47,1,0
P0433,Q003,finance,0.5931,1,0
P0433,Q004,science,0.1677,0,0
P0433,Q005,politics,0.4079,0,0
P0433,Q006,education,0.25,0,1
P0433,Q007,politics,0.1099,0,0
P0433,Q008,politics,0.6905,1,0
P0433,Q009,politics,0.5279,1,0
P0433,Q010,education,0.6776,0,0
P0434,Q001,science,0.6442,0,0
P0434,Q002,finance,0.4774,0,0
P0434,Q003,finance,0.5974,0,0
P0434,Q004,science,0.171,0,0
P0434,Q005,politics,0.414,0,0
P0434,Q006,education,0.5596,0,0
P0434,Q007,politics,0.1134,1,0
P0434,Q008,politics,0.6965,1,0
P0434,Q009,politics,0.5364,0,0
P0434,Q010,education,0.6844,1,0
P0435,Q001,science,0.5184,0,0
P0435,Q002,finance,0.25,0,1
P0435,Q003,finance,0.519,1,0
P0435,Q004,science,0.1197,0,0
P0435,Q005,politics,0.25,0,1
P0435,Q006,education,0.4207,0,0
P0435,Q007,politics,0.0629,0,0
P0435,Q008,politics,0.5799,0,0
P0435,Q009,politics,0.3859,1,0
P0435,Q010,education,0.5525,0,0
P0436,Q001,science,0.331,0,0
P0436,Q002,finance,0.1949,0,0
P0436,Q003,finance,0.4013,1,0
P0436,Q004,science,0.068,0,0
P0436,Q005,politics,0.184,0,0
P0436,Q006,education,0.2394,0,0
P0436,Q007,politics,0.025,0,0
P0436,Q008,politics,0.3924,1,0
P0436,Q009,politics,0.2016,0,0
P0436,Q010,education,0.3473,0,0
P0437,Q001,science,0.9587,1,0
P0437,Q002,finance,0.9255,0,0
P0437,Q003,finance,0.8761,1,0
P0437,Q004,science,0.6143,1,0
P0437,Q005,politics,0.8697,1,0
P0437,Q006,education,0.9518,1,0
P0437,Q007,politics,0.7517,1,0
P0437,Q008,politics,0.9652,1,0
P0437,Q009,politics,0.9584,1,0
P0437,Q010,education,0.9717,1,0
P0438,Q001,science,0.5701,0,0
P0438,Q002,finance,0.399,0,0
P0438,Q003,finance,0.5507,1,0
P0438,Q004,science,0.1384,0,0
P0438,Q005,politics,0.3494,1,0
P0438,Q006,education,0.4761,0,0
P0438,Q007,politics,0.08,0,0
P0438,Q008,politics,0.6286,1,0
P0438,Q009,politics,0.4453,0,0
P0438,Q010,education,0.6074,1,0
P0439,Q001,science,0.3611,1,0
P0439,Q002,finance,0.2172,1,0
P0439,Q003,finance,0.421,0,0
P0439,Q004,science,0.075,0,0
P0439,Q005,politics,0.2023,0,0
P0439,Q006,education,0.2665,0,0
P0439,Q007,politics,0.0293,0,0
P0439,Q008,politics,0.4238,0,0
P0439,Q009,politics,0.2279,0,0
P0439,Q010,education,0.3807,0,0
P0440,Q001,science,0.8576,1,0
P0440,Q002,finance,0.7575,1,0
P0440,Q003,finance,0.7559,1,0
P0440,Q004,science,0.3507,1,0
P0440,Q005,politics,0.6705,0,0
P0440,Q006,education,0.8222,0,0
P0440,Q007,politics,0.3622,1,0
P0440,Q008,politics,0.8813,1,0
P0440,Q009,politics,0.8257,1,0
P0440,Q010,education,0.8884,1,0
P0441,Q001,science,0.25,0,1
P0441,Q002,finance,0.3704,0,0
P0441,Q003,finance,0.5328,0,0
P0441,Q004,science,0.1275,0,0
P0441,Q005,politics,0.3261,0,0
P0441,Q006,education,0.4445,1,0
P0441,Q007,politics,0.0698,0,0
P0441,Q008,politics,0.6012,1,0
P0441,Q009,politics,0.4113,1,0
P0441,Q010,education,0.5765,0,0
P0442,Q001,science,0.3689,0,0
P0442,Q002,finance,0.25,0,1
P0442,Q003,finance,0.4261,1,0
P0442,Q004,science,0.0769,0,0
P0442,Q005,politics,0.2071,0,0
P0442,Q006,education,0.2736,0,0
P0442,Q007,politics,0.25,0,1
P0442,Q008,politics,0.4319,1,0
P0442,Q009,politics,0.2349,0,0
P0442,Q010,education,0.3893,0,0
P0443,Q001,science,0.5953,0,0
P0443,Q002,finance,0.4248,1,0
P0443,Q003,finance,0.5664,0,0
P0443,Q004,science,0.1487,0,0
P0443,Q005,politics,0.3705,1,0
P0443,Q006,education,0.504,0,0
P0443,Q007,politics,0.09,0,0
P0443,Q008,politics,0.652,0,0
P0443,Q009,politics,0.4755,0,0
P0443,Q010,education,0.6339,0,0
P0444,Q001,science,0.5635,1,0
P0444,Q002,finance,0.3924,0,0
P0444,Q003,finance,0.5467,1,0
P0444,Q004,science,0.1359,0,0
P0444,Q005,politics,0.3441,0,0
P0444,Q006,education,0.4689,1,0
P0444,Q007,politics,0.0776,0,0
P0444,Q008,politics,0.6224,1,0
P0444,Q009,politics,0.4375,0,0
P0444,Q010,education,0.6005,0,0
P0445,Q001,science,0.2269,0,0
P0445,Q002,finance,0.1243,0,0
P0445,Q003,finance,0.3275,1,0
P0445,Q004,science,0.0458,0,0
P0445,Q005,politics,0.1247,0,0
P0445,Q006,education,0.1523,0,0
P0445,Q007,politics,0.0132,0,0
P0445,Q008,politics,0.2795,0,0
P0445,Q009,politics,0.1204,1,0
P0445,Q010,education,0.2322,0,0
P0446,Q001,science,0.8805,1,0
P0446,Q002,finance,0.7934,1,0
P0446,Q003,finance,0.7779,1,0
P0446,Q004,science,0.3883,0,0
P0446,Q005,politics,0.7084,1,0
P0446,Q006,education,0.8517,1,0
P0446,Q007,politics,0.4217,0,0
P0446,Q008,politics,0.9004,1,0
P0446,Q009,politics,0.8571,1,0
P0446,Q010,education,0.9083,1,0
P0447,Q001,science,0.805,1,0
P0447,Q002,finance,0.6797,0,0
P0447,Q003,finance,0.7107,0,0
P0447,Q004,science,0.2853,0,0
P0447,Q005,politics,0.5934,1,0
P0447,Q006,education,0.755,0,0
P0447,Q007,politics,0.2623,1,0
P0447,Q008,politics,0.837,1,0
P0447,Q009,politics,0.7525,1,0
P0447,Q010,education,0.841,1,0
P0448,Q001,science,0.9248,1,0
P0448,Q002,finance,0.8665,1,0
P0448,Q003,finance,0.8274,1,0
P0448,Q004,science,0.4891,0,0
P0448,Q005,politics,0.25,1,1
P0448,Q006,education,0.9088,1,0
P0448,Q007,politics,0.5793,0,0
P0448,Q008,politics,0.9372,1,0
P0448,Q009,politics,0.9163,1,0
P0448,Q010,education,0.9452,1,0
P0449,Q001,science,0.25,1,1
P0449,Q002,finance,0.2003,0,0
P0449,Q003,finance,0.4062,0,0
P0449,Q004,science,0.25,1,1
P0449,Q005,politics,0.1885,0,0
P0449,Q006,education,0.246,1,0
P0449,Q007,politics,0.25,0,1
P0449,Q008,politics,0.4002,0,0
P0449,Q009,politics,0.25,0,1
P0449,Q010,education,0.25,1,1
P0450,Q001,science,0.7718,1,0
P0450,Q002,finance,0.6339,0,0
P0450,Q003,finance,0.685,0,0
P0450,Q004,science,0.2539,1,0
P0450,Q005,politics,0.5505,1,0
P0450,Q006,education,0.7132,0,0
P0450,Q007,politics,0.2173,0,0
P0450,Q008,politics,0.8086,0,0
P0450,Q009,politics,0.7065,1,0
P0450,Q010,education,0.81,1,0
P0451,Q001,science,0.1161,0,0
P0451,Q002,finance,0.0587,0,0
P0451,Q003,finance,0.2294,0,0
P0451,Q004,science,0.0246,0,0
P0451,Q005,politics,0.0656,0,0
P0451,Q006,education,0.0703,0,0
P0451,Q007,politics,0.25,0,1
P0451,Q008,politics,0.1502,0,0
P0451,Q009,politics,0.25,0,1
P0451,Q010,education,0.1124,0,0
P0452,Q001,science,0.1349,0,0
P0452,Q002,finance,0.0691,0,0
P0452,Q003,finance,0.2485,0,0
P0452,Q004,science,0.0281,0,0
P0452,Q005,politics,0.0755,1,0
P0452,Q006,education,0.0834,0,0
P0452,Q007,politics,0.0061,1,0
P0452,Q008,politics,0.1729,0,0
P0452,Q009,politics,0.0612,0,0
P0452,Q010,education,0.1323,0,0
P0453,Q001,science,0.8779,1,0
P0453,Q002,finance,0.7892,1,0
P0453,Q003,finance,0.7753,0,0
P0453,Q004,science,0.3837,0,0
P0453,Q005,politics,0.7039,0,0
P0453,Q006,education,0.8483,1,0
P0453,Q007,politics,0.4142,1,0
P0453,Q008,politics,0.8982,1,0
P0453,Q009,politics,0.8535,1,0
P0453,Q010,education,0.906,1,0
P0454,Q001,science,0.6423,1,0
P0454,Q002,finance,0.4752,0,0
P0454,Q003,finance,0.5961,1,0
P0454,Q004,science,0.17,0,0
P0454,Q005,politics,0.4122,1,0
P0454,Q006,education,0.5573,0,0
P0454,Q007,politics,0.1124,0,0
P0454,Q008,politics,0.6948,0,0
P0454,Q009,politics,0.5339,0,0
P0454,Q010,education,0.6824,0,0
P0455,Q001,science,0.5377,1,0
P0455,Q002,finance,0.3674,1,0
P0455,Q003,finance,0.5308,0,0
P0455,Q004,science,0.1264,1,0
P0455,Q005,politics,0.3237,0,0
P0455,Q006,education,0.4411,0,0
P0455,Q007,politics,0.0688,0,0
P0455,Q008,politics,0.5983,0,0
P0455,Q009,politics,0.4077,0,0
P0455,Q010,education,0.5732,0,0
P0456,Q001,science,0.3383,0,0
P0456,Q002,finance,0.2002,1,0
P0456,Q003,finance,0.4062,1,0
P0456,Q004,science,0.0697,0,0
P0456,Q005,politics,0.1884,1,0
P0456,Q006,education,0.2459,0,0
P0456,Q007,politics,0.026,0,0
P0456,Q008,politics,0.4001,0,0
P0456,Q009,politics,0.2079,0,0
P0456,Q010,education,0.25,1,1
P0457,Q001,science,0.184,1,0
P0457,Q002,finance,0.0977,0,0
P0457,Q003,finance,0.2929,1,0
P0457,Q004,science,0.0374,0,0
P0457,Q005,politics,0.1015,0,0
P0457,Q006,education,0.1191,0,0
P0457,Q007,politics,0.0096,0,0
P0457,Q008,politics,0.2306,0,0
P0457,Q009,politics,0.0913,1,0
P0457,Q010,education,0.1852,0,0
P0458,Q001,science,0.317,0,0
P0458,Q002,finance,0.1849,0,0
P0458,Q003,finance,0.392,1,0
P0458,Q004,science,0.0648,0,0
P0458,Q005,politics,0.1758,0,0
P0458,Q006,education,0.2272,0,0
P0458,Q007,politics,0.0231,0,0
P0458,Q008,politics,0.3777,1,0
P0458,Q009,politics,0.1899,0,0
P0458,Q010,education,0.3319,1,0
P0459,Q001,science,0.8829,1,0
P0459,Q002,finance,0.7972,1,0
P0459,Q003,finance,0.7803,0,0
P0459,Q004,science,0.3927,0,0
P0459,Q005,politics,0.7126,1,0
P0459,Q006,education,0.8548,0,0
P0459,Q007,politics,0.4286,0,0
P0459,Q008,politics,0.9024,1,0
P0459,Q009,politics,0.8604,0,0
P0459,Q010,education,0.9103,0,0
P0460,Q001,science,0.4721,0,0
P0460,Q002,finance,0.3073,0,0
P0460,Q003,finance,0.4906,0,0
P0460,Q004,science,0.1049,0,0
P0460,Q005,politics,0.2752,0,0
P0460,Q006,education,0.373,1,0
P0460,Q007,politics,0.0506,0,0
P0460,Q008,politics,0.5352,0,0
P0460,Q009,politics,0.3358,0,0
P0460,Q010,education,0.5025,1,0
P0461,Q001,science,0.6067,1,0
P0461,Q002,finance,0.4366,1,0
P0461,Q003,finance,0.5735,1,0
P0461,Q004,science,0.1535,1,0
P0461,Q005,politics,0.25,0,1
P0461,Q006,education,0.5167,0,0
P0461,Q007,politics,0.0949,0,0
P0461,Q008,politics,0.6624,1,0
P0461,Q009,politics,0.4894,0,0
P0461,Q010,education,0.6457,1,0
P0462,Q001,science,0.1822,0,0
P0462,Q002,finance,0.0967,0,0
P0462,Q003,finance,0.2915,1,0
P0462,Q004,science,0.0371,0,0
P0462,Q005,politics,0.1005,0,0
P0462,Q006,education,0.1178,0,0
P0462,Q007,politics,0.0094,0,0
P0462,Q008,politics,0.2286,0,0
P0462,Q009,politics,0.0902,0,0
P0462,Q010,education,0.1833,1,0
P0463,Q001,science,0.2381,0,0
P0463,Q002,finance,0.1314,0,0
P0463,Q003,finance,0.336,0,0
P0463,Q004,science,0.048,0,0
P0463,Q005,politics,0.25,0,1
P0463,Q006,education,0.1611,0,0
P0463,Q007,politics,0.0143,0,0
P0463,Q008,politics,0.2919,1,0
P0463,Q009,politics,0.1284,0,0
P0463,Q010,education,0.2445,0,0
P0464,Q001,science,0.7284,1,0
P0464,Q002,finance,0.5772,1,0
P0464,Q003,finance,0.6536,1,0
P0464,Q004,science,0.2203,0,0
P0464,Q005,politics,0.4995,0,0
P0464,Q006,education,0.6596,0,0
P0464,Q007,politics,0.1723,0,0
P0464,Q008,politics,0.771,1,0
P0464,Q009,politics,0.6471,1,0
P0464,Q010,education,0.7683,1,0
P0465,Q001,science,0.3745,1,0
P0465,Q002,finance,0.2274,1,0
P0465,Q003,finance,0.4297,1,0
P0465,Q004,science,0.0783,0,0
P0465,Q005,politics,0.2106,1,0
P0465,Q006,education,0.2788,0,0
P0465,Q007,politics,0.25,0,1
P0465,Q008,politics,0.4377,1,0
P0465,Q009,politics,0.2401,0,0
P0465,Q010,education,0.3955,1,0
P0466,Q001,science,0.421,1,0
P0466,Q002,finance,0.2642,1,0
P0466,Q003,finance,0.459,1,0
P0466,Q004,science,0.0903,0,0
P0466,Q005,politics,0.2404,0,0
P0466,Q006,education,0.3226,0,0
P0466,Q007,politics,0.0396,0,0
P0466,Q008,politics,0.4848,1,0
P0466,Q009,politics,0.2841,0,0
P0466,Q010,education,0.4468,1,0
P0467,Q001,science,0.9835,1,0
P0467,Q002,finance,0.9702,1,0
P0467,Q003,finance,0.9264,1,0
P0467,Q004,science,0.7719,0,0
P0467,Q005,politics,0.25,0,1
P0467,Q006,education,0.9819,1,0
P0467,Q007,politics,0.9067,1,0
P0467,Q008,politics,0.9858,1,0
P0467,Q009,politics,0.9858,1,0
P0467,Q010,education,0.9896,1,0
P0468,Q001,science,0.7217,1,0
P0468,Q002,finance,0.5688,1,0
P0468,Q003,finance,0.6489,1,0
P0468,Q004,science,0.2157,0,0
P0468,Q005,politics,0.4922,0,0
P0468,Q006,education,0.6515,0,0
P0468,Q007,politics,0.1665,0,0
P0468,Q008,politics,0.7652,1,0
P0468,Q009,politics,0.6381,1,0
P0468,Q010,education,0.7618,1,0
P0469,Q001,science,0.2906,0,0
P0469,Q002,finance,0.1663,0,0
P0469,Q003,finance,0.3739,1,0
P0469,Q004,science,0.059,0,0
P0469,Q005,politics,0.1604,1,0
P0469,Q006,education,0.2044,0,0
P0469,Q007,politics,0.25,1,1
P0469,Q008,politics,0.3494,1,0
P0469,Q009,politics,0.1683,0,0
P0469,Q010,education,0.3025,0,0
P0470,Q001,science,0.2984,0,0
P0470,Q002,finance,0.1717,0,0
P0470,Q003,finance,0.3793,1,0
P0470,Q004,science,0.25,0,1
P0470,Q005,politics,0.1649,0,0
P0470,Q006,education,0.2111,0,0
P0470,Q007,politics,0.0208,0,0
P0470,Q008,politics,0.3578,0,0
P0470,Q009,politics,0.1746,0,0
P0470,Q010,education,0.3112,1,0
P0471,Q001,science,0.8348,1,0
P0471,Q002,finance,0.723,1,0
P0471,Q003,finance,0.7355,1,0
P0471,Q004,science,0.3194,1,0
P0471,Q005,politics,0.6355,0,0
P0471,Q006,education,0.7929,1,0
P0471,Q007,politics,0.3135,1,0
P0471,Q008,politics,0.8621,1,0
P0471,Q009,politics,0.794,1,0
P0471,Q010,education,0.8681,0,0
P0472,Q001,science,0.369,0,0
P0472,Q002,finance,0.2232,0,0
P0472,Q003,finance,0.4262,0,0
P0472,Q004,science,0.077,0,0
P0472,Q005,politics,0.2072,1,0
P0472,Q006,education,0.2737,1,0
P0472,Q007,politics,0.25,0,1
P0472,Q008,politics,0.432,0,0
P0472,Q009,politics,0.2351,0,0
P0472,Q010,education,0.3895,1,0
P0473,Q001,science,0.6362,0,0
P0473,Q002,finance,0.4685,1,0
P0473,Q003,finance,0.5922,0,0
P0473,Q004,science,0.1671,0,0
P0473,Q005,politics,0.4066,1,0
P0473,Q006,education,0.5503,0,0
P0473,Q007,politics,0.1092,0,0
P0473,Q008,politics,0.6893,1,0
P0473,Q009,politics,0.5262,1,0
P0473,Q010,education,0.6762,1,0
P0474,Q001,science,0.2069,0,0
P0474,Q002,finance,0.1117,0,0
P0474,Q003,finance,0.3118,0,0
P0474,Q004,science,0.0418,0,0
P0474,Q005,politics,0.1138,0,0
P0474,Q006,education,0.1366,0,0
P0474,Q007,politics,0.0114,0,0
P0474,Q008,politics,0.2568,1,0
P0474,Q009,politics,0.1065,0,0
P0474,Q010,education,0.2102,0,0
P0475,Q001,science,0.5924,0,0
P0475,Q002,finance,0.4217,1,0
P0475,Q003,finance,0.5646,1,0
P0475,Q004,science,0.1474,0,0
P0475,Q005,politics,0.368,1,0
P0475,Q006,education,0.5007,1,0
P0475,Q007,politics,0.0887,0,0
P0475,Q008,politics,0.6492,0,0
P0475,Q009,politics,0.472,1,0
P0475,Q010,education,0.6308,1,0
P0476,Q001,science,0.6406,1,0
P0476,Q002,finance,0.25,0,1
P0476,Q003,finance,0.595,1,0
P0476,Q004,science,0.1692,0,0
P0476,Q005,politics,0.4107,0,0
P0476,Q006,education,0.5553,1,0
P0476,Q007,politics,0.1115,0,0
P0476,Q008,politics,0.6932,1,0
P0476,Q009,politics,0.25,1,1
P0476,Q010,education,0.6806,1,0
P0477,Q001,science,0.4319,1,0
P0477,Q002,finance,0.2732,0,0
P0477,Q003,finance,0.25,0,1
P0477,Q004,science,0.0933,0,0
P0477,Q005,politics,0.2477,0,0
P0477,Q006,education,0.3332,0,0
P0477,Q007,politics,0.0418,0,0
P0477,Q008,politics,0.4957,1,0
P0477,Q009,politics,0.2948,0,0
P0477,Q010,education,0.4587,0,0
P0478,Q001,science,0.5934,1,0
P0478,Q002,finance,0.4228,1,0
P0478,Q003,finance,0.5652,1,0
P0478,Q004,science,0.1479,0,0
P0478,Q005,politics,0.3689,0,0
P0478,Q006,education,0.5019,0,0
P0478,Q007,politics,0.0892,0,0
P0478,Q008,politics,0.6502,1,0
P0478,Q009,politics,0.4732,1,0
P0478,Q010,education,0.6319,0,0
P0479,Q001,science,0.8954,1,0
P0479,Q002,finance,0.8175,1,0
P0479,Q003,finance,0.7934,0,0
P0479,Q004,science,0.4173,0,0
P0479,Q005,politics,0.735,1,0
P0479,Q006,education,0.871,1,0
P0479,Q007,politics,0.4677,1,0
P0479,Q008,politics,0.9128,1,0
P0479,Q009,politics,0.8774,1,0
P0479,Q010,education,0.921,1,0
P0480,Q001,science,0.25,0,1
P0480,Q002,finance,0.25,1,1
P0480,Q003,finance,0.7616,0,0
P0480,Q004,science,0.3602,0,0
P0480,Q005,politics,0.6804,0,0
P0480,Q006,education,0.8301,1,0
P0480,Q007,politics,0.377,1,0
P0480,Q008,politics,0.25,0,1
P0480,Q009,politics,0.8341,1,0
P0480,Q010,education,0.8938,1,0
P0481,Q001,science,0.1474,1,0
P0481,Q002,finance,0.0762,0,0
P0481,Q003,finance,0.2604,0,0
P0481,Q004,science,0.0304,0,0
P0481,Q005,politics,0.0821,0,0
P0481,Q006,education,0.0923,0,0
P0481,Q007,politics,0.0069,0,0
P0481,Q008,politics,0.1878,0,0
P0481,Q009,politics,0.0685,0,0
P0481,Q010,education,0.1457,0,0
P0482,Q001,science,0.8817,1,0
P0482,Q002,finance,0.7954,1,0
P0482,Q003,finance,0.7792,1,0
P0482,Q004,science,0.3907,0,0
P0482,Q005,politics,0.7106,1,0
P0482,Q006,education,0.8533,1,0
P0482,Q007,politics,0.4253,1,0
P0482,Q008,politics,0.9015,1,0
P0482,Q009,politics,0.8588,0,0
P0482,Q010,education,0.9094,1,0
P0483,Q001,science,0.6246,0,0
P0483,Q002,finance,0.4558,0,0
P0483,Q003,finance,0.5848,1,0
P0483,Q004,science,0.1616,0,0
P0483,Q005,politics,0.3961,1,0
P0483,Q006,education,0.537,0,0
P0483,Q007,politics,0.1033,0,0
P0483,Q008,politics,0.6788,1,0
P0483,Q009,politics,0.5116,1,0
P0483,Q010,education,0.25,0,1
P0484,Q001,science,0.9179,1,0
P0484,Q002,finance,0.8547,1,0
P0484,Q003,finance,0.8189,1,0
P0484,Q004,science,0.4699,1,0
P0484,Q005,politics,0.7781,1,0
P0484,Q006,education,0.8999,1,0
P0484,Q007,politics,0.5501,1,0
P0484,Q008,politics,0.9314,1,0
P0484,Q009,politics,0.9072,1,0
P0484,Q010,education,0.25,0,1
P0485,Q001,science,0.9634,1,0
P0485,Q002,finance,0.9339,1,0
P0485,Q003,finance,0.8843,1,0
P0485,Q004,science,0.25,0,1
P0485,Q005,politics,0.8817,0,0
P0485,Q006,education,0.9576,1,0
P0485,Q007,politics,0.7797,1,0
P0485,Q008,politics,0.9691,1,0
P0485,Q009,politics,0.9639,1,0
P0485,Q010,education,0.9752,1,0
P0486,Q001,science,0.6406,1,0
P0486,Q002,finance,0.4733,1,0
P0486,Q003,finance,0.595,0,0
P0486,Q004,science,0.1692,0,0
P0486,Q005,politics,0.4107,1,0
P0486,Q006,education,0.5554,1,0
P0486,Q007,politics,0.1115,1,0
P0486,Q008,politics,0.6932,1,0
P0486,Q009,politics,0.5318,0,0
P0486,Q010,education,0.6807,1,0
P0487,Q001,science,0.7789,1,0
P0487,Q002,finance,0.6435,1,0
P0487,Q003,finance,0.6904,0,0
P0487,Q004,science,0.2601,1,0
P0487,Q005,politics,0.5594,0,0
P0487,Q006,education,0.7221,1,0
P0487,Q007,politics,0.2261,0,0
P0487,Q008,politics,0.8147,1,0
P0487,Q009,politics,0.7164,0,0
P0487,Q010,education,0.8168,0,0
P0488,Q001,science,0.1143,0,0
P0488,Q002,finance,0.25,0,1
P0488,Q003,finance,0.2274,1,0
P0488,Q004,science,0.0242,0,0
P0488,Q005,politics,0.0646,0,0
P0488,Q006,education,0.0691,0,0
P0488,Q007,politics,0.0048,0,0
P0488,Q008,politics,0.148,0,0
P0488,Q009,politics,0.0496,1,0
P0488,Q010,education,0.1105,0,0
P0489,Q001,science,0.2024,0,0
P0489,Q002,finance,0.1089,0,0
P0489,Q003,finance,0.3081,0,0
P0489,Q004,science,0.041,0,0
P0489,Q005,politics,0.1113,1,0
P0489,Q006,education,0.1331,0,0
P0489,Q007,politics,0.0111,0,0
P0489,Q008,politics,0.2517,0,0
P0489,Q009,politics,0.1034,0,0
P0489,Q010,education,0.2053,1,0
P0490,Q001,science,0.283,0,0
P0490,Q002,finance,0.25,0,1
P0490,Q003,finance,0.3686,0,0
P0490,Q004,science,0.25,0,1
P0490,Q005,politics,0.156,0,0
P0490,Q006,education,0.198,0,0
P0490,Q007,politics,0.019,0,0
P0490,Q008,politics,0.3412,1,0
P0490,Q009,politics,0.1623,1,0
P0490,Q010,education,0.2941,0,0
P0491,Q001,science,0.797,1,0
P0491,Q002,finance,0.6686,1,0
P0491,Q003,finance,0.7044,0,0
P0491,Q004,science,0.2772,0,0
P0491,Q005,politics,0.5828,1,0
P0491,Q006,education,0.7449,1,0
P0491,Q007,politics,0.2505,0,0
P0491,Q008,politics,0.8302,1,0
P0491,Q009,politics,0.7415,1,0
P0491,Q010,education,0.8337,1,0
P0492,Q001,science,0.3643,0,0
P0492,Q002,finance,0.2196,0,0
P0492,Q003,finance,0.25,0,1
P0492,Q004,science,0.0758,0,0
P0492,Q005,politics,0.2042,0,0
P0492,Q006,education,0.2694,0,0
P0492,Q007,politics,0.0298,0,0
P0492,Q008,politics,0.4271,0,0
P0492,Q009,politics,0.2308,0,0
P0492,Q010,education,0.3842,0,0
P0493,Q001,science,0.6236,0,0
P0493,Q002,finance,0.4547,0,0
P0493,Q003,finance,0.5842,1,0
P0493,Q004,science,0.1611,0,0
P0493,Q005,politics,0.3952,1,0
P0493,Q006,education,0.5359,0,0
P0493,Q007,politics,0.1028,0,0
P0493,Q008,politics,0.6778,0,0
P0493,Q009,politics,0.5104,1,0
P0493,Q010,education,0.6632,1,0
P0494,Q001,science,0.1056,1,0
P0494,Q002,finance,0.0529,0,0
P0494,Q003,finance,0.2181,1,0
P0494,Q004,science,0.0226,0,0
P0494,Q005,politics,0.0601,1,0
P0494,Q006,education,0.25,0,1
P0494,Q007,politics,0.0043,0,0
P0494,Q008,politics,0.1375,0,0
P0494,Q009,politics,0.045,0,0
P0494,Q010,education,0.1015,0,0
P0495,Q001,science,0.8371,1,0
P0495,Q002,finance,0.7265,1,0
P0495,Q003,finance,0.7375,1,0
P0495,Q004,science,0.3224,1,0
P0495,Q005,politics,0.6389,1,0
P0495,Q006,education,0.7959,1,0
P0495,Q007,politics,0.25,0,1
P0495,Q008,politics,0.8641,1,0
P0495,Q009,politics,0.7972,1,0
P0495,Q010,education,0.8702,1,0
P0496,Q001,science,0.9388,0,0
P0496,Q002,finance,0.8905,1,0
P0496,Q003,finance,0.8458,1,0
P0496,Q004,science,0.5332,1,0
P0496,Q005,politics,0.8224,0,0
P0496,Q006,education,0.9266,1,0
P0496,Q007,politics,0.644,1,0
P0496,Q008,politics,0.9487,1,0
P0496,Q009,politics,0.9341,1,0
P0496,Q010,education,0.9563,1,0
P0497,Q001,science,0.4055,0,0
P0497,Q002,finance,0.2517,1,0
P0497,Q003,finance,0.4494,1,0
P0497,Q004,science,0.25,1,1
P0497,Q005,politics,0.2303,0,0
P0497,Q006,education,0.3078,0,0
P0497,Q007,politics,0.0367,0,0
P0497,Q008,politics,0.4693,0,0
P0497,Q009,politics,0.25,0,1
P0497,Q010,education,0.4298,0,0
P0498,Q001,science,0.3592,0,0
P0498,Q002,finance,0.2157,0,0
P0498,Q003,finance,0.4198,0,0
P0498,Q004,science,0.0746,1,0
P0498,Q005,politics,0.25,0,1
P0498,Q006,education,0.2647,1,0
P0498,Q007,politics,0.029,0,0
P0498,Q008,politics,0.4219,0,0
P0498,Q009,politics,0.2262,0,0
P0498,Q010,education,0.3786,0,0
P0499,Q001,science,0.25,1,1
P0499,Q002,finance,0.2442,1,0
P0499,Q003,finance,0.4434,1,0
P0499,Q004,science,0.0838,0,0
P0499,Q005,politics,0.2242,0,0
P0499,Q006,education,0.2989,1,0
P0499,Q007,politics,0.035,0,0
P0499,Q008,politics,0.4597,0,0
P0499,Q009,politics,0.2601,0,0
P0499,Q010,education,0.4193,0,0
P0500,Q001,science,0.3596,0,0
P0500,Q002,finance,0.216,0,0
P0500,Q003,finance,0.42,1,0
P0500,Q004,science,0.0747,0,0
P0500,Q005,politics,0.2013,1,0
P0500,Q006,education,0.2651,0,0
P0500,Q007,politics,0.0291,0,0
P0500,Q008,politics,0.4222,1,0
P0500,Q009,politics,0.2266,0,0
P0500,Q010,education,0.379,0,0
P0501,Q001,science,0.2459,0,0
P0501,Q002,finance,0.1364,0,0
P0501,Q003,finance,0.3418,0,0
P0501,Q004,science,0.0496,0,0
P0501,Q005,politics,0.1351,0,0
P0501,Q006,education,0.1674,1,0
P0501,Q007,politics,0.015,0,0
P0501,Q008,politics,0.3006,0,0
P0501,Q009,politics,0.1341,0,0
P0501,Q010,education,0.2531,0,0
P0502,Q001,science,0.3795,1,0
P0502,Q002,finance,0.2312,0,0
P0502,Q003,finance,0.4329,0,0
P0502,Q004,science,0.25,1,1
P0502,Q005,politics,0.2137,0,0
P0502,Q006,education,0.25,1,1
P0502,Q007,politics,0.0322,0,0
P0502,Q008,politics,0.4428,1,0
P0502,Q009,politics,0.2446,0,0
P0502,Q010,education,0.401,1,0
P0503,Q001,science,0.3648,0,0
P0503,Q002,finance,0.22,0,0
P0503,Q003,finance,0.4234,0,0
P0503,Q004,science,0.0759,0,0
P0503,Q005,politics,0.2046,0,0
P0503,Q006,education,0.2699,0,0
P0503,Q007,politics,0.0299,0,0
P0503,Q008,politics,0.4277,1,0
P0503,Q009,politics,0.2313,0,0
P0503,Q010,education,0.3848,1,0
P0504,Q001,science,0.5909,0,0
P0504,Q002,finance,0.4202,0,0
P0504,Q003,finance,0.5636,1,0
P0504,Q004,science,0.1468,0,0
P0504,Q005,politics,0.3667,0,0
P0504,Q006,education,0.499,0,0
P0504,Q007,politics,0.0881,0,0
P0504,Q008,politics,0.6479,1,0
P0504,Q009,politics,0.4701,0,0
P0504,Q010,education,0.6292,1,0
P0505,Q001,science,0.4379,0,0
P0505,Q002,finance,0.2781,0,0
P0505,Q003,finance,0.4695,0,0
P0505,Q004,science,0.095,0,0
P0505,Q005,politics,0.2517,0,0
P0505,Q006,education,0.339,1,0
P0505,Q007,politics,0.043,0,0
P0505,Q008,politics,0.5016,0,0
P0505,Q009,politics,0.25,1,1
P0505,Q010,education,0.4652,0,0
P0506,Q001,science,0.5613,0,0
P0506,Q002,finance,0.3902,0,0
P0506,Q003,finance,0.5453,0,0
P0506,Q004,science,0.135,0,0
P0506,Q005,politics,0.3423,1,0
P0506,Q006,education,0.4665,0,0
P0506,Q007,politics,0.0768,0,0
P0506,Q008,politics,0.6204,1,0
P0506,Q009,politics,0.4349,1,0
P0506,Q010,education,0.5981,1,0
P0507,Q001,science,0.6206,1,0
P0507,Q002,finance,0.4515,0,0
P0507,Q003,finance,0.25,1,1
P0507,Q004,science,0.1597,0,0
P0507,Q005,politics,0.3925,1,0
P0507,Q006,education,0.5324,0,0
P0507,Q007,politics,0.1013,0,0
P0507,Q008,politics,0.6751,0,0
P0507,Q009,politics,0.25,0,1
P0507,Q010,education,0.6601,0,0
P0508,Q001,science,0.25,1,1
P0508,Q002,finance,0.7278,1,0
P0508,Q003,finance,0.25,1,1
P0508,Q004,science,0.3235,0,0
P0508,Q005,politics,0.6402,0,0
P0508,Q006,education,0.797,1,0
P0508,Q007,politics,0.3198,1,0
P0508,Q008,politics,0.8648,1,0
P0508,Q009,politics,0.7985,1,0
P0508,Q010,education,0.871,1,0
P0509,Q001,science,0.7726,1,0
P0509,Q002,finance,0.635,1,0
P0509,Q003,finance,0.6856,0,0
P0509,Q004,science,0.2546,0,0
P0509,Q005,politics,0.5515,1,0
P0509,Q006,education,0.7142,1,0
P0509,Q007,politics,0.2183,1,0
P0509,Q008,politics,0.8093,0,0
P0509,Q009,politics,0.7076,0,0
P0509,Q010,education,0.8108,1,0
P0510,Q001,science,0.8363,1,0
P0510,Q002,finance,0.7253,1,0
P0510,Q003,finance,0.7368,0,0
P0510,Q004,science,0.3214,0,0
P0510,Q005,politics,0.6377,1,0
P0510,Q006,education,0.7949,0,0
P0510,Q007,politics,0.3165,1,0
P0510,Q008,politics,0.8634,1,0
P0510,Q009,politics,0.7961,1,0
P0510,Q010,education,0.8695,1,0
P0511,Q001,science,0.7021,1,0
P0511,Q002,finance,0.5446,1,0
P0511,Q003,finance,0.6354,0,0
P0511,Q004,science,0.203,1,0
P0511,Q005,politics,0.4711,0,0
P0511,Q006,education,0.6277,1,0
P0511,Q007,politics,0.1506,0,0
P0511,Q008,politics,0.748,1,0
P0511,Q009,politics,0.6117,1,0
P0511,Q010,education,0.7425,1,0
P0512,Q001,science,0.7798,1,0
P0512,Q002,finance,0.6448,0,0
P0512,Q003,finance,0.6911,1,0
P0512,Q004,science,0.261,0,0
P0512,Q005,politics,0.5605,1,0
P0512,Q006,education,0.7233,1,0
P0512,Q007,politics,0.2272,1,0
P0512,Q008,politics,0.8155,1,0
P0512,Q009,politics,0.7176,0,0
P0512,Q010,education,0.8176,0,0
P0513,Q001,science,0.557,0,0
P0513,Q002,finance,0.3861,1,0
P0513,Q003,finance,0.5427,0,0
P0513,Q004,science,0.1335,0,0
P0513,Q005,politics,0.3389,0,0
P0513,Q006,education,0.4619,1,0
P0513,Q007,politics,0.0753,0,0
P0513,Q008,politics,0.6164,1,0
P0513,Q009,politics,0.43,0,0
P0513,Q010,education,0.5937,0,0
P0514,Q001,science,0.25,0,1
P0514,Q002,finance,0.3377,0,0
P0514,Q003,finance,0.5114,0,0
P0514,Q004,science,0.1156,0,0
P0514,Q005,politics,0.2997,0,0
P0514,Q006,education,0.4077,1,0
P0514,Q007,politics,0.25,0,1
P0514,Q008,politics,0.5681,1,0
P0514,Q009,politics,0.3723,0,0
P0514,Q010,education,0.5392,1,0
P0515,Q001,science,0.9752,1,0
P0515,Q002,finance,0.9552,0,0
P0515,Q003,finance,0.9071,0,0
P0515,Q004,science,0.7085,1,0
P0515,Q005,politics,0.9139,0,0
P0515,Q006,education,0.972,1,0
P0515,Q007,politics,0.8534,0,0
P0515,Q008,politics,0.9789,1,0
P0515,Q009,politics,0.9772,1,0
P0515,Q010,education,0.9838,1,0
P0516,Q001,science,0.2665,0,0
P0516,Q002,finance,0.15,0,0
P0516,Q003,finance,0.3568,0,0
P0516,Q004,science,0.0539,0,0
P0516,Q005,politics,0.25,0,1
P0516,Q006,education,0.1842,0,0
P0516,Q007,politics,0.0171,0,0
P0516,Q008,politics,0.3232,0,0
P0516,Q009,politics,0.1495,0,0
P0516,Q010,education,0.2759,1,0
P0517,Q001,science,0.5984,1,0
P0517,Q002,finance,0.428,0,0
P0517,Q003,finance,0.5683,1,0
P0517,Q004,science,0.15,1,0
P0517,Q005,politics,0.3731,1,0
P0517,Q006,education,0.5074,0,0
P0517,Q007,politics,0.0913,0,0
P0517,Q008,politics,0.6548,1,0
P0517,Q009,politics,0.4793,1,0
P0517,Q010,education,0.6371,1,0
P0518,Q001,science,0.1511,0,0
P0518,Q002,finance,0.0784,0,0
P0518,Q003,finance,0.2639,0,0
P0518,Q004,science,0.0311,0,0
P0518,Q005,politics,0.084,0,0
P0518,Q006,education,0.0949,0,0
P0518,Q007,politics,0.0072,0,0
P0518,Q008,politics,0.1922,0,0
P0518,Q009,politics,0.0707,0,0
P0518,Q010,education,0.1496,0,0
P0519,Q001,science,0.3299,0,0
P0519,Q002,finance,0.1941,0,0
P0519,Q003,finance,0.4006,0,0
P0519,Q004,science,0.0677,0,0
P0519,Q005,politics,0.1834,1,0
P0519,Q006,education,0.2385,1,0
P0519,Q007,politics,0.0248,1,0
P0519,Q008,politics,0.3913,0,0
P0519,Q009,politics,0.2007,0,0
P0519,Q010,education,0.3461,0,0
P0520,Q001,science,0.19,0,0
P0520,Q002,finance,0.1013,0,0
P0520,Q003,finance,0.298,0,0
P0520,Q004,science,0.0386,0,0
P0520,Q005,politics,0.1047,0,0
P0520,Q006,education,0.1236,0,0
P0520,Q007,politics,0.01,0,0
P0520,Q008,politics,0.2375,0,0
P0520,Q009,politics,0.0952,0,0
P0520,Q010,education,0.1918,0,0
P0521,Q001,science,0.3446,1,0
P0521,Q002,finance,0.2049,0,0
P0521,Q003,finance,0.4103,0,0
P0521,Q004,science,0.0711,0,0
P0521,Q005,politics,0.1922,0,0
P0521,Q006,education,0.2516,0,0
P0521,Q007,politics,0.0269,0,0
P0521,Q008,politics,0.4068,1,0
P0521,Q009,politics,0.2134,0,0
P0521,Q010,education,0.3625,1,0
P0522,Q001,science,0.9589,1,0
P0522,Q002,finance,0.9258,1,0
P0522,Q003,finance,0.8764,1,0
P0522,Q004,science,0.6151,1,0
P0522,Q005,politics,0.8701,0,0
P0522,Q006,education,0.952,1,0
P0522,Q007,politics,0.7527,1,0
P0522,Q008,politics,0.9654,1,0
P0522,Q009,politics,0.9586,1,0
P0522,Q010,education,0.9718,1,0
P0523,Q001,science,0.8543,1,0
P0523,Q002,finance,0.7525,0,0
P0523,Q003,finance,0.7528,1,0
P0523,Q004,science,0.3459,0,0
P0523,Q005,politics,0.6653,1,0
P0523,Q006,education,0.818,1,0
P0523,Q007,politics,0.3546,0,0
P0523,Q008,politics,0.8786,1,0
P0523,Q009,politics,0.8211,1,0
P0523,Q010,education,0.8855,1,0
P0524,Q001,science,0.1756,0,0
P0524,Q002,finance,0.0927,0,0
P0524,Q003,finance,0.2858,0,0
P0524,Q004,science,0.0358,0,0
P0524,Q005,politics,0.097,0,0
P0524,Q006,education,0.1129,0,0
P0524,Q007,politics,0.0089,0,0
P0524,Q008,politics,0.2209,0,0
P0524,Q009,politics,0.0859,0,0
P0524,Q010,education,0.1761,0,0
P0525,Q001,science,0.8269,1,0
P0525,Q002,finance,0.7115,1,0
P0525,Q003,finance,0.25,0,1
P0525,Q004,science,0.3098,1,0
P0525,Q005,politics,0.624,1,0
P0525,Q006,education,0.25,0,1
P0525,Q007,politics,0.2989,1,0
P0525,Q008,politics,0.25,1,1
P0525,Q009,politics,0.25,0,1
P0525,Q010,education,0.8611,1,0
P0526,Q001,science,0.8564,1,0
P0526,Q002,finance,0.7558,1,0
P0526,Q003,finance,0.7548,1,0
P0526,Q004,science,0.349,0,0
P0526,Q005,politics,0.6687,1,0
P0526,Q006,education,0.8207,0,0
P0526,Q007,politics,0.3595,0,0
P0526,Q008,politics,0.8803,1,0
P0526,Q009,politics,0.8241,1,0
P0526,Q010,education,0.8874,1,0
P0527,Q001,science,0.7587,1,0
P0527,Q002,finance,0.6164,1,0
P0527,Q003,finance,0.6753,1,0
P0527,Q004,science,0.243,0,0
P0527,Q005,politics,0.5345,1,0
P0527,Q006,education,0.6969,0,0
P0527,Q007,politics,0.2023,0,0
P0527,Q008,politics,0.25,0,1
P0527,Q009,politics,0.6885,1,0
P0527,Q010,education,0.7976,1,0
P0528,Q001,science,0.25,0,1
P0528,Q002,finance,0.8968,1,0
P0528,Q003,finance,0.8509,1,0
P0528,Q004,science,0.5461,1,0
P0528,Q005,politics,0.8306,1,0
P0528,Q006,education,0.9312,1,0
P0528,Q007,politics,0.6623,0,0
P0528,Q008,politics,0.9517,1,0
P0528,Q009,politics,0.9386,1,0
P0528,Q010,education,0.9592,1,0
P0529,Q001,science,0.546,0,0
P0529,Q002,finance,0.3753,1,0
P0529,Q003,finance,0.5359,1,0
P0529,Q004,science,0.1294,0,0
P0529,Q005,politics,0.3301,0,0
P0529,Q006,education,0.4499,1,0
P0529,Q007,politics,0.0715,0,0
P0529,Q008,politics,0.606,0,0
P0529,Q009,politics,0.4172,0,0
P0529,Q010,education,0.5819,1,0
P0530,Q001,science,0.4545,0,0
P0530,Q002,finance,0.2922,0,0
P0530,Q003,finance,0.4798,0,0
P0530,Q004,science,0.0997,0,0
P0530,Q005,politics,0.263,0,0
P0530,Q006,education,0.3554,0,0
P0530,Q007,politics,0.0466,0,0
P0530,Q008,politics,0.25,0,1
P0530,Q009,politics,0.25,1,1
P0530,Q010,education,0.4834,0,0
P0531,Q001,science,0.7825,0,0
P0531,Q002,finance,0.6484,1,0
P0531,Q003,finance,0.6931,0,0
P0531,Q004,science,0.2633,0,0
P0531,Q005,politics,0.5638,0,0
P0531,Q006,education,0.7266,1,0
P0531,Q007,politics,0.2306,0,0
P0531,Q008,politics,0.25,0,1
P0531,Q009,politics,0.7213,1,0
P0531,Q010,education,0.8201,1,0
P0532,Q001,science,0.0787,0,0
P0532,Q002,finance,0.0386,0,0
P0532,Q003,finance,0.1862,1,0
P0532,Q004,science,0.0175,0,0
P0532,Q005,politics,0.0459,1,0
P0532,Q006,education,0.0455,0,0
P0532,Q007,politics,0.0029,0,0
P0532,Q008,politics,0.1041,0,0
P0532,Q009,politics,0.0312,0,0
P0532,Q010,education,0.0737,0,0
P0533,Q001,science,0.1955,1,0
P0533,Q002,finance,0.1047,0,0
P0533,Q003,finance,0.3025,1,0
P0533,Q004,science,0.0396,0,0
P0533,Q005,politics,0.25,1,1
P0533,Q006,education,0.1278,1,0
P0533,Q007,politics,0.0105,0,0
P0533,Q008,politics,0.2439,0,0
P0533,Q009,politics,0.0989,0,0
P0533,Q010,education,0.1978,1,0
P0534,Q001,science,0.6082,0,0
P0534,Q002,finance,0.4382,1,0
P0534,Q003,finance,0.5745,1,0
P0534,Q004,science,0.1542,0,0
P0534,Q005,politics,0.25,0,1
P0534,Q006,education,0.5184,0,0
P0534,Q007,politics,0.0956,0,0
P0534,Q008,politics,0.25,0,1
P0534,Q009,politics,0.4912,1,0
P0534,Q010,education,0.6473,1,0
P0535,Q001,science,0.6952,1,0
P0535,Q002,finance,0.5363,0,0
P0535,Q003,finance,0.6308,1,0
P0535,Q004,science,0.1988,0,0
P0535,Q005,politics,0.25,0,1
P0535,Q006,education,0.6195,1,0
P0535,Q007,politics,0.25,0,1
P0535,Q008,politics,0.7419,0,0
P0535,Q009,politics,0.25,1,1
P0535,Q010,education,0.7357,1,0
P0536,Q001,science,0.6524,1,0
P0536,Q002,finance,0.4865,0,0
P0536,Q003,finance,0.6026,1,0
P0536,Q004,science,0.1751,0,0
P0536,Q005,politics,0.4217,1,0
P0536,Q006,education,0.569,1,0
P0536,Q007,politics,0.118,0,0
P0536,Q008,politics,0.7038,0,0
P0536,Q009,politics,0.5468,1,0
P0536,Q010,education,0.6926,1,0
P0537,Q001,science,0.7844,1,0
P0537,Q002,finance,0.651,0,0
P0537,Q003,finance,0.6946,1,0
P0537,Q004,science,0.2651,0,0
P0537,Q005,politics,0.5663,1,0
P0537,Q006,education,0.729,1,0
P0537,Q007,politics,0.2331,0,0
P0537,Q008,politics,0.8194,1,0
P0537,Q009,politics,0.7239,1,0
P0537,Q010,education,0.8219,1,0
P0538,Q001,science,0.8807,1,0
P0538,Q002,finance,0.7938,1,0
P0538,Q003,finance,0.7782,1,0
P0538,Q004,science,0.3888,0,0
P0538,Q005,politics,0.7089,1,0
P0538,Q006,education,0.8521,0,0
P0538,Q007,politics,0.4225,0,0
P0538,Q008,politics,0.9006,1,0
P0538,Q009,politics,0.8575,1,0
P0538,Q010,education,0.9085,1,0
P0539,Q001,science,0.8316,1,0
P0539,Q002,finance,0.7182,1,0
P0539,Q003,finance,0.7327,1,0
P0539,Q004,science,0.3154,0,0
P0539,Q005,politics,0.6307,1,0
P0539,Q006,education,0.7888,1,0
P0539,Q007,politics,0.3074,0,0
P0539,Q008,politics,0.8594,1,0
P0539,Q009,politics,0.7895,1,0
P0539,Q010,education,0.8652,1,0
P0540,Q001,science,0.8957,1,0
P0540,Q002,finance,0.8179,1,0
P0540,Q003,finance,0.7937,1,0
P0540,Q004,science,0.4178,1,0
P0540,Q005,politics,0.7354,0,0
P0540,Q006,education,0.8713,1,0
P0540,Q007,politics,0.25,0,1
P0540,Q008,politics,0.25,0,1
P0540,Q009,politics,0.8777,1,0
P0540,Q010,education,0.9212,1,0
P0541,Q001,science,0.2077,0,0
P0541,Q002,finance,0.1122,0,0
P0541,Q003,finance,0.3124,0,0
P0541,Q004,science,0.042,0,0
P0541,Q005,politics,0.1142,0,0
P0541,Q006,education,0.25,0,1
P0541,Q007,politics,0.0115,0,0
P0541,Q008,politics,0.2577,0,0
P0541,Q009,politics,0.107,0,0
P0541,Q010,education,0.2111,0,0
P0542,Q001,science,0.7614,1,0
P0542,Q002,finance,0.6199,1,0
P0542,Q003,finance,0.6773,1,0
P0542,Q004,science,0.2451,0,0
P0542,Q005,politics,0.5377,0,0
P0542,Q006,education,0.7002,0,0
P0542,Q007,politics,0.2053,0,0
P0542,Q008,politics,0.7997,0,0
P0542,Q009,politics,0.6921,1,0
P0542,Q010,education,0.8001,1,0
P0543,Q001,science,0.7496,0,0
P0543,Q002,finance,0.25,0,1
P0543,Q003,finance,0.6687,1,0
P0543,Q004,science,0.2358,0,0
P0543,Q005,politics,0.5238,0,0
P0543,Q006,education,0.6857,1,0
P0543,Q007,politics,0.1927,0,0
P0543,Q008,politics,0.7895,1,0
P0543,Q009,politics,0.676,0,0
P0543,Q010,education,0.7889,1,0
P0544,Q001,science,0.123,0,0
P0544,Q002,finance,0.0624,1,0
P0544,Q003,finance,0.2365,0,0
P0544,Q004,science,0.0259,0,0
P0544,Q005,politics,0.0692,0,0
P0544,Q006,education,0.075,0,0
P0544,Q007,politics,0.25,0,1
P0544,Q008,politics,0.1585,0,0
P0544,Q009,politics,0.0544,0,0
P0544,Q010,education,0.1197,0,0
P0545,Q001,science,0.5006,0,0
P0545,Q002,finance,0.3327,0,0
P0545,Q003,finance,0.5081,1,0
P0545,Q004,science,0.1138,0,0
P0545,Q005,politics,0.2957,0,0
P0545,Q006,education,0.4021,1,0
P0545,Q007,politics,0.0579,0,0
P0545,Q008,politics,0.5629,1,0
P0545,Q009,politics,0.3663,1,0
P0545,Q010,education,0.5334,0,0
P0546,Q001,science,0.4797,0,0
P0546,Q002,finance,0.3141,1,0
P0546,Q003,finance,0.4953,1,0
P0546,Q004,science,0.1072,0,0
P0546,Q005,politics,0.2806,1,0
P0546,Q006,education,0.3808,0,0
P0546,Q007,politics,0.0525,0,0
P0546,Q008,politics,0.5427,0,0
P0546,Q009,politics,0.3439,0,0
P0546,Q010,education,0.5108,1,0
P0547,Q001,science,0.8758,1,0
P0547,Q002,finance,0.25,0,1
P0547,Q003,finance,0.7733,1,0
P0547,Q004,science,0.3801,1,0
P0547,Q005,politics,0.25,1,1
P0547,Q006,education,0.25,0,1
P0547,Q007,politics,0.4086,1,0
P0547,Q008,politics,0.8965,1,0
P0547,Q009,politics,0.8508,1,0
P0547,Q010,education,0.9043,1,0
P0548,Q001,science,0.1316,0,0
P0548,Q002,finance,0.0673,0,0
P0548,Q003,finance,0.2451,0,0
P0548,Q004,science,0.0275,0,0
P0548,Q005,politics,0.0737,0,0
P0548,Q006,education,0.081,0,0
P0548,Q007,politics,0.0059,0,0
P0548,Q008,politics,0.1689,0,0
P0548,Q009,politics,0.0593,0,0
P0548,Q010,education,0.1288,0,0
P0549,Q001,science,0.4984,0,0
P0549,Q002,finance,0.3308,0,0
P0549,Q003,finance,0.5067,1,0
P0549,Q004,science,0.1131,1,0
P0549,Q005,politics,0.2941,0,0
P0549,Q006,education,0.25,1,1
P0549,Q007,politics,0.25,0,1
P0549,Q008,politics,0.5608,0,0
P0549,Q009,politics,0.25,1,1
P0549,Q010,education,0.531,1,0
P0550,Q001,science,0.5925,1,0
P0550,Q002,finance,0.4219,1,0
P0550,Q003,finance,0.5647,1,0
P0550,Q004,science,0.1475,0,0
P0550,Q005,politics,0.3681,1,0
P0550,Q006,education,0.5009,1,0
P0550,Q007,politics,0.0888,0,0
P0550,Q008,politics,0.6494,1,0
P0550,Q009,politics,0.4722,0,0
P0550,Q010,education,0.631,0,0
P0551,Q001,science,0.7602,1,0
P0551,Q002,finance,0.6184,1,0
P0551,Q003,finance,0.6764,0,0
P0551,Q004,science,0.2442,1,0
P0551,Q005,politics,0.5363,0,0
P0551,Q006,education,0.6988,1,0
P0551,Q007,politics,0.204,0,0
P0551,Q008,politics,0.7987,1,0
P0551,Q009,politics,0.6905,1,0
P0551,Q010,education,0.799,1,0
P0552,Q001,science,0.25,0,1
P0552,Q002,finance,0.0811,0,0
P0552,Q003,finance,0.2682,1,0
P0552,Q004,science,0.032,1,0
P0552,Q005,politics,0.0865,0,0
P0552,Q006,education,0.0983,0,0
P0552,Q007,politics,0.25,0,1
P0552,Q008,politics,0.1978,0,0
P0552,Q009,politics,0.0736,0,0
P0552,Q010,education,0.1547,1,0
P0553,Q001,science,0.9754,1,0
P0553,Q002,finance,0.9556,1,0
P0553,Q003,finance,0.9076,1,0
P0553,Q004,science,0.7099,1,0
P0553,Q005,politics,0.9145,1,0
P0553,Q006,education,0.9723,1,0
P0553,Q007,politics,0.8547,1,0
P0553,Q008,politics,0.9791,1,0
P0553,Q009,politics,0.9774,1,0
P0553,Q010,education,0.9839,1,0
P0554,Q001,science,0.1243,0,0
P0554,Q002,finance,0.25,0,1
P0554,Q003,finance,0.2379,0,0
P0554,Q004,science,0.0261,0,0
P0554,Q005,politics,0.0699,0,0
P0554,Q006,education,0.076,0,0
P0554,Q007,politics,0.0054,0,0
P0554,Q008,politics,0.1602,0,0
P0554,Q009,politics,0.25,1,1
P0554,Q010,education,0.25,1,1
P0555,Q001,science,0.5964,0,0
P0555,Q002,finance,0.4258,1,0
P0555,Q003,finance,0.5671,0,0
P0555,Q004,science,0.1491,0,0
P0555,Q005,politics,0.3714,0,0
P0555,Q006,education,0.5051,0,0
P0555,Q007,politics,0.0904,1,0
P0555,Q008,politics,0.6529,1,0
P0555,Q009,politics,0.4768,1,0
P0555,Q010,education,0.635,1,0
P0556,Q001,science,0.3157,0,0
P0556,Q002,finance,0.1839,1,0
P0556,Q003,finance,0.3911,1,0
P0556,Q004,science,0.25,0,1
P0556,Q005,politics,0.175,0,0
P0556,Q006,education,0.226,0,0
P0556,Q007,politics,0.0229,0,0
P0556,Q008,politics,0.3763,0,0
P0556,Q009,politics,0.1888,0,0
P0556,Q010,education,0.3304,0,0
P0557,Q001,science,0.4034,1,0
P0557,Q002,finance,0.25,0,0
P0557,Q003,finance,0.448,0,0
P0557,Q004,science,0.0857,0,0
P0557,Q005,politics,0.229,1,0
P0557,Q006,education,0.3058,0,0
P0557,Q007,politics,0.0363,0,0
P0557,Q008,politics,0.4671,1,0
P0557,Q009,politics,0.2671,0,0
P0557,Q010,education,0.4274,1,0
P0558,Q001,science,0.859,1,0
P0558,Q002,finance,0.7598,0,0
P0558,Q003,finance,0.7572,1,0
P0558,Q004,science,0.3529,0,0
P0558,Q005,politics,0.6728,1,0
P0558,Q006,education,0.8241,1,0
P0558,Q007,politics,0.3656,0,0
P0558,Q008,politics,0.8825,0,0
P0558,Q009,politics,0.8277,0,0
P0558,Q010,education,0.8897,1,0
P0559,Q001,science,0.5607,1,0
P0559,Q002,finance,0.3897,0,0
P0559,Q003,finance,0.5449,1,0
P0559,Q004,science,0.1348,0,0
P0559,Q005,politics,0.3418,1,0
P0559,Q006,education,0.4659,0,0
P0559,Q007,politics,0.0766,0,0
P0559,Q008,politics,0.6199,1,0
P0559,Q009,politics,0.4343,0,0
P0559,Q010,education,0.5976,1,0
P0560,Q001,science,0.349,0,0
P0560,Q002,finance,0.2081,0,0
P0560,Q003,finance,0.4132,0,0
P0560,Q004,science,0.0722,0,0
P0560,Q005,politics,0.1949,0,0
P0560,Q006,education,0.2555,0,0
P0560,Q007,politics,0.0275,0,0
P0560,Q008,politics,0.4113,1,0
P0560,Q009,politics,0.2172,0,0
P0560,Q010,education,0.25,0,1
P0561,Q001,science,0.334,1,0
P0561,Q002,finance,0.1971,0,0
P0561,Q003,finance,0.4033,0,0
P0561,Q004,science,0.0687,0,0
P0561,Q005,politics,0.1858,0,0
P0561,Q006,education,0.2421,0,0
P0561,Q007,politics,0.0254,0,0
P0561,Q008,politics,0.3956,1,0
P0561,Q009,politics,0.2042,0,0
P0561,Q010,education,0.3507,0,0
P0562,Q001,science,0.8119,1,0
P0562,Q002,finance,0.6896,0,0
P0562,Q003,finance,0.7163,1,0
P0562,Q004,science,0.2926,0,0
P0562,Q005,politics,0.6028,1,0
P0562,Q006,education,0.7637,1,0
P0562,Q007,politics,0.2731,0,0
P0562,Q008,politics,0.8428,1,0
P0562,Q009,politics,0.7621,0,0
P0562,Q010,education,0.8474,1,0
P0563,Q001,science,0.3678,0,0
P0563,Q002,finance,0.2222,0,0
P0563,Q003,finance,0.4253,1,0
P0563,Q004,science,0.0767,1,0
P0563,Q005,politics,0.2064,0,0
P0563,Q006,education,0.2725,1,0
P0563,Q007,politics,0.0303,0,0
P0563,Q008,politics,0.25,0,1
P0563,Q009,politics,0.2339,0,0
P0563,Q010,education,0.3881,1,0
P0564,Q001,science,0.239,0,0
P0564,Q002,finance,0.132,0,0
P0564,Q003,finance,0.3366,0,0
P0564,Q004,science,0.0482,0,0
P0564,Q005,politics,0.1313,0,0
P0564,Q006,education,0.1618,0,0
P0564,Q007,politics,0.0144,0,0
P0564,Q008,politics,0.2929,0,0
P0564,Q009,politics,0.1291,0,0
P0564,Q010,education,0.2455,0,0
P0565,Q001,science,0.6964,0,0
P0565,Q002,finance,0.5378,1,0
P0565,Q003,finance,0.6316,0,0
P0565,Q004,science,0.1995,0,0
P0565,Q005,politics,0.4652,0,0
P0565,Q006,education,0.6209,1,0
P0565,Q007,politics,0.1464,0,0
P0565,Q008,politics,0.743,1,0
P0565,Q009,politics,0.6042,1,0
P0565,Q010,education,0.7369,1,0
P0566,Q001,science,0.7436,1,0
P0566,Q002,finance,0.5966,1,0
P0566,Q003,finance,0.6643,1,0
P0566,Q004,science,0.2312,0,0
P0566,Q005,politics,0.25,0,1
P0566,Q006,education,0.6782,1,0
P0566,Q007,politics,0.1866,0,0
P0566,Q008,politics,0.7843,1,0
P0566,Q009,politics,0.6677,0,0
P0566,Q010,education,0.25,1,1
P0567,Q001,science,0.0245,0,0
P0567,Q002,finance,0.0113,0,0
P0567,Q003,finance,0.0975,0,0
P0567,Q004,science,0.0066,0,0
P0567,Q005,politics,0.0161,0,0
P0567,Q006,education,0.0126,0,0
P0567,Q007,politics,0.0006,0,0
P0567,Q008,politics,0.0339,0,0
P0567,Q009,politics,0.0076,0,0
P0567,Q010,education,0.0207,0,0
P0568,Q001,science,0.591,0,0
P0568,Q002,finance,0.4203,0,0
P0568,Q003,finance,0.5637,0,0
P0568,Q004,science,0.1469,1,0
P0568,Q005,politics,0.3668,0,0
P0568,Q006,education,0.25,0,1
P0568,Q007,politics,0.0882,0,0
P0568,Q008,politics,0.648,1,0
P0568,Q009,politics,0.4703,1,0
P0568,Q010,education,0.6294,1,0
P0569,Q001,science,0.5548,1,0
P0569,Q002,finance,0.3839,0,0
P0569,Q003,finance,0.5413,1,0
P0569,Q004,science,0.1326,0,0
P0569,Q005,politics,0.3371,0,0
P0569,Q006,education,0.4595,0,0
P0569,Q007,politics,0.0745,0,0
P0569,Q008,politics,0.6144,1,0
P0569,Q009,politics,0.4274,0,0
P0569,Q010,education,0.5913,0,0
P0570,Q001,science,0.6577,1,0
P0570,Q002,finance,0.4925,1,0
P0570,Q003,finance,0.6061,1,0
P0570,Q004,science,0.1778,0,0
P0570,Q005,politics,0.4268,0,0
P0570,Q006,education,0.5752,0,0
P0570,Q007,politics,0.121,0,0
P0570,Q008,politics,0.7086,0,0
P0570,Q009,politics,0.5536,1,0
P0570,Q010,education,0.6981,1,0
P0571,Q001,science,0.3725,1,0
P0571,Q002,finance,0.2258,0,0
P0571,Q003,finance,0.4284,0,0
P0571,Q004,science,0.0778,0,0
P0571,Q005,politics,0.2093,0,0
P0571,Q006,education,0.2769,0,0
P0571,Q007,politics,0.0311,0,0
P0571,Q008,politics,0.4356,1,0
P0571,Q009,politics,0.2382,0,0
P0571,Q010,education,0.3933,0,0
P0572,Q001,science,0.8518,1,0
P0572,Q002,finance,0.7486,0,0
P0572,Q003,finance,0.25,0,1
P0572,Q004,science,0.3422,1,0
P0572,Q005,politics,0.6613,1,0
P0572,Q006,education,0.8147,0,0
P0572,Q007,politics,0.3489,1,0
P0572,Q008,politics,0.8764,1,0
P0572,Q009,politics,0.8176,1,0
P0572,Q010,education,0.8833,1,0
P0573,Q001,science,0.3217,0,0
P0573,Q002,finance,0.1882,0,0
P0573,Q003,finance,0.3951,0,0
P0573,Q004,science,0.0658,0,0
P0573,Q005,politics,0.1785,1,0
P0573,Q006,education,0.2312,0,0
P0573,Q007,politics,0.0237,0,0
P0573,Q008,politics,0.3826,1,0
P0573,Q009,politics,0.1937,0,0
P0573,Q010,education,0.337,0,0
P0574,Q001,science,0.5932,1,0
P0574,Q002,finance,0.4226,1,0
P0574,Q003,finance,0.5651,0,0
P0574,Q004,science,0.1478,0,0
P0574,Q005,politics,0.3687,1,0
P0574,Q006,education,0.5016,1,0
P0574,Q007,politics,0.0891,0,0
P0574,Q008,politics,0.65,1,0
P0574,Q009,politics,0.473,0,0
P0574,Q010,education,0.6317,1,0
P0575,Q001,science,0.5271,0,0
P0575,Q002,finance,0.25,0,1
P0575,Q003,finance,0.5243,1,0
P0575,Q004,science,0.1227,0,0
P0575,Q005,politics,0.3155,0,0
P0575,Q006,education,0.4299,0,0
P0575,Q007,politics,0.0655,0,0
P0575,Q008,politics,0.25,0,1
P0575,Q009,politics,0.25,0,1
P0575,Q010,education,0.5618,0,0
P0576,Q001,science,0.25,0,1
P0576,Q002,finance,0.1336,0,0
P0576,Q003,finance,0.25,1,1
P0576,Q004,science,0.0487,0,0
P0576,Q005,politics,0.1327,0,0
P0576,Q006,education,0.25,0,1
P0576,Q007,politics,0.25,0,1
P0576,Q008,politics,0.2957,0,0
P0576,Q009,politics,0.1308,1,0
P0576,Q010,education,0.2482,1,0
P0577,Q001,science,0.7777,1,0
P0577,Q002,finance,0.6418,1,0
P0577,Q003,finance,0.6894,1,0
P0577,Q004,science,0.259,0,0
P0577,Q005,politics,0.5578,0,0
P0577,Q006,education,0.7205,1,0
P0577,Q007,politics,0.25,0,1
P0577,Q008,politics,0.8136,1,0
P0577,Q009,politics,0.7146,0,0
P0577,Q010,education,0.8155,1,0
P0578,Q001,science,0.4703,0,0
P0578,Q002,finance,0.3058,0,0
P0578,Q003,finance,0.4895,1,0
P0578,Q004,science,0.1044,0,0
P0578,Q005,politics,0.274,0,0
P0578,Q006,education,0.3712,1,0
P0578,Q007,politics,0.0502,0,0
P0578,Q008,politics,0.5335,1,0
P0578,Q009,politics,0.334,0,0
P0578,Q010,education,0.5006,0,0
P0579,Q001,science,0.6787,1,0
P0579,Q002,finance,0.5167,0,0
P0579,Q003,finance,0.6198,1,0
P0579,Q004,science,0.1892,0,0
P0579,Q005,politics,0.4472,1,0
P0579,Q006,education,0.5998,1,0
P0579,Q007,politics,0.1341,1,0
P0579,Q008,politics,0.7273,1,0
P0579,Q009,politics,0.5808,0,0
P0579,Q010,education,0.7192,1,0
P0580,Q001,science,0.2806,0,0
P0580,Q002,finance,0.1595,0,0
P0580,Q003,finance,0.3669,1,0
P0580,Q004,science,0.0569,0,0
P0580,Q005,politics,0.1547,0,0
P0580,Q006,education,0.196,0,0
P0580,Q007,politics,0.0187,0,0
P0580,Q008,politics,0.3387,0,0
P0580,Q009,politics,0.1605,1,0
P0580,Q010,education,0.25,1,1
P0581,Q001,science,0.1449,0,0
P0581,Q002,finance,0.0748,0,0
P0581,Q003,finance,0.2581,1,0
P0581,Q004,science,0.03,0,0
P0581,Q005,politics,0.0807,0,0
P0581,Q006,education,0.0905,0,0
P0581,Q007,politics,0.0067,0,0
P0581,Q008,politics,0.1848,1,0
P0581,Q009,politics,0.0671,0,0
P0581,Q010,education,0.143,0,0
P0582,Q001,science,0.109,0,0
P0582,Q002,finance,0.0548,0,0
P0582,Q003,finance,0.2218,0,0
P0582,Q004,science,0.0233,0,0
P0582,Q005,politics,0.0619,0,0
P0582,Q006,education,0.0655,0,0
P0582,Q007,politics,0.0045,0,0
P0582,Q008,politics,0.1416,0,0
P0582,Q009,politics,0.0468,0,0
P0582,Q010,education,0.105,0,0
P0583,Q001,science,0.6406,1,0
P0583,Q002,finance,0.25,0,1
P0583,Q003,finance,0.595,1,0
P0583,Q004,science,0.1692,0,0
P0583,Q005,politics,0.4106,1,0
P0583,Q006,education,0.25,1,1
P0583,Q007,politics,0.1115,0,0
P0583,Q008,politics,0.25,0,1
P0583,Q009,politics,0.5317,1,0
P0583,Q010,education,0.6806,0,0
P0584,Q001,science,0.8041,0,0
P0584,Q002,finance,0.25,1,1
P0584,Q003,finance,0.71,1,0
P0584,Q004,science,0.2843,1,0
P0584,Q005,politics,0.5921,1,0
P0584,Q006,education,0.7538,0,0
P0584,Q007,politics,0.2609,0,0
P0584,Q008,politics,0.8362,1,0
P0584,Q009,politics,0.7513,0,0
P0584,Q010,education,0.8402,1,0
P0585,Q001,science,0.8017,0,0
P0585,Q002,finance,0.675,1,0
P0585,Q003,finance,0.7081,1,0
P0585,Q004,science,0.2819,0,0
P0585,Q005,politics,0.5889,0,0
P0585,Q006,education,0.7507,1,0
P0585,Q007,politics,0.2572,0,0
P0585,Q008,politics,0.8341,1,0
P0585,Q009,politics,0.7479,1,0
P0585,Q010,education,0.8379,1,0
P0586,Q001,science,0.476,0,0
P0586,Q002,finance,0.3107,1,0
P0586,Q003,finance,0.493,0,0
P0586,Q004,science,0.1061,0,0
P0586,Q005,politics,0.278,0,0
P0586,Q006,education,0.3769,1,0
P0586,Q007,politics,0.0516,0,0
P0586,Q008,politics,0.539,1,0
P0586,Q009,politics,0.3399,0,0
P0586,Q010,education,0.5067,0,0
P0587,Q001,science,0.4611,0,0
P0587,Q002,finance,0.2978,1,0
P0587,Q003,finance,0.4839,0,0
P0587,Q004,science,0.1016,0,0
P0587,Q005,politics,0.2676,1,0
P0587,Q006,education,0.362,0,0
P0587,Q007,politics,0.0481,0,0
P0587,Q008,politics,0.5246,1,0
P0587,Q009,politics,0.3244,0,0
P0587,Q010,education,0.4906,1,0
P0588,Q001,science,0.5463,0,0
P0588,Q002,finance,0.3756,0,0
P0588,Q003,finance,0.5361,0,0
P0588,Q004,science,0.1295,1,0
P0588,Q005,politics,0.3304,1,0
P0588,Q006,education,0.4503,0,0
P0588,Q007,politics,0.0716,0,0
P0588,Q008,politics,0.6064,1,0
P0588,Q009,politics,0.4175,1,0
P0588,Q010,education,0.5823,0,0
P0589,Q001,science,0.8208,1,0
P0589,Q002,finance,0.7025,0,0
P0589,Q003,finance,0.7237,1,0
P0589,Q004,science,0.3026,0,0
P0589,Q005,politics,0.6153,0,0
P0589,Q006,education,0.7751,1,0
P0589,Q007,politics,0.2881,0,0
P0589,Q008,politics,0.8504,1,0
P0589,Q009,politics,0.7746,1,0
P0589,Q010,education,0.8555,1,0
P0590,Q001,science,0.5254,0,0
P0590,Q002,finance,0.3557,0,0
P0590,Q003,finance,0.5233,0,0
P0590,Q004,science,0.1221,0,0
P0590,Q005,politics,0.3143,0,0
P0590,Q006,education,0.4281,1,0
P0590,Q007,politics,0.065,0,0
P0590,Q008,politics,0.5866,0,0
P0590,Q009,politics,0.3938,1,0
P0590,Q010,education,0.5601,1,0
P0591,Q001,science,0.5908,0,0
P0591,Q002,finance,0.4201,0,0
P0591,Q003,finance,0.5636,1,0
P0591,Q004,science,0.1468,0,0
P0591,Q005,politics,0.3667,0,0
P0591,Q006,education,0.499,0,0
P0591,Q007,politics,0.0881,0,0
P0591,Q008,politics,0.6478,1,0
P0591,Q009,politics,0.4701,1,0
P0591,Q010,education,0.6292,1,0
P0592,Q001,science,0.7824,1,0
P0592,Q002,finance,0.6482,1,0
P0592,Q003,finance,0.693,0,0
P0592,Q004,science,0.2632,0,0
P0592,Q005,politics,0.5637,1,0
P0592,Q006,education,0.7264,1,0
P0592,Q007,politics,0.2304,1,0
P0592,Q008,politics,0.8177,1,0
P0592,Q009,politics,0.7211,0,0
P0592,Q010,education,0.82,1,0
P0593,Q001,science,0.9827,1,0
P0593,Q002,finance,0.9688,1,0
P0593,Q003,finance,0.9245,1,0
P0593,Q004,science,0.7655,1,0
P0593,Q005,politics,0.9362,1,0
P0593,Q006,education,0.981,1,0
P0593,Q007,politics,0.9019,1,0
P0593,Q008,politics,0.9852,1,0
P0593,Q009,politics,0.985,1,0
P0593,Q010,education,0.9891,1,0
P0594,Q001,science,0.2165,0,0
P0594,Q002,finance,0.1177,0,0
P0594,Q003,finance,0.3194,0,0
P0594,Q004,science,0.0437,0,0
P0594,Q005,politics,0.119,1,0
P0594,Q006,education,0.1441,0,0
P0594,Q007,politics,0.0123,0,0
P0594,Q008,politics,0.2678,0,0
P0594,Q009,politics,0.1131,0,0
P0594,Q010,education,0.2208,0,0
P0595,Q001,science,0.9367,1,0
P0595,Q002,finance,0.887,1,0
P0595,Q003,finance,0.8431,1,0
P0595,Q004,science,0.5263,0,0
P0595,Q005,politics,0.8179,1,0
P0595,Q006,education,0.9241,1,0
P0595,Q007,politics,0.6342,1,0
P0595,Q008,politics,0.9471,1,0
P0595,Q009,politics,0.9315,1,0
P0595,Q010,education,0.9547,1,0
P0596,Q001,science,0.4971,0,0
P0596,Q002,finance,0.3296,1,0
P0596,Q003,finance,0.5059,0,0
P0596,Q004,science,0.1127,0,0
P0596,Q005,politics,0.2931,0,0
P0596,Q006,education,0.3985,1,0
P0596,Q007,politics,0.0569,1,0
P0596,Q008,politics,0.5595,0,0
P0596,Q009,politics,0.3625,0,0
P0596,Q010,education,0.5296,0,0
P0597,Q001,science,0.5021,0,0
P0597,Q002,finance,0.3341,0,0
P0597,Q003,finance,0.509,0,0
P0597,Q004,science,0.1143,0,0
P0597,Q005,politics,0.2968,0,0
P0597,Q006,education,0.4037,1,0
P0597,Q007,politics,0.0583,0,0
P0597,Q008,politics,0.5643,1,0
P0597,Q009,politics,0.368,0,0
P0597,Q010,education,0.535,0,0
P0598,Q001,science,0.7452,1,0
P0598,Q002,finance,0.5988,0,0
P0598,Q003,finance,0.6655,1,0
P0598,Q004,science,0.2325,0,0
P0598,Q005,politics,0.5187,1,0
P0598,Q006,education,0.6803,0,0
P0598,Q007,politics,0.1883,1,0
P0598,Q008,politics,0.7857,1,0
P0598,Q009,politics,0.67,1,0
P0598,Q010,education,0.7847,0,0
P0599,Q001,science,0.7141,0,0
P0599,Q002,finance,0.5594,1,0
P0599,Q003,finance,0.6437,1,0
P0599,Q004,science,0.2107,0,0
P0599,Q005,politics,0.484,1,0
P0599,Q006,education,0.6423,0,0
P0599,Q007,politics,0.25,0,1
P0599,Q008,politics,0.7586,1,0
P0599,Q009,politics,0.6279,1,0
P0599,Q010,education,0.7544,1,0
P0600,Q001,science,0.3453,0,0
P0600,Q002,finance,0.2054,1,0
P0600,Q003,finance,0.4108,0,0
P0600,Q004,science,0.0713,0,0
P0600,Q005,politics,0.1926,0,0
P0600,Q006,education,0.2522,0,0
P0600,Q007,politics,0.027,0,0
P0600,Q008,politics,0.4074,0,0
P0600,Q009,politics,0.214,0,0
P0600,Q010,education,0.3632,1,0
P0601,Q001,science,0.4039,0,0
P0601,Q002,finance,0.2504,0,0
P0601,Q003,finance,0.25,0,1
P0601,Q004,science,0.0858,0,0
P0601,Q005,politics,0.2292,0,0
P0601,Q006,education,0.3062,0,0
P0601,Q007,politics,0.0364,0,0
P0601,Q008,politics,0.4676,1,0
P0601,Q009,politics,0.2675,0,0
P0601,Q010,education,0.25,0,1
P0602,Q001,science,0.1756,0,0
P0602,Q002,finance,0.0927,0,0
P0602,Q003,finance,0.2858,1,0
P0602,Q004,science,0.0358,0,0
P0602,Q005,politics,0.097,0,0
P0602,Q006,education,0.1129,0,0
P0602,Q007,politics,0.0089,0,0
P0602,Q008,politics,0.2209,0,0
P0602,Q009,politics,0.25,0,1
P0602,Q010,education,0.1761,0,0
P0603,Q001,science,0.5831,0,0
P0603,Q002,finance,0.4121,1,0
P0603,Q003,finance,0.5588,0,0
P0603,Q004,science,0.1436,0,0
P0603,Q005,politics,0.3601,0,0
P0603,Q006,education,0.4903,1,0
P0603,Q007,politics,0.085,1,0
P0603,Q008,politics,0.6406,0,0
P0603,Q009,politics,0.4607,0,0
P0603,Q010,education,0.6211,0,0
P0604,Q001,science,0.9447,1,0
P0604,Q002,finance,0.9007,1,0
P0604,Q003,finance,0.8542,1,0
P0604,Q004,science,0.5545,1,0
P0604,Q005,politics,0.8358,1,0
P0604,Q006,education,0.9341,1,0
P0604,Q007,politics,0.674,0,0
P0604,Q008,politics,0.9536,1,0
P0604,Q009,politics,0.9414,1,0
P0604,Q010,education,0.9609,1,0
P0605,Q001,science,0.7211,1,0
P0605,Q002,finance,0.5681,1,0
P0605,Q003,finance,0.6485,0,0
P0605,Q004,science,0.2153,0,0
P0605,Q005,politics,0.4915,1,0
P0605,Q006,education,0.6507,1,0
P0605,Q007,politics,0.25,0,1
P0605,Q008,politics,0.25,0,1
P0605,Q009,politics,0.6373,1,0
P0605,Q010,education,0.7612,1,0
P0606,Q001,science,0.7547,1,0
P0606,Q002,finance,0.6111,1,0
P0606,Q003,finance,0.6724,0,0
P0606,Q004,science,0.2398,0,0
P0606,Q005,politics,0.5298,1,0
P0606,Q006,education,0.692,1,0
P0606,Q007,politics,0.1981,0,0
P0606,Q008,politics,0.7939,1,0
P0606,Q009,politics,0.683,0,0
P0606,Q010,education,0.7938,1,0
P0607,Q001,science,0.7654,1,0
P0607,Q002,finance,0.6252,1,0
P0607,Q003,finance,0.6802,1,0
P0607,Q004,science,0.2484,1,0
P0607,Q005,politics,0.5426,1,0
P0607,Q006,education,0.7052,1,0
P0607,Q007,politics,0.2098,0,0
P0607,Q008,politics,0.8031,1,0
P0607,Q009,politics,0.6976,1,0
P0607,Q010,education,0.8039,1,0
P0608,Q001,science,0.8238,1,0
P0608,Q002,finance,0.7068,1,0
P0608,Q003,finance,0.7261,1,0
P0608,Q004,science,0.306,0,0
P0608,Q005,politics,0.6195,0,0
P0608,Q006,education,0.7788,1,0
P0608,Q007,politics,0.2931,0,0
P0608,Q008,politics,0.8529,1,0
P0608,Q009,politics,0.7787,1,0
P0608,Q010,education,0.8582,1,0
P0609,Q001,science,0.6232,1,0
P0609,Q002,finance,0.4542,1,0
P0609,Q003,finance,0.25,1,1
P0609,Q004,science,0.1609,1,0
P0609,Q005,politics,0.3948,0,0
P0609,Q006,education,0.5354,0,0
P0609,Q007,politics,0.1026,0,0
P0609,Q008,politics,0.6774,0,0
P0609,Q009,politics,0.25,0,1
P0609,Q010,education,0.6628,1,0
P0610,Q001,science,0.828,1,0
P0610,Q002,finance,0.713,1,0
P0610,Q003,finance,0.7297,1,0
P0610,Q004,science,0.311,1,0
P0610,Q005,politics,0.6255,1,0
P0610,Q006,education,0.7842,1,0
P0610,Q007,politics,0.3007,1,0
P0610,Q008,politics,0.8564,1,0
P0610,Q009,politics,0.7845,1,0
P0610,Q010,education,0.862,0,0
P0611,Q001,science,0.25,0,1
P0611,Q002,finance,0.2028,1,0
P0611,Q003,finance,0.4085,0,0
P0611,Q004,science,0.0705,0,0
P0611,Q005,politics,0.1905,0,0
P0611,Q006,education,0.2491,0,0
P0611,Q007,politics,0.25,0,1
P0611,Q008,politics,0.4038,0,0
P0611,Q009,politics,0.211,0,0
P0611,Q010,education,0.3594,0,0
P0612,Q001,science,0.25,0,1
P0612,Q002,finance,0.5911,1,0
P0612,Q003,finance,0.6613,1,0
P0612,Q004,science,0.2281,0,0
P0612,Q005,politics,0.25,0,1
P0612,Q006,education,0.673,0,0
P0612,Q007,politics,0.1825,0,0
P0612,Q008,politics,0.7806,0,0
P0612,Q009,politics,0.662,1,0
P0612,Q010,education,0.779,1,0
P0613,Q001,science,0.6183,1,0
P0613,Q002,finance,0.449,0,0
P0613,Q003,finance,0.5808,1,0
P0613,Q004,science,0.1587,0,0
P0613,Q005,politics,0.3904,1,0
P0613,Q006,education,0.5298,0,0
P0613,Q007,politics,0.1002,0,0
P0613,Q008,politics,0.673,0,0
P0613,Q009,politics,0.5037,0,0
P0613,Q010,education,0.6577,0,0
P0614,Q001,science,0.8135,1,0
P0614,Q002,finance,0.6919,1,0
P0614,Q003,finance,0.7176,1,0
P0614,Q004,science,0.2944,0,0
P0614,Q005,politics,0.605,1,0
P0614,Q006,education,0.7657,1,0
P0614,Q007,politics,0.2757,0,0
P0614,Q008,politics,0.8442,0,0
P0614,Q009,politics,0.7643,0,0
P0614,Q010,education,0.8488,1,0
P0615,Q001,science,0.0805,0,0
P0615,Q002,finance,0.0395,0,0
P0615,Q003,finance,0.1884,0,0
P0615,Q004,science,0.0179,0,0
P0615,Q005,politics,0.0468,0,0
P0615,Q006,education,0.0466,0,0
P0615,Q007,politics,0.003,0,0
P0615,Q008,politics,0.1063,0,0
P0615,Q009,politics,0.0321,0,0
P0615,Q010,education,0.0755,0,0
P0616,Q001,science,0.3173,0,0
P0616,Q002,finance,0.185,0,0
P0616,Q003,finance,0.3921,1,0
P0616,Q004,science,0.25,0,1
P0616,Q005,politics,0.1759,0,0
P0616,Q006,education,0.2274,1,0
P0616,Q007,politics,0.0231,0,0
P0616,Q008,politics,0.3779,1,0
P0616,Q009,politics,0.1901,0,0
P0616,Q010,education,0.3322,0,0
P0617,Q001,science,0.6893,1,0
P0617,Q002,finance,0.5293,0,0
P0617,Q003,finance,0.6268,1,0
P0617,Q004,science,0.1953,0,0
P0617,Q005,politics,0.4579,0,0
P0617,Q006,education,0.6124,0,0
P0617,Q007,politics,0.1413,0,0
P0617,Q008,politics,0.7367,1,0
P0617,Q009,politics,0.5948,0,0
P0617,Q010,education,0.7298,1,0
P0618,Q001,science,0.3336,0,0
P0618,Q002,finance,0.1968,0,0
P0618,Q003,finance,0.403,1,0
P0618,Q004,science,0.0686,0,0
P0618,Q005,politics,0.1856,0,0
P0618,Q006,education,0.2417,0,0
P0618,Q007,politics,0.0253,0,0
P0618,Q008,politics,0.3952,0,0
P0618,Q009,politics,0.2038,0,0
P0618,Q010,education,0.3502,0,0
P0619,Q001,science,0.2974,1,0
P0619,Q002,finance,0.1711,0,0
P0619,Q003,finance,0.3786,0,0
P0619,Q004,science,0.0605,0,0
P0619,Q005,politics,0.1643,0,0
P0619,Q006,education,0.2102,0,0
P0619,Q007,politics,0.25,0,1
P0619,Q008,politics,0.3567,1,0
P0619,Q009,politics,0.1738,0,0
P0619,Q010,education,0.3101,0,0
P0620,Q001,science,0.3868,0,0
P0620,Q002,finance,0.2369,0,0
P0620,Q003,finance,0.4375,0,0
P0620,Q004,science,0.0814,0,0
P0620,Q005,politics,0.2184,0,0
P0620,Q006,education,0.2902,0,0
P0620,Q007,politics,0.0334,0,0
P0620,Q008,politics,0.4503,0,0
P0620,Q009,politics,0.2514,0,0
P0620,Q010,education,0.4092,0,0
P0621,Q001,science,0.5937,1,0
P0621,Q002,finance,0.4231,1,0
P0621,Q003,finance,0.5654,1,0
P0621,Q004,science,0.148,0,0
P0621,Q005,politics,0.3691,1,0
P0621,Q006,education,0.5022,0,0
P0621,Q007,politics,0.0893,0,0
P0621,Q008,politics,0.6505,0,0
P0621,Q009,politics,0.4736,0,0
P0621,Q010,education,0.6322,0,0
P0622,Q001,science,0.24,0,0
P0622,Q002,finance,0.1326,0,0
P0622,Q003,finance,0.3374,0,0
P0622,Q004,science,0.0484,0,0
P0622,Q005,politics,0.1319,0,0
P0622,Q006,education,0.1627,0,0
P0622,Q007,politics,0.0145,0,0
P0622,Q008,politics,0.2941,0,0
P0622,Q009,politics,0.1298,0,0
P0622,Q010,education,0.2467,0,0
P0623,Q001,science,0.2708,0,0
P0623,Q002,finance,0.1529,0,0
P0623,Q003,finance,0.36,1,0
P0623,Q004,science,0.0548,0,0
P0623,Q005,politics,0.1491,0,0
P0623,Q006,education,0.1879,0,0
P0623,Q007,politics,0.0176,0,0
P0623,Q008,politics,0.328,1,0
P0623,Q009,politics,0.1529,0,0
P0623,Q010,education,0.2807,0,0
P0624,Q001,science,0.926,1,0
P0624,Q002,finance,0.8685,1,0
P0624,Q003,finance,0.829,1,0
P0624,Q004,science,0.4927,1,0
P0624,Q005,politics,0.7949,1,0
P0624,Q006,education,0.9104,1,0
P0624,Q007,politics,0.5846,0,0
P0624,Q008,politics,0.9382,1,0
P0624,Q009,politics,0.9179,1,0
P0624,Q010,education,0.9462,0,0
P0625,Q001,science,0.9179,1,0
P0625,Q002,finance,0.8548,1,0
P0625,Q003,finance,0.8189,1,0
P0625,Q004,science,0.4701,1,0
P0625,Q005,politics,0.7782,1,0
P0625,Q006,education,0.9,1,0
P0625,Q007,politics,0.5503,0,0
P0625,Q008,politics,0.9315,1,0
P0625,Q009,politics,0.9073,1,0
P0625,Q010,education,0.9396,1,0
P0626,Q001,science,0.6019,1,0
P0626,Q002,finance,0.4317,0,0
P0626,Q003,finance,0.5705,1,0
P0626,Q004,science,0.1515,0,0
P0626,Q005,politics,0.3761,1,0
P0626,Q006,education,0.5114,1,0
P0626,Q007,politics,0.0928,0,0
P0626,Q008,politics,0.658,1,0
P0626,Q009,politics,0.4836,0,0
P0626,Q010,education,0.6408,0,0
P0627,Q001,science,0.9626,1,0
P0627,Q002,finance,0.9325,1,0
P0627,Q003,finance,0.8829,1,0
P0627,Q004,science,0.6338,0,0
P0627,Q005,politics,0.8796,1,0
P0627,Q006,education,0.9566,1,0
P0627,Q007,politics,0.7749,0,0
P0627,Q008,politics,0.9685,1,0
P0627,Q009,politics,0.963,1,0
P0627,Q010,education,0.9746,1,0
P0628,Q001,science,0.7359,1,0
P0628,Q002,finance,0.5867,0,0
P0628,Q003,finance,0.6589,1,0
P0628,Q004,science,0.2256,0,0
P0628,Q005,politics,0.508,1,0
P0628,Q006,education,0.6688,1,0
P0628,Q007,politics,0.1792,0,0
P0628,Q008,politics,0.7776,1,0
P0628,Q009,politics,0.6573,0,0
P0628,Q010,education,0.7756,1,0
P0629,Q001,science,0.8626,1,0
P0629,Q002,finance,0.7653,1,0
P0629,Q003,finance,0.7606,0,0
P0629,Q004,science,0.3584,0,0
P0629,Q005,politics,0.6786,0,0
P0629,Q006,education,0.8287,1,0
P0629,Q007,politics,0.3743,1,0
P0629,Q008,politics,0.8855,1,0
P0629,Q009,politics,0.25,0,1
P0629,Q010,education,0.8928,1,0
P0630,Q001,science,0.8864,1,0
P0630,Q002,finance,0.8028,0,0
P0630,Q003,finance,0.25,1,1
P0630,Q004,science,0.25,0,1
P0630,Q005,politics,0.7187,1,0
P0630,Q006,education,0.8593,1,0
P0630,Q007,politics,0.439,0,0
P0630,Q008,politics,0.9053,1,0
P0630,Q009,politics,0.25,0,1
P0630,Q010,education,0.9133,1,0
P0631,Q001,science,0.1555,0,0
P0631,Q002,finance,0.0809,0,0
P0631,Q003,finance,0.2679,0,0
P0631,Q004,science,0.032,0,0
P0631,Q005,politics,0.0863,0,0
P0631,Q006,education,0.0981,0,0
P0631,Q007,politics,0.0075,0,0
P0631,Q008,politics,0.1973,0,0
P0631,Q009,politics,0.0734,0,0
P0631,Q010,education,0.1543,0,0
P0632,Q001,science,0.0464,0,0
P0632,Q002,finance,0.022,0,0
P0632,Q003,finance,0.1394,0,0
P0632,Q004,science,0.0112,0,0
P0632,Q005,politics,0.0284,0,0
P0632,Q006,education,0.0253,0,0
P0632,Q007,politics,0.0014,0,0
P0632,Q008,politics,0.0627,0,0
P0632,Q009,politics,0.0163,0,0
P0632,Q010,education,0.0414,0,0
P0633,Q001,science,0.2717,1,0
P0633,Q002,finance,0.1535,0,0
P0633,Q003,finance,0.3606,1,0
P0633,Q004,science,0.055,0,0
P0633,Q005,politics,0.1496,0,0
P0633,Q006,education,0.1886,1,0
P0633,Q007,politics,0.0177,0,0
P0633,Q008,politics,0.329,1,0
P0633,Q009,politics,0.1535,0,0
P0633,Q010,education,0.2817,1,0
P0634,Q001,science,0.8343,1,0
P0634,Q002,finance,0.7223,0,0
P0634,Q003,finance,0.735,1,0
P0634,Q004,science,0.3188,0,0
P0634,Q005,politics,0.6347,0,0
P0634,Q006,education,0.7922,1,0
P0634,Q007,politics,0.3126,1,0
P0634,Q008,politics,0.8617,1,0
P0634,Q009,politics,0.7933,1,0
P0634,Q010,education,0.8677,1,0
P0635,Q001,science,0.3805,1,0
P0635,Q002,finance,0.232,1,0
P0635,Q003,finance,0.4335,0,0
P0635,Q004,science,0.0798,0,0
P0635,Q005,politics,0.2144,1,0
P0635,Q006,education,0.2843,0,0
P0635,Q007,politics,0.0324,0,0
P0635,Q008,politics,0.4438,1,0
P0635,Q009,politics,0.2456,0,0
P0635,Q010,education,0.4022,0,0
P0636,Q001,science,0.8438,1,0
P0636,Q002,finance,0.7366,1,0
P0636,Q003,finance,0.7434,0,0
P0636,Q004,science,0.3312,0,0
P0636,Q005,politics,0.6491,1,0
P0636,Q006,education,0.8045,0,0
P0636,Q007,politics,0.3317,0,0
P0636,Q008,politics,0.8698,0,0
P0636,Q009,politics,0.8066,1,0
P0636,Q010,education,0.8762,1,0
P0637,Q001,science,0.8623,1,0
P0637,Q002,finance,0.7648,1,0
P0637,Q003,finance,0.7602,1,0
P0637,Q004,science,0.3579,1,0
P0637,Q005,politics,0.678,1,0
P0637,Q006,education,0.8282,1,0
P0637,Q007,politics,0.3734,0,0
P0637,Q008,politics,0.25,0,1
P0637,Q009,politics,0.8321,1,0
P0637,Q010,education,0.8925,1,0
P0638,Q001,science,0.4208,0,0
P0638,Q002,finance,0.264,0,0
P0638,Q003,finance,0.4589,0,0
P0638,Q004,science,0.0903,0,0
P0638,Q005,politics,0.2403,0,0
P0638,Q006,education,0.3224,0,0
P0638,Q007,politics,0.0396,0,0
P0638,Q008,politics,0.4846,1,0
P0638,Q009,politics,0.2839,1,0
P0638,Q010,education,0.4465,0,0
P0639,Q001,science,0.5266,1,0
P0639,Q002,finance,0.3568,0,0
P0639,Q003,finance,0.524,1,0
P0639,Q004,science,0.1225,0,0
P0639,Q005,politics,0.3152,1,0
P0639,Q006,education,0.4293,1,0
P0639,Q007,politics,0.0654,0,0
P0639,Q008,politics,0.5878,0,0
P0639,Q009,politics,0.25,0,1
P0639,Q010,education,0.5613,0,0
P0640,Q001,science,0.9084,1,0
P0640,Q002,finance,0.8389,0,0
P0640,Q003,finance,0.8078,1,0
P0640,Q004,science,0.4463,0,0
P0640,Q005,politics,0.7595,1,0
P0640,Q006,education,0.8878,1,0
P0640,Q007,politics,0.5134,1,0
P0640,Q008,politics,0.9236,1,0
P0640,Q009,politics,0.8948,0,0
P0640,Q010,education,0.9318,1,0
P0641,Q001,science,0.7137,1,0
P0641,Q002,finance,0.5589,0,0
P0641,Q003,finance,0.6434,1,0
P0641,Q004,science,0.2104,0,0
P0641,Q005,politics,0.4835,1,0
P0641,Q006,education,0.6418,0,0
P0641,Q007,politics,0.1598,0,0
P0641,Q008,politics,0.7582,1,0
P0641,Q009,politics,0.6273,1,0
P0641,Q010,education,0.754,1,0
P0642,Q001,science,0.25,0,1
P0642,Q002,finance,0.543,0,0
P0642,Q003,finance,0.6345,1,0
P0642,Q004,science,0.2022,1,0
P0642,Q005,politics,0.4697,0,0
P0642,Q006,education,0.6261,1,0
P0642,Q007,politics,0.1496,0,0
P0642,Q008,politics,0.7468,0,0
P0642,Q009,politics,0.6099,0,0
P0642,Q010,education,0.7412,1,0
P0643,Q001,science,0.7369,1,0
P0643,Q002,finance,0.5879,1,0
P0643,Q003,finance,0.6596,1,0
P0643,Q004,science,0.2263,0,0
P0643,Q005,politics,0.5091,0,0
P0643,Q006,education,0.67,0,0
P0643,Q007,politics,0.1801,1,0
P0643,Q008,politics,0.7784,1,0
P0643,Q009,politics,0.6586,1,0
P0643,Q010,education,0.7766,0,0
P0644,Q001,science,0.625,0,0
P0644,Q002,finance,0.4562,1,0
P0644,Q003,finance,0.5851,0,0
P0644,Q004,science,0.1618,0,0
P0644,Q005,politics,0.3964,0,0
P0644,Q006,education,0.5374,0,0
P0644,Q007,politics,0.1035,0,0
P0644,Q008,politics,0.6791,0,0
P0644,Q009,politics,0.5121,0,0
P0644,Q010,education,0.6646,0,0
P0645,Q001,science,0.2593,0,0
P0645,Q002,finance,0.1453,0,0
P0645,Q003,finance,0.3517,0,0
P0645,Q004,science,0.25,0,1
P0645,Q005,politics,0.1426,0,0
P0645,Q006,education,0.1784,0,0
P0645,Q007,politics,0.0164,0,0
P0645,Q008,politics,0.3154,0,0
P0645,Q009,politics,0.1441,0,0
P0645,Q010,education,0.268,0,0
P0646,Q001,science,0.4521,0,0
P0646,Q002,finance,0.25,0,1
P0646,Q003,finance,0.4783,0,0
P0646,Q004,science,0.099,0,0
P0646,Q005,politics,0.2613,0,0
P0646,Q006,education,0.25,0,1
P0646,Q007,politics,0.046,0,0
P0646,Q008,politics,0.5156,0,0
P0646,Q009,politics,0.25,0,1
P0646,Q010,education,0.4807,0,0
P0647,Q001,science,0.6178,1,0
P0647,Q002,finance,0.4484,1,0
P0647,Q003,finance,0.25,0,1
P0647,Q004,science,0.1585,0,0
P0647,Q005,politics,0.39,0,0
P0647,Q006,education,0.25,0,1
P0647,Q007,politics,0.25,1,1
P0647,Q008,politics,0.6725,1,0
P0647,Q009,politics,0.5031,1,0
P0647,Q010,education,0.25,1,1
P0648,Q001,science,0.9197,1,0
P0648,Q002,finance,0.8577,0,0
P0648,Q003,finance,0.821,1,0
P0648,Q004,science,0.4748,0,0
P0648,Q005,politics,0.7817,1,0
P0648,Q006,education,0.9022,1,0
P0648,Q007,politics,0.5575,1,0
P0648,Q008,politics,0.9329,1,0
P0648,Q009,politics,0.9096,1,0
P0648,Q010,education,0.941,0,0
P0649,Q001,science,0.9554,1,0
P0649,Q002,finance,0.9197,1,0
P0649,Q003,finance,0.8707,0,0
P0649,Q004,science,0.599,1,0
P0649,Q005,politics,0.8615,1,0
P0649,Q006,education,0.9477,1,0
P0649,Q007,politics,0.7327,1,0
P0649,Q008,politics,0.25,0,1
P0649,Q009,politics,0.9545,1,0
P0649,Q010,education,0.9692,1,0
P0650,Q001,science,0.9454,1,0
P0650,Q002,finance,0.902,1,0
P0650,Q003,finance,0.8552,1,0
P0650,Q004,science,0.5572,1,0
P0650,Q005,politics,0.8374,1,0
P0650,Q006,education,0.935,1,0
P0650,Q007,politics,0.6776,1,0
P0650,Q008,politics,0.25,0,1
P0650,Q009,politics,0.9423,1,0
P0650,Q010,education,0.9615,1,0
P0651,Q001,science,0.7355,0,0
P0651,Q002,finance,0.25,1,1
P0651,Q003,finance,0.25,0,1
P0651,Q004,science,0.2254,0,0
P0651,Q005,politics,0.5076,0,0
P0651,Q006,education,0.6683,1,0
P0651,Q007,politics,0.25,0,1
P0651,Q008,politics,0.7773,1,0
P0651,Q009,politics,0.6568,0,0
P0651,Q010,education,0.7753,1,0
P0652,Q001,science,0.9596,1,0
P0652,Q002,finance,0.9272,1,0
P0652,Q003,finance,0.8777,0,0
P0652,Q004,science,0.6187,0,0
P0652,Q005,politics,0.872,0,0
P0652,Q006,education,0.9529,1,0
P0652,Q007,politics,0.7571,1,0
P0652,Q008,politics,0.966,1,0
P0652,Q009,politics,0.9595,1,0
P0652,Q010,education,0.9724,1,0
P0653,Q001,science,0.7384,1,0
P0653,Q002,finance,0.5899,1,0
P0653,Q003,finance,0.6607,1,0
P0653,Q004,science,0.2274,1,0
P0653,Q005,politics,0.5108,0,0
P0653,Q006,education,0.6719,1,0
P0653,Q007,politics,0.1816,0,0
P0653,Q008,politics,0.7798,1,0
P0653,Q009,politics,0.6607,1,0
P0653,Q010,education,0.7781,0,0
P0654,Q001,science,0.5109,0,0
P0654,Q002,finance,0.3422,0,0
P0654,Q003,finance,0.5144,1,0
P0654,Q004,science,0.1172,0,0
P0654,Q005,politics,0.3033,0,0
P0654,Q006,education,0.4128,1,0
P0654,Q007,politics,0.0607,0,0
P0654,Q008,politics,0.5728,0,0
P0654,Q009,politics,0.3776,1,0
P0654,Q010,education,0.5445,0,0
P0655,Q001,science,0.3609,0,0
P0655,Q002,finance,0.217,1,0
P0655,Q003,finance,0.4209,0,0
P0655,Q004,science,0.075,0,0
P0655,Q005,politics,0.2021,0,0
P0655,Q006,education,0.2663,0,0
P0655,Q007,politics,0.0293,0,0
P0655,Q008,politics,0.4236,1,0
P0655,Q009,politics,0.2277,1,0
P0655,Q010,education,0.3805,0,0
P0656,Q001,science,0.8574,1,0
P0656,Q002,finance,0.7572,1,0
P0656,Q003,finance,0.7556,1,0
P0656,Q004,science,0.3504,0,0
P0656,Q005,politics,0.6701,0,0
P0656,Q006,education,0.8219,1,0
P0656,Q007,politics,0.3616,0,0
P0656,Q008,politics,0.8811,1,0
P0656,Q009,politics,0.8253,1,0
P0656,Q010,education,0.8882,1,0
P0657,Q001,science,0.7612,1,0
P0657,Q002,finance,0.6197,1,0
P0657,Q003,finance,0.6771,1,0
P0657,Q004,science,0.245,0,0
P0657,Q005,politics,0.5375,0,0
P0657,Q006,education,0.7,0,0
P0657,Q007,politics,0.2051,0,0
P0657,Q008,politics,0.7995,1,0
P0657,Q009,politics,0.6919,1,0
P0657,Q010,education,0.8,0,0
P0658,Q001,science,0.9543,1,0
P0658,Q002,finance,0.9178,1,0
P0658,Q003,finance,0.869,1,0
P0658,Q004,science,0.5942,0,0
P0658,Q005,politics,0.8588,1,0
P0658,Q006,education,0.9463,1,0
P0658,Q007,politics,0.7266,1,0
P0658,Q008,politics,0.9616,1,0
P0658,Q009,politics,0.9532,1,0
P0658,Q010,education,0.9684,1,0
P0659,Q001,science,0.7004,1,0
P0659,Q002,finance,0.5426,1,0
P0659,Q003,finance,0.6343,1,0
P0659,Q004,science,0.202,0,0
P0659,Q005,politics,0.4694,1,0
P0659,Q006,education,0.6257,1,0
P0659,Q007,politics,0.1494,0,0
P0659,Q008,politics,0.25,0,1
P0659,Q009,politics,0.25,0,1
P0659,Q010,education,0.7409,1,0
P0660,Q001,science,0.539,0,0
P0660,Q002,finance,0.3686,0,0
P0660,Q003,finance,0.5316,0,0
P0660,Q004,science,0.1268,0,0
P0660,Q005,politics,0.3247,1,0
P0660,Q006,education,0.4425,0,0
P0660,Q007,politics,0.0692,1,0
P0660,Q008,politics,0.5994,1,0
P0660,Q009,politics,0.4091,0,0
P0660,Q010,education,0.5745,1,0
P0661,Q001,science,0.8359,1,0
P0661,Q002,finance,0.7248,1,0
P0661,Q003,finance,0.7365,1,0
P0661,Q004,science,0.3209,1,0
P0661,Q005,politics,0.6372,0,0
P0661,Q006,education,0.7944,0,0
P0661,Q007,politics,0.3158,0,0
P0661,Q008,politics,0.8631,1,0
P0661,Q009,politics,0.25,0,1
P0661,Q010,education,0.8692,1,0
P0662,Q001,science,0.25,0,1
P0662,Q002,finance,0.0094,0,0
P0662,Q003,finance,0.0879,0,0
P0662,Q004,science,0.25,0,1
P0662,Q005,politics,0.0137,0,0
P0662,Q006,education,0.0103,0,0
P0662,Q007,politics,0.25,1,1
P0662,Q008,politics,0.0284,0,0
P0662,Q009,politics,0.0061,0,0
P0662,Q010,education,0.017,0,0
P0663,Q001,science,0.7818,1,0
P0663,Q002,finance,0.6474,1,0
P0663,Q003,finance,0.6926,1,0
P0663,Q004,science,0.2627,0,0
P0663,Q005,politics,0.5629,0,0
P0663,Q006,education,0.7257,0,0
P0663,Q007,politics,0.2297,0,0
P0663,Q008,politics,0.8172,1,0
P0663,Q009,politics,0.25,0,1
P0663,Q010,education,0.8194,1,0
P0664,Q001,science,0.4322,0,0
P0664,Q002,finance,0.2734,0,0
P0664,Q003,finance,0.466,0,0
P0664,Q004,science,0.0934,0,0
P0664,Q005,politics,0.25,0,1
P0664,Q006,education,0.25,0,1
P0664,Q007,politics,0.0418,0,0
P0664,Q008,politics,0.496,0,0
P0664,Q009,politics,0.2951,0,0
P0664,Q010,education,0.459,0,0
P0665,Q001,science,0.3962,0,0
P0665,Q002,finance,0.2442,0,0
P0665,Q003,finance,0.4434,1,0
P0665,Q004,science,0.0838,0,0
P0665,Q005,politics,0.2243,0,0
P0665,Q006,education,0.2989,0,0
P0665,Q007,politics,0.0351,0,0
P0665,Q008,politics,0.4598,0,0
P0665,Q009,politics,0.2602,0,0
P0665,Q010,education,0.4194,0,0
P0666,Q001,science,0.6276,0,0
P0666,Q002,finance,0.4591,1,0
P0666,Q003,finance,0.5867,0,0
P0666,Q004,science,0.163,0,0
P0666,Q005,politics,0.3988,0,0
P0666,Q006,education,0.5405,0,0
P0666,Q007,politics,0.1048,0,0
P0666,Q008,politics,0.6815,0,0
P0666,Q009,politics,0.5154,0,0
P0666,Q010,education,0.6674,1,0
P0667,Q001,science,0.8842,1,0
P0667,Q002,finance,0.7993,0,0
P0667,Q003,finance,0.7817,1,0
P0667,Q004,science,0.3952,0,0
P0667,Q005,politics,0.7149,1,0
P0667,Q006,education,0.8565,1,0
P0667,Q007,politics,0.4326,0,0
P0667,Q008,politics,0.9035,1,0
P0667,Q009,politics,0.8622,1,0
P0667,Q010,education,0.9115,1,0
P0668,Q001,science,0.25,0,1
P0668,Q002,finance,0.25,0,1
P0668,Q003,finance,0.5281,1,0
P0668,Q004,science,0.1248,0,0
P0668,Q005,politics,0.25,0,1
P0668,Q006,education,0.4365,0,0
P0668,Q007,politics,0.0674,1,0
P0668,Q008,politics,0.5941,0,0
P0668,Q009,politics,0.4028,0,0
P0668,Q010,education,0.5685,0,0
P0669,Q001,science,0.25,1,1
P0669,Q002,finance,0.0399,0,0
P0669,Q003,finance,0.1894,1,0
P0669,Q004,science,0.018,0,0
P0669,Q005,politics,0.0472,0,0
P0669,Q006,education,0.0471,0,0
P0669,Q007,politics,0.003,0,0
P0669,Q008,politics,0.1072,0,0
P0669,Q009,politics,0.0324,0,0
P0669,Q010,education,0.0763,0,0
P0670,Q001,science,0.8595,1,0
P0670,Q002,finance,0.25,0,1
P0670,Q003,finance,0.7577,1,0
P0670,Q004,science,0.3537,0,0
P0670,Q005,politics,0.25,0,1
P0670,Q006,education,0.8247,1,0
P0670,Q007,politics,0.3668,1,0
P0670,Q008,politics,0.8829,1,0
P0670,Q009,politics,0.8283,0,0
P0670,Q010,education,0.8901,1,0
P0671,Q001,science,0.9745,1,0
P0671,Q002,finance,0.9539,1,0
P0671,Q003,finance,0.9056,1,0
P0671,Q004,science,0.7037,1,0
P0671,Q005,politics,0.9119,1,0
P0671,Q006,education,0.9712,1,0
P0671,Q007,politics,0.8489,1,0
P0671,Q008,politics,0.9783,1,0
P0671,Q009,politics,0.9764,1,0
P0671,Q010,education,0.9833,1,0
P0672,Q001,science,0.8822,1,0
P0672,Q002,finance,0.7961,1,0
P0672,Q003,finance,0.7796,1,0
P0672,Q004,science,0.3914,0,0
P0672,Q005,politics,0.7113,1,0
P0672,Q006,education,0.8539,0,0
P0672,Q007,politics,0.4265,0,0
P0672,Q008,politics,0.9018,1,0
P0672,Q009,politics,0.8594,0,0
P0672,Q010,education,0.9097,1,0
P0673,Q001,science,0.1715,1,0
P0673,Q002,finance,0.0903,0,0
P0673,Q003,finance,0.2822,0,0
P0673,Q004,science,0.035,1,0
P0673,Q005,politics,0.0948,0,0
P0673,Q006,education,0.25,0,1
P0673,Q007,politics,0.0086,0,0
P0673,Q008,politics,0.2161,0,0
P0673,Q009,politics,0.0833,0,0
P0673,Q010,education,0.1717,0,0
P0674,Q001,science,0.8954,1,0
P0674,Q002,finance,0.8174,1,0
P0674,Q003,finance,0.7934,0,0
P0674,Q004,science,0.4173,1,0
P0674,Q005,politics,0.7349,0,0
P0674,Q006,education,0.8709,1,0
P0674,Q007,politics,0.25,0,1
P0674,Q008,politics,0.9128,1,0
P0674,Q009,politics,0.8774,1,0
P0674,Q010,education,0.25,0,1
P0675,Q001,science,0.1169,0,0
P0675,Q002,finance,0.0591,1,0
P0675,Q003,finance,0.2302,0,0
P0675,Q004,science,0.0247,0,0
P0675,Q005,politics,0.066,0,0
P0675,Q006,education,0.0709,0,0
P0675,Q007,politics,0.005,0,0
P0675,Q008,politics,0.1512,0,0
P0675,Q009,politics,0.051,0,0
P0675,Q010,education,0.1132,0,0
P0676,Q001,science,0.7989,1,0
P0676,Q002,finance,0.6712,0,0
P0676,Q003,finance,0.7059,0,0
P0676,Q004,science,0.2791,0,0
P0676,Q005,politics,0.5852,0,0
P0676,Q006,education,0.7473,1,0
P0676,Q007,politics,0.2532,0,0
P0676,Q008,politics,0.8318,1,0
P0676,Q009,politics,0.7441,1,0
P0676,Q010,education,0.25,1,1
P0677,Q001,science,0.25,0,1
P0677,Q002,finance,0.7658,1,0
P0677,Q003,finance,0.7609,0,0
P0677,Q004,science,0.359,1,0
P0677,Q005,politics,0.25,0,1
P0677,Q006,education,0.8291,1,0
P0677,Q007,politics,0.3751,0,0
P0677,Q008,politics,0.8858,1,0
P0677,Q009,politics,0.25,0,1
P0677,Q010,education,0.8931,1,0
P0678,Q001,science,0.9172,1,0
P0678,Q002,finance,0.25,0,1
P0678,Q003,finance,0.818,1,0
P0678,Q004,science,0.4681,1,0
P0678,Q005,politics,0.7767,1,0
P0678,Q006,education,0.899,1,0
P0678,Q007,politics,0.5472,1,0
P0678,Q008,politics,0.9309,1,0
P0678,Q009,politics,0.9063,1,0
P0678,Q010,education,0.939,1,0
P0679,Q001,science,0.5297,1,0
P0679,Q002,finance,0.3597,0,0
P0679,Q003,finance,0.5259,1,0
P0679,Q004,science,0.1236,0,0
P0679,Q005,politics,0.3175,0,0
P0679,Q006,education,0.4326,0,0
P0679,Q007,politics,0.0663,0,0
P0679,Q008,politics,0.5906,1,0
P0679,Q009,politics,0.3986,1,0
P0679,Q010,education,0.5646,1,0
P0680,Q001,science,0.9614,1,0
P0680,Q002,finance,0.9303,1,0
P0680,Q003,finance,0.25,0,1
P0680,Q004,science,0.6275,1,0
P0680,Q005,politics,0.25,0,1
P0680,Q006,education,0.25,0,1
P0680,Q007,politics,0.7675,1,0
P0680,Q008,politics,0.9674,1,0
P0680,Q009,politics,0.9616,1,0
P0680,Q010,education,0.25,1,1
P0681,Q001,science,0.326,0,0
P0681,Q002,finance,0.1913,0,0
P0681,Q003,finance,0.398,0,0
P0681,Q004,science,0.0668,0,0
P0681,Q005,politics,0.181,0,0
P0681,Q006,education,0.235,1,0
P0681,Q007,politics,0.0243,0,0
P0681,Q008,politics,0.3872,1,0
P0681,Q009,politics,0.1974,0,0
P0681,Q010,education,0.3418,0,0
P0682,Q001,science,0.2845,1,0
P0682,Q002,finance,0.1622,0,0
P0682,Q003,finance,0.3696,0,0
P0682,Q004,science,0.0577,0,0
P0682,Q005,politics,0.1569,0,0
P0682,Q006,education,0.1993,1,0
P0682,Q007,politics,0.0191,0,0
P0682,Q008,politics,0.3429,0,0
P0682,Q009,politics,0.1635,0,0
P0682,Q010,education,0.2959,0,0
P0683,Q001,science,0.4432,1,0
P0683,Q002,finance,0.2825,0,0
P0683,Q003,finance,0.4728,1,0
P0683,Q004,science,0.0964,0,0
P0683,Q005,politics,0.25,0,1
P0683,Q006,education,0.3442,0,0
P0683,Q007,politics,0.0441,0,0
P0683,Q008,politics,0.5069,1,0
P0683,Q009,politics,0.3061,1,0
P0683,Q010,education,0.471,0,0
P0684,Q001,science,0.4692,1,0
P0684,Q002,finance,0.3048,0,0
P0684,Q003,finance,0.4888,0,0
P0684,Q004,science,0.104,1,0
P0684,Q005,politics,0.2732,0,0
P0684,Q006,education,0.3701,1,0
P0684,Q007,politics,0.0499,0,0
P0684,Q008,politics,0.5325,0,0
P0684,Q009,politics,0.3328,0,0
P0684,Q010,education,0.4994,1,0
P0685,Q001,science,0.0545,0,0
P0685,Q002,finance,0.0261,0,0
P0685,Q003,finance,0.1524,0,0
P0685,Q004,science,0.0129,0,0
P0685,Q005,politics,0.0329,0,0
P0685,Q006,education,0.0303,0,0
P0685,Q007,politics,0.0018,0,0
P0685,Q008,politics,0.0733,0,0
P0685,Q009,politics,0.0199,0,0
P0685,Q010,education,0.25,0,1
P0686,Q001,science,0.4904,1,0
P0686,Q002,finance,0.3235,1,0
P0686,Q003,finance,0.5018,1,0
P0686,Q004,science,0.1105,0,0
P0686,Q005,politics,0.2883,0,0
P0686,Q006,education,0.3916,1,0
P0686,Q007,politics,0.0552,0,0
P0686,Q008,politics,0.553,1,0
P0686,Q009,politics,0.3553,0,0
P0686,Q010,education,0.5224,0,0
P0687,Q001,science,0.8295,1,0
P0687,Q002,finance,0.7152,1,0
P0687,Q003,finance,0.731,1,0
P0687,Q004,science,0.3129,1,0
P0687,Q005,politics,0.6278,1,0
P0687,Q006,education,0.7862,0,0
P0687,Q007,politics,0.3036,0,0
P0687,Q008,politics,0.8577,0,0
P0687,Q009,politics,0.7867,1,0
P0687,Q010,education,0.8634,1,0
P0688,Q001,science,0.8706,1,0
P0688,Q002,finance,0.7777,1,0
P0688,Q003,finance,0.7682,1,0
P0688,Q004,science,0.3712,1,0
P0688,Q005,politics,0.6916,1,0
P0688,Q006,education,0.8389,0,0
P0688,Q007,politics,0.3945,0,0
P0688,Q008,politics,0.8922,1,0
P0688,Q009,politics,0.8436,1,0
P0688,Q010,education,0.8998,1,0
P0689,Q001,science,0.5652,1,0
P0689,Q002,finance,0.3942,0,0
P0689,Q003,finance,0.5477,1,0
P0689,Q004,science,0.1366,1,0
P0689,Q005,politics,0.3455,1,0
P0689,Q006,education,0.4708,1,0
P0689,Q007,politics,0.0782,0,0
P0689,Q008,politics,0.6241,1,0
P0689,Q009,politics,0.4396,0,0
P0689,Q010,education,0.6023,0,0
P0690,Q001,science,0.215,0,0
P0690,Q002,finance,0.1167,0,0
P0690,Q003,finance,0.3182,0,0
P0690,Q004,science,0.0434,0,0
P0690,Q005,politics,0.1182,0,0
P0690,Q006,education,0.1429,0,0
P0690,Q007,politics,0.0121,0,0
P0690,Q008,politics,0.266,1,0
P0690,Q009,politics,0.1121,0,0
P0690,Q010,education,0.2191,0,0
P0691,Q001,science,0.771,1,0
P0691,Q002,finance,0.6327,1,0
P0691,Q003,finance,0.6844,1,0
P0691,Q004,science,0.2532,1,0
P0691,Q005,politics,0.5494,1,0
P0691,Q006,education,0.7122,1,0
P0691,Q007,politics,0.2163,0,0
P0691,Q008,politics,0.8079,1,0
P0691,Q009,politics,0.7054,1,0
P0691,Q010,education,0.8092,1,0
P0692,Q001,science,0.4658,0,0
P0692,Q002,finance,0.3018,0,0
P0692,Q003,finance,0.4867,1,0
P0692,Q004,science,0.103,0,0
P0692,Q005,politics,0.2708,0,0
P0692,Q006,education,0.3667,0,0
P0692,Q007,politics,0.0491,0,0
P0692,Q008,politics,0.5291,1,0
P0692,Q009,politics,0.3292,0,0
P0692,Q010,education,0.4957,0,0
P0693,Q001,science,0.1633,0,0
P0693,Q002,finance,0.0854,0,0
P0693,Q003,finance,0.2749,0,0
P0693,Q004,science,0.0334,0,0
P0693,Q005,politics,0.0904,0,0
P0693,Q006,education,0.1038,0,0
P0693,Q007,politics,0.008,0,0
P0693,Q008,politics,0.2065,0,0
P0693,Q009,politics,0.25,0,1
P0693,Q010,education,0.1628,0,0
P0694,Q001,science,0.6867,0,0
P0694,Q002,finance,0.5262,0,0
P0694,Q003,finance,0.6251,0,0
P0694,Q004,science,0.1938,0,0
P0694,Q005,politics,0.4553,0,0
P0694,Q006,education,0.6094,1,0
P0694,Q007,politics,0.1395,0,0
P0694,Q008,politics,0.7345,1,0
P0694,Q009,politics,0.5914,0,0
P0694,Q010,education,0.7272,1,0
P0695,Q001,science,0.8271,1,0
P0695,Q002,finance,0.7116,1,0
P0695,Q003,finance,0.7289,0,0
P0695,Q004,science,0.3099,0,0
P0695,Q005,politics,0.6242,1,0
P0695,Q006,education,0.783,1,0
P0695,Q007,politics,0.2991,1,0
P0695,Q008,politics,0.8556,1,0
P0695,Q009,politics,0.7833,1,0
P0695,Q010,education,0.8612,1,0
P0696,Q001,science,0.4043,0,0
P0696,Q002,finance,0.2507,0,0
P0696,Q003,finance,0.4486,1,0
P0696,Q004,science,0.0859,0,0
P0696,Q005,politics,0.2295,0,0
P0696,Q006,education,0.3066,0,0
P0696,Q007,politics,0.0365,0,0
P0696,Q008,politics,0.468,1,0
P0696,Q009,politics,0.2679,0,0
P0696,Q010,education,0.4284,1,0
P0697,Q001,science,0.25,1,1
P0697,Q002,finance,0.3502,0,0
P0697,Q003,finance,0.5197,1,0
P0697,Q004,science,0.1201,0,0
P0697,Q005,politics,0.3098,0,0
P0697,Q006,education,0.4219,1,0
P0697,Q007,politics,0.0632,0,0
P0697,Q008,politics,0.581,0,0
P0697,Q009,politics,0.3872,0,0
P0697,Q010,education,0.5537,0,0
P0698,Q001,science,0.1587,1,0
P0698,Q002,finance,0.0828,0,0
P0698,Q003,finance,0.2708,1,0
P0698,Q004,science,0.0326,0,0
P0698,Q005,politics,0.088,0,0
P0698,Q006,education,0.1004,0,0
P0698,Q007,politics,0.0077,0,0
P0698,Q008,politics,0.2011,0,0
P0698,Q009,politics,0.0754,0,0
P0698,Q010,education,0.1578,1,0
P0699,Q001,science,0.0893,0,0
P0699,Q002,finance,0.0441,0,0
P0699,Q003,finance,0.1992,1,0
P0699,Q004,science,0.0195,0,0
P0699,Q005,politics,0.0515,0,0
P0699,Q006,education,0.0523,0,0
P0699,Q007,politics,0.0034,0,0
P0699,Q008,politics,0.1172,0,0
P0699,Q009,politics,0.0364,0,0
P0699,Q010,education,0.0845,1,0
P0700,Q001,science,0.8225,1,0
P0700,Q002,finance,0.705,0,0
P0700,Q003,finance,0.7251,1,0
P0700,Q004,science,0.3046,1,0
P0700,Q005,politics,0.6177,1,0
P0700,Q006,education,0.7773,1,0
P0700,Q007,politics,0.291,0,0
P0700,Q008,politics,0.8518,1,0
P0700,Q009,politics,0.777,1,0
P0700,Q010,education,0.8571,1,0
P0701,Q001,science,0.4493,0,0
P0701,Q002,finance,0.2877,0,0
P0701,Q003,finance,0.4766,0,0
P0701,Q004,science,0.0982,0,0
P0701,Q005,politics,0.2594,0,0
P0701,Q006,education,0.3503,0,0
P0701,Q007,politics,0.0454,0,0
P0701,Q008,politics,0.5129,1,0
P0701,Q009,politics,0.3123,1,0
P0701,Q010,education,0.4778,0,0
P0702,Q001,science,0.3722,1,0
P0702,Q002,finance,0.2256,0,0
P0702,Q003,finance,0.4282,0,0
P0702,Q004,science,0.0778,0,0
P0702,Q005,politics,0.25,0,1
P0702,Q006,education,0.2767,0,0
P0702,Q007,politics,0.031,0,0
P0702,Q008,politics,0.4353,1,0
P0702,Q009,politics,0.238,1,0
P0702,Q010,education,0.393,0,0
P0703,Q001,science,0.2326,1,0
P0703,Q002,finance,0.1279,0,0
P0703,Q003,finance,0.3318,0,0
P0703,Q004,science,0.0469,0,0
P0703,Q005,politics,0.1278,1,0
P0703,Q006,education,0.1568,0,0
P0703,Q007,politics,0.0137,0,0
P0703,Q008,politics,0.2858,1,0
P0703,Q009,politics,0.1245,0,0
P0703,Q010,education,0.2385,0,0
P0704,Q001,science,0.8198,1,0
P0704,Q002,finance,0.701,1,0
P0704,Q003,finance,0.25,1,1
P0704,Q004,science,0.3014,0,0
P0704,Q005,politics,0.6138,1,0
P0704,Q006,education,0.7738,1,0
P0704,Q007,politics,0.2863,0,0
P0704,Q008,politics,0.8495,1,0
P0704,Q009,politics,0.7732,0,0
P0704,Q010,education,0.8546,1,0
P0705,Q001,science,0.068,0,0
P0705,Q002,finance,0.033,0,0
P0705,Q003,finance,0.172,1,0
P0705,Q004,science,0.0155,0,0
P0705,Q005,politics,0.0402,0,0
P0705,Q006,education,0.0387,1,0
P0705,Q007,politics,0.0024,1,0
P0705,Q008,politics,0.0906,0,0
P0705,Q009,politics,0.0261,0,0
P0705,Q010,education,0.25,0,1
P0706,Q001,science,0.8708,1,0
P0706,Q002,finance,0.25,0,1
P0706,Q003,finance,0.7684,1,0
P0706,Q004,science,0.3716,1,0
P0706,Q005,politics,0.6921,0,0
P0706,Q006,education,0.8393,0,0
P0706,Q007,politics,0.3952,0,0
P0706,Q008,politics,0.25,0,1
P0706,Q009,politics,0.25,0,1
P0706,Q010,education,0.9,1,0
P0707,Q001,science,0.5993,0,0
P0707,Q002,finance,0.429,1,0
P0707,Q003,finance,0.5689,1,0
P0707,Q004,science,0.1504,0,0
P0707,Q005,politics,0.3739,0,0
P0707,Q006,education,0.5085,0,0
P0707,Q007,politics,0.0917,0,0
P0707,Q008,politics,0.6557,1,0
P0707,Q009,politics,0.4804,0,0
P0707,Q010,education,0.6381,0,0
P0708,Q001,science,0.1257,0,0
P0708,Q002,finance,0.064,0,0
P0708,Q003,finance,0.2393,0,0
P0708,Q004,science,0.0264,0,0
P0708,Q005,politics,0.0706,0,0
P0708,Q006,education,0.0769,1,0
P0708,Q007,politics,0.0055,0,0
P0708,Q008,politics,0.1618,0,0
P0708,Q009,politics,0.0559,1,0
P0708,Q010,education,0.1225,0,0
P0709,Q001,science,0.9476,1,0
P0709,Q002,finance,0.9059,1,0
P0709,Q003,finance,0.8585,1,0
P0709,Q004,science,0.5659,1,0
P0709,Q005,politics,0.8426,1,0
P0709,Q006,education,0.9378,1,0
P0709,Q007,politics,0.6894,1,0
P0709,Q008,politics,0.956,1,0
P0709,Q009,politics,0.945,1,0
P0709,Q010,education,0.9632,1,0
P0710,Q001,science,0.1454,0,0
P0710,Q002,finance,0.0751,0,0
P0710,Q003,finance,0.2585,0,0
P0710,Q004,science,0.0301,0,0
P0710,Q005,politics,0.081,0,0
P0710,Q006,education,0.0908,1,0
P0710,Q007,politics,0.0068,0,0
P0710,Q008,politics,0.1854,0,0
P0710,Q009,politics,0.0673,0,0
P0710,Q010,education,0.1435,0,0
P0711,Q001,science,0.9181,1,0
P0711,Q002,finance,0.855,0,0
P0711,Q003,finance,0.8191,1,0
P0711,Q004,science,0.4705,0,0
P0711,Q005,politics,0.7785,1,0
P0711,Q006,education,0.9001,1,0
P0711,Q007,politics,0.5509,0,0
P0711,Q008,politics,0.9316,1,0
P0711,Q009,politics,0.9075,0,0
P0711,Q010,education,0.9397,1,0
P0712,Q001,science,0.2974,0,0
P0712,Q002,finance,0.171,1,0
P0712,Q003,finance,0.3786,0,0
P0712,Q004,science,0.0605,0,0
P0712,Q005,politics,0.1643,0,0
P0712,Q006,education,0.2102,0,0
P0712,Q007,politics,0.0207,0,0
P0712,Q008,politics,0.3567,1,0
P0712,Q009,politics,0.1737,0,0
P0712,Q010,education,0.3101,0,0
P0713,Q001,science,0.0631,0,0
P0713,Q002,finance,0.25,0,1
P0713,Q003,finance,0.165,0,0
P0713,Q004,science,0.0145,0,0
P0713,Q005,politics,0.0375,0,0
P0713,Q006,education,0.0356,0,0
P0713,Q007,politics,0.0022,0,0
P0713,Q008,politics,0.0842,1,0
P0713,Q009,politics,0.0238,0,0
P0713,Q010,education,0.0579,0,0
P0714,Q001,science,0.5193,0,0
P0714,Q002,finance,0.3499,1,0
P0714,Q003,finance,0.5195,1,0
P0714,Q004,science,0.12,0,0
P0714,Q005,politics,0.3096,0,0
P0714,Q006,education,0.4216,1,0
P0714,Q007,politics,0.0632,0,0
P0714,Q008,politics,0.5808,1,0
P0714,Q009,politics,0.3869,1,0
P0714,Q010,education,0.5535,0,0
P0715,Q001,science,0.9842,1,0
P0715,Q002,finance,0.9715,1,0
P0715,Q003,finance,0.9282,0,0
P0715,Q004,science,0.7781,1,0
P0715,Q005,politics,0.9407,1,0
P0715,Q006,education,0.9827,1,0
P0715,Q007,politics,0.9112,1,0
P0715,Q008,politics,0.9864,1,0
P0715,Q009,politics,0.9865,1,0
P0715,Q010,education,0.9901,1,0
P0716,Q001,science,0.5345,1,0
P0716,Q002,finance,0.3643,1,0
P0716,Q003,finance,0.5288,0,0
P0716,Q004,science,0.1252,0,0
P0716,Q005,politics,0.3212,0,0
P0716,Q006,education,0.4377,0,0
P0716,Q007,politics,0.25,1,1
P0716,Q008,politics,0.5952,1,0
P0716,Q009,politics,0.404,0,0
P0716,Q010,education,0.5697,1,0
P0717,Q001,science,0.1802,0,0
P0717,Q002,finance,0.0954,0,0
P0717,Q003,finance,0.2897,0,0
P0717,Q004,science,0.0367,0,0
P0717,Q005,politics,0.0994,0,0
P0717,Q006,education,0.1163,0,0
P0717,Q007,politics,0.0093,0,0
P0717,Q008,politics,0.2262,0,0
P0717,Q009,politics,0.0888,0,0
P0717,Q010,education,0.1811,0,0
P0718,Q001,science,0.7839,1,0
P0718,Q002,finance,0.6502,1,0
P0718,Q003,finance,0.6942,1,0
P0718,Q004,science,0.2646,0,0
P0718,Q005,politics,0.5656,0,0
P0718,Q006,education,0.7283,1,0
P0718,Q007,politics,0.2324,0,0
P0718,Q008,politics,0.819,1,0
P0718,Q009,politics,0.7232,1,0
P0718,Q010,education,0.8214,0,0
P0719,Q001,science,0.4404,0,0
P0719,Q002,finance,0.25,0,1
P0719,Q003,finance,0.4711,1,0
P0719,Q004,science,0.0957,0,0
P0719,Q005,politics,0.2534,0,0
P0719,Q006,education,0.3415,0,0
P0719,Q007,politics,0.0435,0,0
P0719,Q008,politics,0.5041,1,0
P0719,Q009,politics,0.3033,1,0
P0719,Q010,education,0.468,0,0
P0720,Q001,science,0.3868,1,0
P0720,Q002,finance,0.2369,0,0
P0720,Q003,finance,0.4375,1,0
P0720,Q004,science,0.0814,0,0
P0720,Q005,politics,0.2183,0,0
P0720,Q006,education,0.2901,1,0
P0720,Q007,politics,0.0334,0,0
P0720,Q008,politics,0.25,0,1
P0720,Q009,politics,0.2514,0,0
P0720,Q010,education,0.4091,1,0
P0721,Q001,science,0.2379,0,0
P0721,Q002,finance,0.1313,0,0
P0721,Q003,finance,0.3358,0,0
P0721,Q004,science,0.048,0,0
P0721,Q005,politics,0.1307,0,0
P0721,Q006,education,0.161,0,0
P0721,Q007,politics,0.0143,0,0
P0721,Q008,politics,0.2917,1,0
P0721,Q009,politics,0.1283,0,0
P0721,Q010,education,0.2443,1,0
P0722,Q001,science,0.8899,1,0
P0722,Q002,finance,0.8085,1,0
P0722,Q003,finance,0.7876,1,0
P0722,Q004,science,0.4062,0,0
P0722,Q005,politics,0.25,0,1
P0722,Q006,education,0.8639,1,0
P0722,Q007,politics,0.45,0,0
P0722,Q008,politics,0.9082,1,0
P0722,Q009,politics,0.8699,1,0
P0722,Q010,education,0.9163,1,0
P0723,Q001,science,0.1093,0,0
P0723,Q002,finance,0.0549,0,0
P0723,Q003,finance,0.2221,0,0
P0723,Q004,science,0.0233,0,0
P0723,Q005,politics,0.062,0,0
P0723,Q006,education,0.0657,0,0
P0723,Q007,politics,0.0045,0,0
P0723,Q008,politics,0.142,1,0
P0723,Q009,politics,0.25,0,1
P0723,Q010,education,0.1053,0,0
P0724,Q001,science,0.2551,0,0
P0724,Q002,finance,0.1425,0,0
P0724,Q003,finance,0.3486,0,0
P0724,Q004,science,0.0515,0,0
P0724,Q005,politics,0.1403,0,0
P0724,Q006,education,0.1749,0,0
P0724,Q007,politics,0.016,0,0
P0724,Q008,politics,0.3107,0,0
P0724,Q009,politics,0.1409,0,0
P0724,Q010,education,0.2633,0,0
P0725,Q001,science,0.9057,1,0
P0725,Q002,finance,0.8343,1,0
P0725,Q003,finance,0.8047,1,0
P0725,Q004,science,0.4398,0,0
P0725,Q005,politics,0.7542,1,0
P0725,Q006,education,0.8842,1,0
P0725,Q007,politics,0.5032,1,0
P0725,Q008,politics,0.9213,1,0
P0725,Q009,politics,0.8911,1,0
P0725,Q010,education,0.9295,1,0
P0726,Q001,science,0.8393,1,0
P0726,Q002,finance,0.7298,0,0
P0726,Q003,finance,0.7394,1,0
P0726,Q004,science,0.3253,0,0
P0726,Q005,politics,0.6422,1,0
P0726,Q006,education,0.7987,0,0
P0726,Q007,politics,0.3225,0,0
P0726,Q008,politics,0.866,1,0
P0726,Q009,politics,0.8003,1,0
P0726,Q010,education,0.8722,0,0
P0727,Q001,science,0.8017,1,0
P0727,Q002,finance,0.6752,0,0
P0727,Q003,finance,0.7081,1,0
P0727,Q004,science,0.282,0,0
P0727,Q005,politics,0.589,1,0
P0727,Q006,education,0.7509,1,0
P0727,Q007,politics,0.2574,0,0
P0727,Q008,politics,0.8342,0,0
P0727,Q009,politics,0.748,1,0
P0727,Q010,education,0.838,1,0
P0728,Q001,science,0.75,0,0
P0728,Q002,finance,0.6049,0,0
P0728,Q003,finance,0.669,1,0
P0728,Q004,science,0.2361,0,0
P0728,Q005,politics,0.5242,1,0
P0728,Q006,education,0.6861,1,0
P0728,Q007,politics,0.1931,1,0
P0728,Q008,politics,0.7898,1,0
P0728,Q009,politics,0.6765,1,0
P0728,Q010,education,0.7892,1,0
P0729,Q001,science,0.6686,0,0
P0729,Q002,finance,0.505,0,0
P0729,Q003,finance,0.6132,1,0
P0729,Q004,science,0.1836,0,0
P0729,Q005,politics,0.4373,1,0
P0729,Q006,education,0.5879,1,0
P0729,Q007,politics,0.1276,0,0
P0729,Q008,politics,0.7184,0,0
P0729,Q009,politics,0.5677,1,0
P0729,Q010,education,0.7091,1,0
P0730,Q001,science,0.7324,1,0
P0730,Q002,finance,0.5823,0,0
P0730,Q003,finance,0.6564,1,0
P0730,Q004,science,0.2231,0,0
P0730,Q005,politics,0.25,0,1
P0730,Q006,education,0.6645,0,0
P0730,Q007,politics,0.176,0,0
P0730,Q008,politics,0.7746,1,0
P0730,Q009,politics,0.6526,1,0
P0730,Q010,education,0.7723,1,0
P0731,Q001,science,0.2467,1,0
P0731,Q002,finance,0.137,1,0
P0731,Q003,finance,0.3424,1,0
P0731,Q004,science,0.0498,0,0
P0731,Q005,politics,0.1356,0,0
P0731,Q006,education,0.1681,1,0
P0731,Q007,politics,0.0151,0,0
P0731,Q008,politics,0.3015,1,0
P0731,Q009,politics,0.1347,0,0
P0731,Q010,education,0.2541,0,0
P0732,Q001,science,0.7301,0,0
P0732,Q002,finance,0.5794,0,0
P0732,Q003,finance,0.6548,0,0
P0732,Q004,science,0.2215,0,0
P0732,Q005,politics,0.5015,0,0
P0732,Q006,education,0.6617,0,0
P0732,Q007,politics,0.1739,0,0
P0732,Q008,politics,0.7726,1,0
P0732,Q009,politics,0.6494,1,0
P0732,Q010,education,0.77,1,0
P0733,Q001,science,0.9184,1,0
P0733,Q002,finance,0.8555,1,0
P0733,Q003,finance,0.8195,1,0
P0733,Q004,science,0.4713,0,0
P0733,Q005,politics,0.7791,1,0
P0733,Q006,education,0.9005,1,0
P0733,Q007,politics,0.5521,1,0
P0733,Q008,politics,0.9318,1,0
P0733,Q009,politics,0.9079,1,0
P0733,Q010,education,0.94,1,0
P0734,Q001,science,0.017,0,0
P0734,Q002,finance,0.0078,0,0
P0734,Q003,finance,0.0791,0,0
P0734,Q004,science,0.0049,0,0
P0734,Q005,politics,0.0116,0,0
P0734,Q006,education,0.0085,0,0
P0734,Q007,politics,0.0004,0,0
P0734,Q008,politics,0.0238,0,0
P0734,Q009,politics,0.0049,0,0
P0734,Q010,education,0.0139,0,0
P0735,Q001,science,0.6449,1,0
P0735,Q002,finance,0.4781,0,0
P0735,Q003,finance,0.5978,0,0
P0735,Q004,science,0.1713,0,0
P0735,Q005,politics,0.25,0,1
P0735,Q006,education,0.5603,1,0
P0735,Q007,politics,0.1138,0,0
P0735,Q008,politics,0.6971,1,0
P0735,Q009,politics,0.5372,0,0
P0735,Q010,education,0.685,1,0
P0736,Q001,science,0.6936,0,0
P0736,Q002,finance,0.5344,1,0
P0736,Q003,finance,0.6298,1,0
P0736,Q004,science,0.1979,1,0
P0736,Q005,politics,0.4624,1,0
P0736,Q006,education,0.6176,1,0
P0736,Q007,politics,0.1444,0,0
P0736,Q008,politics,0.7406,1,0
P0736,Q009,politics,0.6005,1,0
P0736,Q010,education,0.7341,0,0
P0737,Q001,science,0.8537,1,0
P0737,Q002,finance,0.7516,1,0
P0737,Q003,finance,0.7523,1,0
P0737,Q004,science,0.3451,0,0
P0737,Q005,politics,0.6644,1,0
P0737,Q006,education,0.8172,1,0
P0737,Q007,politics,0.25,0,1
P0737,Q008,politics,0.8781,1,0
P0737,Q009,politics,0.8203,1,0
P0737,Q010,education,0.885,1,0
P0738,Q001,science,0.101,0,0
P0738,Q002,finance,0.0504,0,0
P0738,Q003,finance,0.2129,1,0
P0738,Q004,science,0.0218,0,0
P0738,Q005,politics,0.0577,0,0
P0738,Q006,education,0.0601,0,0
P0738,Q007,politics,0.0041,0,0
P0738,Q008,politics,0.1318,0,0
P0738,Q009,politics,0.0425,0,0
P0738,Q010,education,0.0966,0,0
P0739,Q001,science,0.7775,1,0
P0739,Q002,finance,0.6415,0,0
P0739,Q003,finance,0.6893,1,0
P0739,Q004,science,0.2588,0,0
P0739,Q005,politics,0.5575,1,0
P0739,Q006,education,0.7203,0,0
P0739,Q007,politics,0.2243,0,0
P0739,Q008,politics,0.8135,1,0
P0739,Q009,politics,0.7144,1,0
P0739,Q010,education,0.8154,0,0
P0740,Q001,science,0.7085,1,0
P0740,Q002,finance,0.5525,1,0
P0740,Q003,finance,0.6399,0,0
P0740,Q004,science,0.2071,0,0
P0740,Q005,politics,0.478,1,0
P0740,Q006,education,0.6355,0,0
P0740,Q007,politics,0.1557,1,0
P0740,Q008,politics,0.7537,1,0
P0740,Q009,politics,0.6204,1,0
P0740,Q010,education,0.7489,1,0
P0741,Q001,science,0.6801,1,0
P0741,Q002,finance,0.25,0,1
P0741,Q003,finance,0.6207,1,0
P0741,Q004,science,0.19,0,0
P0741,Q005,politics,0.4487,0,0
P0741,Q006,education,0.6015,1,0
P0741,Q007,politics,0.135,0,0
P0741,Q008,politics,0.7286,1,0
P0741,Q009,politics,0.5827,0,0
P0741,Q010,education,0.7206,1,0
P0742,Q001,science,0.0476,0,0
P0742,Q002,finance,0.0227,0,0
P0742,Q003,finance,0.1415,0,0
P0742,Q004,science,0.0115,0,0
P0742,Q005,politics,0.0291,0,0
P0742,Q006,education,0.0261,0,0
P0742,Q007,politics,0.0015,0,0
P0742,Q008,politics,0.0644,0,0
P0742,Q009,politics,0.0169,0,0
P0742,Q010,education,0.0426,0,0
P0743,Q001,science,0.0608,0,0
P0743,Q002,finance,0.0293,0,0
P0743,Q003,finance,0.1618,1,0
P0743,Q004,science,0.0141,0,0
P0743,Q005,politics,0.0363,0,0
P0743,Q006,education,0.0342,0,0
P0743,Q007,politics,0.0021,0,0
P0743,Q008,politics,0.0814,0,0
P0743,Q009,politics,0.0227,0,0
P0743,Q010,education,0.25,1,1
P0744,Q001,science,0.3287,0,0
P0744,Q002,finance,0.1932,0,0
P0744,Q003,finance,0.3998,0,0
P0744,Q004,science,0.0674,0,0
P0744,Q005,politics,0.1826,0,0
P0744,Q006,education,0.2374,0,0
P0744,Q007,politics,0.0246,0,0
P0744,Q008,politics,0.39,0,0
P0744,Q009,politics,0.1997,0,0
P0744,Q010,education,0.3448,0,0
P0745,Q001,science,0.0258,0,0
P0745,Q002,finance,0.012,1,0
P0745,Q003,finance,0.1004,0,0
P0745,Q004,science,0.0069,0,0
P0745,Q005,politics,0.0169,0,0
P0745,Q006,education,0.0133,0,0
P0745,Q007,politics,0.0007,0,0
P0745,Q008,politics,0.0357,0,0
P0745,Q009,politics,0.0081,0,0
P0745,Q010,education,0.0219,0,0
P0746,Q001,science,0.3146,0,0
P0746,Q002,finance,0.1831,0,0
P0746,Q003,finance,0.3903,0,0
P0746,Q004,science,0.0643,0,0
P0746,Q005,politics,0.1743,0,0
P0746,Q006,education,0.225,1,0
P0746,Q007,politics,0.0228,0,0
P0746,Q008,politics,0.3751,1,0
P0746,Q009,politics,0.1878,1,0
P0746,Q010,education,0.3292,1,0
P0747,Q001,science,0.558,0,0
P0747,Q002,finance,0.387,0,0
P0747,Q003,finance,0.5433,1,0
P0747,Q004,science,0.1338,0,0
P0747,Q005,politics,0.3396,0,0
P0747,Q006,education,0.4629,0,0
P0747,Q007,politics,0.0756,0,0
P0747,Q008,politics,0.6173,0,0
P0747,Q009,politics,0.4311,1,0
P0747,Q010,education,0.5947,1,0
P0748,Q001,science,0.6384,0,0
P0748,Q002,finance,0.4709,0,0
P0748,Q003,finance,0.5936,0,0
P0748,Q004,science,0.1682,0,0
P0748,Q005,politics,0.4087,1,0
P0748,Q006,education,0.5529,1,0
P0748,Q007,politics,0.1103,0,0
P0748,Q008,politics,0.6913,1,0
P0748,Q009,politics,0.529,1,0
P0748,Q010,education,0.6785,1,0
P0749,Q001,science,0.6869,1,0
P0749,Q002,finance,0.5265,1,0
P0749,Q003,finance,0.6253,1,0
P0749,Q004,science,0.1939,0,0
P0749,Q005,politics,0.4555,0,0
P0749,Q006,education,0.6096,1,0
P0749,Q007,politics,0.1397,1,0
P0749,Q008,politics,0.7347,1,0
P0749,Q009,politics,0.5917,0,0
P0749,Q010,education,0.7275,1,0
P0750,Q001,science,0.7032,1,0
P0750,Q002,finance,0.546,0,0
P0750,Q003,finance,0.6362,0,0
P0750,Q004,science,0.2037,0,0
P0750,Q005,politics,0.4723,1,0
P0750,Q006,education,0.6291,1,0
P0750,Q007,politics,0.1515,0,0
P0750,Q008,politics,0.749,0,0
P0750,Q009,politics,0.6132,1,0
P0750,Q010,education,0.7436,0,0
P0751,Q001,science,0.5229,0,0
P0751,Q002,finance,0.3533,0,0
P0751,Q003,finance,0.5217,1,0
P0751,Q004,science,0.1212,0,0
P0751,Q005,politics,0.3123,1,0
P0751,Q006,education,0.4254,1,0
P0751,Q007,politics,0.0642,0,0
P0751,Q008,politics,0.5842,0,0
P0751,Q009,politics,0.391,0,0
P0751,Q010,education,0.5573,0,0
P0752,Q001,science,0.25,0,1
P0752,Q002,finance,0.25,0,1
P0752,Q003,finance,0.3787,0,0
P0752,Q004,science,0.0605,0,0
P0752,Q005,politics,0.25,1,1
P0752,Q006,education,0.2104,0,0
P0752,Q007,politics,0.0207,0,0
P0752,Q008,politics,0.357,0,0
P0752,Q009,politics,0.25,0,1
P0752,Q010,education,0.3103,0,0
P0753,Q001,science,0.927,1,0
P0753,Q002,finance,0.8701,1,0
P0753,Q003,finance,0.8301,1,0
P0753,Q004,science,0.4954,0,0
P0753,Q005,politics,0.7968,1,0
P0753,Q006,education,0.9116,1,0
P0753,Q007,politics,0.5887,1,0
P0753,Q008,politics,0.939,1,0
P0753,Q009,politics,0.919,1,0
P0753,Q010,education,0.9469,1,0
P0754,Q001,science,0.7217,1,0
P0754,Q002,finance,0.5688,1,0
P0754,Q003,finance,0.6489,1,0
P0754,Q004,science,0.2157,1,0
P0754,Q005,politics,0.4922,0,0
P0754,Q006,education,0.6515,0,0
P0754,Q007,politics,0.1665,0,0
P0754,Q008,politics,0.7652,0,0
P0754,Q009,politics,0.6381,1,0
P0754,Q010,education,0.7618,1,0
P0755,Q001,science,0.8964,1,0
P0755,Q002,finance,0.819,1,0
P0755,Q003,finance,0.7945,1,0
P0755,Q004,science,0.4193,1,0
P0755,Q005,politics,0.7368,1,0
P0755,Q006,education,0.8722,1,0
P0755,Q007,politics,0.4709,0,0
P0755,Q008,politics,0.9136,0,0
P0755,Q009,politics,0.8787,1,0
P0755,Q010,education,0.9218,1,0
P0756,Q001,science,0.7042,1,0
P0756,Q002,finance,0.5472,1,0
P0756,Q003,finance,0.6369,0,0
P0756,Q004,science,0.2044,0,0
P0756,Q005,politics,0.4734,0,0
P0756,Q006,education,0.6303,1,0
P0756,Q007,politics,0.1523,0,0
P0756,Q008,politics,0.7499,0,0
P0756,Q009,politics,0.6146,0,0
P0756,Q010,education,0.7446,1,0
P0757,Q001,science,0.9522,1,0
P0757,Q002,finance,0.9141,1,0
P0757,Q003,finance,0.8657,1,0
P0757,Q004,science,0.5851,1,0
P0757,Q005,politics,0.8537,1,0
P0757,Q006,education,0.9437,1,0
P0757,Q007,politics,0.7149,0,0
P0757,Q008,politics,0.9599,1,0
P0757,Q009,politics,0.9507,1,0
P0757,Q010,education,0.9668,1,0
P0758,Q001,science,0.1205,1,0
P0758,Q002,finance,0.0611,0,0
P0758,Q003,finance,0.2339,1,0
P0758,Q004,science,0.0254,0,0
P0758,Q005,politics,0.0679,0,0
P0758,Q006,education,0.0733,0,0
P0758,Q007,politics,0.0052,0,0
P0758,Q008,politics,0.1555,0,0
P0758,Q009,politics,0.053,0,0
P0758,Q010,education,0.1171,0,0
P0759,Q001,science,0.8581,1,0
P0759,Q002,finance,0.7583,1,0
P0759,Q003,finance,0.7563,1,0
P0759,Q004,science,0.3515,0,0
P0759,Q005,politics,0.6712,0,0
P0759,Q006,education,0.8228,1,0
P0759,Q007,politics,0.3633,0,0
P0759,Q008,politics,0.8817,1,0
P0759,Q009,politics,0.8263,1,0
P0759,Q010,education,0.8888,0,0
P0760,Q001,science,0.616,1,0
P0760,Q002,finance,0.4466,1,0
P0760,Q003,finance,0.5794,1,0
P0760,Q004,science,0.25,1,1
P0760,Q005,politics,0.3885,0,0
P0760,Q006,education,0.25,1,1
P0760,Q007,politics,0.25,0,1
P0760,Q008,politics,0.6709,1,0
P0760,Q009,politics,0.5009,0,0
P0760,Q010,education,0.6554,1,0
P0761,Q001,science,0.1107,0,0
P0761,Q002,finance,0.0557,0,0
P0761,Q003,finance,0.2236,0,0
P0761,Q004,science,0.0236,0,0
P0761,Q005,politics,0.0627,0,0
P0761,Q006,education,0.0666,0,0
P0761,Q007,politics,0.0046,0,0
P0761,Q008,politics,0.1436,0,0
P0761,Q009,politics,0.0477,1,0
P0761,Q010,education,0.1067,0,0
P0762,Q001,science,0.8217,1,0
P0762,Q002,finance,0.7038,1,0
P0762,Q003,finance,0.7244,1,0
P0762,Q004,science,0.3037,0,0
P0762,Q005,politics,0.6166,1,0
P0762,Q006,education,0.7762,1,0
P0762,Q007,politics,0.2896,0,0
P0762,Q008,politics,0.25,0,1
P0762,Q009,politics,0.7759,1,0
P0762,Q010,education,0.8564,1,0
P0763,Q001,science,0.25,0,1
P0763,Q002,finance,0.25,0,1
P0763,Q003,finance,0.6848,0,0
P0763,Q004,science,0.2536,1,0
P0763,Q005,politics,0.5501,1,0
P0763,Q006,education,0.7129,1,0
P0763,Q007,politics,0.217,0,0
P0763,Q008,politics,0.8084,1,0
P0763,Q009,politics,0.7061,1,0
P0763,Q010,education,0.8098,0,0
P0764,Q001,science,0.388,1,0
P0764,Q002,finance,0.2378,0,0
P0764,Q003,finance,0.4382,0,0
P0764,Q004,science,0.0817,0,0
P0764,Q005,politics,0.2191,0,0
P0764,Q006,education,0.2912,0,0
P0764,Q007,politics,0.0336,0,0
P0764,Q008,politics,0.4514,1,0
P0764,Q009,politics,0.2525,1,0
P0764,Q010,education,0.4104,1,0
P0765,Q001,science,0.4059,1,0
P0765,Q002,finance,0.252,1,0
P0765,Q003,finance,0.4496,0,0
P0765,Q004,science,0.0863,0,0
P0765,Q005,politics,0.2305,1,0
P0765,Q006,education,0.3081,0,0
P0765,Q007,politics,0.0368,0,0
P0765,Q008,politics,0.4696,1,0
P0765,Q009,politics,0.2694,0,0
P0765,Q010,education,0.4301,0,0
P0766,Q001,science,0.381,1,0
P0766,Q002,finance,0.2324,1,0
P0766,Q003,finance,0.4338,0,0
P0766,Q004,science,0.0799,0,0
P0766,Q005,politics,0.2147,0,0
P0766,Q006,education,0.2848,0,0
P0766,Q007,politics,0.0325,0,0
P0766,Q008,politics,0.4443,0,0
P0766,Q009,politics,0.246,1,0
P0766,Q010,education,0.4027,1,0
P0767,Q001,science,0.7708,1,0
P0767,Q002,finance,0.6325,1,0
P0767,Q003,finance,0.6843,1,0
P0767,Q004,science,0.253,0,0
P0767,Q005,politics,0.5492,1,0
P0767,Q006,education,0.712,1,0
P0767,Q007,politics,0.25,1,1
P0767,Q008,politics,0.8078,0,0
P0767,Q009,politics,0.7051,1,0
P0767,Q010,education,0.8091,1,0
P0768,Q001,science,0.3523,1,0
P0768,Q002,finance,0.2106,0,0
P0768,Q003,finance,0.4153,1,0
P0768,Q004,science,0.0729,0,0
P0768,Q005,politics,0.1969,0,0
P0768,Q006,education,0.2585,1,0
P0768,Q007,politics,0.028,0,0
P0768,Q008,politics,0.4147,0,0
P0768,Q009,politics,0.2201,0,0
P0768,Q010,education,0.371,0,0
P0769,Q001,science,0.6919,1,0
P0769,Q002,finance,0.5324,0,0
P0769,Q003,finance,0.6286,1,0
P0769,Q004,science,0.1969,1,0
P0769,Q005,politics,0.4606,0,0
P0769,Q006,education,0.6156,1,0
P0769,Q007,politics,0.1432,0,0
P0769,Q008,politics,0.7391,1,0
P0769,Q009,politics,0.5983,1,0
P0769,Q010,education,0.7324,0,0
P0770,Q001,science,0.0443,0,0
P0770,Q002,finance,0.021,0,0
P0770,Q003,finance,0.1359,0,0
P0770,Q004,science,0.0108,0,0
P0770,Q005,politics,0.0273,0,0
P0770,Q006,education,0.0241,0,0
P0770,Q007,politics,0.0014,0,0
P0770,Q008,politics,0.06,0,0
P0770,Q009,politics,0.0155,0,0
P0770,Q010,education,0.0394,0,0
P0771,Q001,science,0.1933,0,0
P0771,Q002,finance,0.1034,0,0
P0771,Q003,finance,0.3007,1,0
P0771,Q004,science,0.0392,0,0
P0771,Q005,politics,0.1065,0,0
P0771,Q006,education,0.1262,1,0
P0771,Q007,politics,0.0103,0,0
P0771,Q008,politics,0.2414,0,0
P0771,Q009,politics,0.0974,0,0
P0771,Q010,education,0.25,0,1
P0772,Q001,science,0.25,0,1
P0772,Q002,finance,0.25,1,1
P0772,Q003,finance,0.3245,0,0
P0772,Q004,science,0.25,1,1
P0772,Q005,politics,0.1226,0,0
P0772,Q006,education,0.1492,0,0
P0772,Q007,politics,0.25,0,1
P0772,Q008,politics,0.2751,0,0
P0772,Q009,politics,0.1177,0,0
P0772,Q010,education,0.228,0,0
P0773,Q001,science,0.9695,1,0
P0773,Q002,finance,0.945,1,0
P0773,Q003,finance,0.8956,1,0
P0773,Q004,science,0.6723,1,0
P0773,Q005,politics,0.8981,1,0
P0773,Q006,education,0.9652,1,0
P0773,Q007,politics,0.8175,1,0
P0773,Q008,politics,0.9742,1,0
P0773,Q009,politics,0.9709,1,0
P0773,Q010,education,0.9797,1,0
P0774,Q001,science,0.7816,1,0
P0774,Q002,finance,0.6472,1,0
P0774,Q003,finance,0.6924,1,0
P0774,Q004,science,0.2626,0,0
P0774,Q005,politics,0.5627,0,0
P0774,Q006,education,0.7255,1,0
P0774,Q007,politics,0.2295,0,0
P0774,Q008,politics,0.817,1,0
P0774,Q009,politics,0.7201,1,0
P0774,Q010,education,0.8193,1,0
P0775,Q001,science,0.3507,0,0
P0775,Q002,finance,0.2093,1,0
P0775,Q003,finance,0.4143,1,0
P0775,Q004,science,0.0726,0,0
P0775,Q005,politics,0.1959,0,0
P0775,Q006,education,0.257,0,0
P0775,Q007,politics,0.0277,0,0
P0775,Q008,politics,0.413,0,0
P0775,Q009,politics,0.2187,1,0
P0775,Q010,education,0.3691,1,0
P0776,Q001,science,0.618,1,0
P0776,Q002,finance,0.4487,0,0
P0776,Q003,finance,0.5806,1,0
P0776,Q004,science,0.1586,1,0
P0776,Q005,politics,0.3902,1,0
P0776,Q006,education,0.5295,0,0
P0776,Q007,politics,0.1001,0,0
P0776,Q008,politics,0.6727,1,0
P0776,Q009,politics,0.5034,1,0
P0776,Q010,education,0.6574,1,0
P0777,Q001,science,0.8803,0,0
P0777,Q002,finance,0.793,0,0
P0777,Q003,finance,0.7777,1,0
P0777,Q004,science,0.388,0,0
P0777,Q005,politics,0.7081,0,0
P0777,Q006,education,0.8514,1,0
P0777,Q007,politics,0.25,0,1
P0777,Q008,politics,0.9002,0,0
P0777,Q009,politics,0.8568,1,0
P0777,Q010,education,0.9081,1,0
P0778,Q001,science,0.2946,0,0
P0778,Q002,finance,0.1691,0,0
P0778,Q003,finance,0.3766,0,0
P0778,Q004,science,0.0599,0,0
P0778,Q005,politics,0.1627,0,0
P0778,Q006,education,0.2078,1,0
P0778,Q007,politics,0.0203,0,0
P0778,Q008,politics,0.3537,1,0
P0778,Q009,politics,0.1715,0,0
P0778,Q010,education,0.25,0,1
P0779,Q001,science,0.1389,1,0
P0779,Q002,finance,0.0714,0,0
P0779,Q003,finance,0.2524,0,0
P0779,Q004,science,0.0289,0,0
P0779,Q005,politics,0.0776,0,0
P0779,Q006,education,0.0862,0,0
P0779,Q007,politics,0.0063,0,0
P0779,Q008,politics,0.1777,0,0
P0779,Q009,politics,0.0635,0,0
P0779,Q010,education,0.1366,1,0
P0780,Q001,science,0.8326,1,0
P0780,Q002,finance,0.7199,1,0
P0780,Q003,finance,0.7337,1,0
P0780,Q004,science,0.3168,0,0
P0780,Q005,politics,0.6323,1,0
P0780,Q006,education,0.7902,1,0
P0780,Q007,politics,0.3095,0,0
P0780,Q008,politics,0.8604,1,0
P0780,Q009,politics,0.791,1,0
P0780,Q010,education,0.8662,1,0
P0781,Q001,science,0.342,1,0
P0781,Q002,finance,0.203,0,0
P0781,Q003,finance,0.4086,1,0
P0781,Q004,science,0.0705,1,0
P0781,Q005,politics,0.1907,0,0
P0781,Q006,education,0.2493,0,0
P0781,Q007,politics,0.0265,0,0
P0781,Q008,politics,0.404,1,0
P0781,Q009,politics,0.2111,0,0
P0781,Q010,education,0.3596,0,0
P0782,Q001,science,0.3295,1,0
P0782,Q002,finance,0.1938,0,0
P0782,Q003,finance,0.4003,0,0
P0782,Q004,science,0.0676,0,0
P0782,Q005,politics,0.1831,0,0
P0782,Q006,education,0.2381,0,0
P0782,Q007,politics,0.0247,0,0
P0782,Q008,politics,0.3908,1,0
P0782,Q009,politics,0.2003,1,0
P0782,Q010,education,0.3457,0,0
P0783,Q001,science,0.2742,0,0
P0783,Q002,finance,0.1552,0,0
P0783,Q003,finance,0.25,0,1
P0783,Q004,science,0.25,0,1
P0783,Q005,politics,0.151,0,0
P0783,Q006,education,0.1906,0,0
P0783,Q007,politics,0.018,0,0
P0783,Q008,politics,0.3316,0,0
P0783,Q009,politics,0.1554,0,0
P0783,Q010,education,0.2844,1,0
P0784,Q001,science,0.4287,1,0
P0784,Q002,finance,0.2705,0,0
P0784,Q003,finance,0.4638,0,0
P0784,Q004,science,0.0924,0,0
P0784,Q005,politics,0.2455,0,0
P0784,Q006,education,0.3301,0,0
P0784,Q007,politics,0.0411,0,0
P0784,Q008,politics,0.4925,0,0
P0784,Q009,politics,0.2916,0,0
P0784,Q010,education,0.4552,1,0
P0785,Q001,science,0.9685,1,0
P0785,Q002,finance,0.9431,1,0
P0785,Q003,finance,0.8936,1,0
P0785,Q004,science,0.666,0,0
P0785,Q005,politics,0.8952,1,0
P0785,Q006,education,0.9639,1,0
P0785,Q007,politics,0.8109,0,0
P0785,Q008,politics,0.9733,1,0
P0785,Q009,politics,0.9697,1,0
P0785,Q010,education,0.9789,1,0
P0786,Q001,science,0.7282,1,0
P0786,Q002,finance,0.5769,1,0
P0786,Q003,finance,0.6534,1,0
P0786,Q004,science,0.2201,1,0
P0786,Q005,politics,0.4993,0,0
P0786,Q006,education,0.6593,1,0
P0786,Q007,politics,0.1721,0,0
P0786,Q008,politics,0.7709,0,0
P0786,Q009,politics,0.6468,1,0
P0786,Q010,education,0.7681,0,0
P0787,Q001,science,0.2257,0,0
P0787,Q002,finance,0.1235,0,0
P0787,Q003,finance,0.3265,0,0
P0787,Q004,science,0.0456,0,0
P0787,Q005,politics,0.124,0,0
P0787,Q006,education,0.1513,0,0
P0787,Q007,politics,0.0131,0,0
P0787,Q008,politics,0.2781,0,0
P0787,Q009,politics,0.1196,0,0
P0787,Q010,education,0.2309,0,0
P0788,Q001,science,0.4614,0,0
P0788,Q002,finance,0.2981,0,0
P0788,Q003,finance,0.484,0,0
P0788,Q004,science,0.1017,0,0
P0788,Q005,politics,0.2678,0,0
P0788,Q006,education,0.3623,0,0
P0788,Q007,politics,0.0481,0,0
P0788,Q008,politics,0.5248,1,0
P0788,Q009,politics,0.3247,0,0
P0788,Q010,education,0.4909,1,0
P0789,Q001,science,0.9608,1,0
P0789,Q002,finance,0.9293,1,0
P0789,Q003,finance,0.8797,1,0
P0789,Q004,science,0.6245,0,0
P0789,Q005,politics,0.875,1,0
P0789,Q006,education,0.9544,1,0
P0789,Q007,politics,0.764,1,0
P0789,Q008,politics,0.9669,1,0
P0789,Q009,politics,0.9609,1,0
P0789,Q010,education,0.9732,1,0
P0790,Q001,science,0.9253,1,0
P0790,Q002,finance,0.8674,1,0
P0790,Q003,finance,0.8281,1,0
P0790,Q004,science,0.4907,0,0
P0790,Q005,politics,0.7934,1,0
P0790,Q006,education,0.9095,1,0
P0790,Q007,politics,0.5816,0,0
P0790,Q008,politics,0.9376,1,0
P0790,Q009,politics,0.917,1,0
P0790,Q010,education,0.9456,1,0
P0791,Q001,science,0.7762,0,0
P0791,Q002,finance,0.6399,0,0
P0791,Q003,finance,0.6884,0,0
P0791,Q004,science,0.2578,0,0
P0791,Q005,politics,0.556,0,0
P0791,Q006,education,0.7188,1,0
P0791,Q007,politics,0.2227,0,0
P0791,Q008,politics,0.25,0,1
P0791,Q009,politics,0.7126,1,0
P0791,Q010,education,0.8142,1,0
P0792,Q001,science,0.9142,0,0
P0792,Q002,finance,0.8485,1,0
P0792,Q003,finance,0.8145,1,0
P0792,Q004,science,0.4604,1,0
P0792,Q005,politics,0.7707,1,0
P0792,Q006,education,0.8951,1,0
P0792,Q007,politics,0.5353,0,0
P0792,Q008,politics,0.9284,1,0
P0792,Q009,politics,0.9024,1,0
P0792,Q010,education,0.9365,1,0
P0793,Q001,science,0.7322,0,0
P0793,Q002,finance,0.5821,0,0
P0793,Q003,finance,0.6563,1,0
P0793,Q004,science,0.223,0,0
P0793,Q005,politics,0.25,0,1
P0793,Q006,education,0.6643,0,0
P0793,Q007,politics,0.1758,0,0
P0793,Q008,politics,0.7744,1,0
P0793,Q009,politics,0.6523,1,0
P0793,Q010,education,0.7721,1,0
P0794,Q001,science,0.2615,0,0
P0794,Q002,finance,0.1467,0,0
P0794,Q003,finance,0.3533,0,0
P0794,Q004,science,0.0528,0,0
P0794,Q005,politics,0.1439,0,0
P0794,Q006,education,0.1802,1,0
P0794,Q007,politics,0.0166,0,0
P0794,Q008,politics,0.3178,0,0
P0794,Q009,politics,0.1458,0,0
P0794,Q010,education,0.2704,0,0
P0795,Q001,science,0.6891,0,0
P0795,Q002,finance,0.529,0,0
P0795,Q003,finance,0.6267,1,0
P0795,Q004,science,0.1952,0,0
P0795,Q005,politics,0.4578,1,0
P0795,Q006,education,0.6122,1,0
P0795,Q007,politics,0.1412,0,0
P0795,Q008,politics,0.7366,1,0
P0795,Q009,politics,0.5946,1,0
P0795,Q010,education,0.7296,1,0
P0796,Q001,science,0.875,1,0
P0796,Q002,finance,0.7847,0,0
P0796,Q003,finance,0.7725,1,0
P0796,Q004,science,0.3787,0,0
P0796,Q005,politics,0.6991,0,0
P0796,Q006,education,0.8446,1,0
P0796,Q007,politics,0.4063,0,0
P0796,Q008,politics,0.8958,1,0
P0796,Q009,politics,0.8496,1,0
P0796,Q010,education,0.9036,1,0
P0797,Q001,science,0.3842,0,0
P0797,Q002,finance,0.25,0,1
P0797,Q003,finance,0.25,0,1
P0797,Q004,science,0.0807,0,0
P0797,Q005,politics,0.2167,0,0
P0797,Q006,education,0.2878,0,0
P0797,Q007,politics,0.033,0,0
P0797,Q008,politics,0.4476,0,0
P0797,Q009,politics,0.249,0,0
P0797,Q010,education,0.4063,0,0
P0798,Q001,science,0.6879,0,0
P0798,Q002,finance,0.5277,1,0
P0798,Q003,finance,0.6259,1,0
P0798,Q004,science,0.1945,0,0
P0798,Q005,politics,0.4566,1,0
P0798,Q006,education,0.6108,0,0
P0798,Q007,politics,0.1404,0,0
P0798,Q008,politics,0.7355,1,0
P0798,Q009,politics,0.593,1,0
P0798,Q010,education,0.7285,1,0
P0799,Q001,science,0.6065,1,0
P0799,Q002,finance,0.4364,1,0
P0799,Q003,finance,0.5734,0,0
P0799,Q004,science,0.1534,0,0
P0799,Q005,politics,0.3801,1,0
P0799,Q006,education,0.5165,0,0
P0799,Q007,politics,0.0948,0,0
P0799,Q008,politics,0.6622,1,0
P0799,Q009,politics,0.4891,1,0
P0799,Q010,education,0.6455,0,0
P0800,Q001,science,0.743,1,0
P0800,Q002,finance,0.5959,1,0
P0800,Q003,finance,0.664,1,0
P0800,Q004,science,0.2308,0,0
P0800,Q005,politics,0.5162,0,0
P0800,Q006,education,0.6775,1,0
P0800,Q007,politics,0.1861,0,0
P0800,Q008,politics,0.7838,0,0
P0800,Q009,politics,0.667,1,0
P0800,Q010,education,0.7825,1,0
P0801,Q001,science,0.4406,0,0
P0801,Q002,finance,0.2804,1,0
P0801,Q003,finance,0.4712,1,0
P0801,Q004,science,0.0957,0,0
P0801,Q005,politics,0.2535,0,0
P0801,Q006,education,0.3417,0,0
P0801,Q007,politics,0.0436,0,0
P0801,Q008,politics,0.5044,0,0
P0801,Q009,politics,0.3035,0,0
P0801,Q010,education,0.4683,1,0
P0802,Q001,science,0.5963,0,0
P0802,Q002,finance,0.4258,0,0
P0802,Q003,finance,0.567,0,0
P0802,Q004,science,0.1491,0,0
P0802,Q005,politics,0.3713,1,0
P0802,Q006,education,0.5051,0,0
P0802,Q007,politics,0.0904,0,0
P0802,Q008,politics,0.6529,1,0
P0802,Q009,politics,0.4767,1,0
P0802,Q010,education,0.6349,1,0
P0803,Q001,science,0.1089,0,0
P0803,Q002,finance,0.0547,0,0
P0803,Q003,finance,0.2216,0,0
P0803,Q004,science,0.0232,0,0
P0803,Q005,politics,0.0618,0,0
P0803,Q006,education,0.0654,1,0
P0803,Q007,politics,0.0045,0,0
P0803,Q008,politics,0.1414,0,0
P0803,Q009,politics,0.0467,0,0
P0803,Q010,education,0.25,1,1
P0804,Q001,science,0.4258,0,0
P0804,Q002,finance,0.2681,0,0
P0804,Q003,finance,0.462,1,0
P0804,Q004,science,0.0916,0,0
P0804,Q005,politics,0.2436,0,0
P0804,Q006,education,0.3273,1,0
P0804,Q007,politics,0.0406,0,0
P0804,Q008,politics,0.4896,1,0
P0804,Q009,politics,0.2888,1,0
P0804,Q010,education,0.4521,0,0
P0805,Q001,science,0.25,0,1
P0805,Q002,finance,0.6929,1,0
P0805,Q003,finance,0.7182,1,0
P0805,Q004,science,0.2951,0,0
P0805,Q005,politics,0.606,0,0
P0805,Q006,education,0.7666,1,0
P0805,Q007,politics,0.25,0,1
P0805,Q008,politics,0.8447,0,0
P0805,Q009,politics,0.7653,1,0
P0805,Q010,education,0.8495,1,0
P0806,Q001,science,0.6295,1,0
P0806,Q002,finance,0.4612,1,0
P0806,Q003,finance,0.5879,0,0
P0806,Q004,science,0.1639,0,0
P0806,Q005,politics,0.4005,1,0
P0806,Q006,education,0.5426,1,0
P0806,Q007,politics,0.1057,0,0
P0806,Q008,politics,0.6832,0,0
P0806,Q009,politics,0.5178,0,0
P0806,Q010,education,0.6693,0,0
P0807,Q001,science,0.7507,1,0
P0807,Q002,finance,0.6059,1,0
P0807,Q003,finance,0.6695,1,0
P0807,Q004,science,0.2367,0,0
P0807,Q005,politics,0.5251,0,0
P0807,Q006,education,0.687,1,0
P0807,Q007,politics,0.1939,0,0
P0807,Q008,politics,0.7905,1,0
P0807,Q009,politics,0.6775,1,0
P0807,Q010,education,0.79,1,0
P0808,Q001,science,0.6248,1,0
P0808,Q002,finance,0.456,0,0
P0808,Q003,finance,0.5849,0,0
P0808,Q004,science,0.1617,0,0
P0808,Q005,politics,0.25,0,1
P0808,Q006,education,0.5372,0,0
P0808,Q007,politics,0.1034,0,0
P0808,Q008,politics,0.6789,0,0
P0808,Q009,politics,0.5119,0,0
P0808,Q010,education,0.6644,1,0
P0809,Q001,science,0.9609,1,0
P0809,Q002,finance,0.9294,1,0
P0809,Q003,finance,0.8798,1,0
P0809,Q004,science,0.6249,1,0
P0809,Q005,politics,0.8752,1,0
P0809,Q006,education,0.9545,1,0
P0809,Q007,politics,0.7645,1,0
P0809,Q008,politics,0.967,1,0
P0809,Q009,politics,0.961,1,0
P0809,Q010,education,0.9733,1,0
P0810,Q001,science,0.0476,0,0
P0810,Q002,finance,0.0227,0,0
P0810,Q003,finance,0.1414,1,0
P0810,Q004,science,0.0115,0,0
P0810,Q005,politics,0.0291,0,0
P0810,Q006,education,0.0261,0,0
P0810,Q007,politics,0.0015,0,0
P0810,Q008,politics,0.0644,0,0
P0810,Q009,politics,0.0169,0,0
P0810,Q010,education,0.25,0,1
P0811,Q001,science,0.25,0,1
P0811,Q002,finance,0.2523,1,0
P0811,Q003,finance,0.4498,1,0
P0811,Q004,science,0.0864,0,0
P0811,Q005,politics,0.2308,0,0
P0811,Q006,education,0.3086,0,0
P0811,Q007,politics,0.0369,0,0
P0811,Q008,politics,0.47,0,0
P0811,Q009,politics,0.2698,0,0
P0811,Q010,education,0.4306,1,0
P0812,Q001,science,0.0128,0,0
P0812,Q002,finance,0.0058,0,0
P0812,Q003,finance,0.0671,1,0
P0812,Q004,science,0.0039,0,0
P0812,Q005,politics,0.009,0,0
P0812,Q006,education,0.0062,0,0
P0812,Q007,politics,0.0003,0,0
P0812,Q008,politics,0.018,0,0
P0812,Q009,politics,0.0035,0,0
P0812,Q010,education,0.0102,0,0
P0813,Q001,science,0.9089,1,0
P0813,Q002,finance,0.8396,1,0
P0813,Q003,finance,0.8083,1,0
P0813,Q004,science,0.4473,0,0
P0813,Q005,politics,0.7603,1,0
P0813,Q006,education,0.8883,0,0
P0813,Q007,politics,0.515,0,0
P0813,Q008,politics,0.924,1,0
P0813,Q009,politics,0.8954,1,0
P0813,Q010,education,0.9322,1,0
P0814,Q001,science,0.25,0,1
P0814,Q002,finance,0.6279,1,0
P0814,Q003,finance,0.6817,0,0
P0814,Q004,science,0.2501,0,0
P0814,Q005,politics,0.545,1,0
P0814,Q006,education,0.7077,0,0
P0814,Q007,politics,0.2121,0,0
P0814,Q008,politics,0.8048,1,0
P0814,Q009,politics,0.7004,1,0
P0814,Q010,education,0.8058,0,0
P0815,Q001,science,0.1693,0,0
P0815,Q002,finance,0.089,0,0
P0815,Q003,finance,0.2803,1,0
P0815,Q004,science,0.0346,0,0
P0815,Q005,politics,0.0936,0,0
P0815,Q006,education,0.1082,0,0
P0815,Q007,politics,0.25,0,1
P0815,Q008,politics,0.2135,0,0
P0815,Q009,politics,0.0819,0,0
P0815,Q010,education,0.25,0,1
P0816,Q001,science,0.9301,1,0
P0816,Q002,finance,0.8754,0,0
P0816,Q003,finance,0.8341,1,0
P0816,Q004,science,0.5048,0,0
P0816,Q005,politics,0.8034,1,0
P0816,Q006,education,0.9155,1,0
P0816,Q007,politics,0.6027,1,0
P0816,Q008,politics,0.9415,1,0
P0816,Q009,politics,0.923,1,0
P0816,Q010,education,0.9494,1,0
P0817,Q001,science,0.2797,0,0
P0817,Q002,finance,0.1589,0,0
P0817,Q003,finance,0.3663,1,0
P0817,Q004,science,0.0567,0,0
P0817,Q005,politics,0.25,1,1
P0817,Q006,education,0.1953,0,0
P0817,Q007,politics,0.0186,1,0
P0817,Q008,politics,0.3377,0,0
P0817,Q009,politics,0.1597,0,0
P0817,Q010,education,0.2905,1,0
P0818,Q001,science,0.8775,1,0
P0818,Q002,finance,0.7887,0,0
P0818,Q003,finance,0.25,0,1
P0818,Q004,science,0.3831,0,0
P0818,Q005,politics,0.25,0,1
P0818,Q006,education,0.25,1,1
P0818,Q007,politics,0.4134,0,0
P0818,Q008,politics,0.898,1,0
P0818,Q009,politics,0.8531,0,0
P0818,Q010,education,0.25,0,1
P0819,Q001,science,0.8963,1,0
P0819,Q002,finance,0.8189,1,0
P0819,Q003,finance,0.7943,1,0
P0819,Q004,science,0.4191,0,0
P0819,Q005,politics,0.7365,1,0
P0819,Q006,education,0.8721,1,0
P0819,Q007,politics,0.4705,0,0
P0819,Q008,politics,0.9135,1,0
P0819,Q009,politics,0.8785,1,0
P0819,Q010,education,0.9217,1,0
P0820,Q001,science,0.6147,1,0
P0820,Q002,finance,0.4451,1,0
P0820,Q003,finance,0.25,0,1
P0820,Q004,science,0.1571,1,0
P0820,Q005,politics,0.3872,1,0
P0820,Q006,education,0.5257,0,0
P0820,Q007,politics,0.0986,0,0
P0820,Q008,politics,0.6697,1,0
P0820,Q009,politics,0.4992,0,0
P0820,Q010,education,0.654,0,0
P0821,Q001,science,0.1666,0,0
P0821,Q002,finance,0.0874,0,0
P0821,Q003,finance,0.2779,0,0
P0821,Q004,science,0.0341,0,0
P0821,Q005,politics,0.0922,0,0
P0821,Q006,education,0.1062,0,0
P0821,Q007,politics,0.0083,0,0
P0821,Q008,politics,0.2104,0,0
P0821,Q009,politics,0.0802,0,0
P0821,Q010,education,0.1664,1,0
P0822,Q001,science,0.6761,1,0
P0822,Q002,finance,0.5137,0,0
P0822,Q003,finance,0.6181,1,0
P0822,Q004,science,0.25,1,1
P0822,Q005,politics,0.4446,1,0
P0822,Q006,education,0.5968,1,0
P0822,Q007,politics,0.1324,0,0
P0822,Q008,politics,0.725,1,0
P0822,Q009,politics,0.5774,0,0
P0822,Q010,education,0.7166,0,0
P0823,Q001,science,0.25,1,1
P0823,Q002,finance,0.3305,1,0
P0823,Q003,finance,0.5066,0,0
P0823,Q004,science,0.113,1,0
P0823,Q005,politics,0.2939,0,0
P0823,Q006,education,0.3996,1,0
P0823,Q007,politics,0.0572,0,0
P0823,Q008,politics,0.5605,1,0
P0823,Q009,politics,0.3637,1,0
P0823,Q010,education,0.5308,0,0
P0824,Q001,science,0.25,0,1
P0824,Q002,finance,0.6325,0,0
P0824,Q003,finance,0.6843,1,0
P0824,Q004,science,0.253,0,0
P0824,Q005,politics,0.5492,0,0
P0824,Q006,education,0.25,0,1
P0824,Q007,politics,0.25,0,1
P0824,Q008,politics,0.25,0,1
P0824,Q009,politics,0.7051,0,0
P0824,Q010,education,0.8091,1,0
P0825,Q001,science,0.9577,1,0
P0825,Q002,finance,0.9238,1,0
P0825,Q003,finance,0.8745,1,0
P0825,Q004,science,0.6098,0,0
P0825,Q005,politics,0.8672,1,0
P0825,Q006,education,0.9506,1,0
P0825,Q007,politics,0.7461,1,0
P0825,Q008,politics,0.9644,1,0
P0825,Q009,politics,0.9573,1,0
P0825,Q010,education,0.971,1,0
P0826,Q001,science,0.4716,1,0
P0826,Q002,finance,0.3069,0,0
P0826,Q003,finance,0.4903,1,0
P0826,Q004,science,0.1047,0,0
P0826,Q005,politics,0.2749,0,0
P0826,Q006,education,0.3725,0,0
P0826,Q007,politics,0.0505,0,0
P0826,Q008,politics,0.5348,1,0
P0826,Q009,politics,0.3353,1,0
P0826,Q010,education,0.502,1,0
P0827,Q001,science,0.6497,0,0
P0827,Q002,finance,0.4835,0,0
P0827,Q003,finance,0.6009,0,0
P0827,Q004,science,0.1737,0,0
P0827,Q005,politics,0.4191,1,0
P0827,Q006,education,0.5658,1,0
P0827,Q007,politics,0.1164,0,0
P0827,Q008,politics,0.7014,0,0
P0827,Q009,politics,0.5433,0,0
P0827,Q010,education,0.6899,1,0
P0828,Q001,science,0.25,0,1
P0828,Q002,finance,0.5324,0,0
P0828,Q003,finance,0.25,0,1
P0828,Q004,science,0.1969,0,0
P0828,Q005,politics,0.4607,1,0
P0828,Q006,education,0.6156,1,0
P0828,Q007,politics,0.1432,0,0
P0828,Q008,politics,0.7391,1,0
P0828,Q009,politics,0.5983,1,0
P0828,Q010,education,0.7325,0,0
P0829,Q001,science,0.2359,0,0
P0829,Q002,finance,0.13,0,0
P0829,Q003,finance,0.3343,1,0
P0829,Q004,science,0.0476,0,0
P0829,Q005,politics,0.1296,0,0
P0829,Q006,education,0.1594,0,0
P0829,Q007,politics,0.0141,0,0
P0829,Q008,politics,0.25,0,1
P0829,Q009,politics,0.1268,0,0
P0829,Q010,education,0.2421,0,0
P0830,Q001,science,0.1078,0,0
P0830,Q002,finance,0.0541,0,0
P0830,Q003,finance,0.2204,1,0
P0830,Q004,science,0.023,0,0
P0830,Q005,politics,0.0612,0,0
P0830,Q006,education,0.0647,1,0
P0830,Q007,politics,0.0044,0,0
P0830,Q008,politics,0.1401,0,0
P0830,Q009,politics,0.0461,0,0
P0830,Q010,education,0.1037,0,0
P0831,Q001,science,0.6154,0,0
P0831,Q002,finance,0.4459,1,0
P0831,Q003,finance,0.579,1,0
P0831,Q004,science,0.1574,0,0
P0831,Q005,politics,0.3879,0,0
P0831,Q006,education,0.5265,0,0
P0831,Q007,politics,0.0989,0,0
P0831,Q008,politics,0.6704,0,0
P0831,Q009,politics,0.5001,0,0
P0831,Q010,education,0.6547,1,0
P0832,Q001,science,0.8249,1,0
P0832,Q002,finance,0.7085,1,0
P0832,Q003,finance,0.7271,1,0
P0832,Q004,science,0.3074,0,0
P0832,Q005,politics,0.6212,0,0
P0832,Q006,education,0.7803,1,0
P0832,Q007,politics,0.2953,1,0
P0832,Q008,politics,0.8539,1,0
P0832,Q009,politics,0.7803,0,0
P0832,Q010,education,0.8593,1,0
P0833,Q001,science,0.0412,0,0
P0833,Q002,finance,0.0195,0,0
P0833,Q003,finance,0.1305,0,0
P0833,Q004,science,0.0102,0,0
P0833,Q005,politics,0.0256,0,0
P0833,Q006,education,0.0222,0,0
P0833,Q007,politics,0.0012,0,0
P0833,Q008,politics,0.056,0,0
P0833,Q009,politics,0.0142,0,0
P0833,Q010,education,0.0364,0,0
P0834,Q001,science,0.488,1,0
P0834,Q002,finance,0.3214,0,0
P0834,Q003,finance,0.5004,0,0
P0834,Q004,science,0.1098,0,0
P0834,Q005,politics,0.2866,0,0
P0834,Q006,education,0.3892,1,0
P0834,Q007,politics,0.0546,0,0
P0834,Q008,politics,0.5507,1,0
P0834,Q009,politics,0.3527,0,0
P0834,Q010,education,0.5198,1,0
P0835,Q001,science,0.953,1,0
P0835,Q002,finance,0.9154,1,0
P0835,Q003,finance,0.25,0,1
P0835,Q004,science,0.5884,0,0
P0835,Q005,politics,0.8556,1,0
P0835,Q006,education,0.9446,1,0
P0835,Q007,politics,0.7192,1,0
P0835,Q008,politics,0.9605,1,0
P0835,Q009,politics,0.9516,1,0
P0835,Q010,education,0.25,0,1
P0836,Q001,science,0.25,0,1
P0836,Q002,finance,0.2894,0,0
P0836,Q003,finance,0.4778,1,0
P0836,Q004,science,0.0988,0,0
P0836,Q005,politics,0.2608,1,0
P0836,Q006,education,0.25,0,1
P0836,Q007,politics,0.25,0,1
P0836,Q008,politics,0.25,0,1
P0836,Q009,politics,0.3143,0,0
P0836,Q010,education,0.4799,0,0
P0837,Q001,science,0.727,1,0
P0837,Q002,finance,0.25,0,1
P0837,Q003,finance,0.6527,0,0
P0837,Q004,science,0.2194,1,0
P0837,Q005,politics,0.4981,1,0
P0837,Q006,education,0.658,0,0
P0837,Q007,politics,0.1711,0,0
P0837,Q008,politics,0.7699,1,0
P0837,Q009,politics,0.6453,1,0
P0837,Q010,education,0.767,0,0
P0838,Q001,science,0.3101,0,0
P0838,Q002,finance,0.18,1,0
P0838,Q003,finance,0.3873,0,0
P0838,Q004,science,0.0633,0,0
P0838,Q005,politics,0.1717,1,0
P0838,Q006,education,0.2212,0,0
P0838,Q007,politics,0.0222,0,0
P0838,Q008,politics,0.3703,0,0
P0838,Q009,politics,0.1841,0,0
P0838,Q010,education,0.3242,0,0
P0839,Q001,science,0.8664,1,0
P0839,Q002,finance,0.7712,0,0
P0839,Q003,finance,0.7641,1,0
P0839,Q004,science,0.3644,0,0
P0839,Q005,politics,0.6847,1,0
P0839,Q006,education,0.8335,1,0
P0839,Q007,politics,0.3837,0,0
P0839,Q008,politics,0.8887,1,0
P0839,Q009,politics,0.8378,0,0
P0839,Q010,education,0.8961,1,0
P0840,Q001,science,0.2109,0,0
P0840,Q002,finance,0.1142,0,0
P0840,Q003,finance,0.3149,0,0
P0840,Q004,science,0.0426,0,0
P0840,Q005,politics,0.1159,0,0
P0840,Q006,education,0.1396,0,0
P0840,Q007,politics,0.0118,0,0
P0840,Q008,politics,0.2613,0,0
P0840,Q009,politics,0.1092,0,0
P0840,Q010,education,0.2146,0,0
P0841,Q001,science,0.3503,0,0
P0841,Q002,finance,0.209,0,0
P0841,Q003,finance,0.414,1,0
P0841,Q004,science,0.0725,0,0
P0841,Q005,politics,0.1956,0,0
P0841,Q006,education,0.2566,1,0
P0841,Q007,politics,0.0277,0,0
P0841,Q008,politics,0.4126,0,0
P0841,Q009,politics,0.2183,0,0
P0841,Q010,education,0.3687,0,0
P0842,Q001,science,0.8055,1,0
P0842,Q002,finance,0.6805,1,0
P0842,Q003,finance,0.7111,1,0
P0842,Q004,science,0.2858,0,0
P0842,Q005,politics,0.5941,1,0
P0842,Q006,education,0.7556,1,0
P0842,Q007,politics,0.2631,0,0
P0842,Q008,politics,0.8374,1,0
P0842,Q009,politics,0.7533,0,0
P0842,Q010,education,0.8415,1,0
P0843,Q001,science,0.3003,1,0
P0843,Q002,finance,0.1731,0,0
P0843,Q003,finance,0.3806,0,0
P0843,Q004,science,0.0611,0,0
P0843,Q005,politics,0.166,0,0
P0843,Q006,education,0.2127,0,0
P0843,Q007,politics,0.021,0,0
P0843,Q008,politics,0.3598,0,0
P0843,Q009,politics,0.1761,1,0
P0843,Q010,education,0.3133,0,0
P0844,Q001,science,0.5069,0,0
P0844,Q002,finance,0.25,0,1
P0844,Q003,finance,0.512,1,0
P0844,Q004,science,0.1159,0,0
P0844,Q005,politics,0.3004,0,0
P0844,Q006,education,0.4087,1,0
P0844,Q007,politics,0.0596,0,0
P0844,Q008,politics,0.569,0,0
P0844,Q009,politics,0.3733,1,0
P0844,Q010,education,0.5402,0,0
P0845,Q001,science,0.9171,1,0
P0845,Q002,finance,0.8534,0,0
P0845,Q003,finance,0.818,1,0
P0845,Q004,science,0.468,0,0
P0845,Q005,politics,0.7766,1,0
P0845,Q006,education,0.8989,1,0
P0845,Q007,politics,0.5471,0,0
P0845,Q008,politics,0.9308,1,0
P0845,Q009,politics,0.9063,1,0
P0845,Q010,education,0.939,1,0
P0846,Q001,science,0.6375,1,0
P0846,Q002,finance,0.4699,0,0
P0846,Q003,finance,0.593,0,0
P0846,Q004,science,0.1677,0,0
P0846,Q005,politics,0.4078,0,0
P0846,Q006,education,0.25,0,1
P0846,Q007,politics,0.1098,0,0
P0846,Q008,politics,0.6904,1,0
P0846,Q009,politics,0.5278,1,0
P0846,Q010,education,0.6775,1,0
P0847,Q001,science,0.9125,1,0
P0847,Q002,finance,0.8456,1,0
P0847,Q003,finance,0.8125,1,0
P0847,Q004,science,0.4561,0,0
P0847,Q005,politics,0.7673,1,0
P0847,Q006,education,0.8929,1,0
P0847,Q007,politics,0.5286,1,0
P0847,Q008,politics,0.927,1,0
P0847,Q009,politics,0.9001,1,0
P0847,Q010,education,0.9351,1,0
P0848,Q001,science,0.9676,1,0
P0848,Q002,finance,0.9415,1,0
P0848,Q003,finance,0.8919,1,0
P0848,Q004,science,0.661,1,0
P0848,Q005,politics,0.8928,1,0
P0848,Q006,education,0.9628,1,0
P0848,Q007,politics,0.8054,1,0
P0848,Q008,politics,0.9726,1,0
P0848,Q009,politics,0.9687,1,0
P0848,Q010,education,0.9783,1,0
P0849,Q001,science,0.1506,0,0
P0849,Q002,finance,0.0781,0,0
P0849,Q003,finance,0.25,1,1
P0849,Q004,science,0.031,0,0
P0849,Q005,politics,0.0837,0,0
P0849,Q006,education,0.0945,0,0
P0849,Q007,politics,0.0071,0,0
P0849,Q008,politics,0.1915,0,0
P0849,Q009,politics,0.0704,0,0
P0849,Q010,education,0.1491,0,0
P0850,Q001,science,0.5451,0,0
P0850,Q002,finance,0.3745,0,0
P0850,Q003,finance,0.5354,1,0
P0850,Q004,science,0.1291,0,0
P0850,Q005,politics,0.3295,0,0
P0850,Q006,education,0.4491,1,0
P0850,Q007,politics,0.0712,0,0
P0850,Q008,politics,0.6053,0,0
P0850,Q009,politics,0.4162,1,0
P0850,Q010,education,0.5811,0,0
P0851,Q001,science,0.6605,1,0
P0851,Q002,finance,0.4957,1,0
P0851,Q003,finance,0.6079,1,0
P0851,Q004,science,0.1793,0,0
P0851,Q005,politics,0.4295,0,0
P0851,Q006,education,0.5785,1,0
P0851,Q007,politics,0.1227,0,0
P0851,Q008,politics,0.7111,0,0
P0851,Q009,politics,0.5572,1,0
P0851,Q010,education,0.7009,1,0
P0852,Q001,science,0.2511,0,0
P0852,Q002,finance,0.1398,0,0
P0852,Q003,finance,0.3456,1,0
P0852,Q004,science,0.0507,0,0
P0852,Q005,politics,0.138,0,0
P0852,Q006,education,0.1716,0,0
P0852,Q007,politics,0.0156,0,0
P0852,Q008,politics,0.3063,1,0
P0852,Q009,politics,0.1379,0,0
P0852,Q010,education,0.2589,0,0
P0853,Q001,science,0.6016,0,0
P0853,Q002,finance,0.4313,1,0
P0853,Q003,finance,0.5703,1,0
P0853,Q004,science,0.1513,0,0
P0853,Q005,politics,0.3758,0,0
P0853,Q006,education,0.5109,0,0
P0853,Q007,politics,0.0927,0,0
P0853,Q008,politics,0.6577,1,0
P0853,Q009,politics,0.4831,0,0
P0853,Q010,education,0.6404,1,0
P0854,Q001,science,0.4508,0,0
P0854,Q002,finance,0.289,0,0
P0854,Q003,finance,0.4775,0,0
P0854,Q004,science,0.0986,1,0
P0854,Q005,politics,0.2605,1,0
P0854,Q006,education,0.3518,0,0
P0854,Q007,politics,0.0458,0,0
P0854,Q008,politics,0.5144,1,0
P0854,Q009,politics,0.3138,0,0
P0854,Q010,education,0.4794,1,0
P0855,Q001,science,0.2556,0,0
P0855,Q002,finance,0.25,1,1
P0855,Q003,finance,0.25,1,1
P0855,Q004,science,0.0516,0,0
P0855,Q005,politics,0.1406,1,0
P0855,Q006,education,0.1753,0,0
P0855,Q007,politics,0.016,0,0
P0855,Q008,politics,0.3114,1,0
P0855,Q009,politics,0.25,0,1
P0855,Q010,education,0.25,1,1
P0856,Q001,science,0.0963,0,0
P0856,Q002,finance,0.0479,0,0
P0856,Q003,finance,0.2075,0,0
P0856,Q004,science,0.0209,0,0
P0856,Q005,politics,0.0551,0,0
P0856,Q006,education,0.0569,1,0
P0856,Q007,politics,0.25,0,1
P0856,Q008,politics,0.1259,0,0
P0856,Q009,politics,0.04,1,0
P0856,Q010,education,0.0917,0,0
P0857,Q001,science,0.25,1,1
P0857,Q002,finance,0.838,1,0
P0857,Q003,finance,0.8072,1,0
P0857,Q004,science,0.4451,0,0
P0857,Q005,politics,0.25,1,1
P0857,Q006,education,0.8871,1,0
P0857,Q007,politics,0.5114,1,0
P0857,Q008,politics,0.9232,1,0
P0857,Q009,politics,0.8941,1,0
P0857,Q010,education,0.9314,0,0
P0858,Q001,science,0.25,0,1
P0858,Q002,finance,0.6263,1,0
P0858,Q003,finance,0.6808,0,0
P0858,Q004,science,0.2491,0,0
P0858,Q005,politics,0.5436,1,0
P0858,Q006,education,0.7062,1,0
P0858,Q007,politics,0.2107,0,0
P0858,Q008,politics,0.8038,1,0
P0858,Q009,politics,0.6988,1,0
P0858,Q010,education,0.8047,1,0
P0859,Q001,science,0.2755,1,0
P0859,Q002,finance,0.1561,0,0
P0859,Q003,finance,0.3633,0,0
P0859,Q004,science,0.0558,0,0
P0859,Q005,politics,0.1518,0,0
P0859,Q006,education,0.1918,0,0
P0859,Q007,politics,0.0181,0,0
P0859,Q008,politics,0.25,0,1
P0859,Q009,politics,0.1565,0,0
P0859,Q010,education,0.2859,0,0
P0860,Q001,science,0.25,1,1
P0860,Q002,finance,0.2516,0,0
P0860,Q003,finance,0.4493,0,0
P0860,Q004,science,0.25,0,1
P0860,Q005,politics,0.25,0,1
P0860,Q006,education,0.25,0,1
P0860,Q007,politics,0.0367,0,0
P0860,Q008,politics,0.4691,0,0
P0860,Q009,politics,0.25,0,1
P0860,Q010,education,0.25,0,1
P0861,Q001,science,0.275,0,0
P0861,Q002,finance,0.1558,0,0
P0861,Q003,finance,0.25,1,1
P0861,Q004,science,0.0557,0,0
P0861,Q005,politics,0.1515,0,0
P0861,Q006,education,0.1914,1,0
P0861,Q007,politics,0.0181,0,0
P0861,Q008,politics,0.3326,0,0
P0861,Q009,politics,0.25,1,1
P0861,Q010,education,0.2854,1,0
P0862,Q001,science,0.4666,0,0
P0862,Q002,finance,0.3026,0,0
P0862,Q003,finance,0.4872,1,0
P0862,Q004,science,0.1033,1,0
P0862,Q005,politics,0.2714,1,0
P0862,Q006,education,0.3675,1,0
P0862,Q007,politics,0.0493,0,0
P0862,Q008,politics,0.5299,1,0
P0862,Q009,politics,0.3301,0,0
P0862,Q010,education,0.4966,1,0
P0863,Q001,science,0.5554,0,0
P0863,Q002,finance,0.3845,0,0
P0863,Q003,finance,0.5417,0,0
P0863,Q004,science,0.1329,0,0
P0863,Q005,politics,0.3376,0,0
P0863,Q006,education,0.4602,0,0
P0863,Q007,politics,0.0747,0,0
P0863,Q008,politics,0.6149,0,0
P0863,Q009,politics,0.4281,1,0
P0863,Q010,education,0.592,1,0
P0864,Q001,science,0.882,1,0
P0864,Q002,finance,0.7958,0,0
P0864,Q003,finance,0.7795,0,0
P0864,Q004,science,0.3912,0,0
P0864,Q005,politics,0.7111,1,0
P0864,Q006,education,0.8537,1,0
P0864,Q007,politics,0.4261,0,0
P0864,Q008,politics,0.9017,0,0
P0864,Q009,politics,0.8592,1,0
P0864,Q010,education,0.9096,1,0
P0865,Q001,science,0.3276,0,0
P0865,Q002,finance,0.1924,0,0
P0865,Q003,finance,0.3991,0,0
P0865,Q004,science,0.0672,0,0
P0865,Q005,politics,0.182,0,0
P0865,Q006,education,0.2364,0,0
P0865,Q007,politics,0.0245,0,0
P0865,Q008,politics,0.3889,0,0
P0865,Q009,politics,0.1987,0,0
P0865,Q010,education,0.3436,1,0
P0866,Q001,science,0.8508,1,0
P0866,Q002,finance,0.7472,0,0
P0866,Q003,finance,0.7497,1,0
P0866,Q004,science,0.3409,0,0
P0866,Q005,politics,0.6598,1,0
P0866,Q006,education,0.8135,1,0
P0866,Q007,politics,0.3468,0,0
P0866,Q008,politics,0.8756,1,0
P0866,Q009,politics,0.8163,1,0
P0866,Q010,education,0.8824,1,0
P0867,Q001,science,0.9599,1,0
P0867,Q002,finance,0.9277,1,0
P0867,Q003,finance,0.8782,0,0
P0867,Q004,science,0.6201,1,0
P0867,Q005,politics,0.8727,1,0
P0867,Q006,education,0.9533,1,0
P0867,Q007,politics,0.7587,1,0
P0867,Q008,politics,0.9662,1,0
P0867,Q009,politics,0.9598,1,0
P0867,Q010,education,0.9726,1,0
P0868,Q001,science,0.1346,0,0
P0868,Q002,finance,0.069,0,0
P0868,Q003,finance,0.2482,0,0
P0868,Q004,science,0.0281,0,0
P0868,Q005,politics,0.0753,0,0
P0868,Q006,education,0.0832,0,0
P0868,Q007,politics,0.0061,0,0
P0868,Q008,politics,0.1726,0,0
P0868,Q009,politics,0.0611,0,0
P0868,Q010,education,0.1321,0,0
P0869,Q001,science,0.3944,1,0
P0869,Q002,finance,0.2428,0,0
P0869,Q003,finance,0.4423,0,0
P0869,Q004,science,0.0833,0,0
P0869,Q005,politics,0.2232,0,0
P0869,Q006,education,0.2973,1,0
P0869,Q007,politics,0.0347,0,0
P0869,Q008,politics,0.458,1,0
P0869,Q009,politics,0.2585,0,0
P0869,Q010,education,0.4175,0,0
P0870,Q001,science,0.1819,0,0
P0870,Q002,finance,0.0965,0,0
P0870,Q003,finance,0.2912,0,0
P0870,Q004,science,0.037,0,0
P0870,Q005,politics,0.1004,0,0
P0870,Q006,education,0.1176,0,0
P0870,Q007,politics,0.0094,0,0
P0870,Q008,politics,0.2282,0,0
P0870,Q009,politics,0.09,0,0
P0870,Q010,education,0.183,0,0
P0871,Q001,science,0.9174,1,0
P0871,Q002,finance,0.8539,1,0
P0871,Q003,finance,0.8183,1,0
P0871,Q004,science,0.4688,0,0
P0871,Q005,politics,0.7772,1,0
P0871,Q006,education,0.8993,1,0
P0871,Q007,politics,0.5483,1,0
P0871,Q008,politics,0.9311,0,0
P0871,Q009,politics,0.9066,1,0
P0871,Q010,education,0.25,0,1
P0872,Q001,science,0.4111,0,0
P0872,Q002,finance,0.2562,0,0
P0872,Q003,finance,0.4529,0,0
P0872,Q004,science,0.0877,0,0
P0872,Q005,politics,0.2339,0,0
P0872,Q006,education,0.3131,0,0
P0872,Q007,politics,0.0378,0,0
P0872,Q008,politics,0.25,0,1
P0872,Q009,politics,0.2744,0,0
P0872,Q010,education,0.4359,0,0
P0873,Q001,science,0.4117,0,0
P0873,Q002,finance,0.2566,1,0
P0873,Q003,finance,0.4532,0,0
P0873,Q004,science,0.0878,0,0
P0873,Q005,politics,0.2343,0,0
P0873,Q006,education,0.3137,0,0
P0873,Q007,politics,0.25,0,1
P0873,Q008,politics,0.4755,0,0
P0873,Q009,politics,0.275,0,0
P0873,Q010,education,0.4365,0,0
P0874,Q001,science,0.3707,1,0
P0874,Q002,finance,0.2245,1,0
P0874,Q003,finance,0.4272,1,0
P0874,Q004,science,0.0774,0,0
P0874,Q005,politics,0.2082,1,0
P0874,Q006,education,0.2753,0,0
P0874,Q007,politics,0.0308,0,0
P0874,Q008,politics,0.4338,0,0
P0874,Q009,politics,0.25,0,1
P0874,Q010,education,0.3913,0,0
P0875,Q001,science,0.9448,1,0
P0875,Q002,finance,0.901,1,0
P0875,Q003,finance,0.8544,1,0
P0875,Q004,science,0.5551,0,0
P0875,Q005,politics,0.8361,1,0
P0875,Q006,education,0.9343,1,0
P0875,Q007,politics,0.6747,1,0
P0875,Q008,politics,0.9537,1,0
P0875,Q009,politics,0.25,0,1
P0875,Q010,education,0.961,1,0
P0876,Q001,science,0.4516,1,0
P0876,Q002,finance,0.2897,0,0
P0876,Q003,finance,0.478,1,0
P0876,Q004,science,0.0989,0,0
P0876,Q005,politics,0.261,0,0
P0876,Q006,education,0.3525,0,0
P0876,Q007,politics,0.25,0,1
P0876,Q008,politics,0.5152,1,0
P0876,Q009,politics,0.3147,0,0
P0876,Q010,education,0.4802,1,0
P0877,Q001,science,0.4936,0,0
P0877,Q002,finance,0.3264,1,0
P0877,Q003,finance,0.5038,0,0
P0877,Q004,science,0.1116,0,0
P0877,Q005,politics,0.2906,0,0
P0877,Q006,education,0.3949,1,0
P0877,Q007,politics,0.056,0,0
P0877,Q008,politics,0.5561,1,0
P0877,Q009,politics,0.3587,0,0
P0877,Q010,education,0.5258,1,0
P0878,Q001,science,0.351,0,0
P0878,Q002,finance,0.2096,1,0
P0878,Q003,finance,0.4145,1,0
P0878,Q004,science,0.0726,0,0
P0878,Q005,politics,0.1961,0,0
P0878,Q006,education,0.2573,0,0
P0878,Q007,politics,0.0278,0,0
P0878,Q008,politics,0.25,0,1
P0878,Q009,politics,0.2189,0,0
P0878,Q010,education,0.3695,1,0
P0879,Q001,science,0.3394,1,0
P0879,Q002,finance,0.201,1,0
P0879,Q003,finance,0.4069,0,0
P0879,Q004,science,0.0699,0,0
P0879,Q005,politics,0.1891,1,0
P0879,Q006,education,0.2469,1,0
P0879,Q007,politics,0.25,0,1
P0879,Q008,politics,0.4012,0,0
P0879,Q009,politics,0.2088,0,0
P0879,Q010,education,0.3567,0,0
P0880,Q001,science,0.5767,1,0
P0880,Q002,finance,0.4057,0,0
P0880,Q003,finance,0.5548,0,0
P0880,Q004,science,0.141,0,0
P0880,Q005,politics,0.3548,0,0
P0880,Q006,education,0.4833,0,0
P0880,Q007,politics,0.25,0,1
P0880,Q008,politics,0.25,0,1
P0880,Q009,politics,0.4531,0,0
P0880,Q010,education,0.6144,0,0
P0881,Q001,science,0.6956,1,0
P0881,Q002,finance,0.5368,1,0
P0881,Q003,finance,0.6311,1,0
P0881,Q004,science,0.1991,0,0
P0881,Q005,politics,0.4644,1,0
P0881,Q006,education,0.62,0,0
P0881,Q007,politics,0.1458,1,0
P0881,Q008,politics,0.7423,0,0
P0881,Q009,politics,0.6031,1,0
P0881,Q010,education,0.7361,1,0
P0882,Q001,science,0.8025,1,0
P0882,Q002,finance,0.6763,0,0
P0882,Q003,finance,0.7088,1,0
P0882,Q004,science,0.25,0,1
P0882,Q005,politics,0.5901,1,0
P0882,Q006,education,0.7519,1,0
P0882,Q007,politics,0.25,0,1
P0882,Q008,politics,0.8349,0,0
P0882,Q009,politics,0.7491,0,0
P0882,Q010,education,0.8388,1,0
P0883,Q001,science,0.7699,1,0
P0883,Q002,finance,0.6313,0,0
P0883,Q003,finance,0.6836,0,0
P0883,Q004,science,0.2523,0,0
P0883,Q005,politics,0.5481,0,0
P0883,Q006,education,0.7109,1,0
P0883,Q007,politics,0.2151,0,0
P0883,Q008,politics,0.807,1,0
P0883,Q009,politics,0.7039,1,0
P0883,Q010,education,0.8082,1,0
P0884,Q001,science,0.6077,0,0
P0884,Q002,finance,0.4378,1,0
P0884,Q003,finance,0.5742,0,0
P0884,Q004,science,0.154,0,0
P0884,Q005,politics,0.3812,0,0
P0884,Q006,education,0.5179,0,0
P0884,Q007,politics,0.0954,0,0
P0884,Q008,politics,0.6634,0,0
P0884,Q009,politics,0.4907,1,0
P0884,Q010,education,0.6468,1,0
P0885,Q001,science,0.8142,0,0
P0885,Q002,finance,0.693,1,0
P0885,Q003,finance,0.7182,0,0
P0885,Q004,science,0.2952,1,0
P0885,Q005,politics,0.25,0,1
P0885,Q006,education,0.7667,1,0
P0885,Q007,politics,0.2769,0,0
P0885,Q008,politics,0.8448,0,0
P0885,Q009,politics,0.7654,1,0
P0885,Q010,education,0.8495,1,0
P0886,Q001,science,0.1696,0,0
P0886,Q002,finance,0.0892,0,0
P0886,Q003,finance,0.2806,1,0
P0886,Q004,science,0.0347,0,0
P0886,Q005,politics,0.0938,0,0
P0886,Q006,education,0.1084,0,0
P0886,Q007,politics,0.0085,0,0
P0886,Q008,politics,0.2139,0,0
P0886,Q009,politics,0.0821,0,0
P0886,Q010,education,0.1696,0,0
P0887,Q001,science,0.9146,1,0
P0887,Q002,finance,0.8492,1,0
P0887,Q003,finance,0.815,0,0
P0887,Q004,science,0.4615,1,0
P0887,Q005,politics,0.7715,1,0
P0887,Q006,education,0.8957,1,0
P0887,Q007,politics,0.537,0,0
P0887,Q008,politics,0.9287,1,0
P0887,Q009,politics,0.903,1,0
P0887,Q010,education,0.9369,1,0
P0888,Q001,science,0.8134,1,0
P0888,Q002,finance,0.6917,1,0
P0888,Q003,finance,0.7175,0,0
P0888,Q004,science,0.2942,0,0
P0888,Q005,politics,0.6048,0,0
P0888,Q006,education,0.7656,1,0
P0888,Q007,politics,0.2755,0,0
P0888,Q008,politics,0.8441,0,0
P0888,Q009,politics,0.7642,1,0
P0888,Q010,education,0.8487,0,0
P0889,Q001,science,0.7512,1,0
P0889,Q002,finance,0.6066,1,0
P0889,Q003,finance,0.6699,0,0
P0889,Q004,science,0.2371,1,0
P0889,Q005,politics,0.5257,1,0
P0889,Q006,education,0.6877,1,0
P0889,Q007,politics,0.1944,1,0
P0889,Q008,politics,0.7909,0,0
P0889,Q009,politics,0.6782,1,0
P0889,Q010,education,0.7904,1,0
P0890,Q001,science,0.25,1,1
P0890,Q002,finance,0.8643,1,0
P0890,Q003,finance,0.8258,0,0
P0890,Q004,science,0.4855,1,0
P0890,Q005,politics,0.7896,1,0
P0890,Q006,education,0.9072,1,0
P0890,Q007,politics,0.5738,0,0
P0890,Q008,politics,0.9361,1,0
P0890,Q009,politics,0.9146,1,0
P0890,Q010,education,0.9442,1,0
P0891,Q001,science,0.9882,1,0
P0891,Q002,finance,0.9789,1,0
P0891,Q003,finance,0.9395,1,0
P0891,Q004,science,0.8169,1,0
P0891,Q005,politics,0.9539,1,0
P0891,Q006,education,0.9874,1,0
P0891,Q007,politics,0.9372,1,0
P0891,Q008,politics,0.9898,1,0
P0891,Q009,politics,0.9905,1,0
P0891,Q010,education,0.9928,1,0
P0892,Q001,science,0.4953,1,0
P0892,Q002,finance,0.3279,0,0
P0892,Q003,finance,0.5048,0,0
P0892,Q004,science,0.1121,0,0
P0892,Q005,politics,0.2918,1,0
P0892,Q006,education,0.3967,0,0
P0892,Q007,politics,0.0565,0,0
P0892,Q008,politics,0.5578,1,0
P0892,Q009,politics,0.3606,0,0
P0892,Q010,education,0.5277,0,0
P0893,Q001,science,0.9603,1,0
P0893,Q002,finance,0.9283,1,0
P0893,Q003,finance,0.8788,1,0
P0893,Q004,science,0.6219,1,0
P0893,Q005,politics,0.8736,1,0
P0893,Q006,education,0.9537,1,0
P0893,Q007,politics,0.7609,1,0
P0893,Q008,politics,0.9665,1,0
P0893,Q009,politics,0.9603,1,0
P0893,Q010,education,0.9728,1,0
P0894,Q001,science,0.4443,1,0
P0894,Q002,finance,0.2835,0,0
P0894,Q003,finance,0.4735,0,0
P0894,Q004,science,0.0968,0,0
P0894,Q005,politics,0.256,0,0
P0894,Q006,education,0.3453,0,0
P0894,Q007,politics,0.0444,0,0
P0894,Q008,politics,0.508,0,0
P0894,Q009,politics,0.3073,0,0
P0894,Q010,education,0.4723,1,0
P0895,Q001,science,0.8513,1,0
P0895,Q002,finance,0.7479,1,0
P0895,Q003,finance,0.7501,0,0
P0895,Q004,science,0.3416,1,0
P0895,Q005,politics,0.6605,1,0
P0895,Q006,education,0.8141,0,0
P0895,Q007,politics,0.3478,0,0
P0895,Q008,politics,0.876,1,0
P0895,Q009,politics,0.8169,1,0
P0895,Q010,education,0.8829,1,0
P0896,Q001,science,0.694,1,0
P0896,Q002,finance,0.5349,1,0
P0896,Q003,finance,0.63,1,0
P0896,Q004,science,0.1981,0,0
P0896,Q005,politics,0.4628,0,0
P0896,Q006,education,0.6181,0,0
P0896,Q007,politics,0.1447,0,0
P0896,Q008,politics,0.7409,1,0
P0896,Q009,politics,0.6011,1,0
P0896,Q010,education,0.7345,1,0
P0897,Q001,science,0.7564,0,0
P0897,Q002,finance,0.6133,1,0
P0897,Q003,finance,0.25,0,1
P0897,Q004,science,0.2411,0,0
P0897,Q005,politics,0.5318,1,0
P0897,Q006,education,0.6941,1,0
P0897,Q007,politics,0.1998,0,0
P0897,Q008,politics,0.7954,1,0
P0897,Q009,politics,0.6853,0,0
P0897,Q010,education,0.7954,1,0
P0898,Q001,science,0.0529,0,0
P0898,Q002,finance,0.0253,0,0
P0898,Q003,finance,0.1499,0,0
P0898,Q004,science,0.0125,0,0
P0898,Q005,politics,0.032,0,0
P0898,Q006,education,0.0293,0,0
P0898,Q007,politics,0.0017,0,0
P0898,Q008,politics,0.0713,0,0
P0898,Q009,politics,0.0192,0,0
P0898,Q010,education,0.0478,0,0
P0899,Q001,science,0.5696,1,0
P0899,Q002,finance,0.3986,1,0
P0899,Q003,finance,0.5504,0,0
P0899,Q004,science,0.1383,0,0
P0899,Q005,politics,0.349,0,0
P0899,Q006,education,0.4756,1,0
P0899,Q007,politics,0.0798,0,0
P0899,Q008,politics,0.6282,1,0
P0899,Q009,politics,0.4447,1,0
P0899,Q010,education,0.607,1,0
P0900,Q001,science,0.6379,1,0
P0900,Q002,finance,0.4703,1,0
P0900,Q003,finance,0.5933,0,0
P0900,Q004,science,0.1679,0,0
P0900,Q005,politics,0.4081,1,0
P0900,Q006,education,0.5522,1,0
P0900,Q007,politics,0.11,0,0
P0900,Q008,politics,0.6908,1,0
P0900,Q009,politics,0.5283,0,0
P0900,Q010,education,0.6778,1,0
P0901,Q001,science,0.6165,1,0
P0901,Q002,finance,0.4471,0,0
P0901,Q003,finance,0.5797,1,0
P0901,Q004,science,0.1579,0,0
P0901,Q005,politics,0.3889,1,0
P0901,Q006,education,0.5278,1,0
P0901,Q007,politics,0.25,0,1
P0901,Q008,politics,0.6714,0,0
P0901,Q009,politics,0.5015,1,0
P0901,Q010,education,0.6559,1,0
P0902,Q001,science,0.7722,1,0
P0902,Q002,finance,0.6344,1,0
P0902,Q003,finance,0.6853,1,0
P0902,Q004,science,0.2542,0,0
P0902,Q005,politics,0.551,0,0
P0902,Q006,education,0.7137,1,0
P0902,Q007,politics,0.2178,0,0
P0902,Q008,politics,0.809,1,0
P0902,Q009,politics,0.25,0,1
P0902,Q010,education,0.8104,0,0
P0903,Q001,science,0.5653,1,0
P0903,Q002,finance,0.3943,0,0
P0903,Q003,finance,0.5478,1,0
P0903,Q004,science,0.1366,0,0
P0903,Q005,politics,0.3455,0,0
P0903,Q006,education,0.4709,1,0
P0903,Q007,politics,0.0782,0,0
P0903,Q008,politics,0.6242,1,0
P0903,Q009,politics,0.4397,1,0
P0903,Q010,education,0.6024,1,0
P0904,Q001,science,0.4375,1,0
P0904,Q002,finance,0.2778,1,0
P0904,Q003,finance,0.4693,1,0
P0904,Q004,science,0.0949,0,0
P0904,Q005,politics,0.2514,1,0
P0904,Q006,education,0.3386,1,0
P0904,Q007,politics,0.0429,0,0
P0904,Q008,politics,0.5012,1,0
P0904,Q009,politics,0.3004,0,0
P0904,Q010,education,0.4648,0,0
P0905,Q001,science,0.7053,0,0
P0905,Q002,finance,0.5485,1,0
P0905,Q003,finance,0.6376,1,0
P0905,Q004,science,0.205,1,0
P0905,Q005,politics,0.4746,0,0
P0905,Q006,education,0.6316,0,0
P0905,Q007,politics,0.1531,0,0
P0905,Q008,politics,0.7509,0,0
P0905,Q009,politics,0.616,0,0
P0905,Q010,education,0.7457,0,0
P0906,Q001,science,0.2488,0,0
P0906,Q002,finance,0.1383,0,0
P0906,Q003,finance,0.3439,0,0
P0906,Q004,science,0.0502,0,0
P0906,Q005,politics,0.1367,1,0
P0906,Q006,education,0.1697,0,0
P0906,Q007,politics,0.25,0,1
P0906,Q008,politics,0.3038,0,0
P0906,Q009,politics,0.1362,0,0
P0906,Q010,education,0.2563,0,0
P0907,Q001,science,0.8716,1,0
P0907,Q002,finance,0.7793,1,0
P0907,Q003,finance,0.7692,1,0
P0907,Q004,science,0.3729,0,0
P0907,Q005,politics,0.6934,1,0
P0907,Q006,education,0.8403,1,0
P0907,Q007,politics,0.3972,0,0
P0907,Q008,politics,0.893,0,0
P0907,Q009,politics,0.845,1,0
P0907,Q010,education,0.9007,1,0
P0908,Q001,science,0.25,0,1
P0908,Q002,finance,0.7679,1,0
P0908,Q003,finance,0.7622,1,0
P0908,Q004,science,0.3611,0,0
P0908,Q005,politics,0.6813,0,0
P0908,Q006,education,0.8308,1,0
P0908,Q007,politics,0.25,1,1
P0908,Q008,politics,0.8869,0,0
P0908,Q009,politics,0.8349,1,0
P0908,Q010,education,0.8943,1,0
P0909,Q001,science,0.4699,0,0
P0909,Q002,finance,0.3054,1,0
P0909,Q003,finance,0.4892,0,0
P0909,Q004,science,0.25,0,1
P0909,Q005,politics,0.2737,0,0
P0909,Q006,education,0.3708,0,0
P0909,Q007,politics,0.0501,0,0
P0909,Q008,politics,0.5331,0,0
P0909,Q009,politics,0.3335,0,0
P0909,Q010,education,0.5001,1,0
P0910,Q001,science,0.8705,1,0
P0910,Q002,finance,0.7777,1,0
P0910,Q003,finance,0.7681,1,0
P0910,Q004,science,0.3712,0,0
P0910,Q005,politics,0.6916,1,0
P0910,Q006,education,0.8389,1,0
P0910,Q007,politics,0.3944,1,0
P0910,Q008,politics,0.8921,1,0
P0910,Q009,politics,0.8435,1,0
P0910,Q010,education,0.8997,1,0
P0911,Q001,science,0.8635,1,0
P0911,Q002,finance,0.7666,1,0
P0911,Q003,finance,0.7614,0,0
P0911,Q004,science,0.3597,1,0
P0911,Q005,politics,0.6799,0,0
P0911,Q006,education,0.8298,1,0
P0911,Q007,politics,0.3763,0,0
P0911,Q008,politics,0.8862,1,0
P0911,Q009,politics,0.8338,1,0
P0911,Q010,education,0.8936,1,0
P0912,Q001,science,0.9664,1,0
P0912,Q002,finance,0.9394,0,0
P0912,Q003,finance,0.8898,1,0
P0912,Q004,science,0.6544,1,0
P0912,Q005,politics,0.8897,1,0
P0912,Q006,education,0.9614,1,0
P0912,Q007,politics,0.7982,1,0
P0912,Q008,politics,0.9716,0,0
P0912,Q009,politics,0.9674,1,0
P0912,Q010,education,0.9774,1,0
P0913,Q001,science,0.25,0,1
P0913,Q002,finance,0.5986,1,0
P0913,Q003,finance,0.6654,1,0
P0913,Q004,science,0.2324,1,0
P0913,Q005,politics,0.5185,0,0
P0913,Q006,education,0.6801,1,0
P0913,Q007,politics,0.1881,0,0
P0913,Q008,politics,0.7856,1,0
P0913,Q009,politics,0.6698,1,0
P0913,Q010,education,0.7845,0,0
P0914,Q001,science,0.1302,0,0
P0914,Q002,finance,0.0665,1,0
P0914,Q003,finance,0.2438,1,0
P0914,Q004,science,0.0272,0,0
P0914,Q005,politics,0.073,0,0
P0914,Q006,education,0.0801,0,0
P0914,Q007,politics,0.0058,0,0
P0914,Q008,politics,0.1673,0,0
P0914,Q009,politics,0.0585,0,0
P0914,Q010,education,0.1274,0,0
P0915,Q001,science,0.5167,1,0
P0915,Q002,finance,0.3475,1,0
P0915,Q003,finance,0.25,0,1
P0915,Q004,science,0.1191,0,0
P0915,Q005,politics,0.3077,1,0
P0915,Q006,education,0.4189,1,0
P0915,Q007,politics,0.25,0,1
P0915,Q008,politics,0.5783,0,0
P0915,Q009,politics,0.3841,0,0
P0915,Q010,education,0.5507,0,0
P0916,Q001,science,0.7723,0,0
P0916,Q002,finance,0.6345,1,0
P0916,Q003,finance,0.6854,1,0
P0916,Q004,science,0.2543,0,0
P0916,Q005,politics,0.5511,1,0
P0916,Q006,education,0.7138,1,0
P0916,Q007,politics,0.2179,0,0
P0916,Q008,politics,0.8091,1,0
P0916,Q009,politics,0.7072,0,0
P0916,Q010,education,0.8105,1,0
P0917,Q001,science,0.7534,1,0
P0917,Q002,finance,0.6094,1,0
P0917,Q003,finance,0.6715,0,0
P0917,Q004,science,0.2388,0,0
P0917,Q005,politics,0.5283,0,0
P0917,Q006,education,0.6904,0,0
P0917,Q007,politics,0.1967,1,0
P0917,Q008,politics,0.7928,1,0
P0917,Q009,politics,0.6812,1,0
P0917,Q010,education,0.7925,0,0
P0918,Q001,science,0.4371,1,0
P0918,Q002,finance,0.2775,1,0
P0918,Q003,finance,0.469,1,0
P0918,Q004,science,0.0947,0,0
P0918,Q005,politics,0.2511,0,0
P0918,Q006,education,0.3383,0,0
P0918,Q007,politics,0.0429,0,0
P0918,Q008,politics,0.5009,1,0
P0918,Q009,politics,0.3,0,0
P0918,Q010,education,0.4644,0,0
P0919,Q001,science,0.6831,1,0
P0919,Q002,finance,0.5219,0,0
P0919,Q003,finance,0.6227,1,0
P0919,Q004,science,0.1917,1,0
P0919,Q005,politics,0.4517,1,0
P0919,Q006,education,0.6051,1,0
P0919,Q007,politics,0.1371,0,0
P0919,Q008,politics,0.7313,0,0
P0919,Q009,politics,0.5867,0,0
P0919,Q010,education,0.7236,0,0
P0920,Q001,science,0.25,1,1
P0920,Q002,finance,0.1238,0,0
P0920,Q003,finance,0.3269,1,0
P0920,Q004,science,0.0457,0,0
P0920,Q005,politics,0.1243,0,0
P0920,Q006,education,0.1517,0,0
P0920,Q007,politics,0.0132,0,0
P0920,Q008,politics,0.2786,1,0
P0920,Q009,politics,0.1199,0,0
P0920,Q010,education,0.2314,0,0
P0921,Q001,science,0.25,1,1
P0921,Q002,finance,0.6207,1,0
P0921,Q003,finance,0.6777,1,0
P0921,Q004,science,0.2457,1,0
P0921,Q005,politics,0.5385,1,0
P0921,Q006,education,0.701,0,0
P0921,Q007,politics,0.206,0,0
P0921,Q008,politics,0.25,0,1
P0921,Q009,politics,0.693,1,0
P0921,Q010,education,0.8007,1,0
P0922,Q001,science,0.25,0,1
P0922,Q002,finance,0.5782,0,0
P0922,Q003,finance,0.6542,0,0
P0922,Q004,science,0.2209,0,0
P0922,Q005,politics,0.5005,0,0
P0922,Q006,education,0.6606,1,0
P0922,Q007,politics,0.1731,1,0
P0922,Q008,politics,0.7718,1,0
P0922,Q009,politics,0.6482,1,0
P0922,Q010,education,0.7691,1,0
P0923,Q001,science,0.2863,1,0
P0923,Q002,finance,0.1634,0,0
P0923,Q003,finance,0.3709,1,0
P0923,Q004,science,0.0581,0,0
P0923,Q005,politics,0.1579,0,0
P0923,Q006,education,0.2008,0,0
P0923,Q007,politics,0.0193,0,0
P0923,Q008,politics,0.3447,0,0
P0923,Q009,politics,0.1649,0,0
P0923,Q010,education,0.2978,0,0
P0924,Q001,science,0.2111,0,0
P0924,Q002,finance,0.1143,0,0
P0924,Q003,finance,0.3151,0,0
P0924,Q004,science,0.0427,0,0
P0924,Q005,politics,0.1161,0,0
P0924,Q006,education,0.1398,0,0
P0924,Q007,politics,0.0118,0,0
P0924,Q008,politics,0.2616,0,0
P0924,Q009,politics,0.1094,0,0
P0924,Q010,education,0.2148,0,0
P0925,Q001,science,0.642,0,0
P0925,Q002,finance,0.4749,1,0
P0925,Q003,finance,0.5959,1,0
P0925,Q004,science,0.1699,0,0
P0925,Q005,politics,0.412,0,0
P0925,Q006,education,0.557,1,0
P0925,Q007,politics,0.25,0,1
P0925,Q008,politics,0.6945,0,0
P0925,Q009,politics,0.25,0,1
P0925,Q010,education,0.6821,1,0
P0926,Q001,science,0.1043,0,0
P0926,Q002,finance,0.0522,0,0
P0926,Q003,finance,0.2165,0,0
P0926,Q004,science,0.0224,0,0
P0926,Q005,politics,0.0594,0,0
P0926,Q006,education,0.0623,0,0
P0926,Q007,politics,0.0042,0,0
P0926,Q008,politics,0.25,0,1
P0926,Q009,politics,0.0442,0,0
P0926,Q010,education,0.1,0,0
P0927,Q001,science,0.3183,1,0
P0927,Q002,finance,0.1858,0,0
P0927,Q003,finance,0.3928,1,0
P0927,Q004,science,0.0651,0,0
P0927,Q005,politics,0.25,1,1
P0927,Q006,education,0.25,0,1
P0927,Q007,politics,0.0233,0,0
P0927,Q008,politics,0.3791,0,0
P0927,Q009,politics,0.1909,1,0
P0927,Q010,education,0.3333,1,0
P0928,Q001,science,0.716,1,0
P0928,Q002,finance,0.5617,1,0
P0928,Q003,finance,0.645,0,0
P0928,Q004,science,0.2119,0,0
P0928,Q005,politics,0.486,1,0
P0928,Q006,education,0.6446,1,0
P0928,Q007,politics,0.25,0,1
P0928,Q008,politics,0.7603,0,0
P0928,Q009,politics,0.6304,0,0
P0928,Q010,education,0.7563,0,0
P0929,Q001,science,0.5836,0,0
P0929,Q002,finance,0.4127,1,0
P0929,Q003,finance,0.5591,0,0
P0929,Q004,science,0.1438,0,0
P0929,Q005,politics,0.3606,0,0
P0929,Q006,education,0.491,0,0
P0929,Q007,politics,0.0852,0,0
P0929,Q008,politics,0.6412,1,0
P0929,Q009,politics,0.4614,1,0
P0929,Q010,education,0.6216,0,0
P0930,Q001,science,0.6161,1,0
P0930,Q002,finance,0.4467,0,0
P0930,Q003,finance,0.5794,0,0
P0930,Q004,science,0.1577,0,0
P0930,Q005,politics,0.3885,1,0
P0930,Q006,education,0.5273,0,0
P0930,Q007,politics,0.0992,0,0
P0930,Q008,politics,0.671,1,0
P0930,Q009,politics,0.25,0,1
P0930,Q010,education,0.6555,1,0
P0931,Q001,science,0.25,0,1
P0931,Q002,finance,0.4548,1,0
P0931,Q003,finance,0.5842,1,0
P0931,Q004,science,0.1611,0,0
P0931,Q005,politics,0.3952,1,0
P0931,Q006,education,0.5359,0,0
P0931,Q007,politics,0.1028,0,0
P0931,Q008,politics,0.6779,1,0
P0931,Q009,politics,0.5104,0,0
P0931,Q010,education,0.6632,1,0
P0932,Q001,science,0.6298,1,0
P0932,Q002,finance,0.4615,1,0
P0932,Q003,finance,0.5881,1,0
P0932,Q004,science,0.164,0,0
P0932,Q005,politics,0.4008,0,0
P0932,Q006,education,0.543,1,0
P0932,Q007,politics,0.1059,0,0
P0932,Q008,politics,0.6835,1,0
P0932,Q009,politics,0.5182,0,0
P0932,Q010,education,0.6696,1,0
P0933,Q001,science,0.5566,1,0
P0933,Q002,finance,0.3856,0,0
P0933,Q003,finance,0.5424,0,0
P0933,Q004,science,0.1333,0,0
P0933,Q005,politics,0.3385,1,0
P0933,Q006,education,0.4614,0,0
P0933,Q007,politics,0.0751,0,0
P0933,Q008,politics,0.616,0,0
P0933,Q009,politics,0.4294,1,0
P0933,Q010,education,0.5932,1,0
P0934,Q001,science,0.8054,1,0
P0934,Q002,finance,0.6803,1,0
P0934,Q003,finance,0.711,1,0
P0934,Q004,science,0.2857,1,0
P0934,Q005,politics,0.5939,0,0
P0934,Q006,education,0.7554,1,0
P0934,Q007,politics,0.2629,0,0
P0934,Q008,politics,0.25,0,1
P0934,Q009,politics,0.7531,1,0
P0934,Q010,education,0.8414,1,0
P0935,Q001,science,0.9433,1,0
P0935,Q002,finance,0.8983,1,0
P0935,Q003,finance,0.8522,1,0
P0935,Q004,science,0.5494,1,0
P0935,Q005,politics,0.8326,1,0
P0935,Q006,education,0.9323,1,0
P0935,Q007,politics,0.6668,1,0
P0935,Q008,politics,0.9524,1,0
P0935,Q009,politics,0.9397,1,0
P0935,Q010,education,0.9598,1,0
P0936,Q001,science,0.0539,0,0
P0936,Q002,finance,0.0258,0,0
P0936,Q003,finance,0.1515,1,0
P0936,Q004,science,0.25,1,1
P0936,Q005,politics,0.0326,0,0
P0936,Q006,education,0.0299,0,0
P0936,Q007,politics,0.0018,0,0
P0936,Q008,politics,0.0725,0,0
P0936,Q009,politics,0.0196,0,0
P0936,Q010,education,0.0488,0,0
P0937,Q001,science,0.7329,1,0
P0937,Q002,finance,0.5829,1,0
P0937,Q003,finance,0.6567,0,0
P0937,Q004,science,0.2234,0,0
P0937,Q005,politics,0.25,0,1
P0937,Q006,education,0.6651,1,0
P0937,Q007,politics,0.1764,1,0
P0937,Q008,politics,0.775,1,0
P0937,Q009,politics,0.6532,1,0
P0937,Q010,education,0.7727,0,0
P0938,Q001,science,0.176,0,0
P0938,Q002,finance,0.093,0,0
P0938,Q003,finance,0.2862,0,0
P0938,Q004,science,0.0359,0,0
P0938,Q005,politics,0.0972,0,0
P0938,Q006,education,0.1132,0,0
P0938,Q007,politics,0.009,0,0
P0938,Q008,politics,0.2214,0,0
P0938,Q009,politics,0.0862,1,0
P0938,Q010,education,0.1766,0,0
P0939,Q001,science,0.1821,0,0
P0939,Q002,finance,0.0966,0,0
P0939,Q003,finance,0.2913,0,0
P0939,Q004,science,0.037,0,0
P0939,Q005,politics,0.1005,0,0
P0939,Q006,education,0.1177,0,0
P0939,Q007,politics,0.0094,0,0
P0939,Q008,politics,0.2284,0,0
P0939,Q009,politics,0.0901,0,0
P0939,Q010,education,0.1832,0,0
P0940,Q001,science,0.1268,0,0
P0940,Q002,finance,0.0646,0,0
P0940,Q003,finance,0.2404,0,0
P0940,Q004,science,0.0266,0,0
P0940,Q005,politics,0.25,1,1
P0940,Q006,education,0.0777,0,0
P0940,Q007,politics,0.0056,0,0
P0940,Q008,politics,0.1632,0,0
P0940,Q009,politics,0.0566,0,0
P0940,Q010,education,0.1237,0,0
P0941,Q001,science,0.6448,0,0
P0941,Q002,finance,0.4781,0,0
P0941,Q003,finance,0.5977,0,0
P0941,Q004,science,0.1713,0,0
P0941,Q005,politics,0.4146,0,0
P0941,Q006,education,0.5603,0,0
P0941,Q007,politics,0.1138,0,0
P0941,Q008,politics,0.6971,1,0
P0941,Q009,politics,0.5372,1,0
P0941,Q010,education,0.685,0,0
P0942,Q001,science,0.6317,1,0
P0942,Q002,finance,0.4636,1,0
P0942,Q003,finance,0.5894,1,0
P0942,Q004,science,0.1649,0,0
P0942,Q005,politics,0.4025,0,0
P0942,Q006,education,0.5452,0,0
P0942,Q007,politics,0.1069,0,0
P0942,Q008,politics,0.6852,1,0
P0942,Q009,politics,0.5206,1,0
P0942,Q010,education,0.6716,0,0
P0943,Q001,science,0.117,0,0
P0943,Q002,finance,0.0592,0,0
P0943,Q003,finance,0.2303,0,0
P0943,Q004,science,0.0248,0,0
P0943,Q005,politics,0.0661,0,0
P0943,Q006,education,0.071,0,0
P0943,Q007,politics,0.005,0,0
P0943,Q008,politics,0.1514,1,0
P0943,Q009,politics,0.0511,0,0
P0943,Q010,education,0.1134,1,0
P0944,Q001,science,0.782,1,0
P0944,Q002,finance,0.6477,1,0
P0944,Q003,finance,0.6927,0,0
P0944,Q004,science,0.2629,0,0
P0944,Q005,politics,0.5633,0,0
P0944,Q006,education,0.726,1,0
P0944,Q007,politics,0.23,0,0
P0944,Q008,politics,0.8174,1,0
P0944,Q009,politics,0.7206,1,0
P0944,Q010,education,0.8196,1,0
P0945,Q001,science,0.8263,1,0
P0945,Q002,finance,0.7105,1,0
P0945,Q003,finance,0.7283,1,0
P0945,Q004,science,0.309,0,0
P0945,Q005,politics,0.6231,1,0
P0945,Q006,education,0.7821,0,0
P0945,Q007,politics,0.2977,0,0
P0945,Q008,politics,0.855,1,0
P0945,Q009,politics,0.7822,0,0
P0945,Q010,education,0.8605,1,0
P0946,Q001,science,0.1265,0,0
P0946,Q002,finance,0.0644,0,0
P0946,Q003,finance,0.2401,1,0
P0946,Q004,science,0.0265,0,0
P0946,Q005,politics,0.071,0,0
P0946,Q006,education,0.0775,0,0
P0946,Q007,politics,0.0055,0,0
P0946,Q008,politics,0.1628,1,0
P0946,Q009,politics,0.0564,0,0
P0946,Q010,education,0.1234,1,0
P0947,Q001,science,0.1853,0,0
P0947,Q002,finance,0.0985,0,0
P0947,Q003,finance,0.25,0,1
P0947,Q004,science,0.0376,0,0
P0947,Q005,politics,0.1022,0,0
P0947,Q006,education,0.1201,0,0
P0947,Q007,politics,0.0097,0,0
P0947,Q008,politics,0.2321,0,0
P0947,Q009,politics,0.0921,0,0
P0947,Q010,education,0.1866,0,0
P0948,Q001,science,0.7125,1,0
P0948,Q002,finance,0.5574,0,0
P0948,Q003,finance,0.6426,0,0
P0948,Q004,science,0.2096,0,0
P0948,Q005,politics,0.4823,0,0
P0948,Q006,education,0.6403,1,0
P0948,Q007,politics,0.1589,0,0
P0948,Q008,politics,0.7572,0,0
P0948,Q009,politics,0.6257,0,0
P0948,Q010,education,0.7528,0,0
P0949,Q001,science,0.8354,1,0
P0949,Q002,finance,0.7239,1,0
P0949,Q003,finance,0.736,1,0
P0949,Q004,science,0.3202,0,0
P0949,Q005,politics,0.6363,0,0
P0949,Q006,education,0.7936,1,0
P0949,Q007,politics,0.3147,0,0
P0949,Q008,politics,0.8626,1,0
P0949,Q009,politics,0.7948,1,0
P0949,Q010,education,0.8687,1,0
P0950,Q001,science,0.412,0,0
P0950,Q002,finance,0.2569,0,0
P0950,Q003,finance,0.4534,1,0
P0950,Q004,science,0.0879,0,0
P0950,Q005,politics,0.2345,0,0
P0950,Q006,education,0.314,0,0
P0950,Q007,politics,0.0379,0,0
P0950,Q008,politics,0.4758,0,0
P0950,Q009,politics,0.2753,0,0
P0950,Q010,education,0.4369,1,0
P0951,Q001,science,0.7876,1,0
P0951,Q002,finance,0.6554,1,0
P0951,Q003,finance,0.6971,1,0
P0951,Q004,science,0.2681,0,0
P0951,Q005,politics,0.5704,1,0
P0951,Q006,education,0.733,0,0
P0951,Q007,politics,0.2374,1,0
P0951,Q008,politics,0.8222,1,0
P0951,Q009,politics,0.7284,1,0
P0951,Q010,education,0.8249,1,0
P0952,Q001,science,0.54,1,0
P0952,Q002,finance,0.25,0,1
P0952,Q003,finance,0.5322,0,0
P0952,Q004,science,0.1272,0,0
P0952,Q005,politics,0.3255,1,0
P0952,Q006,education,0.4436,0,0
P0952,Q007,politics,0.0695,0,0
P0952,Q008,politics,0.6004,0,0
P0952,Q009,politics,0.4103,0,0
P0952,Q010,education,0.25,0,1
P0953,Q001,science,0.5918,1,0
P0953,Q002,finance,0.4211,1,0
P0953,Q003,finance,0.5642,0,0
P0953,Q004,science,0.1472,0,0
P0953,Q005,politics,0.3674,0,0
P0953,Q006,education,0.5,1,0
P0953,Q007,politics,0.0885,0,0
P0953,Q008,politics,0.6487,1,0
P0953,Q009,politics,0.4712,1,0
P0953,Q010,education,0.6302,0,0
P0954,Q001,science,0.8358,1,0
P0954,Q002,finance,0.25,0,1
P0954,Q003,finance,0.7364,1,0
P0954,Q004,science,0.3207,0,0
P0954,Q005,politics,0.637,1,0
P0954,Q006,education,0.7942,1,0
P0954,Q007,politics,0.3155,1,0
P0954,Q008,politics,0.25,1,1
P0954,Q009,politics,0.7954,1,0
P0954,Q010,education,0.869,0,0
P0955,Q001,science,0.5199,1,0
P0955,Q002,finance,0.25,0,1
P0955,Q003,finance,0.25,0,1
P0955,Q004,science,0.1202,0,0
P0955,Q005,politics,0.25,0,1
P0955,Q006,education,0.25,0,1
P0955,Q007,politics,0.0633,0,0
P0955,Q008,politics,0.25,0,1
P0955,Q009,politics,0.25,0,1
P0955,Q010,education,0.25,0,1
P0956,Q001,science,0.5086,1,0
P0956,Q002,finance,0.3401,1,0
P0956,Q003,finance,0.513,1,0
P0956,Q004,science,0.1164,0,0
P0956,Q005,politics,0.3016,0,0
P0956,Q006,education,0.4105,0,0
P0956,Q007,politics,0.0601,0,0
P0956,Q008,politics,0.5706,0,0
P0956,Q009,politics,0.3752,0,0
P0956,Q010,education,0.542,0,0
P0957,Q001,science,0.9734,1,0
P0957,Q002,finance,0.952,1,0
P0957,Q003,finance,0.9034,1,0
P0957,Q004,science,0.6966,1,0
P0957,Q005,politics,0.9088,1,0
P0957,Q006,education,0.9699,1,0
P0957,Q007,politics,0.842,1,0
P0957,Q008,politics,0.9774,1,0
P0957,Q009,politics,0.9752,1,0
P0957,Q010,education,0.9825,1,0
P0958,Q001,science,0.7573,1,0
P0958,Q002,finance,0.6144,0,0
P0958,Q003,finance,0.6742,1,0
P0958,Q004,science,0.25,0,1
P0958,Q005,politics,0.5328,1,0
P0958,Q006,education,0.25,1,1
P0958,Q007,politics,0.2008,0,0
P0958,Q008,politics,0.7961,1,0
P0958,Q009,politics,0.6865,0,0
P0958,Q010,education,0.7962,1,0
P0959,Q001,science,0.4325,1,0
P0959,Q002,finance,0.2736,0,0
P0959,Q003,finance,0.4662,1,0
P0959,Q004,science,0.0935,0,0
P0959,Q005,politics,0.2481,0,0
P0959,Q006,education,0.3338,0,0
P0959,Q007,politics,0.0419,0,0
P0959,Q008,politics,0.4963,0,0
P0959,Q009,politics,0.2954,0,0
P0959,Q010,education,0.4594,0,0
P0960,Q001,science,0.756,1,0
P0960,Q002,finance,0.25,1,1
P0960,Q003,finance,0.6733,1,0
P0960,Q004,science,0.2408,0,0
P0960,Q005,politics,0.5313,1,0
P0960,Q006,education,0.25,0,1
P0960,Q007,politics,0.1994,0,0
P0960,Q008,politics,0.795,0,0
P0960,Q009,politics,0.25,1,1
P0960,Q010,education,0.25,0,1
P0961,Q001,science,0.3983,1,0
P0961,Q002,finance,0.2459,1,0
P0961,Q003,finance,0.4448,0,0
P0961,Q004,science,0.0843,1,0
P0961,Q005,politics,0.2256,1,0
P0961,Q006,education,0.3009,0,0
P0961,Q007,politics,0.0354,0,0
P0961,Q008,politics,0.4619,1,0
P0961,Q009,politics,0.2621,0,0
P0961,Q010,education,0.4217,0,0
P0962,Q001,science,0.5289,1,0
P0962,Q002,finance,0.359,0,0
P0962,Q003,finance,0.5254,1,0
P0962,Q004,science,0.1233,0,0
P0962,Q005,politics,0.25,0,1
P0962,Q006,education,0.4318,1,0
P0962,Q007,politics,0.25,0,1
P0962,Q008,politics,0.59,0,0
P0962,Q009,politics,0.3978,1,0
P0962,Q010,education,0.5638,0,0
P0963,Q001,science,0.9556,1,0
P0963,Q002,finance,0.9201,1,0
P0963,Q003,finance,0.8711,1,0
P0963,Q004,science,0.6,1,0
P0963,Q005,politics,0.862,1,0
P0963,Q006,education,0.9479,1,0
P0963,Q007,politics,0.7339,1,0
P0963,Q008,politics,0.9627,1,0
P0963,Q009,politics,0.9548,1,0
P0963,Q010,education,0.9694,0,0
P0964,Q001,science,0.5959,1,0
P0964,Q002,finance,0.4254,1,0
P0964,Q003,finance,0.5668,1,0
P0964,Q004,science,0.1489,0,0
P0964,Q005,politics,0.371,1,0
P0964,Q006,education,0.5046,0,0
P0964,Q007,politics,0.0902,0,0
P0964,Q008,politics,0.6525,1,0
P0964,Q009,politics,0.4762,1,0
P0964,Q010,education,0.6345,1,0
P0965,Q001,science,0.5891,0,0
P0965,Q002,finance,0.4183,0,0
P0965,Q003,finance,0.5625,1,0
P0965,Q004,science,0.1461,0,0
P0965,Q005,politics,0.3652,1,0
P0965,Q006,education,0.4971,1,0
P0965,Q007,politics,0.0874,0,0
P0965,Q008,politics,0.6462,0,0
P0965,Q009,politics,0.468,0,0
P0965,Q010,education,0.6274,1,0
P0966,Q001,science,0.8724,1,0
P0966,Q002,finance,0.7805,0,0
P0966,Q003,finance,0.7699,1,0
P0966,Q004,science,0.3742,0,0
P0966,Q005,politics,0.6946,0,0
P0966,Q006,education,0.8412,1,0
P0966,Q007,politics,0.3992,0,0
P0966,Q008,politics,0.8936,1,0
P0966,Q009,politics,0.846,1,0
P0966,Q010,education,0.9013,1,0
P0967,Q001,science,0.4114,1,0
P0967,Q002,finance,0.2564,0,0
P0967,Q003,finance,0.25,0,1
P0967,Q004,science,0.25,0,1
P0967,Q005,politics,0.2341,0,0
P0967,Q006,education,0.25,0,1
P0967,Q007,politics,0.25,1,1
P0967,Q008,politics,0.4752,0,0
P0967,Q009,politics,0.25,1,1
P0967,Q010,education,0.4362,1,0
P0968,Q001,science,0.6109,1,0
P0968,Q002,finance,0.4412,0,0
P0968,Q003,finance,0.5762,1,0
P0968,Q004,science,0.1554,0,0
P0968,Q005,politics,0.384,0,0
P0968,Q006,education,0.5215,0,0
P0968,Q007,politics,0.0968,0,0
P0968,Q008,politics,0.6663,0,0
P0968,Q009,politics,0.4947,0,0
P0968,Q010,education,0.6501,0,0
P0969,Q001,science,0.91,1,0
P0969,Q002,finance,0.25,1,1
P0969,Q003,finance,0.8096,1,0
P0969,Q004,science,0.4501,1,0
P0969,Q005,politics,0.7626,1,0
P0969,Q006,education,0.8898,1,0
P0969,Q007,politics,0.5193,0,0
P0969,Q008,politics,0.925,1,0
P0969,Q009,politics,0.25,1,1
P0969,Q010,education,0.9331,1,0
P0970,Q001,science,0.5588,0,0
P0970,Q002,finance,0.3878,0,0
P0970,Q003,finance,0.5438,1,0
P0970,Q004,science,0.1341,0,0
P0970,Q005,politics,0.3403,0,0
P0970,Q006,education,0.4638,1,0
P0970,Q007,politics,0.0759,0,0
P0970,Q008,politics,0.618,1,0
P0970,Q009,politics,0.432,0,0
P0970,Q010,education,0.5955,1,0
P0971,Q001,science,0.8051,1,0
P0971,Q002,finance,0.6799,1,0
P0971,Q003,finance,0.7108,1,0
P0971,Q004,science,0.2854,1,0
P0971,Q005,politics,0.5935,1,0
P0971,Q006,education,0.7551,1,0
P0971,Q007,politics,0.2625,0,0
P0971,Q008,politics,0.8371,1,0
P0971,Q009,politics,0.7527,1,0
P0971,Q010,education,0.8411,1,0
P0972,Q001,science,0.3286,1,0
P0972,Q002,finance,0.1932,0,0
P0972,Q003,finance,0.3997,1,0
P0972,Q004,science,0.0674,0,0
P0972,Q005,politics,0.1826,0,0
P0972,Q006,education,0.2373,1,0
P0972,Q007,politics,0.0246,0,0
P0972,Q008,politics,0.3899,0,0
P0972,Q009,politics,0.1996,0,0
P0972,Q010,education,0.3447,0,0
P0973,Q001,science,0.632,0,0
P0973,Q002,finance,0.4639,0,0
P0973,Q003,finance,0.5895,1,0
P0973,Q004,science,0.1651,0,0
P0973,Q005,politics,0.4028,1,0
P0973,Q006,education,0.5455,0,0
P0973,Q007,politics,0.107,0,0
P0973,Q008,politics,0.6855,1,0
P0973,Q009,politics,0.5209,0,0
P0973,Q010,education,0.6719,1,0
P0974,Q001,science,0.8531,1,0
P0974,Q002,finance,0.7507,1,0
P0974,Q003,finance,0.7518,1,0
P0974,Q004,science,0.3442,1,0
P0974,Q005,politics,0.6634,1,0
P0974,Q006,education,0.8165,1,0
P0974,Q007,politics,0.3519,1,0
P0974,Q008,politics,0.8776,1,0
P0974,Q009,politics,0.8195,1,0
P0974,Q010,education,0.8845,1,0
P0975,Q001,science,0.8592,1,0
P0975,Q002,finance,0.76,0,0
P0975,Q003,finance,0.25,0,1
P0975,Q004,science,0.25,0,1
P0975,Q005,politics,0.673,1,0
P0975,Q006,education,0.25,1,1
P0975,Q007,politics,0.25,0,1
P0975,Q008,politics,0.25,0,1
P0975,Q009,politics,0.8279,1,0
P0975,Q010,education,0.8898,1,0
P0976,Q001,science,0.7185,1,0
P0976,Q002,finance,0.5648,0,0
P0976,Q003,finance,0.6467,1,0
P0976,Q004,science,0.2136,0,0
P0976,Q005,politics,0.4887,0,0
P0976,Q006,education,0.6476,1,0
P0976,Q007,politics,0.1638,0,0
P0976,Q008,politics,0.7624,1,0
P0976,Q009,politics,0.6337,1,0
P0976,Q010,education,0.7587,0,0
P0977,Q001,science,0.9792,1,0
P0977,Q002,finance,0.9624,1,0
P0977,Q003,finance,0.9159,1,0
P0977,Q004,science,0.737,1,0
P0977,Q005,politics,0.9254,1,0
P0977,Q006,education,0.9768,1,0
P0977,Q007,politics,0.8789,1,0
P0977,Q008,politics,0.9822,1,0
P0977,Q009,politics,0.9814,1,0
P0977,Q010,education,0.9866,1,0
P0978,Q001,science,0.7696,1,0
P0978,Q002,finance,0.6309,0,0
P0978,Q003,finance,0.6834,0,0
P0978,Q004,science,0.252,0,0
P0978,Q005,politics,0.5478,1,0
P0978,Q006,education,0.7105,1,0
P0978,Q007,politics,0.2147,0,0
P0978,Q008,politics,0.8068,1,0
P0978,Q009,politics,0.7035,1,0
P0978,Q010,education,0.808,1,0
P0979,Q001,science,0.3427,1,0
P0979,Q002,finance,0.2035,0,0
P0979,Q003,finance,0.4091,0,0
P0979,Q004,science,0.0707,0,0
P0979,Q005,politics,0.1911,0,0
P0979,Q006,education,0.2499,0,0
P0979,Q007,politics,0.0266,0,0
P0979,Q008,politics,0.4047,0,0
P0979,Q009,politics,0.2117,0,0
P0979,Q010,education,0.3604,0,0
P0980,Q001,science,0.9375,1,0
P0980,Q002,finance,0.8882,1,0
P0980,Q003,finance,0.8441,1,0
P0980,Q004,science,0.5288,1,0
P0980,Q005,politics,0.8195,1,0
P0980,Q006,education,0.925,1,0
P0980,Q007,politics,0.6377,0,0
P0980,Q008,politics,0.25,1,1
P0980,Q009,politics,0.25,1,1
P0980,Q010,education,0.9553,1,0
P0981,Q001,science,0.7826,1,0
P0981,Q002,finance,0.6485,1,0
P0981,Q003,finance,0.6932,1,0
P0981,Q004,science,0.2634,1,0
P0981,Q005,politics,0.5639,0,0
P0981,Q006,education,0.7267,1,0
P0981,Q007,politics,0.2307,0,0
P0981,Q008,politics,0.8178,1,0
P0981,Q009,politics,0.7214,0,0
P0981,Q010,education,0.8201,1,0
P0982,Q001,science,0.88,1,0
P0982,Q002,finance,0.25,0,1
P0982,Q003,finance,0.7774,1,0
P0982,Q004,science,0.3875,1,0
P0982,Q005,politics,0.7076,1,0
P0982,Q006,education,0.8511,1,0
P0982,Q007,politics,0.4203,1,0
P0982,Q008,politics,0.9,1,0
P0982,Q009,politics,0.8565,1,0
P0982,Q010,education,0.9079,1,0
P0983,Q001,science,0.1181,0,0
P0983,Q002,finance,0.0598,0,0
P0983,Q003,finance,0.2315,0,0
P0983,Q004,science,0.25,0,1
P0983,Q005,politics,0.25,1,1
P0983,Q006,education,0.0717,0,0
P0983,Q007,politics,0.005,0,0
P0983,Q008,politics,0.1527,0,0
P0983,Q009,politics,0.0517,0,0
P0983,Q010,education,0.1146,0,0
P0984,Q001,science,0.5956,0,0
P0984,Q002,finance,0.4251,1,0
P0984,Q003,finance,0.5666,0,0
P0984,Q004,science,0.1488,0,0
P0984,Q005,politics,0.3707,0,0
P0984,Q006,education,0.5043,1,0
P0984,Q007,politics,0.0901,0,0
P0984,Q008,politics,0.6523,0,0
P0984,Q009,politics,0.4759,0,0
P0984,Q010,education,0.6342,1,0
P0985,Q001,science,0.6521,0,0
P0985,Q002,finance,0.4862,1,0
P0985,Q003,finance,0.6024,1,0
P0985,Q004,science,0.175,1,0
P0985,Q005,politics,0.4215,0,0
P0985,Q006,education,0.5687,0,0
P0985,Q007,politics,0.1178,0,0
P0985,Q008,politics,0.7036,1,0
P0985,Q009,politics,0.5465,1,0
P0985,Q010,education,0.6924,1,0
P0986,Q001,science,0.3193,1,0
P0986,Q002,finance,0.1865,1,0
P0986,Q003,finance,0.25,0,1
P0986,Q004,science,0.0653,0,0
P0986,Q005,politics,0.1771,0,0
P0986,Q006,education,0.2291,0,0
P0986,Q007,politics,0.0234,0,0
P0986,Q008,politics,0.3801,1,0
P0986,Q009,politics,0.1917,1,0
P0986,Q010,education,0.3344,0,0
P0987,Q001,science,0.835,1,0
P0987,Q002,finance,0.7234,1,0
P0987,Q003,finance,0.7357,1,0
P0987,Q004,science,0.3197,0,0
P0987,Q005,politics,0.6358,0,0
P0987,Q006,education,0.7932,1,0
P0987,Q007,politics,0.314,1,0
P0987,Q008,politics,0.8623,1,0
P0987,Q009,politics,0.7943,1,0
P0987,Q010,education,0.8683,1,0
P0988,Q001,science,0.174,0,0
P0988,Q002,finance,0.0917,1,0
P0988,Q003,finance,0.2844,0,0
P0988,Q004,science,0.0355,0,0
P0988,Q005,politics,0.0961,0,0
P0988,Q006,education,0.1116,0,0
P0988,Q007,politics,0.0088,0,0
P0988,Q008,politics,0.219,0,0
P0988,Q009,politics,0.0849,1,0
P0988,Q010,education,0.1743,1,0
P0989,Q001,science,0.6537,1,0
P0989,Q002,finance,0.488,1,0
P0989,Q003,finance,0.6035,1,0
P0989,Q004,science,0.1758,0,0
P0989,Q005,politics,0.423,1,0
P0989,Q006,education,0.5706,0,0
P0989,Q007,politics,0.1187,0,0
P0989,Q008,politics,0.705,0,0
P0989,Q009,politics,0.5485,0,0
P0989,Q010,education,0.694,1,0
P0990,Q001,science,0.745,1,0
P0990,Q002,finance,0.5984,1,0
P0990,Q003,finance,0.6653,1,0
P0990,Q004,science,0.2323,0,0
P0990,Q005,politics,0.5184,0,0
P0990,Q006,education,0.6799,1,0
P0990,Q007,politics,0.188,0,0
P0990,Q008,politics,0.7855,1,0
P0990,Q009,politics,0.6696,0,0
P0990,Q010,education,0.7844,0,0
P0991,Q001,science,0.8806,1,0
P0991,Q002,finance,0.7937,1,0
P0991,Q003,finance,0.7781,1,0
P0991,Q004,science,0.3887,1,0
P0991,Q005,politics,0.7087,1,0
P0991,Q006,education,0.8519,1,0
P0991,Q007,politics,0.4222,0,0
P0991,Q008,politics,0.9005,1,0
P0991,Q009,politics,0.8574,1,0
P0991,Q010,education,0.9084,1,0
P0992,Q001,science,0.399,0,0
P0992,Q002,finance,0.2464,0,0
P0992,Q003,finance,0.4452,1,0
P0992,Q004,science,0.0845,0,0
P0992,Q005,politics,0.2261,0,0
P0992,Q006,education,0.3016,0,0
P0992,Q007,politics,0.0355,0,0
P0992,Q008,politics,0.4626,1,0
P0992,Q009,politics,0.2628,1,0
P0992,Q010,education,0.4225,1,0
P0993,Q001,science,0.2521,1,0
P0993,Q002,finance,0.1405,0,0
P0993,Q003,finance,0.3464,0,0
P0993,Q004,science,0.0509,0,0
P0993,Q005,politics,0.1386,0,0
P0993,Q006,education,0.1724,0,0
P0993,Q007,politics,0.0156,0,0
P0993,Q008,politics,0.3074,1,0
P0993,Q009,politics,0.1387,0,0
P0993,Q010,education,0.2599,0,0
P0994,Q001,science,0.5081,0,0
P0994,Q002,finance,0.3396,0,0
P0994,Q003,finance,0.5127,0,0
P0994,Q004,science,0.1163,0,0
P0994,Q005,politics,0.3013,1,0
P0994,Q006,education,0.4099,0,0
P0994,Q007,politics,0.06,0,0
P0994,Q008,politics,0.5701,0,0
P0994,Q009,politics,0.3746,0,0
P0994,Q010,education,0.5415,0,0
P0995,Q001,science,0.9069,1,0
P0995,Q002,finance,0.8364,1,0
P0995,Q003,finance,0.8061,1,0
P0995,Q004,science,0.4427,0,0
P0995,Q005,politics,0.7565,1,0
P0995,Q006,education,0.8858,1,0
P0995,Q007,politics,0.5077,0,0
P0995,Q008,politics,0.9224,1,0
P0995,Q009,politics,0.25,1,1
P0995,Q010,education,0.9306,1,0
P0996,Q001,science,0.0571,0,0
P0996,Q002,finance,0.0274,0,0
P0996,Q003,finance,0.1563,0,0
P0996,Q004,science,0.0134,0,0
P0996,Q005,politics,0.25,0,1
P0996,Q006,education,0.0319,0,0
P0996,Q007,politics,0.25,0,1
P0996,Q008,politics,0.0766,0,0
P0996,Q009,politics,0.25,0,1
P0996,Q010,education,0.25,0,1
P0997,Q001,science,0.1012,0,0
P0997,Q002,finance,0.0505,0,0
P0997,Q003,finance,0.2131,0,0
P0997,Q004,science,0.0218,0,0
P0997,Q005,politics,0.0577,0,0
P0997,Q006,education,0.0602,0,0
P0997,Q007,politics,0.0041,0,0
P0997,Q008,politics,0.25,0,1
P0997,Q009,politics,0.0426,0,0
P0997,Q010,education,0.0968,0,0
P0998,Q001,science,0.5868,0,0
P0998,Q002,finance,0.416,0,0
P0998,Q003,finance,0.5611,0,0
P0998,Q004,science,0.1451,0,0
P0998,Q005,politics,0.3633,0,0
P0998,Q006,education,0.4945,1,0
P0998,Q007,politics,0.0865,0,0
P0998,Q008,politics,0.6441,1,0
P0998,Q009,politics,0.4652,0,0
P0998,Q010,education,0.625,1,0
P0999,Q001,science,0.8492,1,0
P0999,Q002,finance,0.7447,1,0
P0999,Q003,finance,0.7482,1,0
P0999,Q004,science,0.3386,0,0
P0999,Q005,politics,0.6573,0,0
P0999,Q006,education,0.8114,1,0
P0999,Q007,politics,0.3432,1,0
P0999,Q008,politics,0.8743,1,0
P0999,Q009,politics,0.8141,1,0
P0999,Q010,education,0.881,1,0
P1000,Q001,science,0.8986,0,0
P1000,Q002,finance,0.8226,1,0
P1000,Q003,finance,0.7968,0,0
P1000,Q004,science,0.424,0,0
P1000,Q005,politics,0.7408,0,0
P1000,Q006,education,0.8751,1,0
P1000,Q007,politics,0.4783,1,0
P1000,Q008,politics,0.9155,1,0
P1000,Q009,politics,0.8816,1,0
P1000,Q010,education,0.9236,0,0
